Assessment_ID,Event_ID,District,Response_Zone,Assessment_Window,Hours_Since_Disaster,Actual_Food_Required_packets,Predicted_Food_Required_packets,Actual_Water_Required_Liters,Predicted_Water_Required_Liters,Actual_Medical_Kits_Required,Predicted_Medical_Kits_Required,Actual_Shelter_Spaces_Required,Predicted_Shelter_Spaces_Required
ASM000001,EVT001,Cuddalore,Cuddalore Response Zone,T+0h,0,390573,361482,533662,535351,1749,1616,20572,20360
ASM000002,EVT001,Cuddalore,Cuddalore Response Zone,T+0h,0,329456,366814,283488,470014,1561,1692,10132,14226
ASM000003,EVT001,Cuddalore,Cuddalore Response Zone,T+0h,0,375600,360357,454010,482609,2107,1958,15849,15448
ASM000004,EVT001,Cuddalore,Cuddalore Response Zone,T+0h,0,451684,390641,483868,472305,3026,2442,17940,18652
ASM000005,EVT001,Cuddalore,Cuddalore Response Zone,T+0h,0,349812,356779,609979,525863,3060,3311,20912,19494
ASM000006,EVT001,Cuddalore,Cuddalore Response Zone,T+3h,3,389246,398642,703623,589709,4470,4839,18605,16202
ASM000007,EVT001,Cuddalore,Cuddalore Response Zone,T+3h,3,623272,507941,553500,661930,3197,2452,23947,29681
ASM000008,EVT001,Cuddalore,Cuddalore Response Zone,T+3h,3,433456,389769,471643,529443,4849,4206,7833,8397
ASM000009,EVT001,Cuddalore,Cuddalore Response Zone,T+3h,3,367546,388501,452351,547037,4459,4837,16170,18704
ASM000010,EVT001,Cuddalore,Cuddalore Response Zone,T+3h,3,446252,389442,429348,545406,4897,4144,17383,19829
ASM000011,EVT001,Cuddalore,Cuddalore Response Zone,T+6h,6,326959,360149,529377,501784,2658,3306,17508,17174
ASM000012,EVT001,Cuddalore,Cuddalore Response Zone,T+6h,6,385711,419659,416189,549926,2826,3321,14127,18501
ASM000013,EVT001,Cuddalore,Cuddalore Response Zone,T+6h,6,369413,366644,433004,456415,3689,3555,13797,16098
ASM000014,EVT001,Cuddalore,Cuddalore Response Zone,T+6h,6,275580,373731,446464,542132,2442,3985,17309,19859
ASM000015,EVT001,Cuddalore,Cuddalore Response Zone,T+6h,6,275798,360861,618722,554733,1473,2278,27489,23844
ASM000016,EVT001,Cuddalore,Cuddalore Response Zone,T+12h,12,405409,449232,959892,721038,4741,5413,35647,26549
ASM000017,EVT001,Cuddalore,Cuddalore Response Zone,T+12h,12,466678,576267,572651,787022,2439,3316,36453,46095
ASM000018,EVT001,Cuddalore,Cuddalore Response Zone,T+12h,12,510939,485154,417851,682631,6842,6575,22655,33661
ASM000019,EVT001,Cuddalore,Cuddalore Response Zone,T+12h,12,384840,459345,623864,650969,3384,4479,36613,34052
ASM000020,EVT001,Cuddalore,Cuddalore Response Zone,T+12h,12,334215,414754,591237,606025,3505,4879,18199,17761
ASM000021,EVT001,Cuddalore,Cuddalore Response Zone,T+24h,24,1018633,875487,1198204,1139165,9625,8059,70832,66034
ASM000022,EVT001,Cuddalore,Cuddalore Response Zone,T+24h,24,731767,733131,1032367,1137528,6210,6857,63874,69076
ASM000023,EVT001,Cuddalore,Cuddalore Response Zone,T+24h,24,769937,815595,1016105,1199295,7584,6767,40791,47214
ASM000024,EVT001,Cuddalore,Cuddalore Response Zone,T+24h,24,573451,714027,1231883,1142101,4611,6334,65265,58379
ASM000025,EVT001,Cuddalore,Cuddalore Response Zone,T+24h,24,689789,749532,1483002,1226079,11059,11298,90983,72492
ASM000026,EVT001,Cuddalore,Cuddalore Response Zone,T+36h,36,551606,524245,479016,774929,4673,4541,13018,17997
ASM000027,EVT001,Cuddalore,Cuddalore Response Zone,T+36h,36,515302,637957,899796,968972,7496,10307,46679,51294
ASM000028,EVT001,Cuddalore,Cuddalore Response Zone,T+36h,36,594002,550959,837275,853296,3633,3241,15871,15757
ASM000029,EVT001,Cuddalore,Cuddalore Response Zone,T+36h,36,582562,636667,771289,894150,8758,10960,38459,45667
ASM000030,EVT001,Cuddalore,Cuddalore Response Zone,T+36h,36,558713,592016,1353664,949595,6157,6601,42046,32068
ASM000031,EVT001,Cuddalore,Cuddalore Response Zone,T+48h,48,524521,555604,746967,862904,4894,5622,31741,36778
ASM000032,EVT001,Cuddalore,Cuddalore Response Zone,T+48h,48,939916,759291,907108,872129,12551,9976,25034,25041
ASM000033,EVT001,Cuddalore,Cuddalore Response Zone,T+48h,48,665927,655363,1151308,1034727,6790,7102,71999,61548
ASM000034,EVT001,Cuddalore,Cuddalore Response Zone,T+48h,48,476029,552543,741675,861822,8534,12027,31111,35507
ASM000035,EVT001,Cuddalore,Cuddalore Response Zone,T+48h,48,759603,650417,594858,871605,13931,11743,28570,39734
ASM000036,EVT001,Cuddalore,Cuddalore Response Zone,T+72h,72,401511,456324,649166,790831,4720,5960,17879,18960
ASM000037,EVT001,Cuddalore,Cuddalore Response Zone,T+72h,72,501931,465319,942808,831830,4870,5063,34731,28654
ASM000038,EVT001,Cuddalore,Cuddalore Response Zone,T+72h,72,401233,537552,782633,846711,5544,7707,22784,24490
ASM000039,EVT001,Cuddalore,Cuddalore Response Zone,T+72h,72,373205,429907,611954,726926,6016,8565,27215,32001
ASM000040,EVT001,Cuddalore,Cuddalore Response Zone,T+72h,72,534069,494233,927158,824238,6183,6040,26428,21432
ASM000041,EVT001,Villupuram,Villupuram Response Zone,T+0h,0,481039,433604,533746,575971,4953,4066,23061,23807
ASM000042,EVT001,Villupuram,Villupuram Response Zone,T+0h,0,438243,429526,516287,596275,5206,5035,22181,23795
ASM000043,EVT001,Villupuram,Villupuram Response Zone,T+0h,0,346016,352555,515847,515660,2400,2655,14925,14210
ASM000044,EVT001,Villupuram,Villupuram Response Zone,T+0h,0,378192,402848,663039,597321,1717,2327,14252,14758
ASM000045,EVT001,Villupuram,Villupuram Response Zone,T+0h,0,345401,423349,1202173,976639,1323,2138,52848,43051
ASM000046,EVT001,Villupuram,Villupuram Response Zone,T+3h,3,387003,428882,765111,671370,3987,4820,27328,25083
ASM000047,EVT001,Villupuram,Villupuram Response Zone,T+3h,3,411897,417415,790024,655863,4913,5607,23288,19766
ASM000048,EVT001,Villupuram,Villupuram Response Zone,T+3h,3,586367,496104,573389,692776,3317,2693,17005,18293
ASM000049,EVT001,Villupuram,Villupuram Response Zone,T+3h,3,378610,346899,368847,490805,3008,3086,6526,7187
ASM000050,EVT001,Villupuram,Villupuram Response Zone,T+3h,3,329252,422949,673125,732597,1951,3199,30111,31537
ASM000051,EVT001,Villupuram,Villupuram Response Zone,T+6h,6,556329,548060,735058,763394,5941,5372,32721,34213
ASM000052,EVT001,Villupuram,Villupuram Response Zone,T+6h,6,507427,558555,578340,737890,3993,4408,27963,34821
ASM000053,EVT001,Villupuram,Villupuram Response Zone,T+6h,6,438526,518330,635109,691574,5527,6758,17914,18060
ASM000054,EVT001,Villupuram,Villupuram Response Zone,T+6h,6,634293,591303,844374,817921,4861,4672,35825,33005
ASM000055,EVT001,Villupuram,Villupuram Response Zone,T+6h,6,642962,577744,768898,734012,9371,7474,23135,19736
ASM000056,EVT001,Villupuram,Villupuram Response Zone,T+12h,12,590083,549946,765007,772775,3308,2804,35319,33400
ASM000057,EVT001,Villupuram,Villupuram Response Zone,T+12h,12,432558,509487,773987,746573,4447,5865,37671,37467
ASM000058,EVT001,Villupuram,Villupuram Response Zone,T+12h,12,487279,525468,644362,767252,4918,5301,28953,34185
ASM000059,EVT001,Villupuram,Villupuram Response Zone,T+12h,12,508828,457163,578379,692583,5540,5305,25767,29451
ASM000060,EVT001,Villupuram,Villupuram Response Zone,T+12h,12,619325,565200,517355,705988,5737,4592,18495,23748
ASM000061,EVT001,Villupuram,Villupuram Response Zone,T+24h,24,714271,746126,1729803,1535032,11537,13317,49872,44080
ASM000062,EVT001,Villupuram,Villupuram Response Zone,T+24h,24,809954,827479,1255889,1221165,12674,13373,89380,86828
ASM000063,EVT001,Villupuram,Villupuram Response Zone,T+24h,24,560940,676541,956957,1016499,3755,4802,48343,51549
ASM000064,EVT001,Villupuram,Villupuram Response Zone,T+24h,24,596485,702713,904315,1144217,7420,10606,56175,71358
ASM000065,EVT001,Villupuram,Villupuram Response Zone,T+24h,24,854454,746032,2195459,1609986,13871,11511,105401,80914
ASM000066,EVT001,Villupuram,Villupuram Response Zone,T+36h,36,1124447,906807,951464,1172171,22108,18005,60326,75441
ASM000067,EVT001,Villupuram,Villupuram Response Zone,T+36h,36,837223,924857,1153026,1316248,11795,11471,78685,86244
ASM000068,EVT001,Villupuram,Villupuram Response Zone,T+36h,36,1022540,955549,1302967,1361120,20867,18554,43474,41601
ASM000069,EVT001,Villupuram,Villupuram Response Zone,T+36h,36,910937,871921,1490605,1420687,10837,10768,111108,98365
ASM000070,EVT001,Villupuram,Villupuram Response Zone,T+36h,36,744895,871581,1523604,1401072,9222,10867,62063,52322
ASM000071,EVT001,Villupuram,Villupuram Response Zone,T+48h,48,843088,821300,1717667,1533483,14624,14701,54596,47285
ASM000072,EVT001,Villupuram,Villupuram Response Zone,T+48h,48,967356,796501,1193973,1169995,13511,10710,52713,51690
ASM000073,EVT001,Villupuram,Villupuram Response Zone,T+48h,48,786750,764795,918003,1045012,6661,7361,64590,75932
ASM000074,EVT001,Villupuram,Villupuram Response Zone,T+48h,48,1039629,907292,1026568,1138139,26339,22529,37280,40374
ASM000075,EVT001,Villupuram,Villupuram Response Zone,T+48h,48,433278,645943,1181037,1145749,6275,11419,71614,67206
ASM000076,EVT001,Villupuram,Villupuram Response Zone,T+72h,72,697757,616969,1491954,1042734,14287,13397,68282,53801
ASM000077,EVT001,Villupuram,Villupuram Response Zone,T+72h,72,642558,611340,671950,896974,13210,13032,33358,46231
ASM000078,EVT001,Villupuram,Villupuram Response Zone,T+72h,72,609225,649619,1296808,1051917,5266,5877,62339,54486
ASM000079,EVT001,Villupuram,Villupuram Response Zone,T+72h,72,690489,704115,1034657,1033258,7289,7843,39061,36242
ASM000080,EVT001,Villupuram,Villupuram Response Zone,T+72h,72,509495,649563,1342054,1197278,8369,12736,37361,33722
ASM000081,EVT001,Pudukkottai,Pudukkottai Response Zone,T+0h,0,312894,329179,424268,449614,2870,3078,10660,10364
ASM000082,EVT001,Pudukkottai,Pudukkottai Response Zone,T+0h,0,364917,339631,369461,444688,2847,2853,8693,9442
ASM000083,EVT001,Pudukkottai,Pudukkottai Response Zone,T+0h,0,411681,347339,530527,445045,4316,3342,22197,20212
ASM000084,EVT001,Pudukkottai,Pudukkottai Response Zone,T+0h,0,283260,319117,525886,453649,1616,2051,23617,21316
ASM000085,EVT001,Pudukkottai,Pudukkottai Response Zone,T+0h,0,265694,311482,517757,450853,1702,2209,10149,9464
ASM000086,EVT001,Pudukkottai,Pudukkottai Response Zone,T+3h,3,237337,247897,372335,385693,2033,2274,13579,13515
ASM000087,EVT001,Pudukkottai,Pudukkottai Response Zone,T+3h,3,215254,191089,216337,237363,1757,1528,4020,4380
ASM000088,EVT001,Pudukkottai,Pudukkottai Response Zone,T+3h,3,310325,281917,265851,370275,2252,2240,6820,8440
ASM000089,EVT001,Pudukkottai,Pudukkottai Response Zone,T+3h,3,233439,243069,448365,408672,2258,2733,16109,14995
ASM000090,EVT001,Pudukkottai,Pudukkottai Response Zone,T+3h,3,302627,265244,414165,382668,3753,3247,10858,10164
ASM000091,EVT001,Pudukkottai,Pudukkottai Response Zone,T+6h,6,391266,405158,390738,510549,4778,4543,9972,11750
ASM000092,EVT001,Pudukkottai,Pudukkottai Response Zone,T+6h,6,496366,430977,483686,544279,2371,2006,20336,20948
ASM000093,EVT001,Pudukkottai,Pudukkottai Response Zone,T+6h,6,317106,348353,431057,448070,1912,2404,15802,16031
ASM000094,EVT001,Pudukkottai,Pudukkottai Response Zone,T+6h,6,342702,349899,366061,470496,2058,2391,19207,25351
ASM000095,EVT001,Pudukkottai,Pudukkottai Response Zone,T+6h,6,276959,288601,336896,370908,1170,1350,14749,17159
ASM000096,EVT001,Pudukkottai,Pudukkottai Response Zone,T+12h,12,293846,371643,383752,475330,2928,4067,14434,16591
ASM000097,EVT001,Pudukkottai,Pudukkottai Response Zone,T+12h,12,402886,379541,463885,499373,5682,5512,13805,15153
ASM000098,EVT001,Pudukkottai,Pudukkottai Response Zone,T+12h,12,375414,361591,403378,457725,3028,3022,12017,14462
ASM000099,EVT001,Pudukkottai,Pudukkottai Response Zone,T+12h,12,403593,433406,367990,482659,5320,5349,21152,27751
ASM000100,EVT001,Pudukkottai,Pudukkottai Response Zone,T+12h,12,374721,421565,869248,608504,4517,4578,34381,24908
ASM000101,EVT001,Pudukkottai,Pudukkottai Response Zone,T+24h,24,359305,440278,924492,782375,2871,4023,36388,28408
ASM000102,EVT001,Pudukkottai,Pudukkottai Response Zone,T+24h,24,481999,494492,635150,730755,5677,5913,33646,40151
ASM000103,EVT001,Pudukkottai,Pudukkottai Response Zone,T+24h,24,557055,591000,927620,878251,4216,4542,49325,46455
ASM000104,EVT001,Pudukkottai,Pudukkottai Response Zone,T+24h,24,406470,452317,750120,743190,5301,6547,19221,19016
ASM000105,EVT001,Pudukkottai,Pudukkottai Response Zone,T+24h,24,544982,557829,1098030,910955,4640,4682,38504,30642
ASM000106,EVT001,Pudukkottai,Pudukkottai Response Zone,T+36h,36,472105,453567,507927,573536,7934,7672,19083,21228
ASM000107,EVT001,Pudukkottai,Pudukkottai Response Zone,T+36h,36,857850,694779,1122864,924748,19090,13964,72684,59366
ASM000108,EVT001,Pudukkottai,Pudukkottai Response Zone,T+36h,36,602739,605250,774275,862766,5278,5465,51879,53475
ASM000109,EVT001,Pudukkottai,Pudukkottai Response Zone,T+36h,36,622992,611260,622194,814337,9567,9848,39286,51308
ASM000110,EVT001,Pudukkottai,Pudukkottai Response Zone,T+36h,36,525313,506453,954270,818384,3220,3138,59479,51734
ASM000111,EVT001,Pudukkottai,Pudukkottai Response Zone,T+48h,48,336783,437842,1004400,875568,4489,6439,48943,40437
ASM000112,EVT001,Pudukkottai,Pudukkottai Response Zone,T+48h,48,458926,448964,1296645,955062,10569,11274,55713,38835
ASM000113,EVT001,Pudukkottai,Pudukkottai Response Zone,T+48h,48,465603,474842,523844,570794,11247,11566,28331,34581
ASM000114,EVT001,Pudukkottai,Pudukkottai Response Zone,T+48h,48,736376,576273,792606,627180,12929,9872,28617,24696
ASM000115,EVT001,Pudukkottai,Pudukkottai Response Zone,T+48h,48,476415,473009,683628,726410,7048,7060,41688,45465
ASM000116,EVT001,Pudukkottai,Pudukkottai Response Zone,T+72h,72,573547,541293,953099,840112,14378,13419,50738,44654
ASM000117,EVT001,Pudukkottai,Pudukkottai Response Zone,T+72h,72,583399,577440,586654,800910,13974,13873,24182,32649
ASM000118,EVT001,Pudukkottai,Pudukkottai Response Zone,T+72h,72,464805,581790,603346,776778,5082,6879,29099,38504
ASM000119,EVT001,Pudukkottai,Pudukkottai Response Zone,T+72h,72,669564,599682,609217,773731,10879,10063,18600,21100
ASM000120,EVT001,Pudukkottai,Pudukkottai Response Zone,T+72h,72,683113,646875,895832,907275,13459,12101,55757,54342
ASM000121,EVT002,Chennai,Chennai Response Zone,T+0h,0,1278716,1150061,1321601,1517077,7468,6519,82246,95750
ASM000122,EVT002,Chennai,Chennai Response Zone,T+0h,0,818695,908596,1615225,1378801,9593,11973,80958,71495
ASM000123,EVT002,Chennai,Chennai Response Zone,T+0h,0,1536132,1362704,2009883,1760235,16236,12353,79758,68818
ASM000124,EVT002,Chennai,Chennai Response Zone,T+0h,0,835781,1060479,1758564,1700882,4320,6146,96120,93842
ASM000125,EVT002,Chennai,Chennai Response Zone,T+0h,0,1112774,1144269,2037078,1625223,5931,5464,94775,78692
ASM000126,EVT002,Chennai,Chennai Response Zone,T+3h,3,2040833,1810275,1974332,1820858,11351,9618,93432,86631
ASM000127,EVT002,Chennai,Chennai Response Zone,T+3h,3,894157,988682,1086592,1346683,9624,12348,31708,40276
ASM000128,EVT002,Chennai,Chennai Response Zone,T+3h,3,1014306,1131935,2199849,1875848,10747,12780,132152,115136
ASM000129,EVT002,Chennai,Chennai Response Zone,T+3h,3,1071544,1057114,1233742,1442945,9727,9640,64138,76735
ASM000130,EVT002,Chennai,Chennai Response Zone,T+3h,3,982463,1062814,1798655,1575839,8516,10078,96141,87499
ASM000131,EVT002,Chennai,Chennai Response Zone,T+6h,6,817299,1015930,2280212,2017066,9376,12713,123926,104463
ASM000132,EVT002,Chennai,Chennai Response Zone,T+6h,6,1194294,1207898,1790442,1689925,9844,10114,79103,78164
ASM000133,EVT002,Chennai,Chennai Response Zone,T+6h,6,789310,907840,943343,1178839,8450,11626,55058,71081
ASM000134,EVT002,Chennai,Chennai Response Zone,T+6h,6,1270208,1181378,1247887,1450489,8549,8050,43603,53548
ASM000135,EVT002,Chennai,Chennai Response Zone,T+6h,6,928723,1042807,2224821,2019056,9776,13455,157380,140889
ASM000136,EVT002,Chennai,Chennai Response Zone,T+12h,12,2116654,1952694,2016740,2425323,23185,18598,164382,160490
ASM000137,EVT002,Chennai,Chennai Response Zone,T+12h,12,1373706,1661747,2318830,2464426,10050,12674,221559,208357
ASM000138,EVT002,Chennai,Chennai Response Zone,T+12h,12,1699408,1813225,3100778,2914658,16559,19843,349771,322973
ASM000139,EVT002,Chennai,Chennai Response Zone,T+12h,12,1994287,1906944,2766047,2841764,11894,12154,303543,290095
ASM000140,EVT002,Chennai,Chennai Response Zone,T+12h,12,1346975,1617944,2589884,2688033,8257,11569,273118,256291
ASM000141,EVT002,Chennai,Chennai Response Zone,T+24h,24,2293186,2263194,3151039,3196081,44476,41869,349624,362007
ASM000142,EVT002,Chennai,Chennai Response Zone,T+24h,24,2818217,2518214,2944211,2993505,32368,28064,262032,264180
ASM000143,EVT002,Chennai,Chennai Response Zone,T+24h,24,1583646,1919316,3998444,3641449,9655,13887,441507,399787
ASM000144,EVT002,Chennai,Chennai Response Zone,T+24h,24,2260688,2231861,3719064,3437925,48722,51790,409711,396562
ASM000145,EVT002,Chennai,Chennai Response Zone,T+24h,24,2316665,2492388,3087121,3109655,49148,51749,393943,391132
ASM000146,EVT002,Chennai,Chennai Response Zone,T+36h,36,2255524,2103441,3693171,3286108,35430,31692,302046,287809
ASM000147,EVT002,Chennai,Chennai Response Zone,T+36h,36,1559288,1787703,2771331,2720018,8732,10996,151733,145485
ASM000148,EVT002,Chennai,Chennai Response Zone,T+36h,36,1344887,1542933,2053358,2221657,7110,10040,85086,99828
ASM000149,EVT002,Chennai,Chennai Response Zone,T+36h,36,1872775,1746433,2070236,2302361,11967,11366,124898,150557
ASM000150,EVT002,Chennai,Chennai Response Zone,T+36h,36,2050306,1964030,2282287,2518338,15109,15029,193711,218244
ASM000151,EVT002,Chennai,Chennai Response Zone,T+48h,48,2010917,1957324,2541790,2643726,26758,25912,102284,104234
ASM000152,EVT002,Chennai,Chennai Response Zone,T+48h,48,2318450,2305857,4383567,3773970,23189,24601,435698,392391
ASM000153,EVT002,Chennai,Chennai Response Zone,T+48h,48,1867240,1958655,2435320,2692826,20147,24845,152210,162647
ASM000154,EVT002,Chennai,Chennai Response Zone,T+48h,48,2247467,2202021,3429348,3241568,39247,45251,424251,401101
ASM000155,EVT002,Chennai,Chennai Response Zone,T+48h,48,2141611,2107245,2570274,2630264,32341,33173,274526,280889
ASM000156,EVT002,Chennai,Chennai Response Zone,T+72h,72,1506811,1684473,2357215,2429400,27428,31348,137233,150061
ASM000157,EVT002,Chennai,Chennai Response Zone,T+72h,72,2886039,2427236,1968861,2431912,34475,26228,131778,157421
ASM000158,EVT002,Chennai,Chennai Response Zone,T+72h,72,1966755,1905250,2486110,2647422,46555,39705,179594,188784
ASM000159,EVT002,Chennai,Chennai Response Zone,T+72h,72,1349978,1577737,2475606,2489995,16373,21358,212481,218490
ASM000160,EVT002,Chennai,Chennai Response Zone,T+72h,72,1781433,1616818,2617937,2383251,40967,34675,156628,148115
ASM000161,EVT002,Tiruvallur,Tiruvallur Response Zone,T+0h,0,849330,969908,1493424,1432642,7576,10355,47307,43381
ASM000162,EVT002,Tiruvallur,Tiruvallur Response Zone,T+0h,0,1349375,1219968,1205607,1379122,7988,7106,83602,99523
ASM000163,EVT002,Tiruvallur,Tiruvallur Response Zone,T+0h,0,1439423,1200276,2148337,1841573,16315,13866,163812,142209
ASM000164,EVT002,Tiruvallur,Tiruvallur Response Zone,T+0h,0,1036501,1172000,1797972,1778360,10870,13706,101482,96552
ASM000165,EVT002,Tiruvallur,Tiruvallur Response Zone,T+0h,0,1341019,1159805,1636039,1634453,14205,11061,128706,126899
ASM000166,EVT002,Tiruvallur,Tiruvallur Response Zone,T+3h,3,978059,960838,1200686,1235209,9288,8925,47139,44913
ASM000167,EVT002,Tiruvallur,Tiruvallur Response Zone,T+3h,3,1143228,1078288,1164606,1195730,12547,10384,28211,29651
ASM000168,EVT002,Tiruvallur,Tiruvallur Response Zone,T+3h,3,1253123,1033839,1179022,1183459,15162,9756,28006,27576
ASM000169,EVT002,Tiruvallur,Tiruvallur Response Zone,T+3h,3,860235,895250,1360745,1270301,6630,7608,31570,29961
ASM000170,EVT002,Tiruvallur,Tiruvallur Response Zone,T+3h,3,825154,954028,879886,1236404,8100,9546,55099,73469
ASM000171,EVT002,Tiruvallur,Tiruvallur Response Zone,T+6h,6,802643,951757,1107155,1236278,9072,12589,29681,31818
ASM000172,EVT002,Tiruvallur,Tiruvallur Response Zone,T+6h,6,835442,982985,1276713,1295923,4683,5760,62234,68361
ASM000173,EVT002,Tiruvallur,Tiruvallur Response Zone,T+6h,6,1027418,1021356,1566096,1540962,7751,8222,120875,113153
ASM000174,EVT002,Tiruvallur,Tiruvallur Response Zone,T+6h,6,1090156,1013167,1900643,1587044,7381,6923,118894,105410
ASM000175,EVT002,Tiruvallur,Tiruvallur Response Zone,T+6h,6,1076976,1034082,1174291,1364888,8087,7916,70040,87386
ASM000176,EVT002,Tiruvallur,Tiruvallur Response Zone,T+12h,12,1373414,1257271,1393696,1559551,12387,10169,103277,112620
ASM000177,EVT002,Tiruvallur,Tiruvallur Response Zone,T+12h,12,1347661,1498904,1593097,1696343,8460,9287,105769,113216
ASM000178,EVT002,Tiruvallur,Tiruvallur Response Zone,T+12h,12,1562819,1403033,1223955,1435818,17022,12695,40731,43563
ASM000179,EVT002,Tiruvallur,Tiruvallur Response Zone,T+12h,12,1123532,1168757,1500032,1635211,9348,10149,118801,117615
ASM000180,EVT002,Tiruvallur,Tiruvallur Response Zone,T+12h,12,2311917,1919231,2183997,1938492,19518,13961,104068,91419
ASM000181,EVT002,Tiruvallur,Tiruvallur Response Zone,T+24h,24,2314725,2110638,2319978,2894902,23430,19946,261384,314173
ASM000182,EVT002,Tiruvallur,Tiruvallur Response Zone,T+24h,24,1729330,1927328,3389262,3150074,27770,33807,335221,297957
ASM000183,EVT002,Tiruvallur,Tiruvallur Response Zone,T+24h,24,1658975,1873924,1913097,2391180,14140,17421,100809,126610
ASM000184,EVT002,Tiruvallur,Tiruvallur Response Zone,T+24h,24,2259928,2177750,2543595,2653236,43563,39807,137357,135331
ASM000185,EVT002,Tiruvallur,Tiruvallur Response Zone,T+24h,24,1970558,2028962,2784303,2897097,24906,25121,238783,276254
ASM000186,EVT002,Tiruvallur,Tiruvallur Response Zone,T+36h,36,2042207,2032255,3936161,3066209,40342,38471,323957,280266
ASM000187,EVT002,Tiruvallur,Tiruvallur Response Zone,T+36h,36,2016403,1942792,2535596,2605111,19578,18205,188195,205015
ASM000188,EVT002,Tiruvallur,Tiruvallur Response Zone,T+36h,36,1635401,1573078,1411677,2112495,20794,21662,106282,145700
ASM000189,EVT002,Tiruvallur,Tiruvallur Response Zone,T+36h,36,1460527,1572234,1577671,2052188,22740,26263,126077,171481
ASM000190,EVT002,Tiruvallur,Tiruvallur Response Zone,T+36h,36,1295661,1551799,2560653,2369298,19883,26182,111008,110701
ASM000191,EVT002,Tiruvallur,Tiruvallur Response Zone,T+48h,48,1579599,1604381,2943534,2636208,21482,23527,149835,139400
ASM000192,EVT002,Tiruvallur,Tiruvallur Response Zone,T+48h,48,1910111,1722818,2758206,2453134,30373,26415,244527,219438
ASM000193,EVT002,Tiruvallur,Tiruvallur Response Zone,T+48h,48,1637078,1595729,2477540,2536554,41263,37746,228082,216506
ASM000194,EVT002,Tiruvallur,Tiruvallur Response Zone,T+48h,48,1363516,1631289,3418092,2828304,24129,33468,254335,217104
ASM000195,EVT002,Tiruvallur,Tiruvallur Response Zone,T+48h,48,1652139,1544131,2069034,2169334,34418,34224,103468,116205
ASM000196,EVT002,Tiruvallur,Tiruvallur Response Zone,T+72h,72,1677589,1578094,2872925,2473185,39356,36789,166635,145867
ASM000197,EVT002,Tiruvallur,Tiruvallur Response Zone,T+72h,72,1274800,1473684,1395208,1848897,23976,30095,47132,58266
ASM000198,EVT002,Tiruvallur,Tiruvallur Response Zone,T+72h,72,1550857,1556831,1782689,2037752,26247,26714,113107,140514
ASM000199,EVT002,Tiruvallur,Tiruvallur Response Zone,T+72h,72,1409483,1433922,1318572,1769989,28905,28713,78679,102023
ASM000200,EVT002,Tiruvallur,Tiruvallur Response Zone,T+72h,72,1154366,1358845,2060941,2081901,10701,13961,110042,114464
ASM000201,EVT002,Cuddalore,Cuddalore Response Zone,T+0h,0,598564,568158,753843,822483,3566,3065,18634,20160
ASM000202,EVT002,Cuddalore,Cuddalore Response Zone,T+0h,0,656077,606411,831265,861210,6028,5055,31301,29497
ASM000203,EVT002,Cuddalore,Cuddalore Response Zone,T+0h,0,686035,600604,739311,815115,9061,7701,18676,19359
ASM000204,EVT002,Cuddalore,Cuddalore Response Zone,T+0h,0,681369,581178,584042,792144,6163,5100,17128,21649
ASM000205,EVT002,Cuddalore,Cuddalore Response Zone,T+0h,0,398279,503667,661222,720889,2519,3659,22173,23025
ASM000206,EVT002,Cuddalore,Cuddalore Response Zone,T+3h,3,652532,791335,714049,1061656,7714,10028,32163,45764
ASM000207,EVT002,Cuddalore,Cuddalore Response Zone,T+3h,3,809913,758937,1316327,1054433,11340,10295,53463,46708
ASM000208,EVT002,Cuddalore,Cuddalore Response Zone,T+3h,3,810002,781960,955013,975517,4528,4473,59141,55908
ASM000209,EVT002,Cuddalore,Cuddalore Response Zone,T+3h,3,775861,737814,881033,909689,9595,8590,75474,80225
ASM000210,EVT002,Cuddalore,Cuddalore Response Zone,T+3h,3,1771089,1342215,1743129,1353497,29051,19977,175455,134593
ASM000211,EVT002,Cuddalore,Cuddalore Response Zone,T+6h,6,826662,774039,717703,879096,4475,4427,30536,36077
ASM000212,EVT002,Cuddalore,Cuddalore Response Zone,T+6h,6,1033943,952534,796261,1080882,6155,5038,35025,41991
ASM000213,EVT002,Cuddalore,Cuddalore Response Zone,T+6h,6,904824,808619,771660,867599,11169,9301,39975,46986
ASM000214,EVT002,Cuddalore,Cuddalore Response Zone,T+6h,6,975917,890317,1104032,1114055,12046,11256,43230,40123
ASM000215,EVT002,Cuddalore,Cuddalore Response Zone,T+6h,6,781668,837449,1255343,1195996,4905,5703,102806,96216
ASM000216,EVT002,Cuddalore,Cuddalore Response Zone,T+12h,12,940942,889938,1366971,1248581,11194,10003,116633,104940
ASM000217,EVT002,Cuddalore,Cuddalore Response Zone,T+12h,12,702195,837279,2064560,1540949,9656,12291,97556,76436
ASM000218,EVT002,Cuddalore,Cuddalore Response Zone,T+12h,12,811165,911682,663009,1085783,5693,6150,64341,89420
ASM000219,EVT002,Cuddalore,Cuddalore Response Zone,T+12h,12,835106,902085,1416424,1338044,8490,10054,65913,62611
ASM000220,EVT002,Cuddalore,Cuddalore Response Zone,T+12h,12,942519,1000274,1065409,1255448,5738,6017,67577,66172
ASM000221,EVT002,Cuddalore,Cuddalore Response Zone,T+24h,24,1662276,1326851,1423106,1534881,20851,15715,144619,152075
ASM000222,EVT002,Cuddalore,Cuddalore Response Zone,T+24h,24,738822,1033501,1379464,1584756,10280,16752,111825,131459
ASM000223,EVT002,Cuddalore,Cuddalore Response Zone,T+24h,24,1338089,1241057,1336421,1611896,14967,11652,77133,80361
ASM000224,EVT002,Cuddalore,Cuddalore Response Zone,T+24h,24,849840,1117973,2726050,1983748,14136,21365,270243,216039
ASM000225,EVT002,Cuddalore,Cuddalore Response Zone,T+24h,24,950124,1040206,1934557,1601528,15763,17344,156815,143039
ASM000226,EVT002,Cuddalore,Cuddalore Response Zone,T+36h,36,1488842,1293796,1798418,1646916,22905,18976,195875,180462
ASM000227,EVT002,Cuddalore,Cuddalore Response Zone,T+36h,36,1146050,1098775,2318925,1931842,17339,17556,202688,173774
ASM000228,EVT002,Cuddalore,Cuddalore Response Zone,T+36h,36,985701,1111509,1276091,1536393,9063,11281,146986,175793
ASM000229,EVT002,Cuddalore,Cuddalore Response Zone,T+36h,36,1052780,1186363,1304292,1535473,13917,17219,151097,168998
ASM000230,EVT002,Cuddalore,Cuddalore Response Zone,T+36h,36,1385287,1246714,1008094,1323424,10332,8562,52241,60982
ASM000231,EVT002,Cuddalore,Cuddalore Response Zone,T+48h,48,1044868,1201978,1487060,1581759,8510,10049,114445,115443
ASM000232,EVT002,Cuddalore,Cuddalore Response Zone,T+48h,48,1234557,1170120,1852212,1629343,32675,31187,165849,147262
ASM000233,EVT002,Cuddalore,Cuddalore Response Zone,T+48h,48,1180421,1136913,1774427,1725082,27123,26810,166468,163136
ASM000234,EVT002,Cuddalore,Cuddalore Response Zone,T+48h,48,997078,1112532,1808944,1670729,24361,29005,179109,176495
ASM000235,EVT002,Cuddalore,Cuddalore Response Zone,T+48h,48,1856919,1499961,1214798,1422985,41411,32770,63516,63797
ASM000236,EVT002,Cuddalore,Cuddalore Response Zone,T+72h,72,1233490,1068705,1914852,1690399,13672,13154,91489,69952
ASM000237,EVT002,Cuddalore,Cuddalore Response Zone,T+72h,72,653837,905772,1560755,1502811,13098,21756,125092,119591
ASM000238,EVT002,Cuddalore,Cuddalore Response Zone,T+72h,72,1100626,1049834,1954775,1674746,21473,21115,171965,158214
ASM000239,EVT002,Cuddalore,Cuddalore Response Zone,T+72h,72,930098,1003390,987742,1491584,16971,20317,75106,105466
ASM000240,EVT002,Cuddalore,Cuddalore Response Zone,T+72h,72,1113630,1012670,1543153,1545991,27817,24255,140529,133978
ASM000241,EVT002,Kancheepuram,Kancheepuram Response Zone,T+0h,0,776814,870456,943332,1197697,5351,6441,64885,81619
ASM000242,EVT002,Kancheepuram,Kancheepuram Response Zone,T+0h,0,771844,779498,982851,1118301,5932,6179,42730,46345
ASM000243,EVT002,Kancheepuram,Kancheepuram Response Zone,T+0h,0,916907,834678,1320746,1184604,5948,5468,67463,61746
ASM000244,EVT002,Kancheepuram,Kancheepuram Response Zone,T+0h,0,1057855,927170,1248603,1249010,5230,4729,64494,62432
ASM000245,EVT002,Kancheepuram,Kancheepuram Response Zone,T+0h,0,712142,867805,997714,1217302,4219,6021,69487,82267
ASM000246,EVT002,Kancheepuram,Kancheepuram Response Zone,T+3h,3,948336,1001560,1433584,1347286,8812,8894,95139,93678
ASM000247,EVT002,Kancheepuram,Kancheepuram Response Zone,T+3h,3,774192,843260,793238,1085635,7078,8318,31352,40944
ASM000248,EVT002,Kancheepuram,Kancheepuram Response Zone,T+3h,3,801175,856544,1697828,1333013,6983,8478,116147,88435
ASM000249,EVT002,Kancheepuram,Kancheepuram Response Zone,T+3h,3,1241039,1042749,1095664,1170408,17119,12650,54224,52885
ASM000250,EVT002,Kancheepuram,Kancheepuram Response Zone,T+3h,3,946567,911121,1605050,1378004,12945,12386,73295,56287
ASM000251,EVT002,Kancheepuram,Kancheepuram Response Zone,T+6h,6,817114,968759,1300011,1505768,6345,8775,111623,125477
ASM000252,EVT002,Kancheepuram,Kancheepuram Response Zone,T+6h,6,1179772,1072231,1192923,1269544,11071,8960,54597,56030
ASM000253,EVT002,Kancheepuram,Kancheepuram Response Zone,T+6h,6,1530342,1201725,1105951,1200540,13704,9364,43925,51835
ASM000254,EVT002,Kancheepuram,Kancheepuram Response Zone,T+6h,6,1181101,1013224,1643379,1380894,18744,15415,106903,91351
ASM000255,EVT002,Kancheepuram,Kancheepuram Response Zone,T+6h,6,717985,899998,1154149,1290920,3335,5515,102233,110613
ASM000256,EVT002,Kancheepuram,Kancheepuram Response Zone,T+12h,12,954772,1068162,1642569,1514079,5438,6249,82987,74626
ASM000257,EVT002,Kancheepuram,Kancheepuram Response Zone,T+12h,12,1325739,1153716,1271590,1388316,18054,16657,52724,58482
ASM000258,EVT002,Kancheepuram,Kancheepuram Response Zone,T+12h,12,872285,1004012,858161,1319119,11352,13771,65575,86081
ASM000259,EVT002,Kancheepuram,Kancheepuram Response Zone,T+12h,12,1145822,1090804,1251536,1437754,13754,13854,95552,100163
ASM000260,EVT002,Kancheepuram,Kancheepuram Response Zone,T+12h,12,1361891,1242805,1137412,1516002,7439,6673,61356,73236
ASM000261,EVT002,Kancheepuram,Kancheepuram Response Zone,T+24h,24,1128517,1284554,1959795,1936954,11551,14151,76052,65336
ASM000262,EVT002,Kancheepuram,Kancheepuram Response Zone,T+24h,24,1500409,1523841,1726860,2342680,17547,17916,177517,241776
ASM000263,EVT002,Kancheepuram,Kancheepuram Response Zone,T+24h,24,712181,1010779,2488291,2101817,9747,19861,106493,90965
ASM000264,EVT002,Kancheepuram,Kancheepuram Response Zone,T+24h,24,1187311,1373347,2070591,2232715,18872,24430,161269,169710
ASM000265,EVT002,Kancheepuram,Kancheepuram Response Zone,T+24h,24,1217003,1337480,1802854,1848734,7169,7575,109023,111569
ASM000266,EVT002,Kancheepuram,Kancheepuram Response Zone,T+36h,36,1259004,1481549,2754182,2460489,19685,23174,187042,160942
ASM000267,EVT002,Kancheepuram,Kancheepuram Response Zone,T+36h,36,2125741,1834975,2711877,2366627,37792,29121,122481,103691
ASM000268,EVT002,Kancheepuram,Kancheepuram Response Zone,T+36h,36,1186470,1425110,2387247,2502166,18081,24718,268887,261775
ASM000269,EVT002,Kancheepuram,Kancheepuram Response Zone,T+36h,36,1499296,1544204,1920749,2034737,16299,17312,93015,94996
ASM000270,EVT002,Kancheepuram,Kancheepuram Response Zone,T+36h,36,1659079,1576208,1501716,1917962,18866,18489,109415,132266
ASM000271,EVT002,Kancheepuram,Kancheepuram Response Zone,T+48h,48,1911240,1732524,1687656,1895494,53742,47171,85857,96946
ASM000272,EVT002,Kancheepuram,Kancheepuram Response Zone,T+48h,48,1080321,1318260,1906678,2075315,19227,27018,165920,169362
ASM000273,EVT002,Kancheepuram,Kancheepuram Response Zone,T+48h,48,2042538,1849920,2472383,2465742,60045,54371,247896,252466
ASM000274,EVT002,Kancheepuram,Kancheepuram Response Zone,T+48h,48,1371701,1347354,1881223,1949586,26751,25626,154382,156876
ASM000275,EVT002,Kancheepuram,Kancheepuram Response Zone,T+48h,48,1197218,1400594,2642187,2492562,26032,35019,265428,260860
ASM000276,EVT002,Kancheepuram,Kancheepuram Response Zone,T+72h,72,1430861,1352548,1648308,1836328,18771,17532,86762,96148
ASM000277,EVT002,Kancheepuram,Kancheepuram Response Zone,T+72h,72,1397197,1343382,2080914,2024520,34820,36107,201156,203704
ASM000278,EVT002,Kancheepuram,Kancheepuram Response Zone,T+72h,72,1181406,1324875,2574002,2037604,22324,25854,129850,103093
ASM000279,EVT002,Kancheepuram,Kancheepuram Response Zone,T+72h,72,1217159,1129702,1958026,1851790,21476,20784,112758,107201
ASM000280,EVT002,Kancheepuram,Kancheepuram Response Zone,T+72h,72,1274555,1378121,2071925,2188356,19547,20912,196918,212164
ASM000281,EVT003,Chennai,Chennai Response Zone,T+0h,0,1061925,1027071,1247459,1403424,11540,11841,43021,48889
ASM000282,EVT003,Chennai,Chennai Response Zone,T+0h,0,1046270,938364,1099556,1250596,11323,10067,54835,58861
ASM000283,EVT003,Chennai,Chennai Response Zone,T+0h,0,1382588,1176922,1108536,1395811,18348,15164,61278,75370
ASM000284,EVT003,Chennai,Chennai Response Zone,T+0h,0,728837,903470,1136437,1243738,5362,8098,37075,42613
ASM000285,EVT003,Chennai,Chennai Response Zone,T+0h,0,1536131,1260936,1660906,1491269,20223,14657,55622,48320
ASM000286,EVT003,Chennai,Chennai Response Zone,T+3h,3,828314,1055330,1660736,1674062,5562,9156,128109,134937
ASM000287,EVT003,Chennai,Chennai Response Zone,T+3h,3,1170383,1234309,1197990,1518100,5796,6347,74250,95698
ASM000288,EVT003,Chennai,Chennai Response Zone,T+3h,3,1313140,1199450,2574062,2270337,17994,16037,202717,168677
ASM000289,EVT003,Chennai,Chennai Response Zone,T+3h,3,1193982,1137987,1622684,1594322,12141,12495,60095,55784
ASM000290,EVT003,Chennai,Chennai Response Zone,T+3h,3,1026551,1140357,1102791,1382501,11495,13607,44168,60157
ASM000291,EVT003,Chennai,Chennai Response Zone,T+6h,6,910385,959302,1194845,1237239,4439,5280,58261,62564
ASM000292,EVT003,Chennai,Chennai Response Zone,T+6h,6,896938,949142,1398740,1330223,4900,5734,68257,67454
ASM000293,EVT003,Chennai,Chennai Response Zone,T+6h,6,987819,1042265,2268051,1879488,12321,15134,115871,91483
ASM000294,EVT003,Chennai,Chennai Response Zone,T+6h,6,1216560,1107306,1100250,1416011,14365,12894,58472,70532
ASM000295,EVT003,Chennai,Chennai Response Zone,T+6h,6,943963,875103,1521003,1275747,10709,10684,42478,34678
ASM000296,EVT003,Chennai,Chennai Response Zone,T+12h,12,1112959,1231600,2431841,2036487,12312,13804,100156,81754
ASM000297,EVT003,Chennai,Chennai Response Zone,T+12h,12,1782682,1801609,1763371,1898009,10781,11099,172862,184397
ASM000298,EVT003,Chennai,Chennai Response Zone,T+12h,12,1542399,1600995,1796286,1956128,11627,10902,76445,77929
ASM000299,EVT003,Chennai,Chennai Response Zone,T+12h,12,1774699,1694324,1573642,1938611,16542,14576,105125,130158
ASM000300,EVT003,Chennai,Chennai Response Zone,T+12h,12,1658631,1596605,1839845,2009811,26975,25882,83255,84354
ASM000301,EVT003,Chennai,Chennai Response Zone,T+24h,24,1484795,1624542,2548457,2498992,17993,22425,143981,142738
ASM000302,EVT003,Chennai,Chennai Response Zone,T+24h,24,1674269,1847855,3201936,2983981,25393,29277,211522,188637
ASM000303,EVT003,Chennai,Chennai Response Zone,T+24h,24,2240406,2119974,3844581,3532127,36423,34072,368917,352521
ASM000304,EVT003,Chennai,Chennai Response Zone,T+24h,24,2146015,2044123,2269187,2504873,18468,14956,107699,123848
ASM000305,EVT003,Chennai,Chennai Response Zone,T+24h,24,1804495,1763806,1633589,2147561,12272,11721,133096,156826
ASM000306,EVT003,Chennai,Chennai Response Zone,T+36h,36,1809462,1748440,2538262,2358429,25933,25494,136163,137018
ASM000307,EVT003,Chennai,Chennai Response Zone,T+36h,36,2133924,1862035,2721551,2518932,35206,28223,231019,218829
ASM000308,EVT003,Chennai,Chennai Response Zone,T+36h,36,1598730,1657797,2682019,2502087,27480,32925,106776,106713
ASM000309,EVT003,Chennai,Chennai Response Zone,T+36h,36,1774971,1728054,2113538,2286132,11474,11126,111437,119385
ASM000310,EVT003,Chennai,Chennai Response Zone,T+36h,36,1713486,1705267,2688501,2627032,14223,14159,143574,134925
ASM000311,EVT003,Chennai,Chennai Response Zone,T+48h,48,1493501,1580253,3424099,2934526,24162,25313,242194,212225
ASM000312,EVT003,Chennai,Chennai Response Zone,T+48h,48,1800806,1663863,2341608,2165563,17905,15578,114576,106315
ASM000313,EVT003,Chennai,Chennai Response Zone,T+48h,48,1651149,1524848,1813744,1945022,40864,34844,71530,75215
ASM000314,EVT003,Chennai,Chennai Response Zone,T+48h,48,1681659,1537856,1919503,2172377,24309,20302,149918,175757
ASM000315,EVT003,Chennai,Chennai Response Zone,T+48h,48,1953902,1762384,2161809,2143096,44929,38857,131140,127760
ASM000316,EVT003,Chennai,Chennai Response Zone,T+72h,72,1514789,1600217,3432616,2732244,11500,12084,273621,227493
ASM000317,EVT003,Chennai,Chennai Response Zone,T+72h,72,1738419,1583693,2136359,2091008,31811,28259,112719,113915
ASM000318,EVT003,Chennai,Chennai Response Zone,T+72h,72,1525611,1574218,2341804,2338248,18410,20568,119306,123675
ASM000319,EVT003,Chennai,Chennai Response Zone,T+72h,72,1592426,1612153,1951445,2084675,37765,36246,119217,123356
ASM000320,EVT003,Chennai,Chennai Response Zone,T+72h,72,1564182,1588562,3003850,2798942,21121,21659,176987,155724
ASM000321,EVT003,Tiruvallur,Tiruvallur Response Zone,T+0h,0,774615,790930,1655092,1378819,5567,5874,34451,28034
ASM000322,EVT003,Tiruvallur,Tiruvallur Response Zone,T+0h,0,893020,808249,1236573,1245601,7283,6384,69057,68144
ASM000323,EVT003,Tiruvallur,Tiruvallur Response Zone,T+0h,0,630987,719007,1094566,1186432,5770,8169,43873,44126
ASM000324,EVT003,Tiruvallur,Tiruvallur Response Zone,T+0h,0,1063725,869420,1003294,1011265,14940,13200,45914,45400
ASM000325,EVT003,Tiruvallur,Tiruvallur Response Zone,T+0h,0,728792,831642,665426,1068391,7446,10028,19799,33027
ASM000326,EVT003,Tiruvallur,Tiruvallur Response Zone,T+3h,3,799439,978253,1734431,1506113,7189,9674,127952,111095
ASM000327,EVT003,Tiruvallur,Tiruvallur Response Zone,T+3h,3,1155824,1028018,1219191,1213812,5737,4648,38643,35581
ASM000328,EVT003,Tiruvallur,Tiruvallur Response Zone,T+3h,3,1217136,1084719,1569801,1517210,13153,10845,83836,81869
ASM000329,EVT003,Tiruvallur,Tiruvallur Response Zone,T+3h,3,1281006,1177008,1310794,1527236,16221,14145,98885,107907
ASM000330,EVT003,Tiruvallur,Tiruvallur Response Zone,T+3h,3,1098649,983519,1197798,1241283,13937,12104,66485,72950
ASM000331,EVT003,Tiruvallur,Tiruvallur Response Zone,T+6h,6,1252755,1283058,1535446,1659937,7163,7494,119529,126408
ASM000332,EVT003,Tiruvallur,Tiruvallur Response Zone,T+6h,6,942780,1041189,1985940,1688797,9396,12085,94195,81892
ASM000333,EVT003,Tiruvallur,Tiruvallur Response Zone,T+6h,6,1258317,1315424,1505197,1600130,11309,11704,95128,98690
ASM000334,EVT003,Tiruvallur,Tiruvallur Response Zone,T+6h,6,962580,1019123,2583574,2067024,9879,11925,182312,145647
ASM000335,EVT003,Tiruvallur,Tiruvallur Response Zone,T+6h,6,1502216,1368462,1879708,1742375,16439,13647,113422,104657
ASM000336,EVT003,Tiruvallur,Tiruvallur Response Zone,T+12h,12,1072225,1066333,1084924,1470479,14978,14907,67968,84381
ASM000337,EVT003,Tiruvallur,Tiruvallur Response Zone,T+12h,12,992401,1124142,1617694,1762798,8438,10305,123725,120925
ASM000338,EVT003,Tiruvallur,Tiruvallur Response Zone,T+12h,12,1139041,1128370,1449356,1791356,6388,6984,126295,149007
ASM000339,EVT003,Tiruvallur,Tiruvallur Response Zone,T+12h,12,1382728,1397328,992097,1393011,20553,20065,79175,107139
ASM000340,EVT003,Tiruvallur,Tiruvallur Response Zone,T+12h,12,1080513,1138750,2516317,2118857,11497,13486,223908,191946
ASM000341,EVT003,Tiruvallur,Tiruvallur Response Zone,T+24h,24,1294876,1456195,2737271,2441918,12111,15987,198810,174307
ASM000342,EVT003,Tiruvallur,Tiruvallur Response Zone,T+24h,24,1556822,1512779,2454894,2312130,15476,13737,143368,136998
ASM000343,EVT003,Tiruvallur,Tiruvallur Response Zone,T+24h,24,1556844,1497452,2216296,2108289,22979,22500,85119,82449
ASM000344,EVT003,Tiruvallur,Tiruvallur Response Zone,T+24h,24,1385984,1488612,1627848,2062739,9644,10915,145390,179321
ASM000345,EVT003,Tiruvallur,Tiruvallur Response Zone,T+24h,24,1419455,1500306,1943176,2104871,11901,12718,91822,103291
ASM000346,EVT003,Tiruvallur,Tiruvallur Response Zone,T+36h,36,1694229,1601089,2899036,2573737,23111,22786,178272,150038
ASM000347,EVT003,Tiruvallur,Tiruvallur Response Zone,T+36h,36,1204085,1465554,1799836,2175071,17182,23471,111044,135346
ASM000348,EVT003,Tiruvallur,Tiruvallur Response Zone,T+36h,36,1083051,1300176,1153634,1865838,8974,12951,82079,112077
ASM000349,EVT003,Tiruvallur,Tiruvallur Response Zone,T+36h,36,1329582,1469861,2160069,2178984,11764,13282,123708,132757
ASM000350,EVT003,Tiruvallur,Tiruvallur Response Zone,T+36h,36,1559356,1535251,2299011,2398247,24258,24925,107587,118836
ASM000351,EVT003,Tiruvallur,Tiruvallur Response Zone,T+48h,48,1762204,1633105,2470458,2439548,31771,32747,126910,130796
ASM000352,EVT003,Tiruvallur,Tiruvallur Response Zone,T+48h,48,2360697,2026861,3096921,2737390,65672,53153,216439,188827
ASM000353,EVT003,Tiruvallur,Tiruvallur Response Zone,T+48h,48,2077031,1868328,3095357,2694179,34250,28696,238838,218550
ASM000354,EVT003,Tiruvallur,Tiruvallur Response Zone,T+48h,48,1704124,1705697,2655225,2589530,24606,25510,116976,110170
ASM000355,EVT003,Tiruvallur,Tiruvallur Response Zone,T+48h,48,1636309,1586929,3211709,2526200,30466,29324,176912,143853
ASM000356,EVT003,Tiruvallur,Tiruvallur Response Zone,T+72h,72,1422481,1556898,1699804,2180898,24822,31397,90657,118382
ASM000357,EVT003,Tiruvallur,Tiruvallur Response Zone,T+72h,72,1738698,1730227,3047603,2681323,15925,15584,304622,287040
ASM000358,EVT003,Tiruvallur,Tiruvallur Response Zone,T+72h,72,1476571,1658633,2769194,2510378,23928,28040,233235,212639
ASM000359,EVT003,Tiruvallur,Tiruvallur Response Zone,T+72h,72,1612280,1609028,1563724,1887641,36053,35682,59749,73582
ASM000360,EVT003,Tiruvallur,Tiruvallur Response Zone,T+72h,72,1237417,1322260,1455137,1749340,23542,28610,47196,59113
ASM000361,EVT003,Kancheepuram,Kancheepuram Response Zone,T+0h,0,705946,690943,734445,883418,4059,3658,33835,36353
ASM000362,EVT003,Kancheepuram,Kancheepuram Response Zone,T+0h,0,811063,687045,730652,878922,9668,7079,33637,36085
ASM000363,EVT003,Kancheepuram,Kancheepuram Response Zone,T+0h,0,589595,651778,1010885,884784,6760,7542,33148,32832
ASM000364,EVT003,Kancheepuram,Kancheepuram Response Zone,T+0h,0,762395,710908,836627,946251,4049,3826,31532,37144
ASM000365,EVT003,Kancheepuram,Kancheepuram Response Zone,T+0h,0,693273,657468,669478,857237,3474,3309,25134,31394
ASM000366,EVT003,Kancheepuram,Kancheepuram Response Zone,T+3h,3,646565,733817,831755,911322,7491,8260,46884,53151
ASM000367,EVT003,Kancheepuram,Kancheepuram Response Zone,T+3h,3,714101,739712,1228479,1036341,4980,5177,40784,35607
ASM000368,EVT003,Kancheepuram,Kancheepuram Response Zone,T+3h,3,695918,724424,958310,943697,7765,7938,34411,36387
ASM000369,EVT003,Kancheepuram,Kancheepuram Response Zone,T+3h,3,757601,759633,971138,1164127,4811,4887,27489,29438
ASM000370,EVT003,Kancheepuram,Kancheepuram Response Zone,T+3h,3,562573,685387,888818,874946,5850,7560,49796,48898
ASM000371,EVT003,Kancheepuram,Kancheepuram Response Zone,T+6h,6,851637,882104,1642765,1386789,11332,10879,128612,102180
ASM000372,EVT003,Kancheepuram,Kancheepuram Response Zone,T+6h,6,952092,910626,952973,1113425,14579,13174,41848,48201
ASM000373,EVT003,Kancheepuram,Kancheepuram Response Zone,T+6h,6,1150990,917124,1650560,1305211,15433,11361,97959,79992
ASM000374,EVT003,Kancheepuram,Kancheepuram Response Zone,T+6h,6,1276362,1111665,1516063,1457120,12225,10992,92577,88504
ASM000375,EVT003,Kancheepuram,Kancheepuram Response Zone,T+6h,6,1455460,1204599,1289905,1362586,24686,19931,99279,97639
ASM000376,EVT003,Kancheepuram,Kancheepuram Response Zone,T+12h,12,722846,868698,2174518,1463309,5904,6943,125106,87447
ASM000377,EVT003,Kancheepuram,Kancheepuram Response Zone,T+12h,12,1037023,914109,932561,1237280,14715,11836,56406,72134
ASM000378,EVT003,Kancheepuram,Kancheepuram Response Zone,T+12h,12,893103,884038,1113362,1289214,4830,4690,79899,87526
ASM000379,EVT003,Kancheepuram,Kancheepuram Response Zone,T+12h,12,1359281,1024912,857899,1107744,9938,6844,34594,43046
ASM000380,EVT003,Kancheepuram,Kancheepuram Response Zone,T+12h,12,753770,917034,1572881,1347386,5165,6324,117343,100403
ASM000381,EVT003,Kancheepuram,Kancheepuram Response Zone,T+24h,24,1205972,1409129,3342335,3034220,18036,21008,347205,310127
ASM000382,EVT003,Kancheepuram,Kancheepuram Response Zone,T+24h,24,1252279,1360745,3119821,2661190,14238,16749,169642,142991
ASM000383,EVT003,Kancheepuram,Kancheepuram Response Zone,T+24h,24,911944,1220747,2797527,2263420,13407,21490,163729,141100
ASM000384,EVT003,Kancheepuram,Kancheepuram Response Zone,T+24h,24,1123662,1159534,1692227,1698476,6474,6739,59459,59586
ASM000385,EVT003,Kancheepuram,Kancheepuram Response Zone,T+24h,24,1233962,1346788,1919215,2063571,21670,23021,138267,132505
ASM000386,EVT003,Kancheepuram,Kancheepuram Response Zone,T+36h,36,1337276,1443338,1233079,1658262,24929,24001,48277,61998
ASM000387,EVT003,Kancheepuram,Kancheepuram Response Zone,T+36h,36,1515331,1512366,3609929,3088845,30744,26663,322079,276344
ASM000388,EVT003,Kancheepuram,Kancheepuram Response Zone,T+36h,36,2060890,1725673,2420748,2451168,16161,12445,233527,243978
ASM000389,EVT003,Kancheepuram,Kancheepuram Response Zone,T+36h,36,1727115,1533548,1899434,2293076,22821,19521,193354,228652
ASM000390,EVT003,Kancheepuram,Kancheepuram Response Zone,T+36h,36,1251326,1353111,2824137,2292588,7149,8564,163039,141328
ASM000391,EVT003,Kancheepuram,Kancheepuram Response Zone,T+48h,48,888213,1024127,1253745,1473484,17920,22587,85972,97588
ASM000392,EVT003,Kancheepuram,Kancheepuram Response Zone,T+48h,48,1139929,1051741,1771466,1538606,18491,17985,129550,118453
ASM000393,EVT003,Kancheepuram,Kancheepuram Response Zone,T+48h,48,850900,1044829,1563877,1504975,10754,14947,70001,67298
ASM000394,EVT003,Kancheepuram,Kancheepuram Response Zone,T+48h,48,1445735,1173853,1789928,1504621,38776,30127,87035,81139
ASM000395,EVT003,Kancheepuram,Kancheepuram Response Zone,T+48h,48,1236364,1055926,1418065,1448513,23049,18655,68164,69472
ASM000396,EVT003,Kancheepuram,Kancheepuram Response Zone,T+72h,72,1271192,1384274,1414831,1843757,15327,18000,73149,89877
ASM000397,EVT003,Kancheepuram,Kancheepuram Response Zone,T+72h,72,906460,1196353,1962680,1960032,18802,28416,183838,188884
ASM000398,EVT003,Kancheepuram,Kancheepuram Response Zone,T+72h,72,1845082,1668826,2831129,2540402,29194,23551,263665,257243
ASM000399,EVT003,Kancheepuram,Kancheepuram Response Zone,T+72h,72,1280706,1325804,1899225,1886200,24437,23717,111147,113695
ASM000400,EVT003,Kancheepuram,Kancheepuram Response Zone,T+72h,72,1700916,1470080,2459212,2166622,25795,22125,226656,200873
ASM000401,EVT003,Chengalpattu,Chengalpattu Response Zone,T+0h,0,604607,753544,857889,1199427,2400,3727,24783,30177
ASM000402,EVT003,Chengalpattu,Chengalpattu Response Zone,T+0h,0,820630,889014,1285269,1232584,7075,8470,71238,74455
ASM000403,EVT003,Chengalpattu,Chengalpattu Response Zone,T+0h,0,863702,820233,1063109,1218762,7309,7667,72630,81562
ASM000404,EVT003,Chengalpattu,Chengalpattu Response Zone,T+0h,0,796371,790054,1349853,1240246,5904,6210,74377,71468
ASM000405,EVT003,Chengalpattu,Chengalpattu Response Zone,T+0h,0,809387,898096,1196358,1148661,3930,4325,54271,52291
ASM000406,EVT003,Chengalpattu,Chengalpattu Response Zone,T+3h,3,998862,917724,1385979,1303374,13244,12293,48377,43053
ASM000407,EVT003,Chengalpattu,Chengalpattu Response Zone,T+3h,3,709408,855765,1560882,1284503,3420,5040,49153,43853
ASM000408,EVT003,Chengalpattu,Chengalpattu Response Zone,T+3h,3,841287,859341,1368965,1224646,11196,11812,55439,47550
ASM000409,EVT003,Chengalpattu,Chengalpattu Response Zone,T+3h,3,888505,922765,1299171,1248414,4520,4428,62254,58194
ASM000410,EVT003,Chengalpattu,Chengalpattu Response Zone,T+3h,3,863897,833270,830949,1097601,5993,5538,28636,35651
ASM000411,EVT003,Chengalpattu,Chengalpattu Response Zone,T+6h,6,894103,853195,1026253,1158347,8989,7889,30481,31000
ASM000412,EVT003,Chengalpattu,Chengalpattu Response Zone,T+6h,6,591521,710582,889241,1049123,2715,3797,24137,28720
ASM000413,EVT003,Chengalpattu,Chengalpattu Response Zone,T+6h,6,591949,766936,1017301,1174778,3990,5982,63547,68839
ASM000414,EVT003,Chengalpattu,Chengalpattu Response Zone,T+6h,6,1175161,1050484,1082890,1158196,17720,14409,30157,29445
ASM000415,EVT003,Chengalpattu,Chengalpattu Response Zone,T+6h,6,996248,953924,992717,1198380,11281,10151,32535,40466
ASM000416,EVT003,Chengalpattu,Chengalpattu Response Zone,T+12h,12,845582,938307,851716,1131924,11371,14148,68785,92582
ASM000417,EVT003,Chengalpattu,Chengalpattu Response Zone,T+12h,12,1405955,1154239,1235394,1494330,9886,7640,105792,114050
ASM000418,EVT003,Chengalpattu,Chengalpattu Response Zone,T+12h,12,1057535,1061284,1477560,1409518,6233,6471,46385,44491
ASM000419,EVT003,Chengalpattu,Chengalpattu Response Zone,T+12h,12,1204084,1054777,895868,1145721,10403,9164,26553,34805
ASM000420,EVT003,Chengalpattu,Chengalpattu Response Zone,T+12h,12,868636,882365,1194459,1234889,10945,10346,64954,64488
ASM000421,EVT003,Chengalpattu,Chengalpattu Response Zone,T+24h,24,1962213,1529198,3107737,2310856,43302,30219,232435,183650
ASM000422,EVT003,Chengalpattu,Chengalpattu Response Zone,T+24h,24,1995123,1668949,2748366,2368338,14773,11603,241294,210690
ASM000423,EVT003,Chengalpattu,Chengalpattu Response Zone,T+24h,24,1266655,1285950,3066600,2468361,20108,22481,239788,199138
ASM000424,EVT003,Chengalpattu,Chengalpattu Response Zone,T+24h,24,1691683,1469421,2260590,2144482,31578,26025,131490,123720
ASM000425,EVT003,Chengalpattu,Chengalpattu Response Zone,T+24h,24,1353273,1176762,2368946,1988543,21337,19736,135537,114415
ASM000426,EVT003,Chengalpattu,Chengalpattu Response Zone,T+36h,36,1638204,1379162,1576541,1821200,15858,11964,108901,116496
ASM000427,EVT003,Chengalpattu,Chengalpattu Response Zone,T+36h,36,1169016,1311741,1815227,2015113,10993,13133,125502,140578
ASM000428,EVT003,Chengalpattu,Chengalpattu Response Zone,T+36h,36,1456443,1334106,945790,1740938,26159,23551,63348,107231
ASM000429,EVT003,Chengalpattu,Chengalpattu Response Zone,T+36h,36,1647248,1445290,2772225,2379441,17719,15498,217130,193051
ASM000430,EVT003,Chengalpattu,Chengalpattu Response Zone,T+36h,36,883529,1179948,2631401,2158543,11021,18186,123926,106920
ASM000431,EVT003,Chengalpattu,Chengalpattu Response Zone,T+48h,48,1161413,1393491,1940151,2142123,24916,32822,142941,160987
ASM000432,EVT003,Chengalpattu,Chengalpattu Response Zone,T+48h,48,917214,1221997,1844469,1954142,14350,22274,69426,71194
ASM000433,EVT003,Chengalpattu,Chengalpattu Response Zone,T+48h,48,1349958,1509063,1710129,2013406,28617,29185,96983,113460
ASM000434,EVT003,Chengalpattu,Chengalpattu Response Zone,T+48h,48,1654986,1539445,2321821,2361992,32836,28450,141920,128539
ASM000435,EVT003,Chengalpattu,Chengalpattu Response Zone,T+48h,48,2033271,1717400,2971898,2503602,52693,40922,226152,179751
ASM000436,EVT003,Chengalpattu,Chengalpattu Response Zone,T+72h,72,1529640,1510769,1423635,1958553,35970,35935,99164,123879
ASM000437,EVT003,Chengalpattu,Chengalpattu Response Zone,T+72h,72,1916139,1728191,2232422,2085899,21929,17687,179113,170017
ASM000438,EVT003,Chengalpattu,Chengalpattu Response Zone,T+72h,72,1111670,1366233,1973672,2097312,10784,13858,113171,123579
ASM000439,EVT003,Chengalpattu,Chengalpattu Response Zone,T+72h,72,946225,1255279,1972789,1856346,14046,20654,72434,66212
ASM000440,EVT003,Chengalpattu,Chengalpattu Response Zone,T+72h,72,1478897,1505138,2428817,2213219,33770,32630,142073,128185
ASM000441,EVT004,Kanniyakumari,Kanniyakumari Response Zone,T+0h,0,578299,557145,680671,752049,2888,2946,18605,21361
ASM000442,EVT004,Kanniyakumari,Kanniyakumari Response Zone,T+0h,0,596658,625967,812527,851520,4394,4674,44491,45451
ASM000443,EVT004,Kanniyakumari,Kanniyakumari Response Zone,T+0h,0,315455,434894,643511,730662,1315,2244,31446,33184
ASM000444,EVT004,Kanniyakumari,Kanniyakumari Response Zone,T+0h,0,597621,615491,1050352,877143,5968,6975,28298,24607
ASM000445,EVT004,Kanniyakumari,Kanniyakumari Response Zone,T+0h,0,410828,524354,831922,768540,2898,4045,48644,43593
ASM000446,EVT004,Kanniyakumari,Kanniyakumari Response Zone,T+3h,3,612893,557325,783025,733357,7260,6287,31940,31246
ASM000447,EVT004,Kanniyakumari,Kanniyakumari Response Zone,T+3h,3,708908,693564,680588,854718,8600,8473,44333,56005
ASM000448,EVT004,Kanniyakumari,Kanniyakumari Response Zone,T+3h,3,508515,556759,746017,843072,2399,3151,20119,22301
ASM000449,EVT004,Kanniyakumari,Kanniyakumari Response Zone,T+3h,3,538371,597855,998656,850943,5976,6773,27620,23949
ASM000450,EVT004,Kanniyakumari,Kanniyakumari Response Zone,T+3h,3,512324,602123,848758,837028,5104,6562,34756,32446
ASM000451,EVT004,Kanniyakumari,Kanniyakumari Response Zone,T+6h,6,576844,596972,900818,840142,6041,6748,23661,21395
ASM000452,EVT004,Kanniyakumari,Kanniyakumari Response Zone,T+6h,6,702670,646686,1279957,902524,10217,8442,75018,54802
ASM000453,EVT004,Kanniyakumari,Kanniyakumari Response Zone,T+6h,6,501656,586589,1098876,899132,5080,6191,63805,53592
ASM000454,EVT004,Kanniyakumari,Kanniyakumari Response Zone,T+6h,6,692585,664025,897887,849562,9548,8543,65015,61934
ASM000455,EVT004,Kanniyakumari,Kanniyakumari Response Zone,T+6h,6,489299,554069,676928,797059,3816,4145,39811,44172
ASM000456,EVT004,Kanniyakumari,Kanniyakumari Response Zone,T+12h,12,554934,617638,484308,838946,4457,5110,39117,68477
ASM000457,EVT004,Kanniyakumari,Kanniyakumari Response Zone,T+12h,12,700053,729698,906423,857785,10492,10563,59341,55462
ASM000458,EVT004,Kanniyakumari,Kanniyakumari Response Zone,T+12h,12,524552,648972,788620,834665,3178,4354,27688,28784
ASM000459,EVT004,Kanniyakumari,Kanniyakumari Response Zone,T+12h,12,623844,712287,1029420,866549,5294,5985,74805,67329
ASM000460,EVT004,Kanniyakumari,Kanniyakumari Response Zone,T+12h,12,595239,710091,1031244,949183,6262,8807,88152,84591
ASM000461,EVT004,Kanniyakumari,Kanniyakumari Response Zone,T+24h,24,1610047,1234769,1521161,1774498,24959,19209,169403,182671
ASM000462,EVT004,Kanniyakumari,Kanniyakumari Response Zone,T+24h,24,1096049,1109523,1053106,1492174,16622,17794,95753,133684
ASM000463,EVT004,Kanniyakumari,Kanniyakumari Response Zone,T+24h,24,942773,1115282,1256133,1525856,8575,10871,91422,105251
ASM000464,EVT004,Kanniyakumari,Kanniyakumari Response Zone,T+24h,24,1080796,1054037,1765057,1602772,20593,18960,168203,148148
ASM000465,EVT004,Kanniyakumari,Kanniyakumari Response Zone,T+24h,24,1068674,1135658,2436919,1828594,14832,16196,204732,167714
ASM000466,EVT004,Kanniyakumari,Kanniyakumari Response Zone,T+36h,36,858663,940834,1281730,1333291,12973,14675,65867,63373
ASM000467,EVT004,Kanniyakumari,Kanniyakumari Response Zone,T+36h,36,845157,819188,1150045,1057107,7667,6776,36272,32886
ASM000468,EVT004,Kanniyakumari,Kanniyakumari Response Zone,T+36h,36,1077157,957320,1734681,1497006,7444,7293,125360,109016
ASM000469,EVT004,Kanniyakumari,Kanniyakumari Response Zone,T+36h,36,763824,907895,1066249,1244865,8214,10282,70901,79467
ASM000470,EVT004,Kanniyakumari,Kanniyakumari Response Zone,T+36h,36,786684,870637,1403617,1318100,5934,6316,74771,64985
ASM000471,EVT004,Kanniyakumari,Kanniyakumari Response Zone,T+48h,48,984432,1076117,1305638,1515237,8057,8934,94851,106072
ASM000472,EVT004,Kanniyakumari,Kanniyakumari Response Zone,T+48h,48,687399,1012281,2057997,1886727,6958,11379,218850,186731
ASM000473,EVT004,Kanniyakumari,Kanniyakumari Response Zone,T+48h,48,759021,909924,1499575,1539975,16727,21007,58900,58661
ASM000474,EVT004,Kanniyakumari,Kanniyakumari Response Zone,T+48h,48,1367397,1172641,1627050,1555337,33891,29102,100180,102617
ASM000475,EVT004,Kanniyakumari,Kanniyakumari Response Zone,T+48h,48,1516528,1251648,1346607,1511703,41933,33015,105440,114533
ASM000476,EVT004,Kanniyakumari,Kanniyakumari Response Zone,T+72h,72,802076,890673,1432524,1299023,14838,15906,64983,58527
ASM000477,EVT004,Kanniyakumari,Kanniyakumari Response Zone,T+72h,72,1069997,1021989,2338660,1771220,26721,23420,145285,126345
ASM000478,EVT004,Kanniyakumari,Kanniyakumari Response Zone,T+72h,72,908420,893768,1005797,1187553,15935,13939,75918,88669
ASM000479,EVT004,Kanniyakumari,Kanniyakumari Response Zone,T+72h,72,1615308,1259805,1237027,1283846,17625,14373,87632,90690
ASM000480,EVT004,Kanniyakumari,Kanniyakumari Response Zone,T+72h,72,1220185,1042860,1555368,1510667,28412,22520,119333,117707
ASM000481,EVT004,Thoothukudi,Thoothukudi Response Zone,T+0h,0,580454,612274,1011248,852590,2786,3203,55291,48705
ASM000482,EVT004,Thoothukudi,Thoothukudi Response Zone,T+0h,0,496770,582091,694678,820585,5288,6620,17998,20007
ASM000483,EVT004,Thoothukudi,Thoothukudi Response Zone,T+0h,0,402968,504016,386946,795591,3029,4693,23680,38600
ASM000484,EVT004,Thoothukudi,Thoothukudi Response Zone,T+0h,0,609420,612978,1110242,853230,2976,3049,49903,45469
ASM000485,EVT004,Thoothukudi,Thoothukudi Response Zone,T+0h,0,458020,514455,895453,809075,4890,6386,47035,42383
ASM000486,EVT004,Thoothukudi,Thoothukudi Response Zone,T+3h,3,402866,501585,462592,731550,2320,3303,12822,18703
ASM000487,EVT004,Thoothukudi,Thoothukudi Response Zone,T+3h,3,487400,555374,625830,778038,4214,4939,15781,18234
ASM000488,EVT004,Thoothukudi,Thoothukudi Response Zone,T+3h,3,410394,499071,1050468,857977,2103,2948,44749,35835
ASM000489,EVT004,Thoothukudi,Thoothukudi Response Zone,T+3h,3,693249,603090,997525,809597,5834,4034,53457,42759
ASM000490,EVT004,Thoothukudi,Thoothukudi Response Zone,T+3h,3,650820,592987,962501,817943,8345,7001,46799,39642
ASM000491,EVT004,Thoothukudi,Thoothukudi Response Zone,T+6h,6,745366,757938,987509,968918,7904,8512,84380,86772
ASM000492,EVT004,Thoothukudi,Thoothukudi Response Zone,T+6h,6,873776,769673,919574,834540,13413,9117,38816,37982
ASM000493,EVT004,Thoothukudi,Thoothukudi Response Zone,T+6h,6,692742,712090,924698,889390,9446,9378,52959,51662
ASM000494,EVT004,Thoothukudi,Thoothukudi Response Zone,T+6h,6,593455,693871,1365339,1064566,3797,5350,109120,89251
ASM000495,EVT004,Thoothukudi,Thoothukudi Response Zone,T+6h,6,876517,771129,692234,830960,7414,5606,19992,22550
ASM000496,EVT004,Thoothukudi,Thoothukudi Response Zone,T+12h,12,821613,782850,825461,886221,10555,9064,53054,57405
ASM000497,EVT004,Thoothukudi,Thoothukudi Response Zone,T+12h,12,631443,756731,1379757,1261730,6711,8672,120042,103275
ASM000498,EVT004,Thoothukudi,Thoothukudi Response Zone,T+12h,12,681802,741861,906983,866891,7798,8519,39756,41110
ASM000499,EVT004,Thoothukudi,Thoothukudi Response Zone,T+12h,12,676259,791929,1490571,1195603,9032,11303,56260,47380
ASM000500,EVT004,Thoothukudi,Thoothukudi Response Zone,T+12h,12,596915,810679,893901,1094017,6684,9673,43737,55648
ASM000501,EVT004,Thoothukudi,Thoothukudi Response Zone,T+24h,24,1042789,911246,1315201,1352526,10055,8785,99908,100676
ASM000502,EVT004,Thoothukudi,Thoothukudi Response Zone,T+24h,24,1410811,1069362,1172605,1443557,30055,23089,90434,106176
ASM000503,EVT004,Thoothukudi,Thoothukudi Response Zone,T+24h,24,666571,800178,1254266,1301008,7559,10455,40743,39858
ASM000504,EVT004,Thoothukudi,Thoothukudi Response Zone,T+24h,24,1106039,1020913,995256,1324914,16350,15506,53258,63201
ASM000505,EVT004,Thoothukudi,Thoothukudi Response Zone,T+24h,24,847217,952230,1278027,1453027,12648,14150,124071,128847
ASM000506,EVT004,Thoothukudi,Thoothukudi Response Zone,T+36h,36,977985,1079696,1086501,1453140,7608,9273,72007,82480
ASM000507,EVT004,Thoothukudi,Thoothukudi Response Zone,T+36h,36,916803,1047095,1794273,1591042,6975,8387,90461,79007
ASM000508,EVT004,Thoothukudi,Thoothukudi Response Zone,T+36h,36,730664,849158,1477595,1342168,3765,4893,56317,54991
ASM000509,EVT004,Thoothukudi,Thoothukudi Response Zone,T+36h,36,891644,903992,851695,1220673,7440,7010,55226,75141
ASM000510,EVT004,Thoothukudi,Thoothukudi Response Zone,T+36h,36,754204,867050,1895060,1421816,9382,10655,118938,96842
ASM000511,EVT004,Thoothukudi,Thoothukudi Response Zone,T+48h,48,1087133,1075772,2761124,2086962,22916,21119,163617,136585
ASM000512,EVT004,Thoothukudi,Thoothukudi Response Zone,T+48h,48,1002556,1041045,1460560,1471165,26265,25202,74371,66897
ASM000513,EVT004,Thoothukudi,Thoothukudi Response Zone,T+48h,48,1035274,1117382,1376421,1512862,8836,9876,95695,99883
ASM000514,EVT004,Thoothukudi,Thoothukudi Response Zone,T+48h,48,911489,1037499,3280315,2447285,17865,21266,306941,244375
ASM000515,EVT004,Thoothukudi,Thoothukudi Response Zone,T+48h,48,976476,1091426,1099548,1342147,16361,18852,54045,59599
ASM000516,EVT004,Thoothukudi,Thoothukudi Response Zone,T+72h,72,1189518,1073309,1542301,1575461,19401,14997,103692,100880
ASM000517,EVT004,Thoothukudi,Thoothukudi Response Zone,T+72h,72,1192812,1077171,1662543,1612439,24239,21563,131181,132921
ASM000518,EVT004,Thoothukudi,Thoothukudi Response Zone,T+72h,72,852288,1049313,2154336,1699344,18580,22795,157060,133079
ASM000519,EVT004,Thoothukudi,Thoothukudi Response Zone,T+72h,72,1050358,1055610,1660826,1535472,14002,14280,102167,97825
ASM000520,EVT004,Thoothukudi,Thoothukudi Response Zone,T+72h,72,1260138,1141177,1360133,1473974,33706,28825,55687,60669
ASM000521,EVT004,Tirunelveli,Tirunelveli Response Zone,T+0h,0,497924,665282,765114,844208,2020,3327,39706,48208
ASM000522,EVT004,Tirunelveli,Tirunelveli Response Zone,T+0h,0,739969,671459,852844,871193,8448,7931,51907,56054
ASM000523,EVT004,Tirunelveli,Tirunelveli Response Zone,T+0h,0,598357,664281,729984,854930,2942,3718,34058,39903
ASM000524,EVT004,Tirunelveli,Tirunelveli Response Zone,T+0h,0,732742,677114,940190,863295,8515,7560,64646,61590
ASM000525,EVT004,Tirunelveli,Tirunelveli Response Zone,T+0h,0,606358,666458,836637,883634,4667,5602,40453,44620
ASM000526,EVT004,Tirunelveli,Tirunelveli Response Zone,T+3h,3,454665,617402,618115,839109,2981,4519,24649,36388
ASM000527,EVT004,Tirunelveli,Tirunelveli Response Zone,T+3h,3,480233,645028,1266054,891635,3058,4755,64156,50375
ASM000528,EVT004,Tirunelveli,Tirunelveli Response Zone,T+3h,3,673474,671035,813151,848428,3331,3696,36732,41305
ASM000529,EVT004,Tirunelveli,Tirunelveli Response Zone,T+3h,3,713069,677848,706699,880983,4067,4534,47768,61935
ASM000530,EVT004,Tirunelveli,Tirunelveli Response Zone,T+3h,3,566359,680766,890360,868033,4323,5449,49171,51499
ASM000531,EVT004,Tirunelveli,Tirunelveli Response Zone,T+6h,6,861417,785529,1031344,1022779,8687,7290,59754,56420
ASM000532,EVT004,Tirunelveli,Tirunelveli Response Zone,T+6h,6,514895,662983,657976,844749,5307,8688,45844,63225
ASM000533,EVT004,Tirunelveli,Tirunelveli Response Zone,T+6h,6,638676,657614,990808,864437,7518,7959,62849,59670
ASM000534,EVT004,Tirunelveli,Tirunelveli Response Zone,T+6h,6,518398,663040,712927,853666,4190,5952,45920,57638
ASM000535,EVT004,Tirunelveli,Tirunelveli Response Zone,T+6h,6,690947,792413,1655889,1303654,7824,9391,112349,86232
ASM000536,EVT004,Tirunelveli,Tirunelveli Response Zone,T+12h,12,811321,863164,1264663,1219601,12347,11845,101691,89187
ASM000537,EVT004,Tirunelveli,Tirunelveli Response Zone,T+12h,12,706190,837581,1060116,1204018,8521,9965,73127,80687
ASM000538,EVT004,Tirunelveli,Tirunelveli Response Zone,T+12h,12,832513,959363,1070413,1246775,9328,10264,100397,114987
ASM000539,EVT004,Tirunelveli,Tirunelveli Response Zone,T+12h,12,961002,843869,1025098,1151153,15124,10740,50020,46755
ASM000540,EVT004,Tirunelveli,Tirunelveli Response Zone,T+12h,12,841384,986359,1552529,1461074,4002,4863,148715,130894
ASM000541,EVT004,Tirunelveli,Tirunelveli Response Zone,T+24h,24,1260804,1080651,1610100,1556271,16779,14808,142324,145114
ASM000542,EVT004,Tirunelveli,Tirunelveli Response Zone,T+24h,24,753449,914833,1280731,1307028,10382,13817,68003,69578
ASM000543,EVT004,Tirunelveli,Tirunelveli Response Zone,T+24h,24,1057513,949111,1429457,1390131,15672,14918,105574,98447
ASM000544,EVT004,Tirunelveli,Tirunelveli Response Zone,T+24h,24,1158483,950898,1073628,1250076,23061,20322,31864,36102
ASM000545,EVT004,Tirunelveli,Tirunelveli Response Zone,T+24h,24,558133,815152,1240365,1281764,2320,3888,75498,79952
ASM000546,EVT004,Tirunelveli,Tirunelveli Response Zone,T+36h,36,1019029,1147088,1077862,1442748,8054,11137,103965,144138
ASM000547,EVT004,Tirunelveli,Tirunelveli Response Zone,T+36h,36,1167764,1064147,1999709,1716404,14517,11606,177926,158060
ASM000548,EVT004,Tirunelveli,Tirunelveli Response Zone,T+36h,36,1021551,1023201,1695586,1698773,17647,17686,152300,147607
ASM000549,EVT004,Tirunelveli,Tirunelveli Response Zone,T+36h,36,1297593,1175867,1487309,1883767,20988,17971,150816,174876
ASM000550,EVT004,Tirunelveli,Tirunelveli Response Zone,T+36h,36,950724,1033243,2537188,1826320,8527,10026,162912,128738
ASM000551,EVT004,Tirunelveli,Tirunelveli Response Zone,T+48h,48,1082925,1041024,1591441,1603752,15715,15277,79398,80384
ASM000552,EVT004,Tirunelveli,Tirunelveli Response Zone,T+48h,48,1093923,1119429,1258271,1521101,27179,27293,68973,83264
ASM000553,EVT004,Tirunelveli,Tirunelveli Response Zone,T+48h,48,1309579,1081100,1931285,1634957,18498,14496,139564,124990
ASM000554,EVT004,Tirunelveli,Tirunelveli Response Zone,T+48h,48,1151578,1091894,1768269,1637784,16555,15117,93513,87695
ASM000555,EVT004,Tirunelveli,Tirunelveli Response Zone,T+48h,48,1033281,974647,1549707,1456548,21066,21145,57591,56862
ASM000556,EVT004,Tirunelveli,Tirunelveli Response Zone,T+72h,72,1099676,1107073,1549546,1641076,26789,29050,128748,135282
ASM000557,EVT004,Tirunelveli,Tirunelveli Response Zone,T+72h,72,1083398,1224150,1951518,1906699,14007,15215,80612,67373
ASM000558,EVT004,Tirunelveli,Tirunelveli Response Zone,T+72h,72,1024838,1055545,1510723,1528429,10346,11103,73003,66178
ASM000559,EVT004,Tirunelveli,Tirunelveli Response Zone,T+72h,72,1210723,1122340,1842505,1701320,19608,18995,97092,92641
ASM000560,EVT004,Tirunelveli,Tirunelveli Response Zone,T+72h,72,958997,998260,959798,1456571,9456,10412,66846,93454
ASM000561,EVT005,Nagapattinam,Nagapattinam Response Zone,T+0h,0,335137,327230,376263,388886,1795,1663,9524,10789
ASM000562,EVT005,Nagapattinam,Nagapattinam Response Zone,T+0h,0,464235,384032,656414,496198,5453,4246,32220,25703
ASM000563,EVT005,Nagapattinam,Nagapattinam Response Zone,T+0h,0,388659,345145,351271,434665,5583,4486,11827,13361
ASM000564,EVT005,Nagapattinam,Nagapattinam Response Zone,T+0h,0,289035,291787,356336,390240,3833,4173,15835,17018
ASM000565,EVT005,Nagapattinam,Nagapattinam Response Zone,T+0h,0,378347,326075,369766,406822,4593,3968,18348,19488
ASM000566,EVT005,Nagapattinam,Nagapattinam Response Zone,T+3h,3,283612,289524,310163,375937,2176,2438,13238,16425
ASM000567,EVT005,Nagapattinam,Nagapattinam Response Zone,T+3h,3,212141,277110,245853,362286,2503,3933,8510,11913
ASM000568,EVT005,Nagapattinam,Nagapattinam Response Zone,T+3h,3,211364,234343,318579,337273,2256,3291,5665,5219
ASM000569,EVT005,Nagapattinam,Nagapattinam Response Zone,T+3h,3,199153,264000,382414,386793,862,1420,8231,8346
ASM000570,EVT005,Nagapattinam,Nagapattinam Response Zone,T+3h,3,296976,313240,451122,440943,4100,4391,26192,25391
ASM000571,EVT005,Nagapattinam,Nagapattinam Response Zone,T+6h,6,269832,262447,355412,389985,2113,2430,14042,15772
ASM000572,EVT005,Nagapattinam,Nagapattinam Response Zone,T+6h,6,413011,349226,401084,380654,3385,2613,12777,11794
ASM000573,EVT005,Nagapattinam,Nagapattinam Response Zone,T+6h,6,342148,345648,560390,469153,1740,1568,19962,16736
ASM000574,EVT005,Nagapattinam,Nagapattinam Response Zone,T+6h,6,240651,254301,335859,325419,1043,1262,14503,16252
ASM000575,EVT005,Nagapattinam,Nagapattinam Response Zone,T+6h,6,340166,334827,336148,376086,4564,3916,15583,17427
ASM000576,EVT005,Nagapattinam,Nagapattinam Response Zone,T+12h,12,182242,253132,358127,402534,2016,3498,19272,19685
ASM000577,EVT005,Nagapattinam,Nagapattinam Response Zone,T+12h,12,305140,280279,460148,416796,3285,3532,23419,19992
ASM000578,EVT005,Nagapattinam,Nagapattinam Response Zone,T+12h,12,385035,366627,617693,495925,5706,4632,15258,13970
ASM000579,EVT005,Nagapattinam,Nagapattinam Response Zone,T+12h,12,228418,268340,356069,385855,1317,1957,13950,15182
ASM000580,EVT005,Nagapattinam,Nagapattinam Response Zone,T+12h,12,364337,345218,382112,388393,2189,1881,8147,8562
ASM000581,EVT005,Nagapattinam,Nagapattinam Response Zone,T+24h,24,507990,523950,757888,676120,8480,7916,34655,33125
ASM000582,EVT005,Nagapattinam,Nagapattinam Response Zone,T+24h,24,357739,373643,446524,507811,2293,2417,22283,25204
ASM000583,EVT005,Nagapattinam,Nagapattinam Response Zone,T+24h,24,532071,515250,703435,642193,9263,8248,39545,41226
ASM000584,EVT005,Nagapattinam,Nagapattinam Response Zone,T+24h,24,698725,583962,447962,555145,13402,10671,15537,19294
ASM000585,EVT005,Nagapattinam,Nagapattinam Response Zone,T+24h,24,467191,471303,421713,561946,2799,2792,21555,29411
ASM000586,EVT005,Nagapattinam,Nagapattinam Response Zone,T+36h,36,439264,402753,681697,618595,6404,5988,26788,24834
ASM000587,EVT005,Nagapattinam,Nagapattinam Response Zone,T+36h,36,398901,411175,582795,589122,4785,5187,31702,31951
ASM000588,EVT005,Nagapattinam,Nagapattinam Response Zone,T+36h,36,301500,303026,541539,552801,2050,2416,13201,12741
ASM000589,EVT005,Nagapattinam,Nagapattinam Response Zone,T+36h,36,475895,421973,574169,594467,5744,4697,12971,14635
ASM000590,EVT005,Nagapattinam,Nagapattinam Response Zone,T+36h,36,342463,386472,460569,550772,4821,6027,15838,17638
ASM000591,EVT005,Nagapattinam,Nagapattinam Response Zone,T+48h,48,481825,471839,680416,617622,8383,7754,32652,31397
ASM000592,EVT005,Nagapattinam,Nagapattinam Response Zone,T+48h,48,383398,400189,465219,555087,6399,7060,24160,29719
ASM000593,EVT005,Nagapattinam,Nagapattinam Response Zone,T+48h,48,441487,420878,832613,670384,10530,10100,35929,30007
ASM000594,EVT005,Nagapattinam,Nagapattinam Response Zone,T+48h,48,444370,418837,433831,569570,11029,10919,26256,34877
ASM000595,EVT005,Nagapattinam,Nagapattinam Response Zone,T+48h,48,551790,487573,625976,601153,15277,12513,27463,28169
ASM000596,EVT005,Nagapattinam,Nagapattinam Response Zone,T+72h,72,336848,361090,424725,545260,3050,3761,21302,23744
ASM000597,EVT005,Nagapattinam,Nagapattinam Response Zone,T+72h,72,417054,440334,753786,623056,4579,4857,47746,40586
ASM000598,EVT005,Nagapattinam,Nagapattinam Response Zone,T+72h,72,362088,428516,573734,629805,4817,5877,23583,24186
ASM000599,EVT005,Nagapattinam,Nagapattinam Response Zone,T+72h,72,450263,478868,654174,658886,7500,7842,46216,49795
ASM000600,EVT005,Nagapattinam,Nagapattinam Response Zone,T+72h,72,474676,455690,788369,661785,12748,11415,38850,35590
ASM000601,EVT005,Thiruvarur,Thiruvarur Response Zone,T+0h,0,244400,219350,289373,270741,2487,2592,6161,6531
ASM000602,EVT005,Thiruvarur,Thiruvarur Response Zone,T+0h,0,200672,243066,368132,332065,1177,1509,8002,8194
ASM000603,EVT005,Thiruvarur,Thiruvarur Response Zone,T+0h,0,265648,248637,240190,252869,1846,1567,8267,9285
ASM000604,EVT005,Thiruvarur,Thiruvarur Response Zone,T+0h,0,301991,266195,221167,253686,3734,3056,9190,11284
ASM000605,EVT005,Thiruvarur,Thiruvarur Response Zone,T+0h,0,205498,195669,259585,258124,1506,1391,4998,4804
ASM000606,EVT005,Thiruvarur,Thiruvarur Response Zone,T+3h,3,492066,403475,423955,450847,7439,5113,20271,20443
ASM000607,EVT005,Thiruvarur,Thiruvarur Response Zone,T+3h,3,288845,345733,529382,455804,3300,4226,19801,20054
ASM000608,EVT005,Thiruvarur,Thiruvarur Response Zone,T+3h,3,267017,309884,456942,444434,1293,1846,24591,24097
ASM000609,EVT005,Thiruvarur,Thiruvarur Response Zone,T+3h,3,253267,323980,526372,502439,1973,3309,31011,27935
ASM000610,EVT005,Thiruvarur,Thiruvarur Response Zone,T+3h,3,431566,360506,284499,385664,3256,2788,13857,17458
ASM000611,EVT005,Thiruvarur,Thiruvarur Response Zone,T+6h,6,327828,316225,610735,459743,3143,3030,13052,10963
ASM000612,EVT005,Thiruvarur,Thiruvarur Response Zone,T+6h,6,278662,296049,349579,368622,1935,2052,7320,7939
ASM000613,EVT005,Thiruvarur,Thiruvarur Response Zone,T+6h,6,306605,316812,448912,411370,4369,4267,13664,12733
ASM000614,EVT005,Thiruvarur,Thiruvarur Response Zone,T+6h,6,234713,269131,324645,375664,972,1302,13171,14860
ASM000615,EVT005,Thiruvarur,Thiruvarur Response Zone,T+6h,6,458428,385248,410953,383452,5007,3806,14600,14518
ASM000616,EVT005,Thiruvarur,Thiruvarur Response Zone,T+12h,12,389735,392181,367874,470756,4156,4326,22366,27410
ASM000617,EVT005,Thiruvarur,Thiruvarur Response Zone,T+12h,12,384845,388028,553139,501720,3634,3936,21183,20332
ASM000618,EVT005,Thiruvarur,Thiruvarur Response Zone,T+12h,12,408553,383634,454373,461372,2695,2602,26633,27389
ASM000619,EVT005,Thiruvarur,Thiruvarur Response Zone,T+12h,12,337666,315915,411046,416297,4681,4248,16367,16661
ASM000620,EVT005,Thiruvarur,Thiruvarur Response Zone,T+12h,12,394838,392300,607437,517331,4516,4548,34391,31097
ASM000621,EVT005,Thiruvarur,Thiruvarur Response Zone,T+24h,24,413702,455567,515908,592668,7298,9090,29210,36533
ASM000622,EVT005,Thiruvarur,Thiruvarur Response Zone,T+24h,24,523118,518332,583088,597262,7455,6934,28388,32580
ASM000623,EVT005,Thiruvarur,Thiruvarur Response Zone,T+24h,24,758016,667241,854059,877406,17468,13446,43636,44113
ASM000624,EVT005,Thiruvarur,Thiruvarur Response Zone,T+24h,24,677172,609658,1280653,1028620,8299,7064,63513,55365
ASM000625,EVT005,Thiruvarur,Thiruvarur Response Zone,T+24h,24,620197,548200,636349,572777,7595,6329,32987,31216
ASM000626,EVT005,Thiruvarur,Thiruvarur Response Zone,T+36h,36,470899,488481,899318,800372,8784,10663,61928,54476
ASM000627,EVT005,Thiruvarur,Thiruvarur Response Zone,T+36h,36,435787,480191,748677,854122,7875,10242,42294,46045
ASM000628,EVT005,Thiruvarur,Thiruvarur Response Zone,T+36h,36,512938,535351,1229320,1031570,5680,6251,74545,61540
ASM000629,EVT005,Thiruvarur,Thiruvarur Response Zone,T+36h,36,526509,535134,508010,685172,9866,10629,39345,53223
ASM000630,EVT005,Thiruvarur,Thiruvarur Response Zone,T+36h,36,661029,596523,764275,828918,7688,6931,27564,27458
ASM000631,EVT005,Thiruvarur,Thiruvarur Response Zone,T+48h,48,333366,453803,471451,535965,4860,6510,29834,40225
ASM000632,EVT005,Thiruvarur,Thiruvarur Response Zone,T+48h,48,630114,580868,352057,494907,13460,10865,13316,19458
ASM000633,EVT005,Thiruvarur,Thiruvarur Response Zone,T+48h,48,494237,511792,763762,802993,8371,8442,22351,22091
ASM000634,EVT005,Thiruvarur,Thiruvarur Response Zone,T+48h,48,445069,483222,699064,744384,5434,5883,27822,26054
ASM000635,EVT005,Thiruvarur,Thiruvarur Response Zone,T+48h,48,391952,464002,647996,646658,7543,9496,28687,28564
ASM000636,EVT005,Thiruvarur,Thiruvarur Response Zone,T+72h,72,299010,354254,602708,604953,5057,6458,20708,21505
ASM000637,EVT005,Thiruvarur,Thiruvarur Response Zone,T+72h,72,457419,410103,1183658,854592,5270,4750,34003,25272
ASM000638,EVT005,Thiruvarur,Thiruvarur Response Zone,T+72h,72,421848,413441,578433,595175,4913,4991,24145,26303
ASM000639,EVT005,Thiruvarur,Thiruvarur Response Zone,T+72h,72,275011,297029,580501,550269,4448,5996,18054,18068
ASM000640,EVT005,Thiruvarur,Thiruvarur Response Zone,T+72h,72,303504,346163,496308,546927,4792,6161,26848,29175
ASM000641,EVT005,Thanjavur,Thanjavur Response Zone,T+0h,0,391399,420715,611682,567678,1548,1705,22643,20533
ASM000642,EVT005,Thanjavur,Thanjavur Response Zone,T+0h,0,592051,522974,563188,610051,3079,2521,22654,23864
ASM000643,EVT005,Thanjavur,Thanjavur Response Zone,T+0h,0,399497,421904,544468,588993,2185,2272,21115,23684
ASM000644,EVT005,Thanjavur,Thanjavur Response Zone,T+0h,0,326951,428923,959940,717845,1512,2348,37592,29299
ASM000645,EVT005,Thanjavur,Thanjavur Response Zone,T+0h,0,326293,348413,648435,513702,2986,3162,21781,19865
ASM000646,EVT005,Thanjavur,Thanjavur Response Zone,T+3h,3,428307,431854,650713,633906,2875,3445,31034,30817
ASM000647,EVT005,Thanjavur,Thanjavur Response Zone,T+3h,3,301625,461901,400016,688503,1661,3426,18998,31255
ASM000648,EVT005,Thanjavur,Thanjavur Response Zone,T+3h,3,431836,437079,573308,606738,3950,4062,26897,28324
ASM000649,EVT005,Thanjavur,Thanjavur Response Zone,T+3h,3,521392,545499,1374371,981593,3297,4011,34468,24974
ASM000650,EVT005,Thanjavur,Thanjavur Response Zone,T+3h,3,520583,460691,581013,611746,7598,6771,20411,21703
ASM000651,EVT005,Thanjavur,Thanjavur Response Zone,T+6h,6,887282,734488,1081878,867433,6592,4883,58842,49833
ASM000652,EVT005,Thanjavur,Thanjavur Response Zone,T+6h,6,660658,580682,1016966,786845,6828,5533,41424,33184
ASM000653,EVT005,Thanjavur,Thanjavur Response Zone,T+6h,6,431386,451804,645900,610505,3661,4267,17441,16988
ASM000654,EVT005,Thanjavur,Thanjavur Response Zone,T+6h,6,492117,617568,665724,853598,5300,6867,37036,44977
ASM000655,EVT005,Thanjavur,Thanjavur Response Zone,T+6h,6,908384,708153,394153,658299,16052,11796,13672,21485
ASM000656,EVT005,Thanjavur,Thanjavur Response Zone,T+12h,12,573880,594256,899474,814005,4605,4511,40827,37275
ASM000657,EVT005,Thanjavur,Thanjavur Response Zone,T+12h,12,710157,731054,770096,965164,11102,11267,50387,59967
ASM000658,EVT005,Thanjavur,Thanjavur Response Zone,T+12h,12,572731,626314,817323,813805,7617,7828,46876,47492
ASM000659,EVT005,Thanjavur,Thanjavur Response Zone,T+12h,12,605671,618419,546638,800953,4344,4517,13596,17600
ASM000660,EVT005,Thanjavur,Thanjavur Response Zone,T+12h,12,556879,626123,762718,797460,7387,7426,46633,50421
ASM000661,EVT005,Thanjavur,Thanjavur Response Zone,T+24h,24,719048,762403,1230726,1161303,10849,11226,80228,84477
ASM000662,EVT005,Thanjavur,Thanjavur Response Zone,T+24h,24,687176,727599,1207415,1183216,6966,7738,68560,66166
ASM000663,EVT005,Thanjavur,Thanjavur Response Zone,T+24h,24,696940,700924,809374,1060789,9326,10442,48356,56771
ASM000664,EVT005,Thanjavur,Thanjavur Response Zone,T+24h,24,681923,709240,1511784,1165982,3929,4908,87495,70534
ASM000665,EVT005,Thanjavur,Thanjavur Response Zone,T+24h,24,741377,836256,1084429,1194657,8869,11095,63596,69558
ASM000666,EVT005,Thanjavur,Thanjavur Response Zone,T+36h,36,745868,744357,695927,1055098,12615,11159,43225,59549
ASM000667,EVT005,Thanjavur,Thanjavur Response Zone,T+36h,36,690895,681697,1055939,1157379,5388,5845,59560,59391
ASM000668,EVT005,Thanjavur,Thanjavur Response Zone,T+36h,36,898752,745891,1007669,1020555,7497,6584,58920,59492
ASM000669,EVT005,Thanjavur,Thanjavur Response Zone,T+36h,36,401619,613680,999381,974129,3030,5681,32173,33876
ASM000670,EVT005,Thanjavur,Thanjavur Response Zone,T+36h,36,843793,746247,1418075,1138156,8103,6985,65193,54002
ASM000671,EVT005,Thanjavur,Thanjavur Response Zone,T+48h,48,1111634,910212,1227394,1237032,12096,9973,78191,82994
ASM000672,EVT005,Thanjavur,Thanjavur Response Zone,T+48h,48,582410,736945,1301764,1313654,11880,18652,99485,97455
ASM000673,EVT005,Thanjavur,Thanjavur Response Zone,T+48h,48,810991,843050,992398,1247604,16975,17271,75478,84387
ASM000674,EVT005,Thanjavur,Thanjavur Response Zone,T+48h,48,810855,849234,1613802,1474907,11441,11907,115651,101157
ASM000675,EVT005,Thanjavur,Thanjavur Response Zone,T+48h,48,656541,809245,1320887,1242084,10858,14460,79610,76232
ASM000676,EVT005,Thanjavur,Thanjavur Response Zone,T+72h,72,563040,615312,908711,987157,9491,11172,51382,55558
ASM000677,EVT005,Thanjavur,Thanjavur Response Zone,T+72h,72,498131,593864,541596,844317,9058,11060,11416,17886
ASM000678,EVT005,Thanjavur,Thanjavur Response Zone,T+72h,72,872757,710329,1330015,1010048,17198,13683,56574,44962
ASM000679,EVT005,Thanjavur,Thanjavur Response Zone,T+72h,72,904344,848763,775857,1001882,16835,13491,32870,37961
ASM000680,EVT005,Thanjavur,Thanjavur Response Zone,T+72h,72,772425,670153,763575,890989,20356,15251,40322,48052
ASM000681,EVT005,Pudukkottai,Pudukkottai Response Zone,T+0h,0,388805,347337,511938,453104,2752,2366,21909,19180
ASM000682,EVT005,Pudukkottai,Pudukkottai Response Zone,T+0h,0,206876,238730,269885,356330,1397,2155,7161,8103
ASM000683,EVT005,Pudukkottai,Pudukkottai Response Zone,T+0h,0,275981,292598,285864,374328,1686,2221,10941,14391
ASM000684,EVT005,Pudukkottai,Pudukkottai Response Zone,T+0h,0,272222,256035,198336,283404,3265,3048,6910,9236
ASM000685,EVT005,Pudukkottai,Pudukkottai Response Zone,T+0h,0,257521,331979,540004,461722,1155,1518,23623,20324
ASM000686,EVT005,Pudukkottai,Pudukkottai Response Zone,T+3h,3,322552,300431,325501,379823,1851,1557,8602,8589
ASM000687,EVT005,Pudukkottai,Pudukkottai Response Zone,T+3h,3,261949,281160,780241,535932,2089,2332,29330,20742
ASM000688,EVT005,Pudukkottai,Pudukkottai Response Zone,T+3h,3,313829,342840,367092,425504,1362,1496,16146,18210
ASM000689,EVT005,Pudukkottai,Pudukkottai Response Zone,T+3h,3,372520,344455,357223,431604,1903,1601,15827,18441
ASM000690,EVT005,Pudukkottai,Pudukkottai Response Zone,T+3h,3,367940,350114,403427,434466,3001,2792,21809,23027
ASM000691,EVT005,Pudukkottai,Pudukkottai Response Zone,T+6h,6,387877,422457,614899,546669,2651,3214,36004,35302
ASM000692,EVT005,Pudukkottai,Pudukkottai Response Zone,T+6h,6,444002,370891,408768,452318,5597,4390,8597,9182
ASM000693,EVT005,Pudukkottai,Pudukkottai Response Zone,T+6h,6,311971,382556,614570,531955,3099,4143,26636,22627
ASM000694,EVT005,Pudukkottai,Pudukkottai Response Zone,T+6h,6,464313,416446,430042,532843,6051,5131,17429,21914
ASM000695,EVT005,Pudukkottai,Pudukkottai Response Zone,T+6h,6,398630,363125,324979,436291,4949,4439,6967,8884
ASM000696,EVT005,Pudukkottai,Pudukkottai Response Zone,T+12h,12,368003,400687,348616,457699,4608,4790,16923,22852
ASM000697,EVT005,Pudukkottai,Pudukkottai Response Zone,T+12h,12,465801,485319,328027,501238,5749,5768,13472,18325
ASM000698,EVT005,Pudukkottai,Pudukkottai Response Zone,T+12h,12,294238,347465,437638,499589,3482,5228,12504,13587
ASM000699,EVT005,Pudukkottai,Pudukkottai Response Zone,T+12h,12,473892,423518,502869,537551,7154,5832,25944,25913
ASM000700,EVT005,Pudukkottai,Pudukkottai Response Zone,T+12h,12,390944,428295,468170,498418,3202,3496,23758,25214
ASM000701,EVT005,Pudukkottai,Pudukkottai Response Zone,T+24h,24,557794,607641,1170622,1054236,10218,11185,38927,34709
ASM000702,EVT005,Pudukkottai,Pudukkottai Response Zone,T+24h,24,733550,640735,1150149,1032744,12470,10597,58011,50099
ASM000703,EVT005,Pudukkottai,Pudukkottai Response Zone,T+24h,24,471001,496514,723974,786761,3553,4288,32258,33145
ASM000704,EVT005,Pudukkottai,Pudukkottai Response Zone,T+24h,24,462190,551754,563165,834326,8262,10549,34096,47431
ASM000705,EVT005,Pudukkottai,Pudukkottai Response Zone,T+24h,24,445967,539576,763395,860383,4589,6800,39055,46115
ASM000706,EVT005,Pudukkottai,Pudukkottai Response Zone,T+36h,36,621242,579727,708647,791181,6053,5842,47813,53626
ASM000707,EVT005,Pudukkottai,Pudukkottai Response Zone,T+36h,36,468632,556196,708927,876273,4890,6558,21648,23690
ASM000708,EVT005,Pudukkottai,Pudukkottai Response Zone,T+36h,36,829637,711894,695380,844659,12705,10809,24969,28374
ASM000709,EVT005,Pudukkottai,Pudukkottai Response Zone,T+36h,36,382554,502794,712103,867030,4602,7365,27515,29726
ASM000710,EVT005,Pudukkottai,Pudukkottai Response Zone,T+36h,36,785570,654112,718683,789908,15842,12080,26252,26878
ASM000711,EVT005,Pudukkottai,Pudukkottai Response Zone,T+48h,48,633609,603897,726937,876749,7930,7109,38838,45436
ASM000712,EVT005,Pudukkottai,Pudukkottai Response Zone,T+48h,48,596350,588217,885255,963085,8960,9163,42817,45495
ASM000713,EVT005,Pudukkottai,Pudukkottai Response Zone,T+48h,48,499335,543510,927732,865975,13029,13457,66747,61813
ASM000714,EVT005,Pudukkottai,Pudukkottai Response Zone,T+48h,48,646258,598772,711739,923426,10852,10861,57693,69148
ASM000715,EVT005,Pudukkottai,Pudukkottai Response Zone,T+48h,48,581332,585726,1198350,968316,15275,14255,65586,54109
ASM000716,EVT005,Pudukkottai,Pudukkottai Response Zone,T+72h,72,531030,465280,508231,552942,11224,9046,24294,29467
ASM000717,EVT005,Pudukkottai,Pudukkottai Response Zone,T+72h,72,465790,479286,431390,550678,4389,4794,13144,16250
ASM000718,EVT005,Pudukkottai,Pudukkottai Response Zone,T+72h,72,444259,439112,717309,612608,8809,8419,37847,33754
ASM000719,EVT005,Pudukkottai,Pudukkottai Response Zone,T+72h,72,436669,461418,568841,676341,7267,7950,24760,29809
ASM000720,EVT005,Pudukkottai,Pudukkottai Response Zone,T+72h,72,419080,419262,658701,588557,5373,5766,16989,15705
ASM000721,EVT005,Dindigul,Dindigul Response Zone,T+0h,0,403721,380030,294787,493848,2585,2391,13618,20180
ASM000722,EVT005,Dindigul,Dindigul Response Zone,T+0h,0,213945,265046,562203,420116,1311,2136,11553,9545
ASM000723,EVT005,Dindigul,Dindigul Response Zone,T+0h,0,286358,346384,609565,543422,2244,3184,21222,17921
ASM000724,EVT005,Dindigul,Dindigul Response Zone,T+0h,0,428003,389893,356643,448270,6053,5350,15699,19829
ASM000725,EVT005,Dindigul,Dindigul Response Zone,T+0h,0,346437,343097,313114,438346,3467,3296,11330,14891
ASM000726,EVT005,Dindigul,Dindigul Response Zone,T+3h,3,346264,349373,774688,536169,4491,4958,35560,27834
ASM000727,EVT005,Dindigul,Dindigul Response Zone,T+3h,3,361322,358653,408870,472514,2002,2237,14593,16587
ASM000728,EVT005,Dindigul,Dindigul Response Zone,T+3h,3,427399,418720,441218,481062,3994,3878,15085,17136
ASM000729,EVT005,Dindigul,Dindigul Response Zone,T+3h,3,344052,377720,299186,455808,3133,3371,12874,19290
ASM000730,EVT005,Dindigul,Dindigul Response Zone,T+3h,3,284430,336017,424601,439039,2333,3134,15556,16277
ASM000731,EVT005,Dindigul,Dindigul Response Zone,T+6h,6,393478,383598,457047,506976,2973,3116,9083,9557
ASM000732,EVT005,Dindigul,Dindigul Response Zone,T+6h,6,299784,334146,573658,497813,3458,4360,12220,11550
ASM000733,EVT005,Dindigul,Dindigul Response Zone,T+6h,6,419242,404226,384284,487703,4288,4184,17320,22079
ASM000734,EVT005,Dindigul,Dindigul Response Zone,T+6h,6,306916,407054,396134,536201,3696,5821,14161,18815
ASM000735,EVT005,Dindigul,Dindigul Response Zone,T+6h,6,549093,485321,680220,623191,5463,4650,38670,34173
ASM000736,EVT005,Dindigul,Dindigul Response Zone,T+12h,12,358418,341293,555948,457779,4526,4203,16512,15415
ASM000737,EVT005,Dindigul,Dindigul Response Zone,T+12h,12,331021,294464,285182,383344,3056,3087,9968,12408
ASM000738,EVT005,Dindigul,Dindigul Response Zone,T+12h,12,501711,446393,743308,550340,6250,4691,31263,26556
ASM000739,EVT005,Dindigul,Dindigul Response Zone,T+12h,12,557805,459406,530495,501096,6395,4602,12227,12242
ASM000740,EVT005,Dindigul,Dindigul Response Zone,T+12h,12,477944,425508,704138,577598,4772,4119,31095,25376
ASM000741,EVT005,Dindigul,Dindigul Response Zone,T+24h,24,443040,559454,939594,984591,5776,9486,54308,52764
ASM000742,EVT005,Dindigul,Dindigul Response Zone,T+24h,24,534520,642256,514254,859175,4404,5786,18505,30243
ASM000743,EVT005,Dindigul,Dindigul Response Zone,T+24h,24,625027,660277,974987,1019335,9167,10832,59358,59203
ASM000744,EVT005,Dindigul,Dindigul Response Zone,T+24h,24,683017,656981,1327691,1145074,9361,9708,96916,81640
ASM000745,EVT005,Dindigul,Dindigul Response Zone,T+24h,24,776613,694478,801616,951309,7703,6648,34157,41309
ASM000746,EVT005,Dindigul,Dindigul Response Zone,T+36h,36,528553,585429,832805,883224,4677,5647,49351,50215
ASM000747,EVT005,Dindigul,Dindigul Response Zone,T+36h,36,642932,599453,846203,882562,10308,11528,23766,25084
ASM000748,EVT005,Dindigul,Dindigul Response Zone,T+36h,36,455856,474758,375701,596734,5469,6352,23344,37387
ASM000749,EVT005,Dindigul,Dindigul Response Zone,T+36h,36,525066,550445,1280636,966464,3436,3977,41759,35579
ASM000750,EVT005,Dindigul,Dindigul Response Zone,T+36h,36,491880,609895,740442,863086,4897,6905,22276,24791
ASM000751,EVT005,Dindigul,Dindigul Response Zone,T+48h,48,550105,608486,1050677,1038048,8596,9472,31888,30047
ASM000752,EVT005,Dindigul,Dindigul Response Zone,T+48h,48,527814,605347,942174,1022075,12775,15968,28704,27803
ASM000753,EVT005,Dindigul,Dindigul Response Zone,T+48h,48,571220,641292,1349910,1213227,7677,8994,56416,51760
ASM000754,EVT005,Dindigul,Dindigul Response Zone,T+48h,48,862048,693433,1101968,1073686,20707,15791,55315,50872
ASM000755,EVT005,Dindigul,Dindigul Response Zone,T+48h,48,577294,640442,932260,998130,15105,16831,45825,48927
ASM000756,EVT005,Dindigul,Dindigul Response Zone,T+72h,72,804280,678177,576196,633660,12130,10090,27098,32372
ASM000757,EVT005,Dindigul,Dindigul Response Zone,T+72h,72,522824,502110,814360,766392,4196,4418,16170,15060
ASM000758,EVT005,Dindigul,Dindigul Response Zone,T+72h,72,578689,563437,501849,765295,10513,10682,15898,21882
ASM000759,EVT005,Dindigul,Dindigul Response Zone,T+72h,72,478857,557526,1015934,886244,6167,7467,62598,54860
ASM000760,EVT005,Dindigul,Dindigul Response Zone,T+72h,72,555354,510567,532597,689612,5600,5180,16845,18434
ASM000761,EVT006,Cuddalore,Cuddalore Response Zone,T+0h,0,319581,352755,674952,600918,1220,1506,13584,11702
ASM000762,EVT006,Cuddalore,Cuddalore Response Zone,T+0h,0,401257,409346,576019,545765,4301,4351,22218,21072
ASM000763,EVT006,Cuddalore,Cuddalore Response Zone,T+0h,0,565100,444094,542814,491941,5882,4017,14444,13729
ASM000764,EVT006,Cuddalore,Cuddalore Response Zone,T+0h,0,449526,454967,678058,701366,5148,5158,32037,33509
ASM000765,EVT006,Cuddalore,Cuddalore Response Zone,T+0h,0,458253,387142,325354,475608,3898,3410,12718,16959
ASM000766,EVT006,Cuddalore,Cuddalore Response Zone,T+3h,3,409735,438077,510737,636836,2216,2889,16874,18064
ASM000767,EVT006,Cuddalore,Cuddalore Response Zone,T+3h,3,361703,359472,591391,517046,4543,4517,23451,21108
ASM000768,EVT006,Cuddalore,Cuddalore Response Zone,T+3h,3,627847,476844,640449,598129,5234,3923,28851,29306
ASM000769,EVT006,Cuddalore,Cuddalore Response Zone,T+3h,3,394102,435959,806891,645590,3500,4143,25295,19571
ASM000770,EVT006,Cuddalore,Cuddalore Response Zone,T+3h,3,605056,472451,639552,569576,4831,3563,22566,20202
ASM000771,EVT006,Cuddalore,Cuddalore Response Zone,T+6h,6,537545,475712,487665,623972,4616,4469,18667,22603
ASM000772,EVT006,Cuddalore,Cuddalore Response Zone,T+6h,6,402815,422606,500266,572119,3316,4073,10771,11814
ASM000773,EVT006,Cuddalore,Cuddalore Response Zone,T+6h,6,630144,585473,750919,736141,3630,3659,31360,29552
ASM000774,EVT006,Cuddalore,Cuddalore Response Zone,T+6h,6,537671,472421,336415,550217,4548,4059,15241,23833
ASM000775,EVT006,Cuddalore,Cuddalore Response Zone,T+6h,6,598246,562667,1074871,833193,8485,7541,29751,23770
ASM000776,EVT006,Cuddalore,Cuddalore Response Zone,T+12h,12,292937,379790,598451,573325,3519,5083,17370,15590
ASM000777,EVT006,Cuddalore,Cuddalore Response Zone,T+12h,12,364723,411532,774333,670825,1837,2343,29470,23786
ASM000778,EVT006,Cuddalore,Cuddalore Response Zone,T+12h,12,420035,431918,393420,543653,3620,4009,10765,14134
ASM000779,EVT006,Cuddalore,Cuddalore Response Zone,T+12h,12,388388,396647,689779,571032,2493,2570,14132,12336
ASM000780,EVT006,Cuddalore,Cuddalore Response Zone,T+12h,12,531328,489683,1073750,835071,7351,6282,50180,38370
ASM000781,EVT006,Cuddalore,Cuddalore Response Zone,T+24h,24,795114,773065,836122,1061295,13635,12922,65772,81453
ASM000782,EVT006,Cuddalore,Cuddalore Response Zone,T+24h,24,594762,748623,1345660,1165865,5301,6995,94584,82499
ASM000783,EVT006,Cuddalore,Cuddalore Response Zone,T+24h,24,781749,725304,1090358,1101049,9291,8805,77496,76150
ASM000784,EVT006,Cuddalore,Cuddalore Response Zone,T+24h,24,698465,648310,631883,864596,8557,7075,34127,45867
ASM000785,EVT006,Cuddalore,Cuddalore Response Zone,T+24h,24,853199,754195,1245120,1191563,6310,6264,75063,67902
ASM000786,EVT006,Cuddalore,Cuddalore Response Zone,T+36h,36,837109,701441,1218766,1106586,13410,11480,69087,63017
ASM000787,EVT006,Cuddalore,Cuddalore Response Zone,T+36h,36,923043,795219,956838,1104746,9128,7137,64488,71246
ASM000788,EVT006,Cuddalore,Cuddalore Response Zone,T+36h,36,845609,766302,1559702,1240995,16857,16259,116535,97528
ASM000789,EVT006,Cuddalore,Cuddalore Response Zone,T+36h,36,764720,756989,760704,1074835,14828,14792,45620,66415
ASM000790,EVT006,Cuddalore,Cuddalore Response Zone,T+36h,36,554460,649873,768668,1057810,8106,11772,43548,55496
ASM000791,EVT006,Cuddalore,Cuddalore Response Zone,T+48h,48,859888,789266,1182694,1109888,20531,19292,48899,51288
ASM000792,EVT006,Cuddalore,Cuddalore Response Zone,T+48h,48,815901,780172,1146304,1125178,16118,13739,82908,86850
ASM000793,EVT006,Cuddalore,Cuddalore Response Zone,T+48h,48,816965,812366,895424,1064676,19188,17832,26819,30706
ASM000794,EVT006,Cuddalore,Cuddalore Response Zone,T+48h,48,583187,682173,1334496,1172880,8653,11235,72610,62385
ASM000795,EVT006,Cuddalore,Cuddalore Response Zone,T+48h,48,633061,745172,1361280,1199381,8071,9517,99029,91794
ASM000796,EVT006,Cuddalore,Cuddalore Response Zone,T+72h,72,952846,870404,1327330,1224856,28254,22590,47408,45029
ASM000797,EVT006,Cuddalore,Cuddalore Response Zone,T+72h,72,771558,796406,1105528,1123989,8514,8847,56659,56744
ASM000798,EVT006,Cuddalore,Cuddalore Response Zone,T+72h,72,844029,775672,1218850,1212817,11694,10637,54066,52087
ASM000799,EVT006,Cuddalore,Cuddalore Response Zone,T+72h,72,727574,720544,934972,1067413,14823,13845,48991,55678
ASM000800,EVT006,Cuddalore,Cuddalore Response Zone,T+72h,72,771451,780215,1911251,1571868,11285,10828,137338,112303
ASM000801,EVT006,Villupuram,Villupuram Response Zone,T+0h,0,613066,543476,573743,724524,6807,5245,31409,36861
ASM000802,EVT006,Villupuram,Villupuram Response Zone,T+0h,0,463857,512371,1142491,820327,3135,3691,29134,23183
ASM000803,EVT006,Villupuram,Villupuram Response Zone,T+0h,0,519592,503735,723577,779756,2625,2560,32790,34718
ASM000804,EVT006,Villupuram,Villupuram Response Zone,T+0h,0,345245,359669,363141,517491,2604,3134,6933,7730
ASM000805,EVT006,Villupuram,Villupuram Response Zone,T+0h,0,408889,422751,863475,697049,4113,4634,28135,23410
ASM000806,EVT006,Villupuram,Villupuram Response Zone,T+3h,3,543884,590339,795959,823663,5454,6244,33426,34521
ASM000807,EVT006,Villupuram,Villupuram Response Zone,T+3h,3,545309,532825,830352,742961,5133,4962,19414,18689
ASM000808,EVT006,Villupuram,Villupuram Response Zone,T+3h,3,476567,513401,1007454,807537,2035,2327,47265,38086
ASM000809,EVT006,Villupuram,Villupuram Response Zone,T+3h,3,708577,624403,819986,776766,8666,6853,39952,36377
ASM000810,EVT006,Villupuram,Villupuram Response Zone,T+3h,3,400106,451418,559329,687804,4536,5757,23429,26700
ASM000811,EVT006,Villupuram,Villupuram Response Zone,T+6h,6,618892,678102,1099623,891024,6589,6577,59955,53899
ASM000812,EVT006,Villupuram,Villupuram Response Zone,T+6h,6,578238,663192,815839,826408,5831,7082,27423,29028
ASM000813,EVT006,Villupuram,Villupuram Response Zone,T+6h,6,666407,543738,823997,761178,5858,4609,37779,33780
ASM000814,EVT006,Villupuram,Villupuram Response Zone,T+6h,6,655402,662282,518342,815269,5697,5730,37407,52958
ASM000815,EVT006,Villupuram,Villupuram Response Zone,T+6h,6,665945,602068,782713,752732,4918,4337,24493,20792
ASM000816,EVT006,Villupuram,Villupuram Response Zone,T+12h,12,406933,565568,606891,684069,3186,4976,17933,18963
ASM000817,EVT006,Villupuram,Villupuram Response Zone,T+12h,12,701278,691023,1350340,1017672,5678,5722,76933,61322
ASM000818,EVT006,Villupuram,Villupuram Response Zone,T+12h,12,594178,554875,757056,715801,7120,5995,17794,16219
ASM000819,EVT006,Villupuram,Villupuram Response Zone,T+12h,12,602617,613319,877252,849689,7124,7111,55621,56216
ASM000820,EVT006,Villupuram,Villupuram Response Zone,T+12h,12,731015,669458,935972,844540,12161,9940,49384,49402
ASM000821,EVT006,Villupuram,Villupuram Response Zone,T+24h,24,792995,819466,1023248,1251768,6932,7198,83851,98591
ASM000822,EVT006,Villupuram,Villupuram Response Zone,T+24h,24,1146538,971959,1983084,1704916,14834,12591,147456,119298
ASM000823,EVT006,Villupuram,Villupuram Response Zone,T+24h,24,1292378,1049388,1909680,1652792,19690,13291,75484,58838
ASM000824,EVT006,Villupuram,Villupuram Response Zone,T+24h,24,815947,822959,1467565,1396472,13999,15179,102512,101588
ASM000825,EVT006,Villupuram,Villupuram Response Zone,T+24h,24,715027,736188,1706811,1398943,8464,10857,89796,75914
ASM000826,EVT006,Villupuram,Villupuram Response Zone,T+36h,36,866197,717255,821737,924981,14083,12130,40454,46462
ASM000827,EVT006,Villupuram,Villupuram Response Zone,T+36h,36,910179,724777,788633,880030,17613,13273,20770,26951
ASM000828,EVT006,Villupuram,Villupuram Response Zone,T+36h,36,700650,718917,1116593,1243647,11778,14184,41792,46670
ASM000829,EVT006,Villupuram,Villupuram Response Zone,T+36h,36,651134,691876,1172518,1094923,10893,12252,70785,60978
ASM000830,EVT006,Villupuram,Villupuram Response Zone,T+36h,36,628889,644968,877967,913098,10570,11093,42507,44625
ASM000831,EVT006,Villupuram,Villupuram Response Zone,T+48h,48,659650,785465,1479448,1349852,13226,16550,114953,102533
ASM000832,EVT006,Villupuram,Villupuram Response Zone,T+48h,48,727835,776076,1408131,1319211,13666,16382,108237,99857
ASM000833,EVT006,Villupuram,Villupuram Response Zone,T+48h,48,707983,799191,1014764,1223449,17684,20168,80619,96046
ASM000834,EVT006,Villupuram,Villupuram Response Zone,T+48h,48,746841,831177,1365334,1272810,9154,9798,55460,52404
ASM000835,EVT006,Villupuram,Villupuram Response Zone,T+48h,48,853582,899819,1509489,1362775,20885,20978,56832,50947
ASM000836,EVT006,Villupuram,Villupuram Response Zone,T+72h,72,904247,883442,1335406,1342732,21695,20500,87040,86049
ASM000837,EVT006,Villupuram,Villupuram Response Zone,T+72h,72,1100454,1007596,1527397,1444540,27750,21589,73868,61609
ASM000838,EVT006,Villupuram,Villupuram Response Zone,T+72h,72,704236,792706,960412,1209915,9979,12256,67634,83506
ASM000839,EVT006,Villupuram,Villupuram Response Zone,T+72h,72,994742,983297,1283556,1468044,17468,13574,36572,35573
ASM000840,EVT006,Villupuram,Villupuram Response Zone,T+72h,72,827384,827702,942475,1142889,15523,15874,42601,54155
ASM000841,EVT006,Chengalpattu,Chengalpattu Response Zone,T+0h,0,618196,631084,648351,866531,6639,6146,25665,32147
ASM000842,EVT006,Chengalpattu,Chengalpattu Response Zone,T+0h,0,673635,605093,660507,833555,8348,7232,21721,24511
ASM000843,EVT006,Chengalpattu,Chengalpattu Response Zone,T+0h,0,480043,602074,646291,815772,4696,6385,23410,28971
ASM000844,EVT006,Chengalpattu,Chengalpattu Response Zone,T+0h,0,696243,710683,734235,832052,6288,6304,20009,22162
ASM000845,EVT006,Chengalpattu,Chengalpattu Response Zone,T+0h,0,604366,620419,792917,860137,7517,7637,34975,36649
ASM000846,EVT006,Chengalpattu,Chengalpattu Response Zone,T+3h,3,599165,582269,905625,800495,3529,3421,25438,22958
ASM000847,EVT006,Chengalpattu,Chengalpattu Response Zone,T+3h,3,624443,615216,754608,849826,4532,4532,29713,32436
ASM000848,EVT006,Chengalpattu,Chengalpattu Response Zone,T+3h,3,970774,871599,524923,822536,15771,12013,11083,15666
ASM000849,EVT006,Chengalpattu,Chengalpattu Response Zone,T+3h,3,538305,595826,1094246,847793,4036,4595,23617,20867
ASM000850,EVT006,Chengalpattu,Chengalpattu Response Zone,T+3h,3,531275,588960,670468,831850,5219,6336,26983,30512
ASM000851,EVT006,Chengalpattu,Chengalpattu Response Zone,T+6h,6,511969,574799,775783,829932,3004,3660,24375,25332
ASM000852,EVT006,Chengalpattu,Chengalpattu Response Zone,T+6h,6,564376,624792,951557,869680,2378,3020,35226,32269
ASM000853,EVT006,Chengalpattu,Chengalpattu Response Zone,T+6h,6,488174,554909,825001,810408,5728,6195,35512,34310
ASM000854,EVT006,Chengalpattu,Chengalpattu Response Zone,T+6h,6,732402,677040,1043563,900222,5789,4740,39373,37774
ASM000855,EVT006,Chengalpattu,Chengalpattu Response Zone,T+6h,6,660661,570568,786238,803925,5198,3792,26688,27684
ASM000856,EVT006,Chengalpattu,Chengalpattu Response Zone,T+12h,12,625924,738362,767053,866430,5876,6702,24915,30541
ASM000857,EVT006,Chengalpattu,Chengalpattu Response Zone,T+12h,12,655220,777420,1734996,1481474,5090,6660,49258,40129
ASM000858,EVT006,Chengalpattu,Chengalpattu Response Zone,T+12h,12,823261,786007,1038811,1000179,6429,5873,42080,43582
ASM000859,EVT006,Chengalpattu,Chengalpattu Response Zone,T+12h,12,550467,619412,828527,888387,4532,5170,36905,39449
ASM000860,EVT006,Chengalpattu,Chengalpattu Response Zone,T+12h,12,827735,767242,1210037,1071584,8434,7554,35293,30712
ASM000861,EVT006,Chengalpattu,Chengalpattu Response Zone,T+24h,24,1176071,1114078,1762395,1609448,12856,11354,113007,103710
ASM000862,EVT006,Chengalpattu,Chengalpattu Response Zone,T+24h,24,824644,1056956,1819186,1652250,8017,10939,121986,115965
ASM000863,EVT006,Chengalpattu,Chengalpattu Response Zone,T+24h,24,1349239,1132655,2698085,2088008,26767,22043,146661,126961
ASM000864,EVT006,Chengalpattu,Chengalpattu Response Zone,T+24h,24,1593181,1249831,1474099,1526004,23550,18901,72313,75201
ASM000865,EVT006,Chengalpattu,Chengalpattu Response Zone,T+24h,24,969692,1078192,1565545,1678035,12310,14808,119210,115392
ASM000866,EVT006,Chengalpattu,Chengalpattu Response Zone,T+36h,36,1051204,1120543,1660059,1606081,9776,10931,86099,84904
ASM000867,EVT006,Chengalpattu,Chengalpattu Response Zone,T+36h,36,1185478,1182121,2076661,1654591,12705,11660,79456,67238
ASM000868,EVT006,Chengalpattu,Chengalpattu Response Zone,T+36h,36,1211352,1131064,1094478,1435891,17660,15459,41776,53738
ASM000869,EVT006,Chengalpattu,Chengalpattu Response Zone,T+36h,36,1250832,1119956,956286,1415524,9377,7547,42363,61965
ASM000870,EVT006,Chengalpattu,Chengalpattu Response Zone,T+36h,36,1593480,1331635,1320713,1481683,15051,12321,49603,58400
ASM000871,EVT006,Chengalpattu,Chengalpattu Response Zone,T+48h,48,897207,927274,910468,1229069,18061,19825,51290,64685
ASM000872,EVT006,Chengalpattu,Chengalpattu Response Zone,T+48h,48,820047,953008,1245671,1427381,14159,17830,72051,74994
ASM000873,EVT006,Chengalpattu,Chengalpattu Response Zone,T+48h,48,714814,937879,1551134,1438805,14108,18668,71450,63431
ASM000874,EVT006,Chengalpattu,Chengalpattu Response Zone,T+48h,48,843435,921822,1086140,1422009,14881,16787,31403,37194
ASM000875,EVT006,Chengalpattu,Chengalpattu Response Zone,T+48h,48,1033232,1097177,1085345,1521388,19035,18490,72969,85892
ASM000876,EVT006,Chengalpattu,Chengalpattu Response Zone,T+72h,72,1173443,1012786,1210882,1326184,21884,17282,42020,41756
ASM000877,EVT006,Chengalpattu,Chengalpattu Response Zone,T+72h,72,779510,891369,1624436,1493710,15687,18187,85983,77969
ASM000878,EVT006,Chengalpattu,Chengalpattu Response Zone,T+72h,72,923213,907149,887105,1205427,11177,10097,51625,70808
ASM000879,EVT006,Chengalpattu,Chengalpattu Response Zone,T+72h,72,965717,964989,1698892,1519284,13484,13791,61692,59394
ASM000880,EVT006,Chengalpattu,Chengalpattu Response Zone,T+72h,72,1097621,969119,1569429,1421420,14610,12291,66126,58658
ASM000881,EVT006,Kancheepuram,Kancheepuram Response Zone,T+0h,0,905261,727358,977428,834292,12350,8313,44884,39114
ASM000882,EVT006,Kancheepuram,Kancheepuram Response Zone,T+0h,0,420358,426280,851052,716533,2332,2893,20541,17176
ASM000883,EVT006,Kancheepuram,Kancheepuram Response Zone,T+0h,0,468402,510323,1252133,905275,4153,4906,49215,40941
ASM000884,EVT006,Kancheepuram,Kancheepuram Response Zone,T+0h,0,605982,560441,583718,696237,7308,6687,11413,12725
ASM000885,EVT006,Kancheepuram,Kancheepuram Response Zone,T+0h,0,658642,616228,790714,827916,7199,6726,17769,17033
ASM000886,EVT006,Kancheepuram,Kancheepuram Response Zone,T+3h,3,820720,677510,695860,834456,9561,6839,28756,30612
ASM000887,EVT006,Kancheepuram,Kancheepuram Response Zone,T+3h,3,702491,665768,815752,874256,8429,7278,27794,29861
ASM000888,EVT006,Kancheepuram,Kancheepuram Response Zone,T+3h,3,608270,698919,1277120,898715,8446,9195,36257,29686
ASM000889,EVT006,Kancheepuram,Kancheepuram Response Zone,T+3h,3,805146,772991,675094,864898,11791,9450,22216,31502
ASM000890,EVT006,Kancheepuram,Kancheepuram Response Zone,T+3h,3,835564,765372,736958,926888,5418,4536,44340,52556
ASM000891,EVT006,Kancheepuram,Kancheepuram Response Zone,T+6h,6,754696,700055,1268477,1009630,5176,4631,75797,65335
ASM000892,EVT006,Kancheepuram,Kancheepuram Response Zone,T+6h,6,776217,775176,1269611,1061981,6625,6056,79108,71254
ASM000893,EVT006,Kancheepuram,Kancheepuram Response Zone,T+6h,6,824755,748141,844964,900305,8566,6934,45019,49425
ASM000894,EVT006,Kancheepuram,Kancheepuram Response Zone,T+6h,6,944173,832955,1248994,1124710,10415,8281,49828,43513
ASM000895,EVT006,Kancheepuram,Kancheepuram Response Zone,T+6h,6,911560,787654,1036138,978780,7353,5877,51864,49860
ASM000896,EVT006,Kancheepuram,Kancheepuram Response Zone,T+12h,12,674777,645737,1193836,936863,4972,4725,60248,52629
ASM000897,EVT006,Kancheepuram,Kancheepuram Response Zone,T+12h,12,576518,644013,845150,910126,2616,3008,41547,43431
ASM000898,EVT006,Kancheepuram,Kancheepuram Response Zone,T+12h,12,670623,677756,1161526,1047483,4120,4739,53083,49455
ASM000899,EVT006,Kancheepuram,Kancheepuram Response Zone,T+12h,12,803023,764791,1657207,1173198,11693,9629,74043,57461
ASM000900,EVT006,Kancheepuram,Kancheepuram Response Zone,T+12h,12,538861,636630,960923,898444,6543,8461,30399,30308
ASM000901,EVT006,Kancheepuram,Kancheepuram Response Zone,T+24h,24,921557,899096,1302888,1379912,7197,6899,58200,60020
ASM000902,EVT006,Kancheepuram,Kancheepuram Response Zone,T+24h,24,671866,684653,1243039,1134472,8768,10028,43698,41026
ASM000903,EVT006,Kancheepuram,Kancheepuram Response Zone,T+24h,24,957487,959368,1245381,1379562,14936,14095,54778,59483
ASM000904,EVT006,Kancheepuram,Kancheepuram Response Zone,T+24h,24,1041719,930599,2061755,1714842,10814,8700,66681,47589
ASM000905,EVT006,Kancheepuram,Kancheepuram Response Zone,T+24h,24,798169,774083,1176688,1118760,11119,10720,53481,57862
ASM000906,EVT006,Kancheepuram,Kancheepuram Response Zone,T+36h,36,770485,749321,1059424,1083627,10505,10945,42799,48207
ASM000907,EVT006,Kancheepuram,Kancheepuram Response Zone,T+36h,36,562907,654829,845147,993894,7847,9585,27803,32579
ASM000908,EVT006,Kancheepuram,Kancheepuram Response Zone,T+36h,36,1004069,947789,1753963,1532822,15480,14481,109730,92304
ASM000909,EVT006,Kancheepuram,Kancheepuram Response Zone,T+36h,36,912938,884604,1481606,1550793,10333,10251,76402,68948
ASM000910,EVT006,Kancheepuram,Kancheepuram Response Zone,T+36h,36,1269558,1005195,1075590,1185260,16428,11728,41831,50959
ASM000911,EVT006,Kancheepuram,Kancheepuram Response Zone,T+48h,48,861310,914373,1525277,1430644,9956,10709,46604,41286
ASM000912,EVT006,Kancheepuram,Kancheepuram Response Zone,T+48h,48,1094658,1062052,1062131,1465756,13694,12891,67453,94334
ASM000913,EVT006,Kancheepuram,Kancheepuram Response Zone,T+48h,48,1096488,1051622,1610855,1596262,20340,18823,105910,101399
ASM000914,EVT006,Kancheepuram,Kancheepuram Response Zone,T+48h,48,1320652,1061075,1575200,1527635,15003,12569,67058,65358
ASM000915,EVT006,Kancheepuram,Kancheepuram Response Zone,T+48h,48,921692,964134,2107429,1616066,12124,13112,133026,102718
ASM000916,EVT006,Kancheepuram,Kancheepuram Response Zone,T+72h,72,1033385,979254,1155928,1347143,22742,21275,53915,62881
ASM000917,EVT006,Kancheepuram,Kancheepuram Response Zone,T+72h,72,1044266,981884,1031559,1301484,16759,14330,71661,83304
ASM000918,EVT006,Kancheepuram,Kancheepuram Response Zone,T+72h,72,984969,974149,1105371,1413170,24536,21196,53851,63131
ASM000919,EVT006,Kancheepuram,Kancheepuram Response Zone,T+72h,72,826173,938839,979942,1262449,8426,10746,66016,77622
ASM000920,EVT006,Kancheepuram,Kancheepuram Response Zone,T+72h,72,993114,964411,1952424,1478201,20633,20526,81223,66577
ASM000921,EVT006,Tiruvallur,Tiruvallur Response Zone,T+0h,0,612072,556386,970927,775072,5441,4246,14214,12445
ASM000922,EVT006,Tiruvallur,Tiruvallur Response Zone,T+0h,0,413878,493258,746324,751249,3100,3902,23904,24439
ASM000923,EVT006,Tiruvallur,Tiruvallur Response Zone,T+0h,0,564639,543429,978248,852403,3093,3223,17958,16695
ASM000924,EVT006,Tiruvallur,Tiruvallur Response Zone,T+0h,0,486689,552346,805399,829636,2855,3389,24694,26290
ASM000925,EVT006,Tiruvallur,Tiruvallur Response Zone,T+0h,0,728852,635023,765757,823598,4744,3550,16432,18217
ASM000926,EVT006,Tiruvallur,Tiruvallur Response Zone,T+3h,3,451707,587451,754310,853890,2449,3915,20087,22107
ASM000927,EVT006,Tiruvallur,Tiruvallur Response Zone,T+3h,3,557371,605729,772297,867814,3559,4125,13536,15416
ASM000928,EVT006,Tiruvallur,Tiruvallur Response Zone,T+3h,3,634008,657680,567683,831595,7782,7951,22646,30183
ASM000929,EVT006,Tiruvallur,Tiruvallur Response Zone,T+3h,3,895481,750743,968851,874287,12027,8894,31126,30626
ASM000930,EVT006,Tiruvallur,Tiruvallur Response Zone,T+3h,3,704634,713690,953104,906921,9007,9426,29888,31666
ASM000931,EVT006,Tiruvallur,Tiruvallur Response Zone,T+6h,6,759747,856469,1378079,1241850,9190,10593,60922,55009
ASM000932,EVT006,Tiruvallur,Tiruvallur Response Zone,T+6h,6,1308031,1038958,1232883,1273587,8240,5836,57183,56367
ASM000933,EVT006,Tiruvallur,Tiruvallur Response Zone,T+6h,6,498446,642140,833437,876021,4835,6975,31780,33294
ASM000934,EVT006,Tiruvallur,Tiruvallur Response Zone,T+6h,6,535093,802784,886597,1174944,5725,10150,31846,37304
ASM000935,EVT006,Tiruvallur,Tiruvallur Response Zone,T+6h,6,925896,877595,1158066,1226892,4877,4861,56551,58476
ASM000936,EVT006,Tiruvallur,Tiruvallur Response Zone,T+12h,12,894099,1003197,1612650,1496189,10499,11914,118205,109313
ASM000937,EVT006,Tiruvallur,Tiruvallur Response Zone,T+12h,12,701767,833265,864843,1218675,9701,12394,50866,61541
ASM000938,EVT006,Tiruvallur,Tiruvallur Response Zone,T+12h,12,1076826,1007173,1232741,1412485,15977,13093,46099,51554
ASM000939,EVT006,Tiruvallur,Tiruvallur Response Zone,T+12h,12,1039569,1028381,1447046,1442215,10880,10045,80640,81281
ASM000940,EVT006,Tiruvallur,Tiruvallur Response Zone,T+12h,12,836103,953150,1081599,1283508,4099,4594,74628,85524
ASM000941,EVT006,Tiruvallur,Tiruvallur Response Zone,T+24h,24,1002769,1200450,1695078,1910266,8641,11232,114736,117035
ASM000942,EVT006,Tiruvallur,Tiruvallur Response Zone,T+24h,24,1572681,1416446,1994537,2012723,17954,16259,88301,87426
ASM000943,EVT006,Tiruvallur,Tiruvallur Response Zone,T+24h,24,1355065,1266082,1294746,1518581,14638,11859,65851,80522
ASM000944,EVT006,Tiruvallur,Tiruvallur Response Zone,T+24h,24,1306384,1338323,2014700,1955793,18473,18456,89248,85191
ASM000945,EVT006,Tiruvallur,Tiruvallur Response Zone,T+24h,24,1792579,1459190,1373058,1629610,17159,12705,50229,59686
ASM000946,EVT006,Tiruvallur,Tiruvallur Response Zone,T+36h,36,851120,999201,1976173,1669801,8441,10627,51355,44510
ASM000947,EVT006,Tiruvallur,Tiruvallur Response Zone,T+36h,36,707603,891051,2488109,1949864,7874,10936,82439,70620
ASM000948,EVT006,Tiruvallur,Tiruvallur Response Zone,T+36h,36,913776,1037360,1240685,1546736,7365,9954,48447,57180
ASM000949,EVT006,Tiruvallur,Tiruvallur Response Zone,T+36h,36,1132220,1165449,1989547,1831990,6921,7094,131157,121131
ASM000950,EVT006,Tiruvallur,Tiruvallur Response Zone,T+36h,36,1212565,1166520,1447866,1584767,15890,16027,85889,95815
ASM000951,EVT006,Tiruvallur,Tiruvallur Response Zone,T+48h,48,884395,927370,1827853,1607459,13464,15195,88916,88260
ASM000952,EVT006,Tiruvallur,Tiruvallur Response Zone,T+48h,48,980388,917169,997281,1253225,21365,19201,45255,57184
ASM000953,EVT006,Tiruvallur,Tiruvallur Response Zone,T+48h,48,763362,934046,1654027,1586193,16358,21381,97209,89069
ASM000954,EVT006,Tiruvallur,Tiruvallur Response Zone,T+48h,48,1249851,1010409,1071219,1295225,22566,18177,27994,32868
ASM000955,EVT006,Tiruvallur,Tiruvallur Response Zone,T+48h,48,930869,915642,1296330,1406879,16323,16957,31395,32099
ASM000956,EVT006,Tiruvallur,Tiruvallur Response Zone,T+72h,72,1524299,1294198,1336095,1595668,39530,33128,48176,56917
ASM000957,EVT006,Tiruvallur,Tiruvallur Response Zone,T+72h,72,1230773,1193157,2187432,1810970,11797,11302,145017,124539
ASM000958,EVT006,Tiruvallur,Tiruvallur Response Zone,T+72h,72,1221998,1152418,1383550,1676810,22687,19635,84193,97290
ASM000959,EVT006,Tiruvallur,Tiruvallur Response Zone,T+72h,72,1147037,1067382,1737587,1593789,18008,16469,61504,58227
ASM000960,EVT006,Tiruvallur,Tiruvallur Response Zone,T+72h,72,1236984,1174441,1503671,1590245,27474,24655,69597,75402
ASM000961,EVT006,Chennai,Chennai Response Zone,T+0h,0,727686,678359,828402,831757,6475,6281,20330,21897
ASM000962,EVT006,Chennai,Chennai Response Zone,T+0h,0,1035725,940893,1168189,1233229,15771,11929,60127,60804
ASM000963,EVT006,Chennai,Chennai Response Zone,T+0h,0,588254,578477,624683,821282,7079,7255,13038,15182
ASM000964,EVT006,Chennai,Chennai Response Zone,T+0h,0,667936,624943,853855,852314,2961,2609,31849,32845
ASM000965,EVT006,Chennai,Chennai Response Zone,T+0h,0,593914,608342,1221458,1017790,3221,3475,44519,36414
ASM000966,EVT006,Chennai,Chennai Response Zone,T+3h,3,1071355,944284,912222,1233637,14779,11081,48781,56918
ASM000967,EVT006,Chennai,Chennai Response Zone,T+3h,3,635828,690820,1240585,1059478,6329,7834,25109,21357
ASM000968,EVT006,Chennai,Chennai Response Zone,T+3h,3,1180624,992328,1686354,1308997,11377,8412,94506,80650
ASM000969,EVT006,Chennai,Chennai Response Zone,T+3h,3,708140,686247,813517,884380,4648,4694,26704,32210
ASM000970,EVT006,Chennai,Chennai Response Zone,T+3h,3,517287,645578,632975,831552,4459,6286,16806,21317
ASM000971,EVT006,Chennai,Chennai Response Zone,T+6h,6,944773,951199,1370040,1324073,10810,10326,88815,89540
ASM000972,EVT006,Chennai,Chennai Response Zone,T+6h,6,796881,911658,1013854,1220569,9161,10540,27216,31217
ASM000973,EVT006,Chennai,Chennai Response Zone,T+6h,6,1183755,1066086,2103409,1721223,15520,13333,79704,68362
ASM000974,EVT006,Chennai,Chennai Response Zone,T+6h,6,926838,1028185,1439596,1542698,9974,12567,69598,77395
ASM000975,EVT006,Chennai,Chennai Response Zone,T+6h,6,852027,894039,1059409,1297107,8945,10406,68800,83997
ASM000976,EVT006,Chennai,Chennai Response Zone,T+12h,12,695388,894954,1036776,1403674,4427,6541,54810,66629
ASM000977,EVT006,Chennai,Chennai Response Zone,T+12h,12,1035132,1083602,2030834,1901053,10425,10996,110058,95340
ASM000978,EVT006,Chennai,Chennai Response Zone,T+12h,12,750059,1039479,1377362,1679607,8068,13443,61789,71421
ASM000979,EVT006,Chennai,Chennai Response Zone,T+12h,12,835326,1026452,1616863,1794233,10656,15600,125896,118075
ASM000980,EVT006,Chennai,Chennai Response Zone,T+12h,12,1176678,1075349,1780082,1674052,7818,6801,116358,102206
ASM000981,EVT006,Chennai,Chennai Response Zone,T+24h,24,1229924,1063717,1448647,1534471,22697,20300,79671,88199
ASM000982,EVT006,Chennai,Chennai Response Zone,T+24h,24,1111130,1010762,1425923,1484351,9834,10229,31647,33220
ASM000983,EVT006,Chennai,Chennai Response Zone,T+24h,24,1003413,1131178,1844028,1903868,8477,10464,114495,112637
ASM000984,EVT006,Chennai,Chennai Response Zone,T+24h,24,1154969,1123769,2029442,1788088,17655,17588,112376,105407
ASM000985,EVT006,Chennai,Chennai Response Zone,T+24h,24,1260372,1252685,2062364,1917742,17379,17520,81586,72660
ASM000986,EVT006,Chennai,Chennai Response Zone,T+36h,36,1120770,1244706,1974967,2043714,17729,23709,128173,118775
ASM000987,EVT006,Chennai,Chennai Response Zone,T+36h,36,1868853,1474702,1979516,2007593,17673,12738,96089,95073
ASM000988,EVT006,Chennai,Chennai Response Zone,T+36h,36,1616994,1417932,1812640,2016029,33290,26992,86327,92427
ASM000989,EVT006,Chennai,Chennai Response Zone,T+36h,36,1350907,1280534,1367994,1855887,24876,25212,68746,89885
ASM000990,EVT006,Chennai,Chennai Response Zone,T+36h,36,1393099,1356371,2069901,2017096,25924,25545,102068,101308
ASM000991,EVT006,Chennai,Chennai Response Zone,T+48h,48,1437119,1357673,3184720,2436286,30279,29095,113942,89918
ASM000992,EVT006,Chennai,Chennai Response Zone,T+48h,48,921407,1047974,1644848,1889874,12804,18784,108389,125715
ASM000993,EVT006,Chennai,Chennai Response Zone,T+48h,48,1323457,1327728,1688064,1899272,21447,20242,92745,105529
ASM000994,EVT006,Chennai,Chennai Response Zone,T+48h,48,1213029,1273242,1660689,2006790,22942,25546,122240,162692
ASM000995,EVT006,Chennai,Chennai Response Zone,T+48h,48,1147656,1275711,2326104,2107726,10693,12717,82082,75685
ASM000996,EVT006,Chennai,Chennai Response Zone,T+72h,72,970889,931641,1670073,1579849,19681,20197,67739,66002
ASM000997,EVT006,Chennai,Chennai Response Zone,T+72h,72,1238668,1076632,1205430,1347513,11715,10386,31478,32286
ASM000998,EVT006,Chennai,Chennai Response Zone,T+72h,72,1051573,943144,1112513,1297314,13323,12634,55997,70802
ASM000999,EVT006,Chennai,Chennai Response Zone,T+72h,72,866591,948491,1470401,1439205,6921,8265,58370,58469
ASM001000,EVT006,Chennai,Chennai Response Zone,T+72h,72,1289544,1159840,1200633,1525348,10967,10170,73216,88423
ASM001001,EVT007,Thoothukudi,Thoothukudi Response Zone,T+0h,0,718345,579536,789121,761975,6236,4624,51556,48148
ASM001002,EVT007,Thoothukudi,Thoothukudi Response Zone,T+0h,0,657913,580774,980702,833834,3599,3172,55345,50082
ASM001003,EVT007,Thoothukudi,Thoothukudi Response Zone,T+0h,0,509908,526771,526112,726631,4058,4081,29812,37840
ASM001004,EVT007,Thoothukudi,Thoothukudi Response Zone,T+0h,0,503462,575547,544012,812632,5940,7741,25714,34982
ASM001005,EVT007,Thoothukudi,Thoothukudi Response Zone,T+0h,0,600248,533908,1093193,834492,6694,6547,52816,41516
ASM001006,EVT007,Thoothukudi,Thoothukudi Response Zone,T+3h,3,620755,622845,694800,824102,5651,5575,48222,51636
ASM001007,EVT007,Thoothukudi,Thoothukudi Response Zone,T+3h,3,823690,765272,1280054,965249,7630,6636,86400,70026
ASM001008,EVT007,Thoothukudi,Thoothukudi Response Zone,T+3h,3,671477,626398,796564,833754,7866,7062,44593,46281
ASM001009,EVT007,Thoothukudi,Thoothukudi Response Zone,T+3h,3,755041,680044,773415,829655,4152,3637,22400,22815
ASM001010,EVT007,Thoothukudi,Thoothukudi Response Zone,T+3h,3,511219,562662,850874,805958,3924,4823,25291,24776
ASM001011,EVT007,Thoothukudi,Thoothukudi Response Zone,T+6h,6,815870,691434,680760,846234,8492,6656,29499,34391
ASM001012,EVT007,Thoothukudi,Thoothukudi Response Zone,T+6h,6,550868,576470,738883,750035,6105,6516,33143,32838
ASM001013,EVT007,Thoothukudi,Thoothukudi Response Zone,T+6h,6,949337,799871,740792,838847,12731,9065,21298,22500
ASM001014,EVT007,Thoothukudi,Thoothukudi Response Zone,T+6h,6,570646,679672,634563,807163,6418,7733,28709,38619
ASM001015,EVT007,Thoothukudi,Thoothukudi Response Zone,T+6h,6,876128,773944,936778,882406,12998,10290,66002,58832
ASM001016,EVT007,Thoothukudi,Thoothukudi Response Zone,T+12h,12,697104,756092,826118,837946,9094,8985,39872,42444
ASM001017,EVT007,Thoothukudi,Thoothukudi Response Zone,T+12h,12,530828,604997,773108,844099,3343,4420,24840,25253
ASM001018,EVT007,Thoothukudi,Thoothukudi Response Zone,T+12h,12,570660,648775,631292,824401,4033,4643,25172,29916
ASM001019,EVT007,Thoothukudi,Thoothukudi Response Zone,T+12h,12,578353,638780,1278823,869237,6772,7765,91082,67908
ASM001020,EVT007,Thoothukudi,Thoothukudi Response Zone,T+12h,12,621638,608366,987391,854334,3213,3128,52465,45049
ASM001021,EVT007,Thoothukudi,Thoothukudi Response Zone,T+24h,24,1119950,1045298,1883013,1571092,14270,11508,115280,104124
ASM001022,EVT007,Thoothukudi,Thoothukudi Response Zone,T+24h,24,865426,959353,1361099,1411688,10201,11199,116370,116596
ASM001023,EVT007,Thoothukudi,Thoothukudi Response Zone,T+24h,24,1001772,1007671,984102,1379224,14227,15874,91847,117082
ASM001024,EVT007,Thoothukudi,Thoothukudi Response Zone,T+24h,24,1541352,1217152,2492252,1857488,25573,18948,251488,196825
ASM001025,EVT007,Thoothukudi,Thoothukudi Response Zone,T+24h,24,1371581,1059057,1354866,1400332,25674,20082,56629,60007
ASM001026,EVT007,Thoothukudi,Thoothukudi Response Zone,T+36h,36,835706,787287,938893,1066764,8719,8224,57818,68583
ASM001027,EVT007,Thoothukudi,Thoothukudi Response Zone,T+36h,36,870852,911392,1372694,1320444,10892,10535,70751,61359
ASM001028,EVT007,Thoothukudi,Thoothukudi Response Zone,T+36h,36,864652,836734,1736218,1466391,5791,5964,140050,115534
ASM001029,EVT007,Thoothukudi,Thoothukudi Response Zone,T+36h,36,975503,902359,1336950,1386808,8498,7171,104627,99114
ASM001030,EVT007,Thoothukudi,Thoothukudi Response Zone,T+36h,36,648451,761020,1645446,1376537,6488,9454,109443,88037
ASM001031,EVT007,Thoothukudi,Thoothukudi Response Zone,T+48h,48,952318,1007645,1892418,1624626,17328,17654,111880,104101
ASM001032,EVT007,Thoothukudi,Thoothukudi Response Zone,T+48h,48,698578,934808,1125862,1418623,7100,9970,101228,115331
ASM001033,EVT007,Thoothukudi,Thoothukudi Response Zone,T+48h,48,988927,977368,1179601,1363165,23773,23932,105007,116158
ASM001034,EVT007,Thoothukudi,Thoothukudi Response Zone,T+48h,48,1126078,1058822,1876503,1601639,14530,12803,121924,111349
ASM001035,EVT007,Thoothukudi,Thoothukudi Response Zone,T+48h,48,905691,977951,732211,1372489,7495,8538,47945,78923
ASM001036,EVT007,Thoothukudi,Thoothukudi Response Zone,T+72h,72,1073167,953089,1107909,1147886,15179,12844,56846,55213
ASM001037,EVT007,Thoothukudi,Thoothukudi Response Zone,T+72h,72,558122,628735,735750,977147,5218,7059,23235,28507
ASM001038,EVT007,Thoothukudi,Thoothukudi Response Zone,T+72h,72,644291,833983,1199381,1299289,8196,11808,99226,103355
ASM001039,EVT007,Thoothukudi,Thoothukudi Response Zone,T+72h,72,810812,781991,1069257,1104566,7369,7469,64087,65408
ASM001040,EVT007,Thoothukudi,Thoothukudi Response Zone,T+72h,72,988007,922370,1119392,1216762,21686,18978,75671,80772
ASM001041,EVT007,Tirunelveli,Tirunelveli Response Zone,T+0h,0,802265,651842,682187,814596,7780,5284,22324,26220
ASM001042,EVT007,Tirunelveli,Tirunelveli Response Zone,T+0h,0,445866,507488,516042,693294,4243,4596,14981,18338
ASM001043,EVT007,Tirunelveli,Tirunelveli Response Zone,T+0h,0,608251,528792,1244594,901439,5712,4364,59339,43936
ASM001044,EVT007,Tirunelveli,Tirunelveli Response Zone,T+0h,0,498869,531474,1102690,857972,4920,4996,44555,36275
ASM001045,EVT007,Tirunelveli,Tirunelveli Response Zone,T+0h,0,457086,502715,489898,692937,3292,3379,17680,21383
ASM001046,EVT007,Tirunelveli,Tirunelveli Response Zone,T+3h,3,863510,756729,1517807,1129674,4408,4392,111498,84523
ASM001047,EVT007,Tirunelveli,Tirunelveli Response Zone,T+3h,3,750888,684872,780642,848566,5900,5358,27406,28887
ASM001048,EVT007,Tirunelveli,Tirunelveli Response Zone,T+3h,3,510705,650714,979678,882405,3587,5346,39660,39939
ASM001049,EVT007,Tirunelveli,Tirunelveli Response Zone,T+3h,3,863663,714009,846954,846180,5727,4664,22775,24393
ASM001050,EVT007,Tirunelveli,Tirunelveli Response Zone,T+3h,3,941219,773183,835031,856605,14885,10925,48491,54700
ASM001051,EVT007,Tirunelveli,Tirunelveli Response Zone,T+6h,6,498630,563400,1003482,830728,2287,2900,48705,41642
ASM001052,EVT007,Tirunelveli,Tirunelveli Response Zone,T+6h,6,687976,670209,894804,844180,5727,5484,34078,31660
ASM001053,EVT007,Tirunelveli,Tirunelveli Response Zone,T+6h,6,615902,577626,686678,814809,4585,4225,32574,34959
ASM001054,EVT007,Tirunelveli,Tirunelveli Response Zone,T+6h,6,587727,564049,555532,815885,7685,7900,25155,32698
ASM001055,EVT007,Tirunelveli,Tirunelveli Response Zone,T+6h,6,552700,591087,651497,822917,2966,3604,20655,26713
ASM001056,EVT007,Tirunelveli,Tirunelveli Response Zone,T+12h,12,563176,628008,561638,844833,5556,6759,25017,32934
ASM001057,EVT007,Tirunelveli,Tirunelveli Response Zone,T+12h,12,737454,757443,1003207,949693,7031,7181,65175,63771
ASM001058,EVT007,Tirunelveli,Tirunelveli Response Zone,T+12h,12,919218,792920,711359,829432,5006,4592,22702,26886
ASM001059,EVT007,Tirunelveli,Tirunelveli Response Zone,T+12h,12,811732,722421,958931,921406,5809,5595,60886,64952
ASM001060,EVT007,Tirunelveli,Tirunelveli Response Zone,T+12h,12,712148,789381,1429498,1242776,5502,6035,60342,45342
ASM001061,EVT007,Tirunelveli,Tirunelveli Response Zone,T+24h,24,1194067,1055710,2060713,1609572,16144,14424,156107,129374
ASM001062,EVT007,Tirunelveli,Tirunelveli Response Zone,T+24h,24,520121,809466,1393542,1390416,3141,5518,97844,86436
ASM001063,EVT007,Tirunelveli,Tirunelveli Response Zone,T+24h,24,1265104,1045059,1448386,1475435,15055,11612,94431,93622
ASM001064,EVT007,Tirunelveli,Tirunelveli Response Zone,T+24h,24,728901,882074,2308444,1807956,3839,5379,83223,66090
ASM001065,EVT007,Tirunelveli,Tirunelveli Response Zone,T+24h,24,930354,983458,1710043,1589927,8312,10626,140942,130516
ASM001066,EVT007,Tirunelveli,Tirunelveli Response Zone,T+36h,36,846161,985912,1540809,1592167,5921,7943,139103,148604
ASM001067,EVT007,Tirunelveli,Tirunelveli Response Zone,T+36h,36,866368,1061180,1150746,1502286,15440,21569,93217,111748
ASM001068,EVT007,Tirunelveli,Tirunelveli Response Zone,T+36h,36,1391261,1207439,1775009,1651390,24707,20772,164525,155654
ASM001069,EVT007,Tirunelveli,Tirunelveli Response Zone,T+36h,36,1006271,1105225,1922305,1650221,18018,20732,102550,95803
ASM001070,EVT007,Tirunelveli,Tirunelveli Response Zone,T+36h,36,1098932,1021268,1290387,1477256,11236,10974,110466,120854
ASM001071,EVT007,Tirunelveli,Tirunelveli Response Zone,T+48h,48,1022959,1047051,1613657,1589519,15608,15702,84449,81632
ASM001072,EVT007,Tirunelveli,Tirunelveli Response Zone,T+48h,48,1215931,1102827,1513697,1690580,19200,17665,120113,122838
ASM001073,EVT007,Tirunelveli,Tirunelveli Response Zone,T+48h,48,1120338,1091415,1461574,1556096,25380,22678,57236,60630
ASM001074,EVT007,Tirunelveli,Tirunelveli Response Zone,T+48h,48,797284,933785,771323,1297461,10101,13051,34587,58603
ASM001075,EVT007,Tirunelveli,Tirunelveli Response Zone,T+48h,48,1261641,1114343,1420038,1482986,23795,19891,102119,105383
ASM001076,EVT007,Tirunelveli,Tirunelveli Response Zone,T+72h,72,746474,832358,1562529,1364097,11506,13512,60689,48787
ASM001077,EVT007,Tirunelveli,Tirunelveli Response Zone,T+72h,72,595198,763257,1032315,1160380,6248,8060,66997,79339
ASM001078,EVT007,Tirunelveli,Tirunelveli Response Zone,T+72h,72,725157,811681,1204311,1208657,8339,9279,75245,76150
ASM001079,EVT007,Tirunelveli,Tirunelveli Response Zone,T+72h,72,1084690,922605,1007578,1111116,11335,9054,66410,78493
ASM001080,EVT007,Tirunelveli,Tirunelveli Response Zone,T+72h,72,972170,893830,1277302,1299040,15631,13214,48091,45183
ASM001081,EVT007,Kanniyakumari,Kanniyakumari Response Zone,T+0h,0,454673,490280,656422,728598,4107,4626,28310,31745
ASM001082,EVT007,Kanniyakumari,Kanniyakumari Response Zone,T+0h,0,476352,515527,558943,715172,2095,2336,21597,28150
ASM001083,EVT007,Kanniyakumari,Kanniyakumari Response Zone,T+0h,0,420194,452744,879641,761291,1892,2364,44528,37193
ASM001084,EVT007,Kanniyakumari,Kanniyakumari Response Zone,T+0h,0,749453,605096,857398,802874,5589,3873,39097,35654
ASM001085,EVT007,Kanniyakumari,Kanniyakumari Response Zone,T+0h,0,414476,386283,434250,534680,4985,5013,8083,8923
ASM001086,EVT007,Kanniyakumari,Kanniyakumari Response Zone,T+3h,3,687666,657843,983169,856934,6632,6138,61937,54697
ASM001087,EVT007,Kanniyakumari,Kanniyakumari Response Zone,T+3h,3,728798,637164,914469,844021,7564,6043,41662,41662
ASM001088,EVT007,Kanniyakumari,Kanniyakumari Response Zone,T+3h,3,632279,630755,968680,846467,4848,4527,45591,41607
ASM001089,EVT007,Kanniyakumari,Kanniyakumari Response Zone,T+3h,3,606168,629258,568411,833917,7876,8609,25415,36826
ASM001090,EVT007,Kanniyakumari,Kanniyakumari Response Zone,T+3h,3,588442,638406,1107456,867394,5826,6482,82196,67271
ASM001091,EVT007,Kanniyakumari,Kanniyakumari Response Zone,T+6h,6,622692,638045,726285,837960,8768,8783,27830,28836
ASM001092,EVT007,Kanniyakumari,Kanniyakumari Response Zone,T+6h,6,603756,623904,768973,842261,4366,4479,24990,26840
ASM001093,EVT007,Kanniyakumari,Kanniyakumari Response Zone,T+6h,6,642565,573101,1425840,893448,7677,6435,43190,31865
ASM001094,EVT007,Kanniyakumari,Kanniyakumari Response Zone,T+6h,6,673869,689970,1040157,924270,6741,6751,81838,76690
ASM001095,EVT007,Kanniyakumari,Kanniyakumari Response Zone,T+6h,6,802920,727078,855141,851970,5023,4700,40630,43251
ASM001096,EVT007,Kanniyakumari,Kanniyakumari Response Zone,T+12h,12,676888,708542,551047,851685,3641,4484,34408,51892
ASM001097,EVT007,Kanniyakumari,Kanniyakumari Response Zone,T+12h,12,704711,719514,1290852,893997,5072,5230,57231,47017
ASM001098,EVT007,Kanniyakumari,Kanniyakumari Response Zone,T+12h,12,485356,680562,737070,905011,3249,5615,61873,80753
ASM001099,EVT007,Kanniyakumari,Kanniyakumari Response Zone,T+12h,12,710925,657951,639707,846837,9343,7438,42935,53422
ASM001100,EVT007,Kanniyakumari,Kanniyakumari Response Zone,T+12h,12,700813,703325,830143,853416,5775,5613,35150,34895
ASM001101,EVT007,Kanniyakumari,Kanniyakumari Response Zone,T+24h,24,862743,736500,1557927,1231932,8655,7058,105202,81913
ASM001102,EVT007,Kanniyakumari,Kanniyakumari Response Zone,T+24h,24,492397,797748,1594411,1364335,6135,11896,108877,94743
ASM001103,EVT007,Kanniyakumari,Kanniyakumari Response Zone,T+24h,24,1038779,810933,985958,1032662,15032,11661,47412,51192
ASM001104,EVT007,Kanniyakumari,Kanniyakumari Response Zone,T+24h,24,857799,860353,1370890,1318887,6194,6187,47640,44251
ASM001105,EVT007,Kanniyakumari,Kanniyakumari Response Zone,T+24h,24,997592,840485,1026101,1204811,15054,11712,50081,55041
ASM001106,EVT007,Kanniyakumari,Kanniyakumari Response Zone,T+36h,36,631934,719361,1171852,1101696,6581,9350,48228,48258
ASM001107,EVT007,Kanniyakumari,Kanniyakumari Response Zone,T+36h,36,913943,872085,1234474,1229611,10002,8814,84638,80128
ASM001108,EVT007,Kanniyakumari,Kanniyakumari Response Zone,T+36h,36,575332,650768,1364412,1155988,8415,10281,93977,81614
ASM001109,EVT007,Kanniyakumari,Kanniyakumari Response Zone,T+36h,36,625149,665351,1367476,1134266,9381,10528,72413,59866
ASM001110,EVT007,Kanniyakumari,Kanniyakumari Response Zone,T+36h,36,1264993,1071739,1363199,1355480,26421,23819,47607,43963
ASM001111,EVT007,Kanniyakumari,Kanniyakumari Response Zone,T+48h,48,894447,944607,1276077,1393238,8754,9790,105287,103927
ASM001112,EVT007,Kanniyakumari,Kanniyakumari Response Zone,T+48h,48,1025406,1015202,1811790,1567990,14397,13211,169510,140968
ASM001113,EVT007,Kanniyakumari,Kanniyakumari Response Zone,T+48h,48,1115050,1002894,1316302,1408469,25647,23456,74169,78673
ASM001114,EVT007,Kanniyakumari,Kanniyakumari Response Zone,T+48h,48,945026,908674,961327,1193452,22579,22151,68296,82413
ASM001115,EVT007,Kanniyakumari,Kanniyakumari Response Zone,T+48h,48,1025895,973548,1302896,1440606,11227,10561,59599,61422
ASM001116,EVT007,Kanniyakumari,Kanniyakumari Response Zone,T+72h,72,750559,723334,1113406,1056865,14689,13660,67782,65911
ASM001117,EVT007,Kanniyakumari,Kanniyakumari Response Zone,T+72h,72,1317261,1101612,1522356,1344189,38827,30825,112949,96340
ASM001118,EVT007,Kanniyakumari,Kanniyakumari Response Zone,T+72h,72,771565,831242,1131892,1095433,18042,21967,44197,45333
ASM001119,EVT007,Kanniyakumari,Kanniyakumari Response Zone,T+72h,72,798239,778189,868510,1021811,8973,9172,63824,81115
ASM001120,EVT007,Kanniyakumari,Kanniyakumari Response Zone,T+72h,72,870095,785849,1041422,1032081,12733,11059,58077,57214
ASM001121,EVT007,Ramanathapuram,Ramanathapuram Response Zone,T+0h,0,352292,318384,402518,388505,4620,3557,11178,11017
ASM001122,EVT007,Ramanathapuram,Ramanathapuram Response Zone,T+0h,0,386811,345263,434329,451427,1963,1616,10526,10168
ASM001123,EVT007,Ramanathapuram,Ramanathapuram Response Zone,T+0h,0,332381,298984,530092,438879,2613,2414,23696,21212
ASM001124,EVT007,Ramanathapuram,Ramanathapuram Response Zone,T+0h,0,265127,320572,576546,520774,1943,2657,13550,13442
ASM001125,EVT007,Ramanathapuram,Ramanathapuram Response Zone,T+0h,0,399378,349364,327741,382368,3540,2637,6686,8105
ASM001126,EVT007,Ramanathapuram,Ramanathapuram Response Zone,T+3h,3,261595,312982,388369,448520,2924,3880,14599,15656
ASM001127,EVT007,Ramanathapuram,Ramanathapuram Response Zone,T+3h,3,334274,333331,327697,420647,1826,1670,9531,10340
ASM001128,EVT007,Ramanathapuram,Ramanathapuram Response Zone,T+3h,3,266154,304055,498171,428285,2015,2613,14658,12737
ASM001129,EVT007,Ramanathapuram,Ramanathapuram Response Zone,T+3h,3,357846,347849,704909,532928,3984,3977,30188,25158
ASM001130,EVT007,Ramanathapuram,Ramanathapuram Response Zone,T+3h,3,345364,338748,405007,435115,3140,2994,18691,19400
ASM001131,EVT007,Ramanathapuram,Ramanathapuram Response Zone,T+6h,6,511809,489374,642502,703231,3991,4157,44389,44997
ASM001132,EVT007,Ramanathapuram,Ramanathapuram Response Zone,T+6h,6,496563,487844,924258,744667,3151,3091,79425,64545
ASM001133,EVT007,Ramanathapuram,Ramanathapuram Response Zone,T+6h,6,583024,483513,610917,547878,8210,6413,18148,16642
ASM001134,EVT007,Ramanathapuram,Ramanathapuram Response Zone,T+6h,6,426034,410441,590537,551844,2124,1986,28504,25749
ASM001135,EVT007,Ramanathapuram,Ramanathapuram Response Zone,T+6h,6,408264,430009,418195,545985,4217,4399,14385,16189
ASM001136,EVT007,Ramanathapuram,Ramanathapuram Response Zone,T+12h,12,482767,430065,640143,556851,7092,5845,37442,31447
ASM001137,EVT007,Ramanathapuram,Ramanathapuram Response Zone,T+12h,12,512864,449259,443892,541362,2957,2676,21898,27007
ASM001138,EVT007,Ramanathapuram,Ramanathapuram Response Zone,T+12h,12,324256,391390,410930,515255,2700,3712,14011,16210
ASM001139,EVT007,Ramanathapuram,Ramanathapuram Response Zone,T+12h,12,544985,520119,594375,688793,3106,2904,27717,27683
ASM001140,EVT007,Ramanathapuram,Ramanathapuram Response Zone,T+12h,12,510545,477226,528189,626062,4288,4070,40729,44024
ASM001141,EVT007,Ramanathapuram,Ramanathapuram Response Zone,T+24h,24,571313,587959,822102,828075,4102,4087,38325,39252
ASM001142,EVT007,Ramanathapuram,Ramanathapuram Response Zone,T+24h,24,822952,710980,663567,858316,16850,13735,49481,59394
ASM001143,EVT007,Ramanathapuram,Ramanathapuram Response Zone,T+24h,24,581546,611462,1095168,952512,8846,10215,48409,45215
ASM001144,EVT007,Ramanathapuram,Ramanathapuram Response Zone,T+24h,24,590784,608380,1165939,953981,4840,5054,97815,87535
ASM001145,EVT007,Ramanathapuram,Ramanathapuram Response Zone,T+24h,24,626476,635582,599092,884942,9441,10385,49281,67307
ASM001146,EVT007,Ramanathapuram,Ramanathapuram Response Zone,T+36h,36,478576,497910,913007,790964,3028,2778,43561,34831
ASM001147,EVT007,Ramanathapuram,Ramanathapuram Response Zone,T+36h,36,419691,468266,648386,723333,3170,3810,41532,46391
ASM001148,EVT007,Ramanathapuram,Ramanathapuram Response Zone,T+36h,36,388469,455873,953556,867662,4226,6383,54298,47561
ASM001149,EVT007,Ramanathapuram,Ramanathapuram Response Zone,T+36h,36,627664,546060,652213,610947,10530,8495,23465,23547
ASM001150,EVT007,Ramanathapuram,Ramanathapuram Response Zone,T+36h,36,454925,493540,806780,843758,3378,3806,38878,41333
ASM001151,EVT007,Ramanathapuram,Ramanathapuram Response Zone,T+48h,48,452481,503471,800938,806023,8189,10544,50301,49392
ASM001152,EVT007,Ramanathapuram,Ramanathapuram Response Zone,T+48h,48,409575,585311,1233896,1045625,7505,11753,72732,70627
ASM001153,EVT007,Ramanathapuram,Ramanathapuram Response Zone,T+48h,48,568914,641973,697845,869244,6320,6982,48828,59475
ASM001154,EVT007,Ramanathapuram,Ramanathapuram Response Zone,T+48h,48,475442,579270,1050857,952317,4699,6251,48176,46397
ASM001155,EVT007,Ramanathapuram,Ramanathapuram Response Zone,T+48h,48,865053,658661,1184376,1020923,15680,13136,53803,49006
ASM001156,EVT007,Ramanathapuram,Ramanathapuram Response Zone,T+72h,72,696356,618985,981150,874841,8836,7597,46084,43578
ASM001157,EVT007,Ramanathapuram,Ramanathapuram Response Zone,T+72h,72,497233,573904,1531928,1170960,6273,7226,104507,83727
ASM001158,EVT007,Ramanathapuram,Ramanathapuram Response Zone,T+72h,72,874376,745131,692326,791591,9268,7862,25095,27232
ASM001159,EVT007,Ramanathapuram,Ramanathapuram Response Zone,T+72h,72,751134,668827,1169637,981387,15515,12787,65351,60671
ASM001160,EVT007,Ramanathapuram,Ramanathapuram Response Zone,T+72h,72,570195,594933,875835,916928,14235,13381,58158,67126
ASM001161,EVT008,Chengalpattu,Chengalpattu Response Zone,T+0h,0,676216,967748,2013685,1782272,3416,7168,76259,67160
ASM001162,EVT008,Chengalpattu,Chengalpattu Response Zone,T+0h,0,1394466,1159918,1212522,1179097,15774,9783,61307,61398
ASM001163,EVT008,Chengalpattu,Chengalpattu Response Zone,T+0h,0,703706,928597,1168154,1173997,7489,12012,71593,84545
ASM001164,EVT008,Chengalpattu,Chengalpattu Response Zone,T+0h,0,750896,972197,2093382,1760351,6144,8837,143989,109285
ASM001165,EVT008,Chengalpattu,Chengalpattu Response Zone,T+0h,0,1174692,1035113,1197487,1236109,13061,10004,78044,83173
ASM001166,EVT008,Chengalpattu,Chengalpattu Response Zone,T+3h,3,1633766,1236129,1017178,1238659,24587,16585,71111,90554
ASM001167,EVT008,Chengalpattu,Chengalpattu Response Zone,T+3h,3,1399580,1156739,1284856,1475270,22988,17981,94166,102451
ASM001168,EVT008,Chengalpattu,Chengalpattu Response Zone,T+3h,3,1112392,1075016,1660224,1486736,10989,9500,133485,124109
ASM001169,EVT008,Chengalpattu,Chengalpattu Response Zone,T+3h,3,1205910,1117786,2049721,1705735,16422,14535,116909,95776
ASM001170,EVT008,Chengalpattu,Chengalpattu Response Zone,T+3h,3,1273896,1116523,1500604,1460235,13989,10249,82055,84801
ASM001171,EVT008,Chengalpattu,Chengalpattu Response Zone,T+6h,6,1209836,1131243,2013483,1652792,9335,8083,161594,135958
ASM001172,EVT008,Chengalpattu,Chengalpattu Response Zone,T+6h,6,1060029,1098709,964386,1209048,8222,8024,48300,64025
ASM001173,EVT008,Chengalpattu,Chengalpattu Response Zone,T+6h,6,1028578,1071140,1306505,1437623,10222,9814,101033,110259
ASM001174,EVT008,Chengalpattu,Chengalpattu Response Zone,T+6h,6,1009891,1047448,1321877,1433349,10430,10940,92830,94484
ASM001175,EVT008,Chengalpattu,Chengalpattu Response Zone,T+6h,6,784956,877589,1215223,1239785,8567,10535,75441,79876
ASM001176,EVT008,Chengalpattu,Chengalpattu Response Zone,T+12h,12,1174190,1316954,1785287,1885430,12412,13580,148116,148893
ASM001177,EVT008,Chengalpattu,Chengalpattu Response Zone,T+12h,12,770820,1001832,1770790,1599961,6281,9538,95075,87459
ASM001178,EVT008,Chengalpattu,Chengalpattu Response Zone,T+12h,12,1052440,1066998,1299850,1484453,8824,9281,85065,90708
ASM001179,EVT008,Chengalpattu,Chengalpattu Response Zone,T+12h,12,960829,1107864,1738784,1758417,7071,10649,172222,172766
ASM001180,EVT008,Chengalpattu,Chengalpattu Response Zone,T+12h,12,961742,1086303,1646661,1793795,10642,14563,140222,152081
ASM001181,EVT008,Chengalpattu,Chengalpattu Response Zone,T+24h,24,1677935,1546088,1852177,2207492,17685,18307,108368,136531
ASM001182,EVT008,Chengalpattu,Chengalpattu Response Zone,T+24h,24,2259743,2128520,2591688,2555486,33616,29309,275996,276456
ASM001183,EVT008,Chengalpattu,Chengalpattu Response Zone,T+24h,24,2069795,1912331,2489089,2500165,34250,27808,201322,195734
ASM001184,EVT008,Chengalpattu,Chengalpattu Response Zone,T+24h,24,1227094,1486830,2330516,2305187,11145,15867,99726,104356
ASM001185,EVT008,Chengalpattu,Chengalpattu Response Zone,T+24h,24,1341152,1467121,2429179,2299303,19419,23854,177500,179812
ASM001186,EVT008,Chengalpattu,Chengalpattu Response Zone,T+36h,36,1698434,1536338,2245166,2193175,24737,20100,211708,198483
ASM001187,EVT008,Chengalpattu,Chengalpattu Response Zone,T+36h,36,1245926,1460409,2038263,2093628,19718,25270,157016,155104
ASM001188,EVT008,Chengalpattu,Chengalpattu Response Zone,T+36h,36,1313369,1348494,2953664,2490684,21969,22536,265769,231140
ASM001189,EVT008,Chengalpattu,Chengalpattu Response Zone,T+36h,36,1450084,1351410,1425346,1720830,25535,24796,85288,98488
ASM001190,EVT008,Chengalpattu,Chengalpattu Response Zone,T+36h,36,1072829,1241383,1612106,1711918,7386,10336,92278,105916
ASM001191,EVT008,Chengalpattu,Chengalpattu Response Zone,T+48h,48,1530070,1537559,4298198,3512073,16196,16620,210508,176139
ASM001192,EVT008,Chengalpattu,Chengalpattu Response Zone,T+48h,48,1164926,1489124,1773655,2035641,25514,35544,125857,152558
ASM001193,EVT008,Chengalpattu,Chengalpattu Response Zone,T+48h,48,1216862,1343234,1476215,1906457,11745,13516,109533,141607
ASM001194,EVT008,Chengalpattu,Chengalpattu Response Zone,T+48h,48,1692102,1588708,2881276,2631671,28995,28869,270411,273914
ASM001195,EVT008,Chengalpattu,Chengalpattu Response Zone,T+48h,48,1042504,1323452,1298573,1927479,8988,13114,125747,171177
ASM001196,EVT008,Chengalpattu,Chengalpattu Response Zone,T+72h,72,1329213,1250441,1765609,1830136,31065,29590,136286,142295
ASM001197,EVT008,Chengalpattu,Chengalpattu Response Zone,T+72h,72,1312741,1332260,3444892,2802029,17699,18288,220205,170529
ASM001198,EVT008,Chengalpattu,Chengalpattu Response Zone,T+72h,72,1423968,1320564,1323430,1768011,33967,30082,94291,130933
ASM001199,EVT008,Chengalpattu,Chengalpattu Response Zone,T+72h,72,1258352,1148225,1084179,1446024,22238,20704,55018,73985
ASM001200,EVT008,Chengalpattu,Chengalpattu Response Zone,T+72h,72,1682250,1416965,1336668,1677145,39790,32742,82075,105430
ASM001201,EVT008,Chennai,Chennai Response Zone,T+0h,0,1063955,1041502,1851103,1689424,10840,10344,125691,117374
ASM001202,EVT008,Chennai,Chennai Response Zone,T+0h,0,1062320,1135712,2164623,1920366,5900,6639,152433,137103
ASM001203,EVT008,Chennai,Chennai Response Zone,T+0h,0,1098899,1129560,1323554,1457043,11746,13161,88436,102063
ASM001204,EVT008,Chennai,Chennai Response Zone,T+0h,0,1325500,1316020,1879853,1837706,6369,5923,73692,67862
ASM001205,EVT008,Chennai,Chennai Response Zone,T+0h,0,1105530,1104353,2163745,1822417,8235,8539,125841,104863
ASM001206,EVT008,Chennai,Chennai Response Zone,T+3h,3,1209675,1256213,2550504,2137166,7565,8018,108950,88158
ASM001207,EVT008,Chennai,Chennai Response Zone,T+3h,3,902054,1027648,1345529,1443633,5984,7488,60346,64732
ASM001208,EVT008,Chennai,Chennai Response Zone,T+3h,3,993250,1100086,861880,1287354,6182,7622,43112,75847
ASM001209,EVT008,Chennai,Chennai Response Zone,T+3h,3,856163,1015275,1305327,1436704,5840,9001,85109,101593
ASM001210,EVT008,Chennai,Chennai Response Zone,T+3h,3,1441865,1273488,1248968,1412279,10210,7843,47812,52400
ASM001211,EVT008,Chennai,Chennai Response Zone,T+6h,6,1001034,1217000,1583316,1681051,5982,8287,50897,52547
ASM001212,EVT008,Chennai,Chennai Response Zone,T+6h,6,1116860,1363405,1664669,1732939,8022,9694,65978,68719
ASM001213,EVT008,Chennai,Chennai Response Zone,T+6h,6,1100583,1263604,2358204,2128503,14280,16619,158147,131115
ASM001214,EVT008,Chennai,Chennai Response Zone,T+6h,6,1614864,1539050,2669678,2262896,19115,17712,236776,201410
ASM001215,EVT008,Chennai,Chennai Response Zone,T+6h,6,1344769,1523396,1891210,1918597,8487,9131,110723,114657
ASM001216,EVT008,Chennai,Chennai Response Zone,T+12h,12,1756390,1715875,2361530,2106304,19721,16168,109145,91005
ASM001217,EVT008,Chennai,Chennai Response Zone,T+12h,12,1171849,1386942,1958422,1916229,12367,14407,65484,59977
ASM001218,EVT008,Chennai,Chennai Response Zone,T+12h,12,1399674,1558591,1826133,1873581,13113,13238,71924,72125
ASM001219,EVT008,Chennai,Chennai Response Zone,T+12h,12,1248944,1521492,2474995,2175842,12067,14937,93203,80275
ASM001220,EVT008,Chennai,Chennai Response Zone,T+12h,12,1944733,1702992,1727609,1832064,12176,10326,64994,66019
ASM001221,EVT008,Chennai,Chennai Response Zone,T+24h,24,1474929,1700917,4647311,3865579,10262,12871,333488,293464
ASM001222,EVT008,Chennai,Chennai Response Zone,T+24h,24,1875771,1727990,1820508,2207974,24590,23697,142992,162105
ASM001223,EVT008,Chennai,Chennai Response Zone,T+24h,24,2056747,1955878,2352907,2635901,38032,34828,175519,184797
ASM001224,EVT008,Chennai,Chennai Response Zone,T+24h,24,1853064,1842028,2481918,2447005,29796,29051,133715,135338
ASM001225,EVT008,Chennai,Chennai Response Zone,T+24h,24,1830178,1905927,3066040,2797725,19453,19030,198347,176685
ASM001226,EVT008,Chennai,Chennai Response Zone,T+36h,36,1547761,1648377,3362037,2886456,22055,22094,216087,183520
ASM001227,EVT008,Chennai,Chennai Response Zone,T+36h,36,1578690,1560586,2170786,2069437,22113,22464,74700,75406
ASM001228,EVT008,Chennai,Chennai Response Zone,T+36h,36,1545189,1625471,1715727,2215635,13537,13489,148560,186800
ASM001229,EVT008,Chennai,Chennai Response Zone,T+36h,36,1931348,1862174,2933993,2597745,11416,11179,165261,152029
ASM001230,EVT008,Chennai,Chennai Response Zone,T+36h,36,2622529,2129927,2994071,2709666,23937,18401,173842,154472
ASM001231,EVT008,Chennai,Chennai Response Zone,T+48h,48,1929094,1973262,2004682,2577980,37438,41229,198283,252027
ASM001232,EVT008,Chennai,Chennai Response Zone,T+48h,48,1654241,1968952,3198524,2938809,25014,37285,195732,186541
ASM001233,EVT008,Chennai,Chennai Response Zone,T+48h,48,1961737,2036863,2021535,2444745,34171,37441,188533,226666
ASM001234,EVT008,Chennai,Chennai Response Zone,T+48h,48,3674714,3263674,2791926,3018601,76992,64986,356267,370671
ASM001235,EVT008,Chennai,Chennai Response Zone,T+48h,48,1830389,1963452,2585028,2673444,43178,46786,245532,244881
ASM001236,EVT008,Chennai,Chennai Response Zone,T+72h,72,2138064,1926701,2819046,2492848,26509,22584,133787,115180
ASM001237,EVT008,Chennai,Chennai Response Zone,T+72h,72,2230267,2027722,2428602,2403594,50234,41556,152090,149849
ASM001238,EVT008,Chennai,Chennai Response Zone,T+72h,72,1450324,1576375,1667771,1868397,10966,12230,62174,74722
ASM001239,EVT008,Chennai,Chennai Response Zone,T+72h,72,1875159,1747142,2985601,2638949,45863,43172,129153,112192
ASM001240,EVT008,Chennai,Chennai Response Zone,T+72h,72,2029056,1767170,1481668,1891687,29261,22077,56109,73397
ASM001241,EVT008,Kancheepuram,Kancheepuram Response Zone,T+0h,0,807260,850809,1272669,1194698,9611,10680,51912,48266
ASM001242,EVT008,Kancheepuram,Kancheepuram Response Zone,T+0h,0,848116,917509,1000788,1175209,4296,5164,46587,51064
ASM001243,EVT008,Kancheepuram,Kancheepuram Response Zone,T+0h,0,757316,799861,1065495,1156614,8810,10455,68976,77803
ASM001244,EVT008,Kancheepuram,Kancheepuram Response Zone,T+0h,0,639677,752926,1247748,1188772,6192,8480,66009,60572
ASM001245,EVT008,Kancheepuram,Kancheepuram Response Zone,T+0h,0,765544,858530,1391124,1264951,7424,8620,86806,82538
ASM001246,EVT008,Kancheepuram,Kancheepuram Response Zone,T+3h,3,672811,781796,1693981,1359299,3036,4077,109005,92518
ASM001247,EVT008,Kancheepuram,Kancheepuram Response Zone,T+3h,3,1060062,1095413,1430046,1442187,11328,11845,110050,111994
ASM001248,EVT008,Kancheepuram,Kancheepuram Response Zone,T+3h,3,826312,962936,1406740,1284590,3681,4497,65150,60513
ASM001249,EVT008,Kancheepuram,Kancheepuram Response Zone,T+3h,3,1036830,1032049,1177360,1234956,8858,8402,56178,59160
ASM001250,EVT008,Kancheepuram,Kancheepuram Response Zone,T+3h,3,680548,860992,1334240,1298299,7783,12380,83421,82724
ASM001251,EVT008,Kancheepuram,Kancheepuram Response Zone,T+6h,6,880895,836252,1237993,1173308,6551,6105,39279,34255
ASM001252,EVT008,Kancheepuram,Kancheepuram Response Zone,T+6h,6,1011028,926544,1141354,1176668,11366,9294,58628,59919
ASM001253,EVT008,Kancheepuram,Kancheepuram Response Zone,T+6h,6,650222,842611,875185,1193761,4344,7562,66877,86686
ASM001254,EVT008,Kancheepuram,Kancheepuram Response Zone,T+6h,6,879911,838606,1269042,1210835,6726,6407,86762,84156
ASM001255,EVT008,Kancheepuram,Kancheepuram Response Zone,T+6h,6,1170590,1038432,1426554,1313862,6026,5189,112782,105434
ASM001256,EVT008,Kancheepuram,Kancheepuram Response Zone,T+12h,12,790289,942277,1142578,1311712,4923,6260,61415,71649
ASM001257,EVT008,Kancheepuram,Kancheepuram Response Zone,T+12h,12,1268165,1056884,868693,1127991,17720,12999,26601,32052
ASM001258,EVT008,Kancheepuram,Kancheepuram Response Zone,T+12h,12,966432,931924,1789364,1387217,6619,6132,107504,84918
ASM001259,EVT008,Kancheepuram,Kancheepuram Response Zone,T+12h,12,866936,1009415,1514308,1327030,9349,11924,80895,75358
ASM001260,EVT008,Kancheepuram,Kancheepuram Response Zone,T+12h,12,979202,1020490,1224321,1250870,4669,5356,41693,43354
ASM001261,EVT008,Kancheepuram,Kancheepuram Response Zone,T+24h,24,1837223,1691485,1851786,2101698,40234,36702,151571,168578
ASM001262,EVT008,Kancheepuram,Kancheepuram Response Zone,T+24h,24,1667809,1660417,2012650,2261704,33964,33981,175411,185259
ASM001263,EVT008,Kancheepuram,Kancheepuram Response Zone,T+24h,24,1772252,1568751,3365246,2801796,35221,32187,344122,304016
ASM001264,EVT008,Kancheepuram,Kancheepuram Response Zone,T+24h,24,1368436,1528069,2393166,2264658,11275,14561,134457,133349
ASM001265,EVT008,Kancheepuram,Kancheepuram Response Zone,T+24h,24,1643424,1583515,2064520,2185120,17745,17810,169757,170295
ASM001266,EVT008,Kancheepuram,Kancheepuram Response Zone,T+36h,36,1198675,1469694,2719793,2576151,16168,23296,272222,266832
ASM001267,EVT008,Kancheepuram,Kancheepuram Response Zone,T+36h,36,1594323,1551260,1910294,2129559,26421,24708,117385,125019
ASM001268,EVT008,Kancheepuram,Kancheepuram Response Zone,T+36h,36,1316427,1527551,3546294,2856450,7315,10401,385526,326514
ASM001269,EVT008,Kancheepuram,Kancheepuram Response Zone,T+36h,36,1414338,1527117,3267492,2662381,8499,10831,196400,155541
ASM001270,EVT008,Kancheepuram,Kancheepuram Response Zone,T+36h,36,2055369,1808227,2155356,2337812,25970,22125,251803,254986
ASM001271,EVT008,Kancheepuram,Kancheepuram Response Zone,T+48h,48,1886139,1677723,1904041,2141952,23332,19660,151348,154502
ASM001272,EVT008,Kancheepuram,Kancheepuram Response Zone,T+48h,48,1660239,1531399,1141201,1818437,21145,21178,95885,139345
ASM001273,EVT008,Kancheepuram,Kancheepuram Response Zone,T+48h,48,1262090,1476265,1592115,2057916,11486,13974,119082,135608
ASM001274,EVT008,Kancheepuram,Kancheepuram Response Zone,T+48h,48,1262073,1353826,1396252,1763693,26075,27366,68859,81482
ASM001275,EVT008,Kancheepuram,Kancheepuram Response Zone,T+48h,48,1996901,1778854,2415567,2354230,52368,45851,215813,198442
ASM001276,EVT008,Kancheepuram,Kancheepuram Response Zone,T+72h,72,1393212,1345270,1830563,1990923,32506,31183,112256,125479
ASM001277,EVT008,Kancheepuram,Kancheepuram Response Zone,T+72h,72,2268794,1798536,1516569,1914484,73782,59496,95415,123821
ASM001278,EVT008,Kancheepuram,Kancheepuram Response Zone,T+72h,72,1359586,1337020,1800464,1861866,16534,14948,147714,155551
ASM001279,EVT008,Kancheepuram,Kancheepuram Response Zone,T+72h,72,1297290,1368588,2095336,1869483,14290,13661,143463,128070
ASM001280,EVT008,Kancheepuram,Kancheepuram Response Zone,T+72h,72,1281584,1323734,2278599,2084102,18867,20343,144269,137672
ASM001281,EVT008,Tiruvallur,Tiruvallur Response Zone,T+0h,0,1187868,1201680,1007070,1322101,12167,12095,57565,77575
ASM001282,EVT008,Tiruvallur,Tiruvallur Response Zone,T+0h,0,1058294,1067411,1506926,1503142,10319,11258,101664,100973
ASM001283,EVT008,Tiruvallur,Tiruvallur Response Zone,T+0h,0,1305222,1262407,1055481,1320189,10915,8915,39629,50182
ASM001284,EVT008,Tiruvallur,Tiruvallur Response Zone,T+0h,0,1307360,1099792,1850277,1592535,14441,11326,79573,68610
ASM001285,EVT008,Tiruvallur,Tiruvallur Response Zone,T+0h,0,952302,1072466,1900384,1731120,3852,5018,108211,95819
ASM001286,EVT008,Tiruvallur,Tiruvallur Response Zone,T+3h,3,835426,1038979,1181804,1368840,7295,11309,49952,61074
ASM001287,EVT008,Tiruvallur,Tiruvallur Response Zone,T+3h,3,762896,954572,1320650,1494063,5235,8380,88708,103587
ASM001288,EVT008,Tiruvallur,Tiruvallur Response Zone,T+3h,3,1364980,1309431,1486971,1624323,9102,8658,75659,84950
ASM001289,EVT008,Tiruvallur,Tiruvallur Response Zone,T+3h,3,871318,1009044,867592,1286936,7727,10531,51276,77478
ASM001290,EVT008,Tiruvallur,Tiruvallur Response Zone,T+3h,3,670686,919550,1551468,1505473,6055,10565,80358,83271
ASM001291,EVT008,Tiruvallur,Tiruvallur Response Zone,T+6h,6,1485864,1490816,1710438,1777737,9220,9774,81766,84718
ASM001292,EVT008,Tiruvallur,Tiruvallur Response Zone,T+6h,6,2210197,1857022,2219541,1961388,33493,25782,97596,82395
ASM001293,EVT008,Tiruvallur,Tiruvallur Response Zone,T+6h,6,1159334,1189916,1201105,1429605,6269,6384,72263,87035
ASM001294,EVT008,Tiruvallur,Tiruvallur Response Zone,T+6h,6,1581664,1550545,1591547,1645291,18948,17115,91417,101665
ASM001295,EVT008,Tiruvallur,Tiruvallur Response Zone,T+6h,6,1325035,1402861,1271805,1537537,12796,13655,106961,134067
ASM001296,EVT008,Tiruvallur,Tiruvallur Response Zone,T+12h,12,1352891,1457763,1500791,1765846,12094,12781,126796,143033
ASM001297,EVT008,Tiruvallur,Tiruvallur Response Zone,T+12h,12,1545816,1497110,1340679,1716945,22323,20150,129471,160510
ASM001298,EVT008,Tiruvallur,Tiruvallur Response Zone,T+12h,12,1058899,1086686,1972381,1693576,5849,6360,129262,109825
ASM001299,EVT008,Tiruvallur,Tiruvallur Response Zone,T+12h,12,1410119,1509262,1478508,1702060,17144,16243,77586,86617
ASM001300,EVT008,Tiruvallur,Tiruvallur Response Zone,T+12h,12,1227501,1214487,1629099,1587617,5997,5744,96471,88306
ASM001301,EVT008,Tiruvallur,Tiruvallur Response Zone,T+24h,24,1792272,1894947,2830219,2838837,12047,14056,336049,340917
ASM001302,EVT008,Tiruvallur,Tiruvallur Response Zone,T+24h,24,2533281,2375856,2208307,2514218,28752,26866,224845,242950
ASM001303,EVT008,Tiruvallur,Tiruvallur Response Zone,T+24h,24,2007873,2099300,2853070,2847677,41691,42985,212223,200090
ASM001304,EVT008,Tiruvallur,Tiruvallur Response Zone,T+24h,24,1781900,1928438,3638876,3300369,33381,38479,446592,398620
ASM001305,EVT008,Tiruvallur,Tiruvallur Response Zone,T+24h,24,2335302,2263960,2315643,2647961,27357,26014,274421,310045
ASM001306,EVT008,Tiruvallur,Tiruvallur Response Zone,T+36h,36,1730535,1943217,3767478,3419270,14494,18575,402094,375507
ASM001307,EVT008,Tiruvallur,Tiruvallur Response Zone,T+36h,36,1981188,1963411,2460100,2569273,19840,19505,267657,279040
ASM001308,EVT008,Tiruvallur,Tiruvallur Response Zone,T+36h,36,1929956,1885781,2508135,2563618,11894,11158,186157,190099
ASM001309,EVT008,Tiruvallur,Tiruvallur Response Zone,T+36h,36,2592905,2475498,3463012,3133284,19643,16386,398170,376344
ASM001310,EVT008,Tiruvallur,Tiruvallur Response Zone,T+36h,36,2233859,2163731,2480386,2567878,27077,26364,124792,127333
ASM001311,EVT008,Tiruvallur,Tiruvallur Response Zone,T+48h,48,1886685,1879898,2928879,2844014,28531,29425,313927,294900
ASM001312,EVT008,Tiruvallur,Tiruvallur Response Zone,T+48h,48,2412595,2202407,2707397,2684701,38182,35064,176049,176513
ASM001313,EVT008,Tiruvallur,Tiruvallur Response Zone,T+48h,48,2452818,2199016,2800572,2756264,47664,41168,172431,163436
ASM001314,EVT008,Tiruvallur,Tiruvallur Response Zone,T+48h,48,2261497,2074886,1727932,2246026,48548,44920,205973,252150
ASM001315,EVT008,Tiruvallur,Tiruvallur Response Zone,T+48h,48,1822455,1964071,1694347,2223439,33673,34151,93539,128345
ASM001316,EVT008,Tiruvallur,Tiruvallur Response Zone,T+72h,72,1551808,1798948,3487380,2979352,31934,38390,286470,259326
ASM001317,EVT008,Tiruvallur,Tiruvallur Response Zone,T+72h,72,1504251,1800570,3457707,2967448,12085,15414,180935,161756
ASM001318,EVT008,Tiruvallur,Tiruvallur Response Zone,T+72h,72,1857248,1906582,2317599,2415515,18083,22482,179383,216301
ASM001319,EVT008,Tiruvallur,Tiruvallur Response Zone,T+72h,72,1587150,1708920,2519331,2549080,12981,14677,203746,225820
ASM001320,EVT008,Tiruvallur,Tiruvallur Response Zone,T+72h,72,1879218,1891750,3084696,2820391,18647,22181,299049,274489
ASM001321,EVT009,Chennai,Chennai Response Zone,T+0h,0,641596,725725,1053305,883971,6818,7573,28681,26331
ASM001322,EVT009,Chennai,Chennai Response Zone,T+0h,0,563319,532979,430483,673918,3785,3638,10242,16139
ASM001323,EVT009,Chennai,Chennai Response Zone,T+0h,0,471126,489369,543920,711934,4374,4485,15788,21841
ASM001324,EVT009,Chennai,Chennai Response Zone,T+0h,0,505240,503269,571912,675448,4176,4263,7238,9357
ASM001325,EVT009,Chennai,Chennai Response Zone,T+0h,0,698969,696380,1176922,987025,4419,4738,44411,41476
ASM001326,EVT009,Chennai,Chennai Response Zone,T+3h,3,507969,693873,1933661,1454564,1781,3264,78044,62368
ASM001327,EVT009,Chennai,Chennai Response Zone,T+3h,3,617747,790753,939310,1183128,5754,9250,18520,20833
ASM001328,EVT009,Chennai,Chennai Response Zone,T+3h,3,829427,851578,837475,1176621,3702,4096,38822,53768
ASM001329,EVT009,Chennai,Chennai Response Zone,T+3h,3,562647,638014,1075559,982830,5683,8145,19573,19204
ASM001330,EVT009,Chennai,Chennai Response Zone,T+3h,3,923496,887186,1501622,1280074,6801,5996,43031,36029
ASM001331,EVT009,Chennai,Chennai Response Zone,T+6h,6,1054975,922873,1063407,1180573,11031,8752,27191,28449
ASM001332,EVT009,Chennai,Chennai Response Zone,T+6h,6,879554,734478,777907,867205,9716,8269,33194,36200
ASM001333,EVT009,Chennai,Chennai Response Zone,T+6h,6,721936,733238,1331456,1229893,7682,8615,42398,36682
ASM001334,EVT009,Chennai,Chennai Response Zone,T+6h,6,1025442,869064,1237216,1251596,11883,8471,32716,31104
ASM001335,EVT009,Chennai,Chennai Response Zone,T+6h,6,776058,745732,784213,1082841,10275,10272,27143,32946
ASM001336,EVT009,Chennai,Chennai Response Zone,T+12h,12,982699,1030455,1599936,1531339,12898,14311,111456,107272
ASM001337,EVT009,Chennai,Chennai Response Zone,T+12h,12,832772,899085,1613227,1476133,8605,9930,78578,67990
ASM001338,EVT009,Chennai,Chennai Response Zone,T+12h,12,866316,922176,1741647,1430996,8534,9223,98424,86729
ASM001339,EVT009,Chennai,Chennai Response Zone,T+12h,12,1037040,1083318,1452908,1566967,14561,14830,69963,75164
ASM001340,EVT009,Chennai,Chennai Response Zone,T+12h,12,1105124,1061196,1311807,1453334,15681,15207,53235,58608
ASM001341,EVT009,Chennai,Chennai Response Zone,T+24h,24,1378542,1298427,2571941,2145084,11741,10942,91115,73822
ASM001342,EVT009,Chennai,Chennai Response Zone,T+24h,24,1346263,1317096,1413601,1787186,20600,21448,69882,85488
ASM001343,EVT009,Chennai,Chennai Response Zone,T+24h,24,1455495,1330309,2153756,1996971,21951,20846,100301,95546
ASM001344,EVT009,Chennai,Chennai Response Zone,T+24h,24,1686711,1536617,1427200,1847615,15424,12055,95430,122555
ASM001345,EVT009,Chennai,Chennai Response Zone,T+24h,24,1594848,1377721,2410149,2092822,28148,23299,74125,61566
ASM001346,EVT009,Chennai,Chennai Response Zone,T+36h,36,1001077,1147302,1874567,1984983,8350,11665,89198,84218
ASM001347,EVT009,Chennai,Chennai Response Zone,T+36h,36,801056,980505,2707391,2232679,9101,15869,202999,192680
ASM001348,EVT009,Chennai,Chennai Response Zone,T+36h,36,1517205,1389518,2103353,2015412,27414,22830,124611,116696
ASM001349,EVT009,Chennai,Chennai Response Zone,T+36h,36,1023697,1242162,1437319,1798559,10744,15874,47935,65974
ASM001350,EVT009,Chennai,Chennai Response Zone,T+36h,36,1297245,1291268,2841469,2307711,14779,15800,160892,140093
ASM001351,EVT009,Chennai,Chennai Response Zone,T+48h,48,846901,935973,2323524,1884915,16403,19475,110041,95550
ASM001352,EVT009,Chennai,Chennai Response Zone,T+48h,48,829443,1085308,2323075,2019188,11740,16378,134700,117387
ASM001353,EVT009,Chennai,Chennai Response Zone,T+48h,48,990129,924581,1085345,1255580,14656,14321,30564,32876
ASM001354,EVT009,Chennai,Chennai Response Zone,T+48h,48,986489,922832,1186411,1247296,8672,8191,48547,53285
ASM001355,EVT009,Chennai,Chennai Response Zone,T+48h,48,838326,885251,1392776,1381889,9085,10883,32122,31897
ASM001356,EVT009,Chennai,Chennai Response Zone,T+72h,72,625028,853391,1294043,1461923,8135,13686,47615,55457
ASM001357,EVT009,Chennai,Chennai Response Zone,T+72h,72,848321,923391,2217987,1702101,6094,7369,95603,81583
ASM001358,EVT009,Chennai,Chennai Response Zone,T+72h,72,1271164,1137487,1867677,1748136,11751,11066,98543,95892
ASM001359,EVT009,Chennai,Chennai Response Zone,T+72h,72,959146,1245023,993389,1556712,12100,16683,62296,96621
ASM001360,EVT009,Chennai,Chennai Response Zone,T+72h,72,1240380,1119657,1848924,1805211,21708,19776,95688,91009
ASM001361,EVT009,Tiruvallur,Tiruvallur Response Zone,T+0h,0,604182,649397,755470,864718,2903,3140,25963,28470
ASM001362,EVT009,Tiruvallur,Tiruvallur Response Zone,T+0h,0,795907,711163,961191,960814,9861,8687,35991,34748
ASM001363,EVT009,Tiruvallur,Tiruvallur Response Zone,T+0h,0,758279,740275,953758,1146222,7402,7657,47695,52506
ASM001364,EVT009,Tiruvallur,Tiruvallur Response Zone,T+0h,0,534086,645455,1086844,915414,5643,7811,46690,43485
ASM001365,EVT009,Tiruvallur,Tiruvallur Response Zone,T+0h,0,766136,638975,1096570,884234,9078,6996,32657,28158
ASM001366,EVT009,Tiruvallur,Tiruvallur Response Zone,T+3h,3,691885,700163,1075585,952225,7483,8134,43814,41740
ASM001367,EVT009,Tiruvallur,Tiruvallur Response Zone,T+3h,3,714676,714631,909302,947035,8076,8194,27722,31943
ASM001368,EVT009,Tiruvallur,Tiruvallur Response Zone,T+3h,3,578021,685216,954870,898854,2872,3832,35698,36292
ASM001369,EVT009,Tiruvallur,Tiruvallur Response Zone,T+3h,3,714800,775004,1038614,1191888,7701,9143,20715,20647
ASM001370,EVT009,Tiruvallur,Tiruvallur Response Zone,T+3h,3,580110,653834,786516,883604,5135,5965,25259,31233
ASM001371,EVT009,Tiruvallur,Tiruvallur Response Zone,T+6h,6,525420,558892,846615,816084,2320,2680,21380,21154
ASM001372,EVT009,Tiruvallur,Tiruvallur Response Zone,T+6h,6,875380,721732,948161,892482,8838,6520,31289,30110
ASM001373,EVT009,Tiruvallur,Tiruvallur Response Zone,T+6h,6,491455,631463,1333704,938875,4049,5683,43468,36198
ASM001374,EVT009,Tiruvallur,Tiruvallur Response Zone,T+6h,6,492984,631119,1299564,948491,4597,7665,40134,33094
ASM001375,EVT009,Tiruvallur,Tiruvallur Response Zone,T+6h,6,787747,673552,695096,836503,4537,3601,26873,29038
ASM001376,EVT009,Tiruvallur,Tiruvallur Response Zone,T+12h,12,689287,728186,1198011,1040336,7061,8722,41284,36834
ASM001377,EVT009,Tiruvallur,Tiruvallur Response Zone,T+12h,12,568529,624413,699089,852384,6367,7934,20477,23841
ASM001378,EVT009,Tiruvallur,Tiruvallur Response Zone,T+12h,12,976831,890700,1258269,1204406,4940,4617,34588,31353
ASM001379,EVT009,Tiruvallur,Tiruvallur Response Zone,T+12h,12,615512,674737,799778,845861,5159,6370,15675,18077
ASM001380,EVT009,Tiruvallur,Tiruvallur Response Zone,T+12h,12,970475,731236,711388,872648,6009,4343,23315,29296
ASM001381,EVT009,Tiruvallur,Tiruvallur Response Zone,T+24h,24,1176258,1086350,1686888,1587394,8095,7032,93113,88587
ASM001382,EVT009,Tiruvallur,Tiruvallur Response Zone,T+24h,24,1059565,1148768,928852,1481166,17846,20737,62003,94043
ASM001383,EVT009,Tiruvallur,Tiruvallur Response Zone,T+24h,24,1741443,1356172,1102233,1480750,35707,27232,65975,89423
ASM001384,EVT009,Tiruvallur,Tiruvallur Response Zone,T+24h,24,960989,1044397,1522179,1521407,8339,10035,71289,74957
ASM001385,EVT009,Tiruvallur,Tiruvallur Response Zone,T+24h,24,1246306,1094590,1677380,1625815,13637,10874,95074,99105
ASM001386,EVT009,Tiruvallur,Tiruvallur Response Zone,T+36h,36,1146952,1058736,1442721,1561342,19254,19670,68975,72038
ASM001387,EVT009,Tiruvallur,Tiruvallur Response Zone,T+36h,36,1343009,1113857,1032837,1434237,21067,16750,44226,57031
ASM001388,EVT009,Tiruvallur,Tiruvallur Response Zone,T+36h,36,1565865,1327419,1372641,1520011,19948,15575,51680,60910
ASM001389,EVT009,Tiruvallur,Tiruvallur Response Zone,T+36h,36,1115774,1105485,1835483,1624676,10822,10801,121976,114082
ASM001390,EVT009,Tiruvallur,Tiruvallur Response Zone,T+36h,36,956815,1087473,1887781,1653052,8543,10511,77306,66821
ASM001391,EVT009,Tiruvallur,Tiruvallur Response Zone,T+48h,48,1351784,1328354,1794341,1774146,32870,30941,87981,86208
ASM001392,EVT009,Tiruvallur,Tiruvallur Response Zone,T+48h,48,794798,896732,1853842,1525979,14921,16990,96505,87297
ASM001393,EVT009,Tiruvallur,Tiruvallur Response Zone,T+48h,48,1682263,1395570,1819009,1631585,16159,12556,82377,78641
ASM001394,EVT009,Tiruvallur,Tiruvallur Response Zone,T+48h,48,1152541,1152120,1368865,1538506,26330,25326,68240,72350
ASM001395,EVT009,Tiruvallur,Tiruvallur Response Zone,T+48h,48,1101664,1184234,1615261,1705715,8462,10241,44939,47769
ASM001396,EVT009,Tiruvallur,Tiruvallur Response Zone,T+72h,72,1061276,1028184,1081630,1451713,12279,12969,58725,77267
ASM001397,EVT009,Tiruvallur,Tiruvallur Response Zone,T+72h,72,747788,910469,1446915,1523680,12418,16229,82243,87031
ASM001398,EVT009,Tiruvallur,Tiruvallur Response Zone,T+72h,72,782234,924509,1885953,1487469,11772,14913,71000,59634
ASM001399,EVT009,Tiruvallur,Tiruvallur Response Zone,T+72h,72,1255739,1050860,1741506,1501101,22541,18142,78103,67841
ASM001400,EVT009,Tiruvallur,Tiruvallur Response Zone,T+72h,72,921978,994856,2235299,1705311,13712,16492,124298,102191
ASM001401,EVT009,Chengalpattu,Chengalpattu Response Zone,T+0h,0,462937,540960,705151,828277,4978,6468,17594,20451
ASM001402,EVT009,Chengalpattu,Chengalpattu Response Zone,T+0h,0,670541,635471,1221919,879288,6032,5390,57810,50512
ASM001403,EVT009,Chengalpattu,Chengalpattu Response Zone,T+0h,0,609722,544514,617915,689560,4151,3375,14711,15585
ASM001404,EVT009,Chengalpattu,Chengalpattu Response Zone,T+0h,0,748345,717243,1243982,884518,4692,4117,45672,36459
ASM001405,EVT009,Chengalpattu,Chengalpattu Response Zone,T+0h,0,793461,737823,897369,855886,5081,4090,28861,29996
ASM001406,EVT009,Chengalpattu,Chengalpattu Response Zone,T+3h,3,501345,573640,998106,890660,2977,3693,39557,36849
ASM001407,EVT009,Chengalpattu,Chengalpattu Response Zone,T+3h,3,414695,530084,1061206,821286,2335,3494,23504,18549
ASM001408,EVT009,Chengalpattu,Chengalpattu Response Zone,T+3h,3,810267,674844,771286,841494,8207,6705,15335,15805
ASM001409,EVT009,Chengalpattu,Chengalpattu Response Zone,T+3h,3,519396,563611,782782,797388,6025,6174,19480,19444
ASM001410,EVT009,Chengalpattu,Chengalpattu Response Zone,T+3h,3,552277,594166,1117287,897938,5393,6261,44549,35974
ASM001411,EVT009,Chengalpattu,Chengalpattu Response Zone,T+6h,6,826076,735246,834242,895862,5066,4191,36721,36466
ASM001412,EVT009,Chengalpattu,Chengalpattu Response Zone,T+6h,6,725303,720062,643907,855213,9476,8646,30415,41097
ASM001413,EVT009,Chengalpattu,Chengalpattu Response Zone,T+6h,6,829070,774140,1838478,1417940,4206,4431,102993,83547
ASM001414,EVT009,Chengalpattu,Chengalpattu Response Zone,T+6h,6,938001,768783,758836,875916,13709,9158,35882,40875
ASM001415,EVT009,Chengalpattu,Chengalpattu Response Zone,T+6h,6,620332,726217,995143,923096,3160,4183,39984,39210
ASM001416,EVT009,Chengalpattu,Chengalpattu Response Zone,T+12h,12,822529,755402,1291934,950098,6255,5606,45371,36953
ASM001417,EVT009,Chengalpattu,Chengalpattu Response Zone,T+12h,12,678730,731296,759855,821586,7917,8240,20310,23523
ASM001418,EVT009,Chengalpattu,Chengalpattu Response Zone,T+12h,12,693690,729919,695765,868489,7951,7945,24567,30586
ASM001419,EVT009,Chengalpattu,Chengalpattu Response Zone,T+12h,12,920810,765014,949369,845765,5104,4259,27402,26742
ASM001420,EVT009,Chengalpattu,Chengalpattu Response Zone,T+12h,12,699757,643703,522891,844445,8473,7949,11442,17325
ASM001421,EVT009,Chengalpattu,Chengalpattu Response Zone,T+24h,24,1205402,1087121,1491419,1564928,20192,19167,111600,108593
ASM001422,EVT009,Chengalpattu,Chengalpattu Response Zone,T+24h,24,1366564,1172202,1645144,1522546,27298,22499,50585,48983
ASM001423,EVT009,Chengalpattu,Chengalpattu Response Zone,T+24h,24,1017062,1031837,1503620,1533871,8745,10272,91131,89809
ASM001424,EVT009,Chengalpattu,Chengalpattu Response Zone,T+24h,24,909880,1023717,1103027,1477228,10088,12992,68747,93094
ASM001425,EVT009,Chengalpattu,Chengalpattu Response Zone,T+24h,24,888234,1062776,2320309,1779386,9277,12004,90063,69411
ASM001426,EVT009,Chengalpattu,Chengalpattu Response Zone,T+36h,36,738886,1004169,1581582,1567382,6636,9723,50552,48708
ASM001427,EVT009,Chengalpattu,Chengalpattu Response Zone,T+36h,36,1545148,1151357,2144417,1542019,18874,12018,87336,65163
ASM001428,EVT009,Chengalpattu,Chengalpattu Response Zone,T+36h,36,799468,951834,1329525,1461128,5389,6574,55515,59412
ASM001429,EVT009,Chengalpattu,Chengalpattu Response Zone,T+36h,36,1051736,1076548,1280574,1580954,8147,9204,77655,90238
ASM001430,EVT009,Chengalpattu,Chengalpattu Response Zone,T+36h,36,989372,1057082,1691762,1565037,12434,13803,109353,106710
ASM001431,EVT009,Chengalpattu,Chengalpattu Response Zone,T+48h,48,1106263,1058980,1474203,1465410,10259,10037,91322,94810
ASM001432,EVT009,Chengalpattu,Chengalpattu Response Zone,T+48h,48,1162485,996624,1059264,1364157,14916,13374,45790,57096
ASM001433,EVT009,Chengalpattu,Chengalpattu Response Zone,T+48h,48,1171604,999274,2085898,1540821,19595,17288,113936,87633
ASM001434,EVT009,Chengalpattu,Chengalpattu Response Zone,T+48h,48,880090,973435,1291604,1464818,8037,9733,78116,86373
ASM001435,EVT009,Chengalpattu,Chengalpattu Response Zone,T+48h,48,1002173,1065994,1006192,1463665,19864,19296,67602,87900
ASM001436,EVT009,Chengalpattu,Chengalpattu Response Zone,T+72h,72,994087,940694,1980708,1618021,22201,19495,124386,102948
ASM001437,EVT009,Chengalpattu,Chengalpattu Response Zone,T+72h,72,860228,915306,1190568,1322994,16712,18378,72741,79018
ASM001438,EVT009,Chengalpattu,Chengalpattu Response Zone,T+72h,72,1225025,1012493,1119603,1294041,30291,22619,48812,56157
ASM001439,EVT009,Chengalpattu,Chengalpattu Response Zone,T+72h,72,1007883,924650,843281,1187690,8094,7909,19052,28585
ASM001440,EVT009,Chengalpattu,Chengalpattu Response Zone,T+72h,72,1056955,975018,2159771,1664127,19662,18923,129696,105720
ASM001441,EVT009,Kancheepuram,Kancheepuram Response Zone,T+0h,0,600617,578187,505938,693273,5028,4259,11861,16214
ASM001442,EVT009,Kancheepuram,Kancheepuram Response Zone,T+0h,0,815650,727202,892847,854409,5709,4386,27406,26963
ASM001443,EVT009,Kancheepuram,Kancheepuram Response Zone,T+0h,0,582809,578679,948508,856481,7018,6242,26621,24792
ASM001444,EVT009,Kancheepuram,Kancheepuram Response Zone,T+0h,0,355254,414895,714288,734405,2880,4310,27726,30634
ASM001445,EVT009,Kancheepuram,Kancheepuram Response Zone,T+0h,0,584284,582916,709341,757155,6464,6610,13576,14804
ASM001446,EVT009,Kancheepuram,Kancheepuram Response Zone,T+3h,3,338817,362605,356372,521232,3358,3927,11180,15478
ASM001447,EVT009,Kancheepuram,Kancheepuram Response Zone,T+3h,3,469163,522893,573959,681927,5231,6253,14076,16782
ASM001448,EVT009,Kancheepuram,Kancheepuram Response Zone,T+3h,3,625567,621021,785483,825987,2806,2459,23316,22232
ASM001449,EVT009,Kancheepuram,Kancheepuram Response Zone,T+3h,3,631158,571910,559361,738081,7457,6222,24332,29083
ASM001450,EVT009,Kancheepuram,Kancheepuram Response Zone,T+3h,3,445393,421714,649938,668995,5270,5593,15493,14160
ASM001451,EVT009,Kancheepuram,Kancheepuram Response Zone,T+6h,6,622899,623199,911487,848091,5062,5167,20446,18632
ASM001452,EVT009,Kancheepuram,Kancheepuram Response Zone,T+6h,6,729935,616065,924067,811553,8659,6553,34114,31738
ASM001453,EVT009,Kancheepuram,Kancheepuram Response Zone,T+6h,6,545170,558270,516822,712325,3477,3448,18005,22746
ASM001454,EVT009,Kancheepuram,Kancheepuram Response Zone,T+6h,6,1099009,847477,1611939,1111235,7415,5325,81060,65560
ASM001455,EVT009,Kancheepuram,Kancheepuram Response Zone,T+6h,6,594488,566385,856411,749532,5665,5105,22655,20799
ASM001456,EVT009,Kancheepuram,Kancheepuram Response Zone,T+12h,12,371408,502361,693189,706618,4285,6422,19436,19377
ASM001457,EVT009,Kancheepuram,Kancheepuram Response Zone,T+12h,12,621936,621110,975032,896588,5269,4258,45417,39703
ASM001458,EVT009,Kancheepuram,Kancheepuram Response Zone,T+12h,12,666221,645222,1468928,972850,5506,5291,47911,37626
ASM001459,EVT009,Kancheepuram,Kancheepuram Response Zone,T+12h,12,857646,767612,613905,897442,5519,4657,21723,30800
ASM001460,EVT009,Kancheepuram,Kancheepuram Response Zone,T+12h,12,722903,668247,791147,848956,6661,6367,20201,19721
ASM001461,EVT009,Kancheepuram,Kancheepuram Response Zone,T+24h,24,930720,981233,796553,1271023,10510,11075,46686,75197
ASM001462,EVT009,Kancheepuram,Kancheepuram Response Zone,T+24h,24,788411,911332,1475386,1431224,11061,14980,46071,46851
ASM001463,EVT009,Kancheepuram,Kancheepuram Response Zone,T+24h,24,826108,870416,1334757,1350291,5449,5519,41307,39533
ASM001464,EVT009,Kancheepuram,Kancheepuram Response Zone,T+24h,24,839916,958333,1464658,1463296,9600,11908,72887,72579
ASM001465,EVT009,Kancheepuram,Kancheepuram Response Zone,T+24h,24,878082,934541,1200143,1298288,9659,10433,42604,49896
ASM001466,EVT009,Kancheepuram,Kancheepuram Response Zone,T+36h,36,1047623,1002313,848264,1230011,6682,6408,56646,76901
ASM001467,EVT009,Kancheepuram,Kancheepuram Response Zone,T+36h,36,1222316,994624,1451718,1337401,14224,11128,77022,74546
ASM001468,EVT009,Kancheepuram,Kancheepuram Response Zone,T+36h,36,1051268,989917,2074782,1626569,18491,18549,149906,124636
ASM001469,EVT009,Kancheepuram,Kancheepuram Response Zone,T+36h,36,676172,825462,1113558,1272479,9519,11790,53965,61507
ASM001470,EVT009,Kancheepuram,Kancheepuram Response Zone,T+36h,36,1054926,1012309,1637503,1476257,6472,6495,110985,104369
ASM001471,EVT009,Kancheepuram,Kancheepuram Response Zone,T+48h,48,960166,867596,748316,957727,18240,14936,22065,30584
ASM001472,EVT009,Kancheepuram,Kancheepuram Response Zone,T+48h,48,699358,830843,1284898,1251117,7613,9283,46171,46538
ASM001473,EVT009,Kancheepuram,Kancheepuram Response Zone,T+48h,48,761492,803863,1040387,1104495,12054,13651,41242,45067
ASM001474,EVT009,Kancheepuram,Kancheepuram Response Zone,T+48h,48,809857,875181,1002084,1111174,14604,14311,53158,57960
ASM001475,EVT009,Kancheepuram,Kancheepuram Response Zone,T+48h,48,655396,752599,955113,1021479,13202,15447,52928,57544
ASM001476,EVT009,Kancheepuram,Kancheepuram Response Zone,T+72h,72,1081708,983993,1283560,1375306,19677,18498,73226,78588
ASM001477,EVT009,Kancheepuram,Kancheepuram Response Zone,T+72h,72,794822,825462,1284710,1253289,12926,13625,40515,39767
ASM001478,EVT009,Kancheepuram,Kancheepuram Response Zone,T+72h,72,1022676,962087,992370,1265925,12568,12070,54535,74403
ASM001479,EVT009,Kancheepuram,Kancheepuram Response Zone,T+72h,72,773721,880286,1213010,1314281,14135,18285,31027,33842
ASM001480,EVT009,Kancheepuram,Kancheepuram Response Zone,T+72h,72,913992,934775,1387894,1407410,22023,22308,54359,54224
ASM001481,EVT010,Chennai,Chennai Response Zone,T+0h,0,1378307,1348521,1274856,1454995,13997,13682,97275,107640
ASM001482,EVT010,Chennai,Chennai Response Zone,T+0h,0,943657,974808,2184118,1964972,5447,6556,57721,46301
ASM001483,EVT010,Chennai,Chennai Response Zone,T+0h,0,1523856,1351107,1147327,1444982,13268,10854,43250,49376
ASM001484,EVT010,Chennai,Chennai Response Zone,T+0h,0,999442,1085176,1241549,1369157,12215,14158,36131,42139
ASM001485,EVT010,Chennai,Chennai Response Zone,T+0h,0,1185143,1141357,1225582,1410190,9083,8499,47974,59091
ASM001486,EVT010,Chennai,Chennai Response Zone,T+3h,3,1278599,1128705,2379405,1970192,13907,12029,111228,91557
ASM001487,EVT010,Chennai,Chennai Response Zone,T+3h,3,733992,917589,1536164,1533915,5611,8382,66212,61558
ASM001488,EVT010,Chennai,Chennai Response Zone,T+3h,3,609248,780899,938200,1229616,3955,6633,30905,36378
ASM001489,EVT010,Chennai,Chennai Response Zone,T+3h,3,718393,925739,1729584,1363887,6280,9635,55088,46174
ASM001490,EVT010,Chennai,Chennai Response Zone,T+3h,3,1118499,983260,1250369,1227028,10058,8736,52633,54293
ASM001491,EVT010,Chennai,Chennai Response Zone,T+6h,6,939525,1002177,1528592,1447054,8548,9767,63417,60276
ASM001492,EVT010,Chennai,Chennai Response Zone,T+6h,6,1875788,1609512,1384115,1405268,31407,25615,39605,42396
ASM001493,EVT010,Chennai,Chennai Response Zone,T+6h,6,978045,1024477,1283793,1478261,4394,5150,67101,82687
ASM001494,EVT010,Chennai,Chennai Response Zone,T+6h,6,1121993,1067166,1642936,1570278,12867,13013,82068,83285
ASM001495,EVT010,Chennai,Chennai Response Zone,T+6h,6,1407994,1215213,1271654,1429055,9769,7798,82984,90117
ASM001496,EVT010,Chennai,Chennai Response Zone,T+12h,12,1672704,1290581,2454392,1961714,23428,16385,118839,93240
ASM001497,EVT010,Chennai,Chennai Response Zone,T+12h,12,1795290,1499096,1208157,1483494,24687,17550,89810,108696
ASM001498,EVT010,Chennai,Chennai Response Zone,T+12h,12,1480390,1263893,2414065,2013557,19501,15775,188605,157494
ASM001499,EVT010,Chennai,Chennai Response Zone,T+12h,12,1543861,1472366,1647568,1656466,13879,10765,76962,77630
ASM001500,EVT010,Chennai,Chennai Response Zone,T+12h,12,1306373,1220637,1717223,1745848,7138,6613,113193,118698
ASM001501,EVT010,Chennai,Chennai Response Zone,T+24h,24,2139700,2060979,3267608,2929173,42077,37473,187314,163042
ASM001502,EVT010,Chennai,Chennai Response Zone,T+24h,24,1752717,1843556,2492650,2809944,32291,34748,212448,229830
ASM001503,EVT010,Chennai,Chennai Response Zone,T+24h,24,1644913,1772264,3483668,3033661,22942,27843,242391,207779
ASM001504,EVT010,Chennai,Chennai Response Zone,T+24h,24,1789153,1762150,1352091,1949564,13106,14022,111619,147028
ASM001505,EVT010,Chennai,Chennai Response Zone,T+24h,24,1882683,1898370,2256833,2453063,37365,36290,110406,131632
ASM001506,EVT010,Chennai,Chennai Response Zone,T+36h,36,1554605,1626059,2019352,2362030,17135,19679,156330,184123
ASM001507,EVT010,Chennai,Chennai Response Zone,T+36h,36,1974816,1806442,1825455,2196738,33020,29337,77540,98920
ASM001508,EVT010,Chennai,Chennai Response Zone,T+36h,36,2099235,1847456,2545244,2489950,30618,26086,228317,214893
ASM001509,EVT010,Chennai,Chennai Response Zone,T+36h,36,1674086,1672230,2707036,2552245,19160,18745,189442,182674
ASM001510,EVT010,Chennai,Chennai Response Zone,T+36h,36,2401101,2141944,3174397,2702165,27096,21858,190562,165681
ASM001511,EVT010,Chennai,Chennai Response Zone,T+48h,48,1213099,1472103,2345760,2088035,11785,17309,86414,76865
ASM001512,EVT010,Chennai,Chennai Response Zone,T+48h,48,1506733,1542442,1940155,1993453,18990,20004,68764,74537
ASM001513,EVT010,Chennai,Chennai Response Zone,T+48h,48,1531571,1665015,2867020,2570232,26542,31761,168048,154025
ASM001514,EVT010,Chennai,Chennai Response Zone,T+48h,48,1076457,1424324,2412320,2208232,17682,27911,96488,98491
ASM001515,EVT010,Chennai,Chennai Response Zone,T+48h,48,1668307,1671995,3189154,2820181,21052,20818,218834,191322
ASM001516,EVT010,Chennai,Chennai Response Zone,T+72h,72,1590351,1637026,2993811,2798508,13919,13797,249897,228409
ASM001517,EVT010,Chennai,Chennai Response Zone,T+72h,72,2438304,2068603,2589306,2518279,34882,27185,137030,137678
ASM001518,EVT010,Chennai,Chennai Response Zone,T+72h,72,1738513,1681683,1872625,2152544,27312,23883,132364,170448
ASM001519,EVT010,Chennai,Chennai Response Zone,T+72h,72,1456449,1647443,2201177,2320554,28764,32401,145001,158600
ASM001520,EVT010,Chennai,Chennai Response Zone,T+72h,72,2289163,2036480,2110852,2402615,30320,26198,147276,180538
ASM001521,EVT010,Tiruvallur,Tiruvallur Response Zone,T+0h,0,1211046,1085490,1182274,1224608,13194,10990,41125,45127
ASM001522,EVT010,Tiruvallur,Tiruvallur Response Zone,T+0h,0,1061188,983509,1438046,1298137,7055,6486,85450,80066
ASM001523,EVT010,Tiruvallur,Tiruvallur Response Zone,T+0h,0,973671,1052812,1721500,1698131,4022,4539,103201,94195
ASM001524,EVT010,Tiruvallur,Tiruvallur Response Zone,T+0h,0,665279,765026,1089219,1161836,2609,3393,34929,35375
ASM001525,EVT010,Tiruvallur,Tiruvallur Response Zone,T+0h,0,940551,1029233,1365439,1427399,10712,12984,49570,49924
ASM001526,EVT010,Tiruvallur,Tiruvallur Response Zone,T+3h,3,1363201,1183857,1544138,1446382,7020,5865,86295,84627
ASM001527,EVT010,Tiruvallur,Tiruvallur Response Zone,T+3h,3,1685954,1466865,1342343,1500647,12704,9238,43602,43980
ASM001528,EVT010,Tiruvallur,Tiruvallur Response Zone,T+3h,3,1417477,1161746,1165207,1380179,19705,15769,72738,90741
ASM001529,EVT010,Tiruvallur,Tiruvallur Response Zone,T+3h,3,914431,1045952,891484,1296862,8837,9740,41050,56134
ASM001530,EVT010,Tiruvallur,Tiruvallur Response Zone,T+3h,3,787269,964382,1164699,1269738,4300,5792,49962,58279
ASM001531,EVT010,Tiruvallur,Tiruvallur Response Zone,T+6h,6,1118651,1101597,1623861,1521351,5533,5639,76392,70923
ASM001532,EVT010,Tiruvallur,Tiruvallur Response Zone,T+6h,6,777284,977909,1234582,1354026,8682,13928,39467,42778
ASM001533,EVT010,Tiruvallur,Tiruvallur Response Zone,T+6h,6,1182422,1129720,1449477,1509212,7807,7819,104619,109154
ASM001534,EVT010,Tiruvallur,Tiruvallur Response Zone,T+6h,6,1024880,1006641,1657889,1500553,4911,5370,107381,102512
ASM001535,EVT010,Tiruvallur,Tiruvallur Response Zone,T+6h,6,943473,1058178,1671301,1533417,6788,7966,111748,102952
ASM001536,EVT010,Tiruvallur,Tiruvallur Response Zone,T+12h,12,726062,884117,1067383,1272813,5750,8813,59273,73452
ASM001537,EVT010,Tiruvallur,Tiruvallur Response Zone,T+12h,12,1331204,1351330,2026659,1859529,6880,6352,92426,82892
ASM001538,EVT010,Tiruvallur,Tiruvallur Response Zone,T+12h,12,1038643,1121600,2145902,1788724,7188,8429,154698,137549
ASM001539,EVT010,Tiruvallur,Tiruvallur Response Zone,T+12h,12,789910,930558,1078834,1259645,3754,4928,74588,90776
ASM001540,EVT010,Tiruvallur,Tiruvallur Response Zone,T+12h,12,592167,872666,1153087,1392434,3970,8879,34759,40294
ASM001541,EVT010,Tiruvallur,Tiruvallur Response Zone,T+24h,24,1521205,1493284,2940418,2580006,25025,25106,129776,114965
ASM001542,EVT010,Tiruvallur,Tiruvallur Response Zone,T+24h,24,2374372,2188028,2474538,2592453,27763,25562,229990,221191
ASM001543,EVT010,Tiruvallur,Tiruvallur Response Zone,T+24h,24,2488074,2158278,1439551,1954382,45230,36022,57027,77782
ASM001544,EVT010,Tiruvallur,Tiruvallur Response Zone,T+24h,24,1664604,1697831,1901901,2291614,30240,33036,192616,221654
ASM001545,EVT010,Tiruvallur,Tiruvallur Response Zone,T+24h,24,1462329,1557431,2274729,2262269,8716,10833,150046,155168
ASM001546,EVT010,Tiruvallur,Tiruvallur Response Zone,T+36h,36,1651257,1517533,1677953,1877229,12018,11601,112726,133847
ASM001547,EVT010,Tiruvallur,Tiruvallur Response Zone,T+36h,36,1187825,1345402,1937121,1980773,14657,19012,134818,138683
ASM001548,EVT010,Tiruvallur,Tiruvallur Response Zone,T+36h,36,1488139,1459794,2025637,2011270,19920,19447,108888,105220
ASM001549,EVT010,Tiruvallur,Tiruvallur Response Zone,T+36h,36,1495529,1301808,2715659,2329626,9915,9211,98779,78088
ASM001550,EVT010,Tiruvallur,Tiruvallur Response Zone,T+36h,36,1882943,1580497,1998533,1956436,21354,17822,118740,127101
ASM001551,EVT010,Tiruvallur,Tiruvallur Response Zone,T+48h,48,1353227,1356276,2765428,2315714,28380,29782,199340,173676
ASM001552,EVT010,Tiruvallur,Tiruvallur Response Zone,T+48h,48,1373071,1392449,3078215,2705267,20422,21835,163722,135974
ASM001553,EVT010,Tiruvallur,Tiruvallur Response Zone,T+48h,48,1171347,1332607,3071243,2648064,16369,21086,192653,154827
ASM001554,EVT010,Tiruvallur,Tiruvallur Response Zone,T+48h,48,1224530,1316583,2263886,1975790,15206,17489,82658,75454
ASM001555,EVT010,Tiruvallur,Tiruvallur Response Zone,T+48h,48,1399220,1457105,1304245,1654912,12314,12976,51596,69596
ASM001556,EVT010,Tiruvallur,Tiruvallur Response Zone,T+72h,72,1333839,1423556,2018288,1891997,23209,22336,51053,47177
ASM001557,EVT010,Tiruvallur,Tiruvallur Response Zone,T+72h,72,1458323,1317156,2337993,2016092,31184,26643,107262,92071
ASM001558,EVT010,Tiruvallur,Tiruvallur Response Zone,T+72h,72,1078606,1230635,1822747,1838804,20571,27690,60012,63107
ASM001559,EVT010,Tiruvallur,Tiruvallur Response Zone,T+72h,72,1907787,1607438,3378485,2949919,42478,35303,216075,180309
ASM001560,EVT010,Tiruvallur,Tiruvallur Response Zone,T+72h,72,1060677,1133261,2040095,1753957,7500,8891,72872,60647
ASM001561,EVT010,Kancheepuram,Kancheepuram Response Zone,T+0h,0,773047,807575,1188000,1172326,5381,5940,33043,29420
ASM001562,EVT010,Kancheepuram,Kancheepuram Response Zone,T+0h,0,649357,720717,1408389,1258934,6384,8001,90907,79870
ASM001563,EVT010,Kancheepuram,Kancheepuram Response Zone,T+0h,0,446530,632487,1111462,1133897,1652,3184,53723,50235
ASM001564,EVT010,Kancheepuram,Kancheepuram Response Zone,T+0h,0,839358,733240,543704,835966,3759,3299,28051,40624
ASM001565,EVT010,Kancheepuram,Kancheepuram Response Zone,T+0h,0,812548,742130,885286,972349,4496,4157,52907,57377
ASM001566,EVT010,Kancheepuram,Kancheepuram Response Zone,T+3h,3,693393,723341,1378462,1229946,7509,9389,62928,54875
ASM001567,EVT010,Kancheepuram,Kancheepuram Response Zone,T+3h,3,722554,733534,766099,920078,7856,8167,19601,24561
ASM001568,EVT010,Kancheepuram,Kancheepuram Response Zone,T+3h,3,872143,853112,1000433,1136896,7858,7302,29033,28840
ASM001569,EVT010,Kancheepuram,Kancheepuram Response Zone,T+3h,3,628786,794575,928826,1154795,4376,6412,66397,82475
ASM001570,EVT010,Kancheepuram,Kancheepuram Response Zone,T+3h,3,635690,670462,1493864,1179382,5206,6217,39145,32398
ASM001571,EVT010,Kancheepuram,Kancheepuram Response Zone,T+6h,6,1151707,1066354,2051133,1519203,15052,13125,119996,96899
ASM001572,EVT010,Kancheepuram,Kancheepuram Response Zone,T+6h,6,653006,837002,946122,1177493,7164,9771,57116,73823
ASM001573,EVT010,Kancheepuram,Kancheepuram Response Zone,T+6h,6,920694,894616,1287904,1277618,6296,6439,74726,72804
ASM001574,EVT010,Kancheepuram,Kancheepuram Response Zone,T+6h,6,694779,910053,1021543,1156339,4573,6559,34442,39072
ASM001575,EVT010,Kancheepuram,Kancheepuram Response Zone,T+6h,6,937395,874898,1365360,1146922,9993,9113,47407,40919
ASM001576,EVT010,Kancheepuram,Kancheepuram Response Zone,T+12h,12,866990,925224,1430707,1327613,9046,9426,112544,108446
ASM001577,EVT010,Kancheepuram,Kancheepuram Response Zone,T+12h,12,611679,803430,1379258,1296063,3314,4912,44032,40916
ASM001578,EVT010,Kancheepuram,Kancheepuram Response Zone,T+12h,12,1022360,905116,1177335,1203318,5508,4568,60384,59139
ASM001579,EVT010,Kancheepuram,Kancheepuram Response Zone,T+12h,12,675399,776251,2209738,1632160,3144,4056,100934,78005
ASM001580,EVT010,Kancheepuram,Kancheepuram Response Zone,T+12h,12,729937,844171,945674,1207218,6749,8522,61203,76180
ASM001581,EVT010,Kancheepuram,Kancheepuram Response Zone,T+24h,24,1399055,1370574,1344836,1838284,17522,18591,121082,151271
ASM001582,EVT010,Kancheepuram,Kancheepuram Response Zone,T+24h,24,1320190,1115124,1389377,1494248,22189,19303,57112,57145
ASM001583,EVT010,Kancheepuram,Kancheepuram Response Zone,T+24h,24,991112,1091682,1235952,1729806,11952,16309,85995,115888
ASM001584,EVT010,Kancheepuram,Kancheepuram Response Zone,T+24h,24,1254315,1260943,1242461,1585304,17621,18520,53631,70549
ASM001585,EVT010,Kancheepuram,Kancheepuram Response Zone,T+24h,24,1444283,1344533,1508858,1772162,20273,18766,74271,81544
ASM001586,EVT010,Kancheepuram,Kancheepuram Response Zone,T+36h,36,1675287,1502898,1651094,2022885,34970,29411,94269,117437
ASM001587,EVT010,Kancheepuram,Kancheepuram Response Zone,T+36h,36,1454028,1402298,1585625,1836203,24515,24389,72661,84620
ASM001588,EVT010,Kancheepuram,Kancheepuram Response Zone,T+36h,36,1295857,1417053,2408855,2234414,22717,24565,220050,208392
ASM001589,EVT010,Kancheepuram,Kancheepuram Response Zone,T+36h,36,1206416,1334282,1755649,1894487,20817,24128,77070,83806
ASM001590,EVT010,Kancheepuram,Kancheepuram Response Zone,T+36h,36,1414175,1394409,1961211,2055268,23723,24353,167108,172315
ASM001591,EVT010,Kancheepuram,Kancheepuram Response Zone,T+48h,48,885612,1051204,2093006,1706145,15063,18832,152287,128802
ASM001592,EVT010,Kancheepuram,Kancheepuram Response Zone,T+48h,48,588265,947271,1311576,1496435,8957,17245,72594,78141
ASM001593,EVT010,Kancheepuram,Kancheepuram Response Zone,T+48h,48,1135209,1055320,1437090,1446189,13990,13107,66646,71334
ASM001594,EVT010,Kancheepuram,Kancheepuram Response Zone,T+48h,48,1510883,1404720,2125079,2025375,24237,20234,160248,155347
ASM001595,EVT010,Kancheepuram,Kancheepuram Response Zone,T+48h,48,755586,1049159,1104656,1488165,9274,16801,66214,93030
ASM001596,EVT010,Kancheepuram,Kancheepuram Response Zone,T+72h,72,946452,1085617,935207,1366156,20183,26022,49976,69734
ASM001597,EVT010,Kancheepuram,Kancheepuram Response Zone,T+72h,72,1425549,1352502,2083237,1950402,25470,22690,175050,162075
ASM001598,EVT010,Kancheepuram,Kancheepuram Response Zone,T+72h,72,1929852,1697162,2070295,1943600,50139,40479,82873,69285
ASM001599,EVT010,Kancheepuram,Kancheepuram Response Zone,T+72h,72,1306507,1337696,3160805,2403588,12737,13799,196346,154130
ASM001600,EVT010,Kancheepuram,Kancheepuram Response Zone,T+72h,72,1075178,1191303,1937016,1941046,13878,16918,134414,135870
ASM001601,EVT010,Chengalpattu,Chengalpattu Response Zone,T+0h,0,899436,909038,1543842,1263941,10766,11944,51266,43500
ASM001602,EVT010,Chengalpattu,Chengalpattu Response Zone,T+0h,0,1011676,856484,1021466,1131738,9229,7173,38330,42129
ASM001603,EVT010,Chengalpattu,Chengalpattu Response Zone,T+0h,0,682831,750879,1176601,1176233,3270,3966,54093,52737
ASM001604,EVT010,Chengalpattu,Chengalpattu Response Zone,T+0h,0,775917,856207,1878411,1494144,5082,5946,55511,47269
ASM001605,EVT010,Chengalpattu,Chengalpattu Response Zone,T+0h,0,816100,861833,731143,1082541,7616,8848,34900,50415
ASM001606,EVT010,Chengalpattu,Chengalpattu Response Zone,T+3h,3,867745,996277,1539972,1545865,7067,10239,51766,46928
ASM001607,EVT010,Chengalpattu,Chengalpattu Response Zone,T+3h,3,943104,909480,2101456,1695674,7715,7953,63054,52279
ASM001608,EVT010,Chengalpattu,Chengalpattu Response Zone,T+3h,3,1411529,1233841,1512659,1449196,7914,6166,90523,84081
ASM001609,EVT010,Chengalpattu,Chengalpattu Response Zone,T+3h,3,898308,852786,1713536,1274217,9168,8607,57617,43698
ASM001610,EVT010,Chengalpattu,Chengalpattu Response Zone,T+3h,3,909514,964998,1125638,1148425,8620,9732,50573,52253
ASM001611,EVT010,Chengalpattu,Chengalpattu Response Zone,T+6h,6,732394,760285,1108875,1158283,8014,8625,61598,62273
ASM001612,EVT010,Chengalpattu,Chengalpattu Response Zone,T+6h,6,559567,698436,1091845,1215355,3458,5653,55082,50517
ASM001613,EVT010,Chengalpattu,Chengalpattu Response Zone,T+6h,6,794955,755227,530776,875486,3875,3518,17450,28821
ASM001614,EVT010,Chengalpattu,Chengalpattu Response Zone,T+6h,6,878568,886515,905931,1152419,10276,10750,40682,52086
ASM001615,EVT010,Chengalpattu,Chengalpattu Response Zone,T+6h,6,677883,707554,756826,908221,7588,8133,40813,47688
ASM001616,EVT010,Chengalpattu,Chengalpattu Response Zone,T+12h,12,1715069,1394111,1572383,1359008,28026,21824,106585,97439
ASM001617,EVT010,Chengalpattu,Chengalpattu Response Zone,T+12h,12,912137,870532,1469811,1290468,4068,4467,63234,54279
ASM001618,EVT010,Chengalpattu,Chengalpattu Response Zone,T+12h,12,698101,782317,1226987,1221043,8009,9662,83225,77275
ASM001619,EVT010,Chengalpattu,Chengalpattu Response Zone,T+12h,12,874809,978431,1642415,1341508,5889,6422,110191,98616
ASM001620,EVT010,Chengalpattu,Chengalpattu Response Zone,T+12h,12,1255413,1080499,1300008,1250825,11133,8914,58595,58121
ASM001621,EVT010,Chengalpattu,Chengalpattu Response Zone,T+24h,24,1333556,1335474,2660757,2243797,20629,20638,202891,175481
ASM001622,EVT010,Chengalpattu,Chengalpattu Response Zone,T+24h,24,1048462,1327588,2023414,2027158,9687,12765,130615,129915
ASM001623,EVT010,Chengalpattu,Chengalpattu Response Zone,T+24h,24,1697662,1497292,2200201,2155505,11277,10913,196566,199414
ASM001624,EVT010,Chengalpattu,Chengalpattu Response Zone,T+24h,24,1131182,1310068,1838879,2003090,17109,21561,123514,133841
ASM001625,EVT010,Chengalpattu,Chengalpattu Response Zone,T+24h,24,1741375,1344835,2161531,1894469,27005,22134,142275,121847
ASM001626,EVT010,Chengalpattu,Chengalpattu Response Zone,T+36h,36,1747444,1537406,1864620,1889539,31660,25748,125141,128471
ASM001627,EVT010,Chengalpattu,Chengalpattu Response Zone,T+36h,36,1165335,1292542,2476682,2084812,16209,18582,189806,170925
ASM001628,EVT010,Chengalpattu,Chengalpattu Response Zone,T+36h,36,1643586,1363862,1385666,1730664,26997,20700,74697,93116
ASM001629,EVT010,Chengalpattu,Chengalpattu Response Zone,T+36h,36,1467269,1506910,1577703,1770692,17537,19190,63377,69841
ASM001630,EVT010,Chengalpattu,Chengalpattu Response Zone,T+36h,36,1666379,1502266,2572743,2300729,19064,15645,222210,210679
ASM001631,EVT010,Chengalpattu,Chengalpattu Response Zone,T+48h,48,1704216,1584164,2174546,2206708,39083,35539,100565,103127
ASM001632,EVT010,Chengalpattu,Chengalpattu Response Zone,T+48h,48,1211121,1438485,1965703,2081176,11560,13454,153897,158512
ASM001633,EVT010,Chengalpattu,Chengalpattu Response Zone,T+48h,48,1358876,1476260,2820291,2471268,18022,19927,160979,144242
ASM001634,EVT010,Chengalpattu,Chengalpattu Response Zone,T+48h,48,1800474,1531205,1852375,2059299,46492,37120,134099,153495
ASM001635,EVT010,Chengalpattu,Chengalpattu Response Zone,T+48h,48,1369725,1475117,2126719,2211501,26407,29645,202622,201871
ASM001636,EVT010,Chengalpattu,Chengalpattu Response Zone,T+72h,72,1131458,1308356,2522511,2134137,24684,28347,135313,115094
ASM001637,EVT010,Chengalpattu,Chengalpattu Response Zone,T+72h,72,1039167,1282175,2761289,2238097,21884,27880,200570,168364
ASM001638,EVT010,Chengalpattu,Chengalpattu Response Zone,T+72h,72,1400798,1345028,2873113,2394315,28485,29013,173219,135765
ASM001639,EVT010,Chengalpattu,Chengalpattu Response Zone,T+72h,72,1851131,1533496,1735827,1783660,43137,32333,130558,124949
ASM001640,EVT010,Chengalpattu,Chengalpattu Response Zone,T+72h,72,1053735,1196225,2721831,2350515,8202,10570,236329,211418
ASM001641,EVT010,Villupuram,Villupuram Response Zone,T+0h,0,637221,671818,686024,847094,3324,3218,23427,28180
ASM001642,EVT010,Villupuram,Villupuram Response Zone,T+0h,0,914002,760049,758595,844061,5731,4550,29521,35403
ASM001643,EVT010,Villupuram,Villupuram Response Zone,T+0h,0,703905,734951,553185,844101,8833,9295,28597,46243
ASM001644,EVT010,Villupuram,Villupuram Response Zone,T+0h,0,703270,698114,1319134,933457,4292,4073,31715,24924
ASM001645,EVT010,Villupuram,Villupuram Response Zone,T+0h,0,553881,642815,750184,834451,3634,4946,25767,27964
ASM001646,EVT010,Villupuram,Villupuram Response Zone,T+3h,3,803901,790119,977334,1021737,8859,8406,55482,51600
ASM001647,EVT010,Villupuram,Villupuram Response Zone,T+3h,3,668610,684034,763132,823814,6466,6124,32034,40374
ASM001648,EVT010,Villupuram,Villupuram Response Zone,T+3h,3,907106,806271,1204346,1043536,6902,5936,64152,55212
ASM001649,EVT010,Villupuram,Villupuram Response Zone,T+3h,3,968708,866024,966461,1042675,12011,8834,49860,50692
ASM001650,EVT010,Villupuram,Villupuram Response Zone,T+3h,3,1272118,1017323,759114,1027099,9863,6736,40930,49866
ASM001651,EVT010,Villupuram,Villupuram Response Zone,T+6h,6,760497,713487,1067267,919847,8823,8862,67065,64359
ASM001652,EVT010,Villupuram,Villupuram Response Zone,T+6h,6,775826,744815,679377,905346,10866,10197,19563,23719
ASM001653,EVT010,Villupuram,Villupuram Response Zone,T+6h,6,671477,672209,700698,830391,4026,3964,20718,24548
ASM001654,EVT010,Villupuram,Villupuram Response Zone,T+6h,6,645296,680473,549152,822602,5244,5771,17699,26175
ASM001655,EVT010,Villupuram,Villupuram Response Zone,T+6h,6,720952,686323,621232,852168,5607,5066,24574,32876
ASM001656,EVT010,Villupuram,Villupuram Response Zone,T+12h,12,828186,888248,1240285,1152765,7893,9180,48608,49010
ASM001657,EVT010,Villupuram,Villupuram Response Zone,T+12h,12,883514,892351,701763,1047758,13654,13118,46482,67518
ASM001658,EVT010,Villupuram,Villupuram Response Zone,T+12h,12,1118585,998669,844585,1169031,12910,11256,74334,98288
ASM001659,EVT010,Villupuram,Villupuram Response Zone,T+12h,12,699997,879904,1182387,1177806,8014,10127,93117,97970
ASM001660,EVT010,Villupuram,Villupuram Response Zone,T+12h,12,1112693,944064,1042711,1141208,13062,10348,60466,62113
ASM001661,EVT010,Villupuram,Villupuram Response Zone,T+24h,24,1568549,1245241,2971096,2358492,31104,23718,230537,185075
ASM001662,EVT010,Villupuram,Villupuram Response Zone,T+24h,24,1169528,1173986,2873691,2514259,17503,18019,228753,202320
ASM001663,EVT010,Villupuram,Villupuram Response Zone,T+24h,24,776899,1109669,1360006,1702246,6374,9815,57318,60418
ASM001664,EVT010,Villupuram,Villupuram Response Zone,T+24h,24,1030928,1123041,1986723,1821872,16219,17851,190977,177574
ASM001665,EVT010,Villupuram,Villupuram Response Zone,T+24h,24,1483784,1238465,2092738,1772496,25322,19904,154185,157395
ASM001666,EVT010,Villupuram,Villupuram Response Zone,T+36h,36,971549,964385,1224041,1304343,6299,6635,45617,55986
ASM001667,EVT010,Villupuram,Villupuram Response Zone,T+36h,36,762216,907699,952957,1257347,9225,11948,69819,89645
ASM001668,EVT010,Villupuram,Villupuram Response Zone,T+36h,36,899680,1000170,1511444,1429752,12186,13515,121649,116125
ASM001669,EVT010,Villupuram,Villupuram Response Zone,T+36h,36,1210030,1095541,1432198,1406789,7908,6594,71738,71275
ASM001670,EVT010,Villupuram,Villupuram Response Zone,T+36h,36,1102857,1003242,1294660,1378334,11775,10730,80363,86582
ASM001671,EVT010,Villupuram,Villupuram Response Zone,T+48h,48,835714,909024,1529257,1387616,6906,7539,104018,88152
ASM001672,EVT010,Villupuram,Villupuram Response Zone,T+48h,48,852988,885349,1090236,1208312,17886,19104,34204,41045
ASM001673,EVT010,Villupuram,Villupuram Response Zone,T+48h,48,894033,967177,1097627,1290444,14711,17186,45879,59540
ASM001674,EVT010,Villupuram,Villupuram Response Zone,T+48h,48,789193,890720,1368994,1280479,10854,13673,54243,56339
ASM001675,EVT010,Villupuram,Villupuram Response Zone,T+48h,48,1107683,928656,1302800,1228921,10851,9192,52207,46131
ASM001676,EVT010,Villupuram,Villupuram Response Zone,T+72h,72,909766,955374,1089423,1325434,6855,7846,85831,98048
ASM001677,EVT010,Villupuram,Villupuram Response Zone,T+72h,72,1252870,1034159,1774141,1471123,21504,17046,77656,62904
ASM001678,EVT010,Villupuram,Villupuram Response Zone,T+72h,72,1315997,1057892,924117,1299003,16877,13208,44766,60939
ASM001679,EVT010,Villupuram,Villupuram Response Zone,T+72h,72,1235509,1128401,1293332,1409973,18966,16538,63513,68373
ASM001680,EVT010,Villupuram,Villupuram Response Zone,T+72h,72,946714,979366,1465500,1514184,8631,9940,110277,113650
ASM001681,EVT010,Kallakurichi,Kallakurichi Response Zone,T+0h,0,395769,368783,451435,506006,3007,3003,25624,30151
ASM001682,EVT010,Kallakurichi,Kallakurichi Response Zone,T+0h,0,342017,344356,421430,493438,1640,1729,20041,22783
ASM001683,EVT010,Kallakurichi,Kallakurichi Response Zone,T+0h,0,296167,339766,794431,587103,1199,1562,39714,32247
ASM001684,EVT010,Kallakurichi,Kallakurichi Response Zone,T+0h,0,340957,335964,358772,477650,2201,2351,12016,15686
ASM001685,EVT010,Kallakurichi,Kallakurichi Response Zone,T+0h,0,237019,281767,781031,601110,1050,1482,30594,23786
ASM001686,EVT010,Kallakurichi,Kallakurichi Response Zone,T+3h,3,577987,488061,687168,658723,2956,2519,20811,19457
ASM001687,EVT010,Kallakurichi,Kallakurichi Response Zone,T+3h,3,427529,454919,681230,707075,5368,6427,51979,49556
ASM001688,EVT010,Kallakurichi,Kallakurichi Response Zone,T+3h,3,435104,430260,618037,571345,4340,4364,16578,15910
ASM001689,EVT010,Kallakurichi,Kallakurichi Response Zone,T+3h,3,471475,451834,1224684,948254,5080,4812,86563,66510
ASM001690,EVT010,Kallakurichi,Kallakurichi Response Zone,T+3h,3,440063,448791,484673,665966,4210,5016,25255,30510
ASM001691,EVT010,Kallakurichi,Kallakurichi Response Zone,T+6h,6,473073,426319,417443,529707,4820,4271,14699,17602
ASM001692,EVT010,Kallakurichi,Kallakurichi Response Zone,T+6h,6,419829,446195,511016,650125,2936,3279,16870,18315
ASM001693,EVT010,Kallakurichi,Kallakurichi Response Zone,T+6h,6,605228,565694,729556,745884,5064,4439,63270,59632
ASM001694,EVT010,Kallakurichi,Kallakurichi Response Zone,T+6h,6,316855,391908,380215,543564,2368,3373,20460,29209
ASM001695,EVT010,Kallakurichi,Kallakurichi Response Zone,T+6h,6,482316,465295,641568,693944,3740,3835,39303,40680
ASM001696,EVT010,Kallakurichi,Kallakurichi Response Zone,T+12h,12,581842,453689,852522,654038,4877,3595,48991,36694
ASM001697,EVT010,Kallakurichi,Kallakurichi Response Zone,T+12h,12,315453,360218,549549,548986,3138,3917,27787,28094
ASM001698,EVT010,Kallakurichi,Kallakurichi Response Zone,T+12h,12,381583,433542,568356,596606,3875,4661,42452,45978
ASM001699,EVT010,Kallakurichi,Kallakurichi Response Zone,T+12h,12,485475,457740,523849,603817,2497,2383,19673,22045
ASM001700,EVT010,Kallakurichi,Kallakurichi Response Zone,T+12h,12,454922,445677,746130,603724,2206,2487,28523,24563
ASM001701,EVT010,Kallakurichi,Kallakurichi Response Zone,T+24h,24,682735,651732,775145,987944,4045,3891,56818,62779
ASM001702,EVT010,Kallakurichi,Kallakurichi Response Zone,T+24h,24,738005,715276,1565619,1296529,9390,9375,112344,91514
ASM001703,EVT010,Kallakurichi,Kallakurichi Response Zone,T+24h,24,769987,711064,1672490,1335551,7767,7183,148020,115430
ASM001704,EVT010,Kallakurichi,Kallakurichi Response Zone,T+24h,24,711226,590289,883734,869401,10964,9039,34906,34164
ASM001705,EVT010,Kallakurichi,Kallakurichi Response Zone,T+24h,24,608222,601387,811384,803981,9433,9503,33919,33608
ASM001706,EVT010,Kallakurichi,Kallakurichi Response Zone,T+36h,36,616672,644354,1266044,991913,9787,10509,111678,97537
ASM001707,EVT010,Kallakurichi,Kallakurichi Response Zone,T+36h,36,718845,673753,1192135,938781,11851,10412,71481,60242
ASM001708,EVT010,Kallakurichi,Kallakurichi Response Zone,T+36h,36,910614,751360,723780,824489,11494,8300,28837,30617
ASM001709,EVT010,Kallakurichi,Kallakurichi Response Zone,T+36h,36,584560,603840,768827,885811,9449,9452,39124,44274
ASM001710,EVT010,Kallakurichi,Kallakurichi Response Zone,T+36h,36,486211,561757,659025,849183,5942,7676,49588,65785
ASM001711,EVT010,Kallakurichi,Kallakurichi Response Zone,T+48h,48,857016,711511,1102998,1087952,7667,6765,49599,47493
ASM001712,EVT010,Kallakurichi,Kallakurichi Response Zone,T+48h,48,700626,707726,1248501,1100710,14517,14300,70518,62208
ASM001713,EVT010,Kallakurichi,Kallakurichi Response Zone,T+48h,48,461148,589614,750323,929584,9001,12939,45995,59835
ASM001714,EVT010,Kallakurichi,Kallakurichi Response Zone,T+48h,48,908772,812264,1024168,1108353,22779,21327,98062,104580
ASM001715,EVT010,Kallakurichi,Kallakurichi Response Zone,T+48h,48,581364,633102,707990,900987,10423,11404,62840,77877
ASM001716,EVT010,Kallakurichi,Kallakurichi Response Zone,T+72h,72,523852,507302,651130,813731,7895,9152,45157,53378
ASM001717,EVT010,Kallakurichi,Kallakurichi Response Zone,T+72h,72,607930,577413,977547,854358,14363,13827,50585,47095
ASM001718,EVT010,Kallakurichi,Kallakurichi Response Zone,T+72h,72,595348,597758,717817,844813,7961,7085,43326,47747
ASM001719,EVT010,Kallakurichi,Kallakurichi Response Zone,T+72h,72,677855,617332,784070,851756,6819,5981,34915,35537
ASM001720,EVT010,Kallakurichi,Kallakurichi Response Zone,T+72h,72,491638,484975,525751,781762,4490,5471,19488,24413
ASM001721,EVT010,Cuddalore,Cuddalore Response Zone,T+0h,0,618329,571169,766824,838065,4644,4445,22776,22626
ASM001722,EVT010,Cuddalore,Cuddalore Response Zone,T+0h,0,531211,573443,767294,808563,5234,6273,26804,27416
ASM001723,EVT010,Cuddalore,Cuddalore Response Zone,T+0h,0,567311,533026,546527,681623,4233,3583,12134,14812
ASM001724,EVT010,Cuddalore,Cuddalore Response Zone,T+0h,0,551481,526314,669554,742629,2709,2379,37252,38014
ASM001725,EVT010,Cuddalore,Cuddalore Response Zone,T+0h,0,424701,502200,719488,713345,2423,3136,18831,19093
ASM001726,EVT010,Cuddalore,Cuddalore Response Zone,T+3h,3,529445,473634,472924,571598,4991,3944,9446,10502
ASM001727,EVT010,Cuddalore,Cuddalore Response Zone,T+3h,3,389768,437860,396202,567268,2157,2783,8803,11228
ASM001728,EVT010,Cuddalore,Cuddalore Response Zone,T+3h,3,566863,533551,1055427,783189,7358,6415,47619,37411
ASM001729,EVT010,Cuddalore,Cuddalore Response Zone,T+3h,3,557125,552614,600386,709699,3026,3162,20940,25514
ASM001730,EVT010,Cuddalore,Cuddalore Response Zone,T+3h,3,669131,539808,630147,696877,4560,3512,26734,30710
ASM001731,EVT010,Cuddalore,Cuddalore Response Zone,T+6h,6,571510,598776,1064855,870857,6848,9015,56267,47118
ASM001732,EVT010,Cuddalore,Cuddalore Response Zone,T+6h,6,555565,618053,1968390,1262343,3136,3822,87313,64939
ASM001733,EVT010,Cuddalore,Cuddalore Response Zone,T+6h,6,645751,685603,690173,933488,5365,5691,48402,64731
ASM001734,EVT010,Cuddalore,Cuddalore Response Zone,T+6h,6,586825,638451,992552,867755,4986,6025,67531,59127
ASM001735,EVT010,Cuddalore,Cuddalore Response Zone,T+6h,6,718409,640732,724479,853507,8266,7028,48228,55452
ASM001736,EVT010,Cuddalore,Cuddalore Response Zone,T+12h,12,587034,791045,949798,1175302,5813,9246,45715,57798
ASM001737,EVT010,Cuddalore,Cuddalore Response Zone,T+12h,12,701290,831589,956243,1177669,5715,7435,38707,39989
ASM001738,EVT010,Cuddalore,Cuddalore Response Zone,T+12h,12,698554,857425,888870,1141457,9085,12023,73831,89885
ASM001739,EVT010,Cuddalore,Cuddalore Response Zone,T+12h,12,940328,830673,1071039,1174335,5610,4813,76918,76756
ASM001740,EVT010,Cuddalore,Cuddalore Response Zone,T+12h,12,1191069,1023370,833846,1094628,17170,12829,86245,105716
ASM001741,EVT010,Cuddalore,Cuddalore Response Zone,T+24h,24,971271,954591,1856460,1569542,12283,13351,138401,119672
ASM001742,EVT010,Cuddalore,Cuddalore Response Zone,T+24h,24,1037955,1040332,1588979,1684173,16350,17523,111889,107413
ASM001743,EVT010,Cuddalore,Cuddalore Response Zone,T+24h,24,935998,914127,1457049,1339683,10257,10103,51029,46037
ASM001744,EVT010,Cuddalore,Cuddalore Response Zone,T+24h,24,1351653,1146318,1383975,1447228,14003,11238,70931,65070
ASM001745,EVT010,Cuddalore,Cuddalore Response Zone,T+24h,24,891853,1030455,1471580,1584032,14351,16936,129779,144917
ASM001746,EVT010,Cuddalore,Cuddalore Response Zone,T+36h,36,1022854,981586,1552677,1496018,16007,15978,84156,80886
ASM001747,EVT010,Cuddalore,Cuddalore Response Zone,T+36h,36,1134528,956050,1010912,1261798,21202,18867,55257,60327
ASM001748,EVT010,Cuddalore,Cuddalore Response Zone,T+36h,36,1121191,1023246,1338979,1459521,15541,14710,98709,102928
ASM001749,EVT010,Cuddalore,Cuddalore Response Zone,T+36h,36,1057526,1020576,1210170,1402756,10697,10866,87034,103778
ASM001750,EVT010,Cuddalore,Cuddalore Response Zone,T+36h,36,1094744,982878,1090494,1258314,16295,13483,95587,106143
ASM001751,EVT010,Cuddalore,Cuddalore Response Zone,T+48h,48,564124,876485,844349,1310888,8503,18238,66354,90435
ASM001752,EVT010,Cuddalore,Cuddalore Response Zone,T+48h,48,1095672,989722,1980708,1609320,20121,17631,124564,111312
ASM001753,EVT010,Cuddalore,Cuddalore Response Zone,T+48h,48,934897,1022365,1330346,1516171,10948,13304,104781,121505
ASM001754,EVT010,Cuddalore,Cuddalore Response Zone,T+48h,48,604276,796992,1672298,1402488,7357,11380,61259,54191
ASM001755,EVT010,Cuddalore,Cuddalore Response Zone,T+48h,48,1055250,985685,1873280,1510095,14072,13194,141339,115592
ASM001756,EVT010,Cuddalore,Cuddalore Response Zone,T+72h,72,965301,878392,778675,969943,19321,15923,37291,46960
ASM001757,EVT010,Cuddalore,Cuddalore Response Zone,T+72h,72,802915,837603,955503,1182646,15212,16020,61394,71278
ASM001758,EVT010,Cuddalore,Cuddalore Response Zone,T+72h,72,933556,894966,2143990,1799928,17033,14675,71150,59332
ASM001759,EVT010,Cuddalore,Cuddalore Response Zone,T+72h,72,1086056,961828,1788502,1643494,13310,11580,81082,62391
ASM001760,EVT010,Cuddalore,Cuddalore Response Zone,T+72h,72,961876,904189,1049641,1040086,12595,11345,27404,25890
ASM001761,EVT010,Tiruvannamalai,Tiruvannamalai Response Zone,T+0h,0,888121,776277,944243,891655,9119,6601,30885,30147
ASM001762,EVT010,Tiruvannamalai,Tiruvannamalai Response Zone,T+0h,0,713321,697985,724175,891612,7011,6546,31135,37969
ASM001763,EVT010,Tiruvannamalai,Tiruvannamalai Response Zone,T+0h,0,522828,573732,806344,755044,5767,6244,29939,30054
ASM001764,EVT010,Tiruvannamalai,Tiruvannamalai Response Zone,T+0h,0,511274,633610,841389,936018,1973,2949,49689,52663
ASM001765,EVT010,Tiruvannamalai,Tiruvannamalai Response Zone,T+0h,0,541255,607222,457184,790681,4541,5095,12830,19302
ASM001766,EVT010,Tiruvannamalai,Tiruvannamalai Response Zone,T+3h,3,639527,735664,737550,989549,3578,4863,39706,52097
ASM001767,EVT010,Tiruvannamalai,Tiruvannamalai Response Zone,T+3h,3,1197237,951556,1068168,1100890,6209,4519,46914,47065
ASM001768,EVT010,Tiruvannamalai,Tiruvannamalai Response Zone,T+3h,3,815354,839603,865437,1052818,6397,6095,44481,51543
ASM001769,EVT010,Tiruvannamalai,Tiruvannamalai Response Zone,T+3h,3,747354,746888,983140,969133,5777,6020,44031,46315
ASM001770,EVT010,Tiruvannamalai,Tiruvannamalai Response Zone,T+3h,3,852218,798585,802841,995320,10556,8834,40296,48927
ASM001771,EVT010,Tiruvannamalai,Tiruvannamalai Response Zone,T+6h,6,698552,714214,757188,851830,5488,5851,25658,28913
ASM001772,EVT010,Tiruvannamalai,Tiruvannamalai Response Zone,T+6h,6,991087,793628,1180692,999024,5971,4474,32218,27333
ASM001773,EVT010,Tiruvannamalai,Tiruvannamalai Response Zone,T+6h,6,640069,690685,1084057,1025169,3563,4174,67780,63892
ASM001774,EVT010,Tiruvannamalai,Tiruvannamalai Response Zone,T+6h,6,765676,745102,1040275,1035410,6348,6287,64389,64475
ASM001775,EVT010,Tiruvannamalai,Tiruvannamalai Response Zone,T+6h,6,637642,732519,1290922,1222863,4186,5310,75134,65711
ASM001776,EVT010,Tiruvannamalai,Tiruvannamalai Response Zone,T+12h,12,719264,911303,1475939,1325549,7115,9791,103498,99550
ASM001777,EVT010,Tiruvannamalai,Tiruvannamalai Response Zone,T+12h,12,822623,956645,1818963,1415975,11284,13817,145078,118024
ASM001778,EVT010,Tiruvannamalai,Tiruvannamalai Response Zone,T+12h,12,890945,939134,1060018,1137483,11906,13033,37726,38796
ASM001779,EVT010,Tiruvannamalai,Tiruvannamalai Response Zone,T+12h,12,848942,970547,1117878,1215604,4738,5644,43638,51334
ASM001780,EVT010,Tiruvannamalai,Tiruvannamalai Response Zone,T+12h,12,688657,801037,766321,1046975,3238,4332,30513,40149
ASM001781,EVT010,Tiruvannamalai,Tiruvannamalai Response Zone,T+24h,24,913447,1063977,1551657,1717039,13168,18353,89620,92320
ASM001782,EVT010,Tiruvannamalai,Tiruvannamalai Response Zone,T+24h,24,1158822,1137871,2183598,1972708,10659,10712,140717,122393
ASM001783,EVT010,Tiruvannamalai,Tiruvannamalai Response Zone,T+24h,24,915208,1071112,2543049,2165784,8513,13291,234900,204537
ASM001784,EVT010,Tiruvannamalai,Tiruvannamalai Response Zone,T+24h,24,1434167,1358559,2318967,2112202,19031,18145,168693,151486
ASM001785,EVT010,Tiruvannamalai,Tiruvannamalai Response Zone,T+24h,24,1266510,1168635,1201156,1697394,8881,9789,119343,152256
ASM001786,EVT010,Tiruvannamalai,Tiruvannamalai Response Zone,T+36h,36,882580,1063847,2319800,2072775,4607,6627,163558,146557
ASM001787,EVT010,Tiruvannamalai,Tiruvannamalai Response Zone,T+36h,36,1141984,1129108,1104003,1665354,19704,21704,67163,96973
ASM001788,EVT010,Tiruvannamalai,Tiruvannamalai Response Zone,T+36h,36,983242,1083077,2110102,1710773,11290,13406,130105,109397
ASM001789,EVT010,Tiruvannamalai,Tiruvannamalai Response Zone,T+36h,36,1208691,1118518,1527182,1560689,15120,14265,87221,93355
ASM001790,EVT010,Tiruvannamalai,Tiruvannamalai Response Zone,T+36h,36,1635067,1429736,2189014,2024670,34166,26459,118652,104050
ASM001791,EVT010,Tiruvannamalai,Tiruvannamalai Response Zone,T+48h,48,847021,1036227,1340691,1708893,11114,17907,124885,146126
ASM001792,EVT010,Tiruvannamalai,Tiruvannamalai Response Zone,T+48h,48,1126935,1118496,2173857,1801836,24713,23589,95297,73616
ASM001793,EVT010,Tiruvannamalai,Tiruvannamalai Response Zone,T+48h,48,1094591,1095806,1171562,1420385,9800,10061,89138,117785
ASM001794,EVT010,Tiruvannamalai,Tiruvannamalai Response Zone,T+48h,48,1182967,1059846,1319430,1428549,26208,22207,81741,87348
ASM001795,EVT010,Tiruvannamalai,Tiruvannamalai Response Zone,T+48h,48,1063744,1071055,1219515,1502802,17194,17596,93726,117827
ASM001796,EVT010,Tiruvannamalai,Tiruvannamalai Response Zone,T+72h,72,982762,1066560,1097179,1462103,21953,26648,73948,98939
ASM001797,EVT010,Tiruvannamalai,Tiruvannamalai Response Zone,T+72h,72,987289,993857,1640671,1638706,17810,18229,119398,122128
ASM001798,EVT010,Tiruvannamalai,Tiruvannamalai Response Zone,T+72h,72,925131,1052268,2593056,2041439,15869,19044,197188,162696
ASM001799,EVT010,Tiruvannamalai,Tiruvannamalai Response Zone,T+72h,72,1285296,1107354,3075046,2522991,28477,23020,229257,190516
ASM001800,EVT010,Tiruvannamalai,Tiruvannamalai Response Zone,T+72h,72,1048722,1068996,1570933,1523342,18166,18311,79944,75370
ASM001801,EVT010,Dharmapuri,Dharmapuri Response Zone,T+0h,0,538127,430225,666268,572501,4851,3370,24902,21641
ASM001802,EVT010,Dharmapuri,Dharmapuri Response Zone,T+0h,0,347535,341124,525133,536296,3375,3585,23898,22912
ASM001803,EVT010,Dharmapuri,Dharmapuri Response Zone,T+0h,0,316624,369150,565888,577965,2795,3588,22530,21630
ASM001804,EVT010,Dharmapuri,Dharmapuri Response Zone,T+0h,0,250130,325811,419609,478925,1784,3005,11257,10987
ASM001805,EVT010,Dharmapuri,Dharmapuri Response Zone,T+0h,0,248816,321723,501697,510774,1911,3066,11271,10763
ASM001806,EVT010,Dharmapuri,Dharmapuri Response Zone,T+3h,3,347879,432507,753936,702953,2228,3127,40220,34485
ASM001807,EVT010,Dharmapuri,Dharmapuri Response Zone,T+3h,3,434330,415903,517615,548996,1996,1975,31088,37580
ASM001808,EVT010,Dharmapuri,Dharmapuri Response Zone,T+3h,3,513694,467325,636831,684641,5300,4767,31265,30983
ASM001809,EVT010,Dharmapuri,Dharmapuri Response Zone,T+3h,3,332956,431840,625713,658038,1814,2914,26732,26882
ASM001810,EVT010,Dharmapuri,Dharmapuri Response Zone,T+3h,3,577593,549205,815553,735427,5576,4748,40737,33552
ASM001811,EVT010,Dharmapuri,Dharmapuri Response Zone,T+6h,6,389236,432255,469947,609618,3729,4088,25887,35760
ASM001812,EVT010,Dharmapuri,Dharmapuri Response Zone,T+6h,6,448090,431723,596121,611317,3013,3027,31761,32018
ASM001813,EVT010,Dharmapuri,Dharmapuri Response Zone,T+6h,6,656213,579387,1110059,832669,8864,6914,78277,65657
ASM001814,EVT010,Dharmapuri,Dharmapuri Response Zone,T+6h,6,509081,460955,820768,658140,4724,3838,49420,41385
ASM001815,EVT010,Dharmapuri,Dharmapuri Response Zone,T+6h,6,369666,377716,737456,590942,3137,3344,21973,19266
ASM001816,EVT010,Dharmapuri,Dharmapuri Response Zone,T+12h,12,419643,489658,665119,691303,4127,4975,19549,19984
ASM001817,EVT010,Dharmapuri,Dharmapuri Response Zone,T+12h,12,308248,424928,681531,651244,2745,4867,21885,20243
ASM001818,EVT010,Dharmapuri,Dharmapuri Response Zone,T+12h,12,443889,515847,913993,766888,3804,4822,56288,46074
ASM001819,EVT010,Dharmapuri,Dharmapuri Response Zone,T+12h,12,366092,370115,761456,578816,3693,3958,18792,15970
ASM001820,EVT010,Dharmapuri,Dharmapuri Response Zone,T+12h,12,365341,423411,357047,535273,1347,1845,9250,12431
ASM001821,EVT010,Dharmapuri,Dharmapuri Response Zone,T+24h,24,774406,820198,822011,1167123,6036,6053,34038,38362
ASM001822,EVT010,Dharmapuri,Dharmapuri Response Zone,T+24h,24,839185,850842,1761109,1504805,7309,7101,179678,147900
ASM001823,EVT010,Dharmapuri,Dharmapuri Response Zone,T+24h,24,754994,772783,1119464,1079154,5486,5771,100537,106618
ASM001824,EVT010,Dharmapuri,Dharmapuri Response Zone,T+24h,24,660767,723264,927639,1025447,9411,10660,53433,58926
ASM001825,EVT010,Dharmapuri,Dharmapuri Response Zone,T+24h,24,863353,850859,886602,1155384,7685,7007,52184,60104
ASM001826,EVT010,Dharmapuri,Dharmapuri Response Zone,T+36h,36,713992,660656,807700,948504,6409,5994,27831,28470
ASM001827,EVT010,Dharmapuri,Dharmapuri Response Zone,T+36h,36,529190,615161,658121,906556,6898,9494,19503,24649
ASM001828,EVT010,Dharmapuri,Dharmapuri Response Zone,T+36h,36,901576,740782,1666755,1237362,16338,12397,79195,63534
ASM001829,EVT010,Dharmapuri,Dharmapuri Response Zone,T+36h,36,676954,709695,1046240,1044484,9617,10690,72555,68844
ASM001830,EVT010,Dharmapuri,Dharmapuri Response Zone,T+36h,36,692498,705108,1021612,1056359,7420,7414,74443,75348
ASM001831,EVT010,Dharmapuri,Dharmapuri Response Zone,T+48h,48,789308,705296,1145258,1046953,9202,7992,46555,45628
ASM001832,EVT010,Dharmapuri,Dharmapuri Response Zone,T+48h,48,677256,637577,1261707,1061756,14553,13732,68269,59095
ASM001833,EVT010,Dharmapuri,Dharmapuri Response Zone,T+48h,48,752297,646385,1152610,950645,11401,10363,53324,47058
ASM001834,EVT010,Dharmapuri,Dharmapuri Response Zone,T+48h,48,683789,662610,1300343,1054385,5302,5768,99478,84481
ASM001835,EVT010,Dharmapuri,Dharmapuri Response Zone,T+48h,48,584724,656610,891333,1045729,10360,11328,69137,79074
ASM001836,EVT010,Dharmapuri,Dharmapuri Response Zone,T+72h,72,763920,732076,985740,1049208,13525,13195,59405,60144
ASM001837,EVT010,Dharmapuri,Dharmapuri Response Zone,T+72h,72,568795,644176,1259929,1135956,9217,11850,56848,50801
ASM001838,EVT010,Dharmapuri,Dharmapuri Response Zone,T+72h,72,673977,665636,847390,938717,10583,10407,43784,52722
ASM001839,EVT010,Dharmapuri,Dharmapuri Response Zone,T+72h,72,675501,675243,1010102,972386,15785,15071,34170,32175
ASM001840,EVT010,Dharmapuri,Dharmapuri Response Zone,T+72h,72,702989,735318,1256820,1151346,12302,13275,105926,105848
ASM001841,EVT010,Krishnagiri,Krishnagiri Response Zone,T+0h,0,454044,431816,791917,721556,5416,5828,42324,35829
ASM001842,EVT010,Krishnagiri,Krishnagiri Response Zone,T+0h,0,329312,449099,426509,678634,2708,4455,23894,35174
ASM001843,EVT010,Krishnagiri,Krishnagiri Response Zone,T+0h,0,410619,441442,756016,697449,2846,3175,23001,21627
ASM001844,EVT010,Krishnagiri,Krishnagiri Response Zone,T+0h,0,433856,424976,545875,614840,2138,2348,17510,19008
ASM001845,EVT010,Krishnagiri,Krishnagiri Response Zone,T+0h,0,445403,445815,706331,677075,3880,3830,28288,27072
ASM001846,EVT010,Krishnagiri,Krishnagiri Response Zone,T+3h,3,385600,434367,765236,688130,3602,4583,19388,16769
ASM001847,EVT010,Krishnagiri,Krishnagiri Response Zone,T+3h,3,561386,500229,947977,812759,4781,3565,52782,43994
ASM001848,EVT010,Krishnagiri,Krishnagiri Response Zone,T+3h,3,357786,421995,805333,690837,2858,3736,30299,24997
ASM001849,EVT010,Krishnagiri,Krishnagiri Response Zone,T+3h,3,541442,460769,863744,717909,6040,5106,33360,27776
ASM001850,EVT010,Krishnagiri,Krishnagiri Response Zone,T+3h,3,489036,450238,898924,742979,2404,2320,42899,33743
ASM001851,EVT010,Krishnagiri,Krishnagiri Response Zone,T+6h,6,409548,440319,665777,697438,4093,4635,17822,17990
ASM001852,EVT010,Krishnagiri,Krishnagiri Response Zone,T+6h,6,738143,608482,708764,720777,6965,5040,27504,25791
ASM001853,EVT010,Krishnagiri,Krishnagiri Response Zone,T+6h,6,367930,432843,805962,731858,3138,4149,51399,45179
ASM001854,EVT010,Krishnagiri,Krishnagiri Response Zone,T+6h,6,562834,495310,802657,759494,4560,3797,45366,41129
ASM001855,EVT010,Krishnagiri,Krishnagiri Response Zone,T+6h,6,606342,574076,662494,728294,7910,6847,44399,52587
ASM001856,EVT010,Krishnagiri,Krishnagiri Response Zone,T+12h,12,435161,536797,782873,732664,2034,2492,36711,33722
ASM001857,EVT010,Krishnagiri,Krishnagiri Response Zone,T+12h,12,752083,659180,771486,833902,6263,4992,43038,42468
ASM001858,EVT010,Krishnagiri,Krishnagiri Response Zone,T+12h,12,466572,505450,546813,691169,5847,6234,27034,32483
ASM001859,EVT010,Krishnagiri,Krishnagiri Response Zone,T+12h,12,665445,663308,1201996,934609,4881,4856,85881,65119
ASM001860,EVT010,Krishnagiri,Krishnagiri Response Zone,T+12h,12,557527,564859,725364,743183,3252,3504,23366,23801
ASM001861,EVT010,Krishnagiri,Krishnagiri Response Zone,T+24h,24,903112,964084,2287833,1668947,7793,7699,234243,180339
ASM001862,EVT010,Krishnagiri,Krishnagiri Response Zone,T+24h,24,1086575,992068,932859,1252197,19209,17317,92719,121123
ASM001863,EVT010,Krishnagiri,Krishnagiri Response Zone,T+24h,24,1080963,1001240,1194979,1340858,21440,19715,109109,117378
ASM001864,EVT010,Krishnagiri,Krishnagiri Response Zone,T+24h,24,619610,820292,1346561,1347049,6934,10607,130467,136795
ASM001865,EVT010,Krishnagiri,Krishnagiri Response Zone,T+24h,24,1171535,1050390,1750267,1453957,24212,20839,92487,78106
ASM001866,EVT010,Krishnagiri,Krishnagiri Response Zone,T+36h,36,565962,728916,1293731,1236964,7985,12342,100816,96235
ASM001867,EVT010,Krishnagiri,Krishnagiri Response Zone,T+36h,36,1090037,966020,1469773,1417858,20446,17479,139108,145041
ASM001868,EVT010,Krishnagiri,Krishnagiri Response Zone,T+36h,36,1141935,1033315,1030710,1330281,20106,17456,77447,90871
ASM001869,EVT010,Krishnagiri,Krishnagiri Response Zone,T+36h,36,732111,924255,998446,1243597,6837,9070,62870,66658
ASM001870,EVT010,Krishnagiri,Krishnagiri Response Zone,T+36h,36,815312,915525,1430183,1413541,6053,6684,141526,135514
ASM001871,EVT010,Krishnagiri,Krishnagiri Response Zone,T+48h,48,687683,822546,844924,1154884,12074,14625,36105,44127
ASM001872,EVT010,Krishnagiri,Krishnagiri Response Zone,T+48h,48,738383,734009,978608,1044158,5707,6012,53240,59858
ASM001873,EVT010,Krishnagiri,Krishnagiri Response Zone,T+48h,48,701973,711788,1322788,1119642,8259,10144,109273,100310
ASM001874,EVT010,Krishnagiri,Krishnagiri Response Zone,T+48h,48,876745,820679,865880,995255,16908,14898,50050,58375
ASM001875,EVT010,Krishnagiri,Krishnagiri Response Zone,T+48h,48,1132778,973793,2000632,1585227,17242,13982,179304,154936
ASM001876,EVT010,Krishnagiri,Krishnagiri Response Zone,T+72h,72,919957,744278,1366853,1107865,12908,12117,47426,44111
ASM001877,EVT010,Krishnagiri,Krishnagiri Response Zone,T+72h,72,650983,727913,761453,908204,13634,15058,51311,65081
ASM001878,EVT010,Krishnagiri,Krishnagiri Response Zone,T+72h,72,615402,636696,796999,948356,12738,13174,53128,61821
ASM001879,EVT010,Krishnagiri,Krishnagiri Response Zone,T+72h,72,515889,636979,588763,940748,7282,11732,19220,28790
ASM001880,EVT010,Krishnagiri,Krishnagiri Response Zone,T+72h,72,613018,653241,922667,1007556,9551,10945,70443,75369
ASM001881,EVT010,Ranipet,Ranipet Response Zone,T+0h,0,384152,342557,516448,459539,2879,2452,15421,13901
ASM001882,EVT010,Ranipet,Ranipet Response Zone,T+0h,0,415358,350300,378739,436444,2353,1686,9959,10725
ASM001883,EVT010,Ranipet,Ranipet Response Zone,T+0h,0,292424,356214,610517,580126,2763,3756,37772,35823
ASM001884,EVT010,Ranipet,Ranipet Response Zone,T+0h,0,286210,328875,305930,444028,2275,2751,11332,15020
ASM001885,EVT010,Ranipet,Ranipet Response Zone,T+0h,0,341831,339606,576904,509052,3807,4004,13782,13674
ASM001886,EVT010,Ranipet,Ranipet Response Zone,T+3h,3,423672,408865,498270,555336,4172,4063,33210,39660
ASM001887,EVT010,Ranipet,Ranipet Response Zone,T+3h,3,317171,355571,523829,547792,3272,3812,30208,29741
ASM001888,EVT010,Ranipet,Ranipet Response Zone,T+3h,3,419287,375067,519077,549252,4132,3743,25739,26656
ASM001889,EVT010,Ranipet,Ranipet Response Zone,T+3h,3,319016,335785,345407,499413,1254,1507,8914,11546
ASM001890,EVT010,Ranipet,Ranipet Response Zone,T+3h,3,291224,287502,305854,391287,2019,2383,9690,13736
ASM001891,EVT010,Ranipet,Ranipet Response Zone,T+6h,6,397533,346199,604659,523329,2747,2461,16500,15606
ASM001892,EVT010,Ranipet,Ranipet Response Zone,T+6h,6,345420,343452,532460,498756,3043,3056,29874,28553
ASM001893,EVT010,Ranipet,Ranipet Response Zone,T+6h,6,311330,335548,604190,520374,1160,1384,15065,14169
ASM001894,EVT010,Ranipet,Ranipet Response Zone,T+6h,6,334185,330976,516542,495743,4121,3911,18461,17389
ASM001895,EVT010,Ranipet,Ranipet Response Zone,T+6h,6,343094,341904,495236,504174,3260,3329,22848,22046
ASM001896,EVT010,Ranipet,Ranipet Response Zone,T+12h,12,497863,570747,467065,682994,5823,6244,27092,33604
ASM001897,EVT010,Ranipet,Ranipet Response Zone,T+12h,12,504955,578939,666153,735113,2625,3117,34615,34198
ASM001898,EVT010,Ranipet,Ranipet Response Zone,T+12h,12,745229,640649,737376,797332,8729,6451,53067,56601
ASM001899,EVT010,Ranipet,Ranipet Response Zone,T+12h,12,592139,562435,1198091,917837,3801,3807,90157,74891
ASM001900,EVT010,Ranipet,Ranipet Response Zone,T+12h,12,445902,463296,739890,667273,5175,5838,32484,29490
ASM001901,EVT010,Ranipet,Ranipet Response Zone,T+24h,24,599873,508924,1182107,905417,4410,3836,61732,50689
ASM001902,EVT010,Ranipet,Ranipet Response Zone,T+24h,24,559276,606262,1028657,932029,7339,8063,69637,65165
ASM001903,EVT010,Ranipet,Ranipet Response Zone,T+24h,24,779483,707670,768201,900187,13472,12333,63961,72917
ASM001904,EVT010,Ranipet,Ranipet Response Zone,T+24h,24,559819,518035,815182,845361,9575,9281,57205,53104
ASM001905,EVT010,Ranipet,Ranipet Response Zone,T+24h,24,554390,581244,907586,913186,7486,8080,62986,65963
ASM001906,EVT010,Ranipet,Ranipet Response Zone,T+36h,36,597877,546566,654249,814679,6779,6438,36773,44962
ASM001907,EVT010,Ranipet,Ranipet Response Zone,T+36h,36,408227,490353,750266,859426,5027,7103,43507,51230
ASM001908,EVT010,Ranipet,Ranipet Response Zone,T+36h,36,422341,475963,749832,807092,5905,8214,38719,38071
ASM001909,EVT010,Ranipet,Ranipet Response Zone,T+36h,36,438596,520705,1273873,1130912,2233,2858,85338,78884
ASM001910,EVT010,Ranipet,Ranipet Response Zone,T+36h,36,594725,568468,508976,826777,7500,7153,24880,34427
ASM001911,EVT010,Ranipet,Ranipet Response Zone,T+48h,48,895206,755482,1324381,1094312,20057,16376,115338,108747
ASM001912,EVT010,Ranipet,Ranipet Response Zone,T+48h,48,988524,812597,758009,898367,17589,14639,54955,61310
ASM001913,EVT010,Ranipet,Ranipet Response Zone,T+48h,48,674923,602447,607862,861530,17081,15583,28401,31945
ASM001914,EVT010,Ranipet,Ranipet Response Zone,T+48h,48,625666,573024,1169013,954772,10573,10411,85028,70443
ASM001915,EVT010,Ranipet,Ranipet Response Zone,T+48h,48,394249,511478,1026713,932710,6141,9599,50431,47218
ASM001916,EVT010,Ranipet,Ranipet Response Zone,T+72h,72,568807,648762,1267838,1052405,7717,10050,87946,77126
ASM001917,EVT010,Ranipet,Ranipet Response Zone,T+72h,72,608894,710273,1327310,1164216,6508,7123,121728,107767
ASM001918,EVT010,Ranipet,Ranipet Response Zone,T+72h,72,531536,599571,1431069,1047881,8316,9716,48640,39619
ASM001919,EVT010,Ranipet,Ranipet Response Zone,T+72h,72,612482,652445,1055811,1020039,6284,6729,49987,46057
ASM001920,EVT010,Ranipet,Ranipet Response Zone,T+72h,72,624115,665926,1036302,1034398,11765,13183,102227,107040
ASM001921,EVT010,Vellore,Vellore Response Zone,T+0h,0,465758,595259,1066631,962136,1852,2985,54523,50225
ASM001922,EVT010,Vellore,Vellore Response Zone,T+0h,0,853905,744916,1354790,1196052,9322,7549,50260,42742
ASM001923,EVT010,Vellore,Vellore Response Zone,T+0h,0,526714,675238,738253,878946,4127,5620,27500,33084
ASM001924,EVT010,Vellore,Vellore Response Zone,T+0h,0,595510,619960,678114,841979,4847,4903,32415,36514
ASM001925,EVT010,Vellore,Vellore Response Zone,T+0h,0,882056,800818,732303,849764,7765,5902,20302,22280
ASM001926,EVT010,Vellore,Vellore Response Zone,T+3h,3,569595,632617,573193,875623,2783,4024,32649,46766
ASM001927,EVT010,Vellore,Vellore Response Zone,T+3h,3,467667,673982,1130721,1134930,3220,6064,68578,68656
ASM001928,EVT010,Vellore,Vellore Response Zone,T+3h,3,695990,714176,633594,925246,3904,4507,36444,52705
ASM001929,EVT010,Vellore,Vellore Response Zone,T+3h,3,905161,769523,1023683,973163,4373,3798,43437,43055
ASM001930,EVT010,Vellore,Vellore Response Zone,T+3h,3,952096,808035,1128086,913616,7083,5525,48747,45657
ASM001931,EVT010,Vellore,Vellore Response Zone,T+6h,6,549502,712612,828471,935121,3579,5333,22418,24314
ASM001932,EVT010,Vellore,Vellore Response Zone,T+6h,6,840133,811404,1606953,1291154,8427,7594,70083,53534
ASM001933,EVT010,Vellore,Vellore Response Zone,T+6h,6,777437,854213,817483,1217255,5579,5985,57946,77704
ASM001934,EVT010,Vellore,Vellore Response Zone,T+6h,6,736282,763436,1439910,1254337,9541,11545,101811,85033
ASM001935,EVT010,Vellore,Vellore Response Zone,T+6h,6,1317617,1085142,1272749,1236232,21301,16907,78494,70811
ASM001936,EVT010,Vellore,Vellore Response Zone,T+12h,12,561011,722684,631348,965112,5065,7720,20393,27967
ASM001937,EVT010,Vellore,Vellore Response Zone,T+12h,12,842248,870112,2214177,1703707,8576,9059,164102,130986
ASM001938,EVT010,Vellore,Vellore Response Zone,T+12h,12,821219,758587,1018535,1004726,9566,9004,65543,63701
ASM001939,EVT010,Vellore,Vellore Response Zone,T+12h,12,986663,858945,888799,1155904,12038,9916,48144,60386
ASM001940,EVT010,Vellore,Vellore Response Zone,T+12h,12,842497,861321,811661,1144075,7813,7921,56377,73263
ASM001941,EVT010,Vellore,Vellore Response Zone,T+24h,24,1406088,1402664,1845166,2027006,27304,25096,164425,183191
ASM001942,EVT010,Vellore,Vellore Response Zone,T+24h,24,1175598,1320043,1878148,1983265,18875,21252,167548,168615
ASM001943,EVT010,Vellore,Vellore Response Zone,T+24h,24,1340603,1372565,1867263,1885887,17579,17678,87558,85760
ASM001944,EVT010,Vellore,Vellore Response Zone,T+24h,24,1234067,1335312,1784507,1947804,21361,22984,124271,127415
ASM001945,EVT010,Vellore,Vellore Response Zone,T+24h,24,1406435,1254995,2111917,1993272,17689,15467,123958,107127
ASM001946,EVT010,Vellore,Vellore Response Zone,T+36h,36,1157430,1285200,1653004,1727491,16403,18296,79019,86068
ASM001947,EVT010,Vellore,Vellore Response Zone,T+36h,36,1175895,1095522,1010637,1422437,6896,6852,66769,94148
ASM001948,EVT010,Vellore,Vellore Response Zone,T+36h,36,1180483,1139213,1620708,1852279,8337,8558,61371,69609
ASM001949,EVT010,Vellore,Vellore Response Zone,T+36h,36,1397820,1179937,919288,1495700,26692,22468,52869,81489
ASM001950,EVT010,Vellore,Vellore Response Zone,T+36h,36,1180494,1139402,1861848,1861656,6549,6615,79927,72279
ASM001951,EVT010,Vellore,Vellore Response Zone,T+48h,48,833556,1035210,1402817,1717008,8347,12463,120537,150426
ASM001952,EVT010,Vellore,Vellore Response Zone,T+48h,48,1604433,1436494,1936126,1943544,38835,30959,111788,114931
ASM001953,EVT010,Vellore,Vellore Response Zone,T+48h,48,1021977,1120491,2452278,2090291,18948,22854,114706,96364
ASM001954,EVT010,Vellore,Vellore Response Zone,T+48h,48,1011716,1076964,1401631,1529889,9109,11499,94506,112801
ASM001955,EVT010,Vellore,Vellore Response Zone,T+48h,48,1009563,1088960,2260839,1817614,10136,13075,140868,124956
ASM001956,EVT010,Vellore,Vellore Response Zone,T+72h,72,1713372,1456937,1688279,1822772,20292,18456,95241,97621
ASM001957,EVT010,Vellore,Vellore Response Zone,T+72h,72,802584,1029942,2887426,2276587,9994,17523,246696,211403
ASM001958,EVT010,Vellore,Vellore Response Zone,T+72h,72,2365162,1889252,1665627,1762414,31721,24381,70897,70314
ASM001959,EVT010,Vellore,Vellore Response Zone,T+72h,72,1452124,1203825,1380353,1680871,25885,21881,74020,84350
ASM001960,EVT010,Vellore,Vellore Response Zone,T+72h,72,1379344,1390655,2363370,2197303,16851,15686,205504,188327
ASM001961,EVT010,Tirupathur,Tirupathur Response Zone,T+0h,0,289199,286286,358094,396265,1396,1480,12542,13809
ASM001962,EVT010,Tirupathur,Tirupathur Response Zone,T+0h,0,366098,346753,402387,509386,2534,2481,25313,30005
ASM001963,EVT010,Tirupathur,Tirupathur Response Zone,T+0h,0,318606,317651,340582,381733,1777,1621,10148,10720
ASM001964,EVT010,Tirupathur,Tirupathur Response Zone,T+0h,0,355118,332300,430513,452767,2938,2867,15260,16271
ASM001965,EVT010,Tirupathur,Tirupathur Response Zone,T+0h,0,339737,333571,578576,474056,2540,2382,15642,14572
ASM001966,EVT010,Tirupathur,Tirupathur Response Zone,T+3h,3,309139,322500,256275,390828,2913,3054,7898,9979
ASM001967,EVT010,Tirupathur,Tirupathur Response Zone,T+3h,3,296715,332255,440209,448103,2946,3141,23485,25248
ASM001968,EVT010,Tirupathur,Tirupathur Response Zone,T+3h,3,331313,344958,556478,505854,3759,3996,21324,19866
ASM001969,EVT010,Tirupathur,Tirupathur Response Zone,T+3h,3,316144,326625,500365,476056,2173,2402,26156,27159
ASM001970,EVT010,Tirupathur,Tirupathur Response Zone,T+3h,3,421184,334899,647989,504092,2156,1599,37218,30323
ASM001971,EVT010,Tirupathur,Tirupathur Response Zone,T+6h,6,415107,352906,484553,515477,3179,2833,16331,16521
ASM001972,EVT010,Tirupathur,Tirupathur Response Zone,T+6h,6,184424,264524,449705,466609,618,1233,27673,29675
ASM001973,EVT010,Tirupathur,Tirupathur Response Zone,T+6h,6,364198,340226,505427,468878,4444,3894,17917,16906
ASM001974,EVT010,Tirupathur,Tirupathur Response Zone,T+6h,6,347665,343818,460815,484126,2645,2677,16071,15802
ASM001975,EVT010,Tirupathur,Tirupathur Response Zone,T+6h,6,300128,300526,389732,412799,1308,1379,21638,23758
ASM001976,EVT010,Tirupathur,Tirupathur Response Zone,T+12h,12,420675,453606,732661,718740,4200,4635,58149,51474
ASM001977,EVT010,Tirupathur,Tirupathur Response Zone,T+12h,12,635966,567804,602811,745172,7564,6213,58047,67660
ASM001978,EVT010,Tirupathur,Tirupathur Response Zone,T+12h,12,597388,547250,583605,700662,3036,2765,40172,44065
ASM001979,EVT010,Tirupathur,Tirupathur Response Zone,T+12h,12,409720,465079,590507,696708,4119,5222,41877,54310
ASM001980,EVT010,Tirupathur,Tirupathur Response Zone,T+12h,12,508425,482407,895076,743165,3392,3418,50970,44467
ASM001981,EVT010,Tirupathur,Tirupathur Response Zone,T+24h,24,525933,600246,420893,741046,5449,6395,24223,39650
ASM001982,EVT010,Tirupathur,Tirupathur Response Zone,T+24h,24,497591,584011,1042364,965543,7708,10461,61911,56762
ASM001983,EVT010,Tirupathur,Tirupathur Response Zone,T+24h,24,570734,617441,941551,905497,4205,4579,43332,44123
ASM001984,EVT010,Tirupathur,Tirupathur Response Zone,T+24h,24,766401,708187,630405,788591,14269,12429,55989,64891
ASM001985,EVT010,Tirupathur,Tirupathur Response Zone,T+24h,24,756914,689395,1057570,1049374,15550,13050,97454,98003
ASM001986,EVT010,Tirupathur,Tirupathur Response Zone,T+36h,36,731006,674262,1068944,946383,13812,11971,47828,42865
ASM001987,EVT010,Tirupathur,Tirupathur Response Zone,T+36h,36,742391,705891,1142708,968585,7629,7062,106012,99384
ASM001988,EVT010,Tirupathur,Tirupathur Response Zone,T+36h,36,732781,705351,517318,803206,7318,6937,47290,64598
ASM001989,EVT010,Tirupathur,Tirupathur Response Zone,T+36h,36,594223,642120,1404426,1164667,9934,10826,113012,89852
ASM001990,EVT010,Tirupathur,Tirupathur Response Zone,T+36h,36,666522,629493,731926,892459,8547,7474,35379,37004
ASM001991,EVT010,Tirupathur,Tirupathur Response Zone,T+48h,48,513879,448364,756259,614420,6669,6128,23742,21539
ASM001992,EVT010,Tirupathur,Tirupathur Response Zone,T+48h,48,628858,577246,1003132,869508,12690,11519,78863,69024
ASM001993,EVT010,Tirupathur,Tirupathur Response Zone,T+48h,48,600515,510880,597711,651742,13134,11329,40408,45640
ASM001994,EVT010,Tirupathur,Tirupathur Response Zone,T+48h,48,573870,515871,884642,792279,4444,4833,58438,52010
ASM001995,EVT010,Tirupathur,Tirupathur Response Zone,T+48h,48,538400,502111,683975,819747,11235,11125,40080,46445
ASM001996,EVT010,Tirupathur,Tirupathur Response Zone,T+72h,72,589441,498474,430125,639247,5801,5352,26976,40837
ASM001997,EVT010,Tirupathur,Tirupathur Response Zone,T+72h,72,462686,474528,929649,807253,7195,7145,30664,27407
ASM001998,EVT010,Tirupathur,Tirupathur Response Zone,T+72h,72,373909,402052,537944,596926,4626,5629,19978,23251
ASM001999,EVT010,Tirupathur,Tirupathur Response Zone,T+72h,72,465358,474267,586186,685774,5446,5905,39603,43337
ASM002000,EVT010,Tirupathur,Tirupathur Response Zone,T+72h,72,384778,428154,605540,610900,6376,6807,36665,42567
ASM002001,EVT011,Chennai,Chennai Response Zone,T+0h,0,694512,759495,1380805,1279991,12003,16158,43870,42954
ASM002002,EVT011,Chennai,Chennai Response Zone,T+0h,0,686791,697510,1213816,1201379,9307,9697,61530,67710
ASM002003,EVT011,Chennai,Chennai Response Zone,T+0h,0,707888,821757,1637710,1477721,16052,19377,108264,97649
ASM002004,EVT011,Chennai,Chennai Response Zone,T+0h,0,838249,830701,1135342,1459865,28066,27969,101614,132331
ASM002005,EVT011,Chennai,Chennai Response Zone,T+0h,0,563352,704557,1183602,1383354,7508,11795,75415,86329
ASM002006,EVT011,Chennai,Chennai Response Zone,T+3h,3,816338,804924,1273765,1334118,30227,28970,70935,76343
ASM002007,EVT011,Chennai,Chennai Response Zone,T+3h,3,884119,866902,2573927,2096169,21663,22669,228293,186610
ASM002008,EVT011,Chennai,Chennai Response Zone,T+3h,3,779457,817024,1589200,1598721,23778,26427,147185,154511
ASM002009,EVT011,Chennai,Chennai Response Zone,T+3h,3,940863,882983,1839509,1562630,21663,20351,88694,78195
ASM002010,EVT011,Chennai,Chennai Response Zone,T+3h,3,1018653,945852,1488930,1514263,19526,17944,101810,105758
ASM002011,EVT011,Chennai,Chennai Response Zone,T+6h,6,717048,815721,1456476,1643325,16815,20321,92544,105150
ASM002012,EVT011,Chennai,Chennai Response Zone,T+6h,6,803179,805130,1500940,1615755,28700,30194,125998,148557
ASM002013,EVT011,Chennai,Chennai Response Zone,T+6h,6,823825,847264,1490181,1563293,27977,31503,56925,58234
ASM002014,EVT011,Chennai,Chennai Response Zone,T+6h,6,759750,789143,1821061,1632118,18620,21016,165746,161079
ASM002015,EVT011,Chennai,Chennai Response Zone,T+6h,6,1217006,1145919,2357222,2060686,44656,41613,137219,117767
ASM002016,EVT011,Chennai,Chennai Response Zone,T+12h,12,987570,1134297,1933130,1934827,31373,36518,193199,189106
ASM002017,EVT011,Chennai,Chennai Response Zone,T+12h,12,914269,876763,2265799,2031142,24961,23941,183221,170272
ASM002018,EVT011,Chennai,Chennai Response Zone,T+12h,12,658918,776304,1281692,1662996,19366,29313,87538,97555
ASM002019,EVT011,Chennai,Chennai Response Zone,T+12h,12,1000808,927714,1357294,1486850,20483,17978,102396,114159
ASM002020,EVT011,Chennai,Chennai Response Zone,T+12h,12,807111,1058724,1388107,1762982,30266,35582,60264,73544
ASM002021,EVT011,Chennai,Chennai Response Zone,T+24h,24,1345389,1311689,2697063,2600216,62703,64195,258378,257833
ASM002022,EVT011,Chennai,Chennai Response Zone,T+24h,24,1253749,1237076,2033581,2135336,27644,25885,159157,180648
ASM002023,EVT011,Chennai,Chennai Response Zone,T+24h,24,1787552,1578597,2779561,2431413,99800,86061,113843,106989
ASM002024,EVT011,Chennai,Chennai Response Zone,T+24h,24,1009646,1159536,1984701,2360056,23195,29078,198591,221563
ASM002025,EVT011,Chennai,Chennai Response Zone,T+24h,24,791157,1109286,2549120,2339265,25907,55859,133739,136648
ASM002026,EVT011,Chennai,Chennai Response Zone,T+36h,36,1693112,1812481,3512338,3437540,78129,78799,367413,356399
ASM002027,EVT011,Chennai,Chennai Response Zone,T+36h,36,2297224,2100290,1638537,2125700,68158,54535,96384,137533
ASM002028,EVT011,Chennai,Chennai Response Zone,T+36h,36,2080750,1913012,4924313,4110373,89644,78641,376151,314510
ASM002029,EVT011,Chennai,Chennai Response Zone,T+36h,36,1608058,1687871,2527428,2645898,80506,77866,160239,173826
ASM002030,EVT011,Chennai,Chennai Response Zone,T+36h,36,1350525,1419026,1600239,2503672,73674,75458,114713,162026
ASM002031,EVT011,Chennai,Chennai Response Zone,T+48h,48,1616198,1464787,2692459,2619012,67475,61044,277277,287628
ASM002032,EVT011,Chennai,Chennai Response Zone,T+48h,48,1183827,1323549,2589231,2626712,33764,37813,217887,210983
ASM002033,EVT011,Chennai,Chennai Response Zone,T+48h,48,1557965,1486812,2588321,2642246,119762,105499,238124,259650
ASM002034,EVT011,Chennai,Chennai Response Zone,T+48h,48,1698709,1764368,3595158,3208319,74256,71414,316402,305532
ASM002035,EVT011,Chennai,Chennai Response Zone,T+48h,48,1678588,1505110,3120857,2783266,118847,103959,296476,266418
ASM002036,EVT011,Chennai,Chennai Response Zone,T+72h,72,2222387,1924870,2314141,2325740,132310,110027,102334,99540
ASM002037,EVT011,Chennai,Chennai Response Zone,T+72h,72,1598669,1557827,3213861,3106666,55310,54587,374279,350689
ASM002038,EVT011,Chennai,Chennai Response Zone,T+72h,72,1315293,1364429,2639422,2743302,33198,35725,216358,228652
ASM002039,EVT011,Chennai,Chennai Response Zone,T+72h,72,1320357,1323802,3767725,3191871,93200,92101,294535,260887
ASM002040,EVT011,Chennai,Chennai Response Zone,T+72h,72,965186,1169988,1725840,2123269,39764,56333,101161,140006
ASM002041,EVT011,Tiruvallur,Tiruvallur Response Zone,T+0h,0,635507,692078,1220462,1260452,15075,17064,35504,34302
ASM002042,EVT011,Tiruvallur,Tiruvallur Response Zone,T+0h,0,684929,684697,1359554,1339361,23984,24014,104081,116815
ASM002043,EVT011,Tiruvallur,Tiruvallur Response Zone,T+0h,0,623791,668266,1427967,1214579,15872,17138,77226,75260
ASM002044,EVT011,Tiruvallur,Tiruvallur Response Zone,T+0h,0,731678,724844,993323,1147645,18190,17709,53185,65027
ASM002045,EVT011,Tiruvallur,Tiruvallur Response Zone,T+0h,0,653639,702319,881909,1160727,20443,22131,66081,85541
ASM002046,EVT011,Tiruvallur,Tiruvallur Response Zone,T+3h,3,998639,919313,1477322,1441258,31316,27361,130480,141675
ASM002047,EVT011,Tiruvallur,Tiruvallur Response Zone,T+3h,3,752422,742700,1344307,1293016,22793,22714,51399,54135
ASM002048,EVT011,Tiruvallur,Tiruvallur Response Zone,T+3h,3,732540,749122,1881842,1550373,26008,24062,150672,140942
ASM002049,EVT011,Tiruvallur,Tiruvallur Response Zone,T+3h,3,661433,677578,871627,1140914,24975,23903,55616,66754
ASM002050,EVT011,Tiruvallur,Tiruvallur Response Zone,T+3h,3,759781,734445,1654986,1338849,21047,21083,80659,73760
ASM002051,EVT011,Tiruvallur,Tiruvallur Response Zone,T+6h,6,969388,894895,2590775,1746216,27430,24258,169752,130664
ASM002052,EVT011,Tiruvallur,Tiruvallur Response Zone,T+6h,6,746970,805095,1352319,1444852,10225,12688,81361,93831
ASM002053,EVT011,Tiruvallur,Tiruvallur Response Zone,T+6h,6,790373,813026,1151882,1542904,26788,27507,115632,132310
ASM002054,EVT011,Tiruvallur,Tiruvallur Response Zone,T+6h,6,882089,848045,1369219,1519769,25803,24019,57081,60045
ASM002055,EVT011,Tiruvallur,Tiruvallur Response Zone,T+6h,6,697829,744446,1572122,1522803,15874,19433,108671,111030
ASM002056,EVT011,Tiruvallur,Tiruvallur Response Zone,T+12h,12,1042798,1182400,2338559,2370294,21948,23998,177590,158523
ASM002057,EVT011,Tiruvallur,Tiruvallur Response Zone,T+12h,12,1050688,1153437,1760052,2039297,22677,25213,204256,216807
ASM002058,EVT011,Tiruvallur,Tiruvallur Response Zone,T+12h,12,1433809,1344007,2892923,2623945,65724,62916,258515,215526
ASM002059,EVT011,Tiruvallur,Tiruvallur Response Zone,T+12h,12,1229797,1286821,1579782,1936556,50451,57012,174528,210933
ASM002060,EVT011,Tiruvallur,Tiruvallur Response Zone,T+12h,12,1124747,1208981,1179137,1650791,31275,33695,96788,135686
ASM002061,EVT011,Tiruvallur,Tiruvallur Response Zone,T+24h,24,1530021,1415920,3071205,2686165,38136,35494,271937,238086
ASM002062,EVT011,Tiruvallur,Tiruvallur Response Zone,T+24h,24,1329171,1360009,1472291,2048885,70100,79360,173860,213569
ASM002063,EVT011,Tiruvallur,Tiruvallur Response Zone,T+24h,24,1451173,1421990,2353779,2375590,76839,75215,159431,174740
ASM002064,EVT011,Tiruvallur,Tiruvallur Response Zone,T+24h,24,1323162,1319481,5516552,4358480,37184,40624,574591,443461
ASM002065,EVT011,Tiruvallur,Tiruvallur Response Zone,T+24h,24,1295718,1322249,2228547,2272914,50196,54179,165278,193269
ASM002066,EVT011,Tiruvallur,Tiruvallur Response Zone,T+36h,36,1186873,1237389,1774901,2128728,49948,57255,99059,130299
ASM002067,EVT011,Tiruvallur,Tiruvallur Response Zone,T+36h,36,705453,939025,2046498,2040754,18691,32594,123210,116914
ASM002068,EVT011,Tiruvallur,Tiruvallur Response Zone,T+36h,36,1168241,1251583,2293076,2270050,32516,31555,230785,221882
ASM002069,EVT011,Tiruvallur,Tiruvallur Response Zone,T+36h,36,1608729,1478494,2397964,2323502,94111,85131,233462,224924
ASM002070,EVT011,Tiruvallur,Tiruvallur Response Zone,T+36h,36,1537735,1564415,2910130,2780144,55619,60053,323817,299209
ASM002071,EVT011,Tiruvallur,Tiruvallur Response Zone,T+48h,48,1847937,1689772,2070764,2389171,119360,108589,142744,178727
ASM002072,EVT011,Tiruvallur,Tiruvallur Response Zone,T+48h,48,1888957,1688307,4348661,4253943,115673,96355,549039,472304
ASM002073,EVT011,Tiruvallur,Tiruvallur Response Zone,T+48h,48,1551604,1601421,2859175,2603328,65831,68473,214291,218444
ASM002074,EVT011,Tiruvallur,Tiruvallur Response Zone,T+48h,48,1561427,1618960,3452808,3148454,100193,101776,449582,397237
ASM002075,EVT011,Tiruvallur,Tiruvallur Response Zone,T+48h,48,1339593,1508042,2468279,2833369,105546,105598,314325,345465
ASM002076,EVT011,Tiruvallur,Tiruvallur Response Zone,T+72h,72,1137328,1246004,3144429,2665919,49974,53942,304860,273116
ASM002077,EVT011,Tiruvallur,Tiruvallur Response Zone,T+72h,72,1202805,1096992,1917159,1971797,63801,56439,166745,191557
ASM002078,EVT011,Tiruvallur,Tiruvallur Response Zone,T+72h,72,1539223,1477591,2427786,2308274,42640,37776,209634,206635
ASM002079,EVT011,Tiruvallur,Tiruvallur Response Zone,T+72h,72,1045001,1049140,1647542,1854441,61603,56795,136403,161804
ASM002080,EVT011,Tiruvallur,Tiruvallur Response Zone,T+72h,72,968532,999316,1427565,1755063,23861,27834,54824,69593
ASM002081,EVT011,Chengalpattu,Chengalpattu Response Zone,T+0h,0,646287,650266,1268660,1161588,9745,9817,46819,43730
ASM002082,EVT011,Chengalpattu,Chengalpattu Response Zone,T+0h,0,689105,648476,905259,1074345,14554,13514,33460,37352
ASM002083,EVT011,Chengalpattu,Chengalpattu Response Zone,T+0h,0,483724,571215,912843,1091706,7681,10475,60571,65112
ASM002084,EVT011,Chengalpattu,Chengalpattu Response Zone,T+0h,0,370710,491518,845728,954474,8277,12926,39143,45784
ASM002085,EVT011,Chengalpattu,Chengalpattu Response Zone,T+0h,0,542931,575747,1212545,1082641,15887,18061,33999,32340
ASM002086,EVT011,Chengalpattu,Chengalpattu Response Zone,T+3h,3,601447,712506,1177147,1356084,11521,15915,95034,102246
ASM002087,EVT011,Chengalpattu,Chengalpattu Response Zone,T+3h,3,617443,705891,1194250,1287867,16848,19375,95194,93376
ASM002088,EVT011,Chengalpattu,Chengalpattu Response Zone,T+3h,3,701029,752449,1244087,1320221,20317,20920,101266,97273
ASM002089,EVT011,Chengalpattu,Chengalpattu Response Zone,T+3h,3,698616,749227,772626,1191591,16473,17475,38241,52022
ASM002090,EVT011,Chengalpattu,Chengalpattu Response Zone,T+3h,3,1088888,983992,955959,1295901,42831,36237,80457,102752
ASM002091,EVT011,Chengalpattu,Chengalpattu Response Zone,T+6h,6,828436,838166,1506212,1467417,32621,31577,139516,145901
ASM002092,EVT011,Chengalpattu,Chengalpattu Response Zone,T+6h,6,892526,893259,1145362,1295556,24144,22507,72988,87670
ASM002093,EVT011,Chengalpattu,Chengalpattu Response Zone,T+6h,6,919158,923723,1806818,1478486,40063,37345,143814,115024
ASM002094,EVT011,Chengalpattu,Chengalpattu Response Zone,T+6h,6,599198,711093,1511865,1274428,19992,21766,50480,42363
ASM002095,EVT011,Chengalpattu,Chengalpattu Response Zone,T+6h,6,926929,839746,1537622,1332263,19951,17149,89185,81137
ASM002096,EVT011,Chengalpattu,Chengalpattu Response Zone,T+12h,12,969463,929249,2523934,2090418,38661,47561,183379,156838
ASM002097,EVT011,Chengalpattu,Chengalpattu Response Zone,T+12h,12,992500,987135,1438117,1524311,46493,45428,108113,107831
ASM002098,EVT011,Chengalpattu,Chengalpattu Response Zone,T+12h,12,793732,887679,2001887,1985898,11305,15550,214188,205094
ASM002099,EVT011,Chengalpattu,Chengalpattu Response Zone,T+12h,12,689616,785456,1363405,1624006,12880,20181,124956,133222
ASM002100,EVT011,Chengalpattu,Chengalpattu Response Zone,T+12h,12,1021052,996057,2750950,2184067,27780,24998,255055,206310
ASM002101,EVT011,Chengalpattu,Chengalpattu Response Zone,T+24h,24,1322379,1306069,3873291,3322692,28037,27051,452538,374317
ASM002102,EVT011,Chengalpattu,Chengalpattu Response Zone,T+24h,24,1121564,1173386,2339346,2338796,49308,56764,180788,179512
ASM002103,EVT011,Chengalpattu,Chengalpattu Response Zone,T+24h,24,1116082,1200802,2663867,2621024,59090,68039,257626,266341
ASM002104,EVT011,Chengalpattu,Chengalpattu Response Zone,T+24h,24,1681501,1573979,3511977,3206861,107685,95143,386981,365215
ASM002105,EVT011,Chengalpattu,Chengalpattu Response Zone,T+24h,24,1054643,1158590,2195322,2239274,21373,26455,129862,130252
ASM002106,EVT011,Chengalpattu,Chengalpattu Response Zone,T+36h,36,1606988,1401030,1782331,2021965,78464,66717,127828,142802
ASM002107,EVT011,Chengalpattu,Chengalpattu Response Zone,T+36h,36,841385,950080,2411877,2104459,19464,23100,223557,192993
ASM002108,EVT011,Chengalpattu,Chengalpattu Response Zone,T+36h,36,1163679,1089756,1805603,1771253,46873,42763,62474,60796
ASM002109,EVT011,Chengalpattu,Chengalpattu Response Zone,T+36h,36,1060939,1110987,2156467,2021611,54796,61240,149810,150137
ASM002110,EVT011,Chengalpattu,Chengalpattu Response Zone,T+36h,36,1146375,1052700,1503108,1811426,42451,38369,130268,155779
ASM002111,EVT011,Chengalpattu,Chengalpattu Response Zone,T+48h,48,1174878,1250922,1593608,2267256,36013,39278,207602,269685
ASM002112,EVT011,Chengalpattu,Chengalpattu Response Zone,T+48h,48,1282243,1350317,2502752,2520032,39408,40858,215351,234363
ASM002113,EVT011,Chengalpattu,Chengalpattu Response Zone,T+48h,48,1328988,1271281,2932748,2613683,43955,45553,270074,252515
ASM002114,EVT011,Chengalpattu,Chengalpattu Response Zone,T+48h,48,1090694,1174590,2325183,2571363,57607,65764,290277,297388
ASM002115,EVT011,Chengalpattu,Chengalpattu Response Zone,T+48h,48,1528129,1415643,3470537,2984535,137414,115981,309088,288106
ASM002116,EVT011,Chengalpattu,Chengalpattu Response Zone,T+72h,72,913371,975644,1628337,1859880,34277,36643,153079,158395
ASM002117,EVT011,Chengalpattu,Chengalpattu Response Zone,T+72h,72,1051255,1113775,1599271,1930260,54524,57463,148706,166074
ASM002118,EVT011,Chengalpattu,Chengalpattu Response Zone,T+72h,72,820228,906999,1734377,1767163,34227,36470,95204,98720
ASM002119,EVT011,Chengalpattu,Chengalpattu Response Zone,T+72h,72,601391,803552,1672565,1729669,18012,28688,57921,58879
ASM002120,EVT011,Chengalpattu,Chengalpattu Response Zone,T+72h,72,946855,995687,2280067,1991568,49816,50554,185378,175371
ASM002121,EVT011,Villupuram,Villupuram Response Zone,T+0h,0,947094,798037,859806,996692,16875,13001,77926,81926
ASM002122,EVT011,Villupuram,Villupuram Response Zone,T+0h,0,694548,619707,1442886,1128094,28993,25250,92392,76947
ASM002123,EVT011,Villupuram,Villupuram Response Zone,T+0h,0,570787,596958,1573154,1183778,7835,8771,114288,88641
ASM002124,EVT011,Villupuram,Villupuram Response Zone,T+0h,0,493856,516927,858633,850646,18101,17967,33824,33850
ASM002125,EVT011,Villupuram,Villupuram Response Zone,T+0h,0,571291,583976,1408297,1102799,15968,16192,126614,104462
ASM002126,EVT011,Villupuram,Villupuram Response Zone,T+3h,3,598576,575407,736638,929587,20474,17867,61125,72942
ASM002127,EVT011,Villupuram,Villupuram Response Zone,T+3h,3,406864,478178,1185560,972686,5689,8941,101462,82677
ASM002128,EVT011,Villupuram,Villupuram Response Zone,T+3h,3,673566,603351,1156049,878708,21239,17022,37310,31780
ASM002129,EVT011,Villupuram,Villupuram Response Zone,T+3h,3,536955,496386,956637,880032,8078,7237,35401,32321
ASM002130,EVT011,Villupuram,Villupuram Response Zone,T+3h,3,643205,598851,910812,902737,21423,19545,37011,39066
ASM002131,EVT011,Villupuram,Villupuram Response Zone,T+6h,6,655111,622701,513167,856293,15489,14758,48801,71913
ASM002132,EVT011,Villupuram,Villupuram Response Zone,T+6h,6,510273,519952,715280,891589,16644,17175,53207,60070
ASM002133,EVT011,Villupuram,Villupuram Response Zone,T+6h,6,583354,565843,708991,846337,21856,19144,25925,30947
ASM002134,EVT011,Villupuram,Villupuram Response Zone,T+6h,6,644584,619748,728797,874428,25732,22754,33666,42511
ASM002135,EVT011,Villupuram,Villupuram Response Zone,T+6h,6,491280,523814,877560,892670,15464,17350,41848,42723
ASM002136,EVT011,Villupuram,Villupuram Response Zone,T+12h,12,507763,561917,847461,887840,12740,15124,42531,48375
ASM002137,EVT011,Villupuram,Villupuram Response Zone,T+12h,12,711727,777899,950322,1195093,24193,24509,74323,83505
ASM002138,EVT011,Villupuram,Villupuram Response Zone,T+12h,12,818693,771161,739229,885152,14606,12197,34547,42331
ASM002139,EVT011,Villupuram,Villupuram Response Zone,T+12h,12,493375,577168,909283,1029332,16444,22490,65818,77491
ASM002140,EVT011,Villupuram,Villupuram Response Zone,T+12h,12,413849,522750,1187173,916792,12727,18023,35464,30660
ASM002141,EVT011,Villupuram,Villupuram Response Zone,T+24h,24,833534,804261,1260013,1372406,28364,25859,120603,125920
ASM002142,EVT011,Villupuram,Villupuram Response Zone,T+24h,24,803815,794229,1234312,1367013,41347,43370,97662,106783
ASM002143,EVT011,Villupuram,Villupuram Response Zone,T+24h,24,855270,833400,1437414,1507068,35169,34870,159380,170889
ASM002144,EVT011,Villupuram,Villupuram Response Zone,T+24h,24,879574,852588,1641336,1493437,38076,36862,94800,94946
ASM002145,EVT011,Villupuram,Villupuram Response Zone,T+24h,24,788554,818113,1744186,1535307,27325,29453,191542,170249
ASM002146,EVT011,Villupuram,Villupuram Response Zone,T+36h,36,1276204,1143277,752721,1175059,74621,67464,33257,50343
ASM002147,EVT011,Villupuram,Villupuram Response Zone,T+36h,36,635485,805006,1954763,1709043,24903,35466,97285,88711
ASM002148,EVT011,Villupuram,Villupuram Response Zone,T+36h,36,739202,838277,2429962,1862075,23812,27464,266377,215472
ASM002149,EVT011,Villupuram,Villupuram Response Zone,T+36h,36,921765,1085844,1369747,1569040,24896,26507,151245,161396
ASM002150,EVT011,Villupuram,Villupuram Response Zone,T+36h,36,606744,746084,1237318,1458016,13247,19277,123396,145801
ASM002151,EVT011,Villupuram,Villupuram Response Zone,T+48h,48,863589,874031,1525039,1591727,25854,26140,175734,168299
ASM002152,EVT011,Villupuram,Villupuram Response Zone,T+48h,48,1337125,1186177,1518316,1818184,104556,87810,192155,199469
ASM002153,EVT011,Villupuram,Villupuram Response Zone,T+48h,48,916076,988338,1709051,1665208,40673,37211,97094,100760
ASM002154,EVT011,Villupuram,Villupuram Response Zone,T+48h,48,916118,883209,1019533,1446574,64791,64268,116656,151247
ASM002155,EVT011,Villupuram,Villupuram Response Zone,T+48h,48,695173,830090,1156092,1371490,28265,32353,50171,57519
ASM002156,EVT011,Villupuram,Villupuram Response Zone,T+72h,72,658394,683068,1897479,1432963,37639,36847,71782,58921
ASM002157,EVT011,Villupuram,Villupuram Response Zone,T+72h,72,746233,816489,1149437,1416311,53622,59513,72091,86536
ASM002158,EVT011,Villupuram,Villupuram Response Zone,T+72h,72,789010,820296,2081446,1581924,19947,20731,143483,118065
ASM002159,EVT011,Villupuram,Villupuram Response Zone,T+72h,72,1003172,875445,1501648,1451778,35274,29001,75573,68401
ASM002160,EVT011,Villupuram,Villupuram Response Zone,T+72h,72,938646,849811,916472,1327183,54960,45794,47618,68022
ASM002161,EVT011,Cuddalore,Cuddalore Response Zone,T+0h,0,364994,429464,926754,884076,8801,11854,52263,46711
ASM002162,EVT011,Cuddalore,Cuddalore Response Zone,T+0h,0,442945,440949,697772,734498,16401,16006,30179,32792
ASM002163,EVT011,Cuddalore,Cuddalore Response Zone,T+0h,0,458427,468332,602500,675535,9161,8490,19115,23217
ASM002164,EVT011,Cuddalore,Cuddalore Response Zone,T+0h,0,545967,494001,770006,714151,11774,9372,24968,28120
ASM002165,EVT011,Cuddalore,Cuddalore Response Zone,T+0h,0,569166,485034,780899,745394,14422,12098,29186,32040
ASM002166,EVT011,Cuddalore,Cuddalore Response Zone,T+3h,3,427476,504872,1028724,909106,7339,10173,65056,56545
ASM002167,EVT011,Cuddalore,Cuddalore Response Zone,T+3h,3,462577,544590,1198137,994482,10122,11927,62852,51221
ASM002168,EVT011,Cuddalore,Cuddalore Response Zone,T+3h,3,438129,545092,987033,944884,15354,20081,41844,43229
ASM002169,EVT011,Cuddalore,Cuddalore Response Zone,T+3h,3,541000,561938,693586,868151,19855,20969,60521,74830
ASM002170,EVT011,Cuddalore,Cuddalore Response Zone,T+3h,3,556434,538628,746470,936195,17003,15968,44228,49052
ASM002171,EVT011,Cuddalore,Cuddalore Response Zone,T+6h,6,605024,543430,1796035,1307541,27390,25170,136459,99078
ASM002172,EVT011,Cuddalore,Cuddalore Response Zone,T+6h,6,562698,566684,1221282,1108313,20386,22286,117774,112584
ASM002173,EVT011,Cuddalore,Cuddalore Response Zone,T+6h,6,461837,532198,1429883,1063665,15490,17815,57900,45742
ASM002174,EVT011,Cuddalore,Cuddalore Response Zone,T+6h,6,499091,495388,1175571,993777,7697,8284,88039,83943
ASM002175,EVT011,Cuddalore,Cuddalore Response Zone,T+6h,6,344106,415568,705461,710606,10843,14417,28609,30679
ASM002176,EVT011,Cuddalore,Cuddalore Response Zone,T+12h,12,983602,834146,1192151,1232442,38427,30136,112236,102140
ASM002177,EVT011,Cuddalore,Cuddalore Response Zone,T+12h,12,444613,568278,1004530,1011280,16145,21121,68077,66770
ASM002178,EVT011,Cuddalore,Cuddalore Response Zone,T+12h,12,616479,595996,649832,853065,22071,21814,56839,78649
ASM002179,EVT011,Cuddalore,Cuddalore Response Zone,T+12h,12,770181,639229,874476,903635,35159,27917,55594,55116
ASM002180,EVT011,Cuddalore,Cuddalore Response Zone,T+12h,12,598069,586026,1381883,1153198,10482,10178,106948,87389
ASM002181,EVT011,Cuddalore,Cuddalore Response Zone,T+24h,24,803482,820540,1364642,1588658,35799,38711,168565,171528
ASM002182,EVT011,Cuddalore,Cuddalore Response Zone,T+24h,24,827037,882628,1708255,1645902,30299,32456,114821,112800
ASM002183,EVT011,Cuddalore,Cuddalore Response Zone,T+24h,24,869325,896861,2002758,1649417,27406,29278,169675,148017
ASM002184,EVT011,Cuddalore,Cuddalore Response Zone,T+24h,24,1145784,1041964,1204721,1508432,37914,31162,100034,118849
ASM002185,EVT011,Cuddalore,Cuddalore Response Zone,T+24h,24,529879,710447,1405296,1570754,10756,17694,150184,161282
ASM002186,EVT011,Cuddalore,Cuddalore Response Zone,T+36h,36,1250380,1128693,1324877,1483241,69683,64253,159896,172709
ASM002187,EVT011,Cuddalore,Cuddalore Response Zone,T+36h,36,693981,823056,1400125,1577147,20145,28588,168426,189420
ASM002188,EVT011,Cuddalore,Cuddalore Response Zone,T+36h,36,847728,924490,1141254,1548047,42234,51690,93621,122526
ASM002189,EVT011,Cuddalore,Cuddalore Response Zone,T+36h,36,843681,961471,1328835,1468976,48634,56675,146678,169786
ASM002190,EVT011,Cuddalore,Cuddalore Response Zone,T+36h,36,1024230,993037,2262565,1949884,65907,63556,156674,136025
ASM002191,EVT011,Cuddalore,Cuddalore Response Zone,T+48h,48,652790,845974,1299918,1650276,18385,26806,114674,135254
ASM002192,EVT011,Cuddalore,Cuddalore Response Zone,T+48h,48,891609,848773,1452900,1494318,32866,29130,98750,98544
ASM002193,EVT011,Cuddalore,Cuddalore Response Zone,T+48h,48,1130560,976849,1259152,1377447,54176,42471,115732,127405
ASM002194,EVT011,Cuddalore,Cuddalore Response Zone,T+48h,48,644628,832096,2100539,1790702,44237,55341,212872,188566
ASM002195,EVT011,Cuddalore,Cuddalore Response Zone,T+48h,48,942744,889503,2348559,1928948,27642,25928,287381,244789
ASM002196,EVT011,Cuddalore,Cuddalore Response Zone,T+72h,72,635860,733242,1593682,1361444,36338,37313,79657,73922
ASM002197,EVT011,Cuddalore,Cuddalore Response Zone,T+72h,72,800800,796420,1433719,1343816,23122,20955,97417,93555
ASM002198,EVT011,Cuddalore,Cuddalore Response Zone,T+72h,72,725167,718018,1188802,1301202,20085,20440,59227,62418
ASM002199,EVT011,Cuddalore,Cuddalore Response Zone,T+72h,72,658352,744304,1011994,1276073,16762,19324,78180,92331
ASM002200,EVT011,Cuddalore,Cuddalore Response Zone,T+72h,72,844999,804707,2404488,1879222,58541,56688,244497,194696
ASM002201,EVT011,Nagapattinam,Nagapattinam Response Zone,T+0h,0,412230,341280,409218,478577,10428,8065,22425,28017
ASM002202,EVT011,Nagapattinam,Nagapattinam Response Zone,T+0h,0,259703,290277,522845,454221,3949,4218,19038,16557
ASM002203,EVT011,Nagapattinam,Nagapattinam Response Zone,T+0h,0,328561,328293,658119,543829,6690,5876,49290,43102
ASM002204,EVT011,Nagapattinam,Nagapattinam Response Zone,T+0h,0,231838,282436,427858,499835,6164,9239,14116,15958
ASM002205,EVT011,Nagapattinam,Nagapattinam Response Zone,T+0h,0,239736,298256,665741,553484,5989,8714,41338,34467
ASM002206,EVT011,Nagapattinam,Nagapattinam Response Zone,T+3h,3,422038,404437,748760,663569,13793,12638,29347,27067
ASM002207,EVT011,Nagapattinam,Nagapattinam Response Zone,T+3h,3,494663,414901,923219,682665,16476,12581,50415,43133
ASM002208,EVT011,Nagapattinam,Nagapattinam Response Zone,T+3h,3,377156,379419,549755,567581,9625,8910,48565,54427
ASM002209,EVT011,Nagapattinam,Nagapattinam Response Zone,T+3h,3,355951,389877,445961,586336,8411,9315,15486,19897
ASM002210,EVT011,Nagapattinam,Nagapattinam Response Zone,T+3h,3,381386,396727,553420,637383,8875,9153,32675,36974
ASM002211,EVT011,Nagapattinam,Nagapattinam Response Zone,T+6h,6,297950,360605,659866,624301,10937,15110,27344,26741
ASM002212,EVT011,Nagapattinam,Nagapattinam Response Zone,T+6h,6,375271,378535,597083,548418,13766,11720,49475,51131
ASM002213,EVT011,Nagapattinam,Nagapattinam Response Zone,T+6h,6,392091,380406,472255,519671,17562,15039,17463,19236
ASM002214,EVT011,Nagapattinam,Nagapattinam Response Zone,T+6h,6,324555,376819,375814,498255,12502,13765,27142,41328
ASM002215,EVT011,Nagapattinam,Nagapattinam Response Zone,T+6h,6,358697,391419,749498,705240,14821,16701,61169,56483
ASM002216,EVT011,Nagapattinam,Nagapattinam Response Zone,T+12h,12,471531,467521,1205287,951013,19381,17952,82087,67367
ASM002217,EVT011,Nagapattinam,Nagapattinam Response Zone,T+12h,12,453349,492980,912524,851470,13594,15074,68427,74314
ASM002218,EVT011,Nagapattinam,Nagapattinam Response Zone,T+12h,12,410603,405414,785279,745125,9513,9589,51430,46579
ASM002219,EVT011,Nagapattinam,Nagapattinam Response Zone,T+12h,12,630382,527254,835676,765825,17123,13196,99160,87635
ASM002220,EVT011,Nagapattinam,Nagapattinam Response Zone,T+12h,12,402469,428515,751215,718344,10414,10597,29321,28095
ASM002221,EVT011,Nagapattinam,Nagapattinam Response Zone,T+24h,24,475724,489399,1149217,940703,10002,10994,68515,62444
ASM002222,EVT011,Nagapattinam,Nagapattinam Response Zone,T+24h,24,422189,443832,907063,877012,15699,17806,38278,36812
ASM002223,EVT011,Nagapattinam,Nagapattinam Response Zone,T+24h,24,610693,558979,887866,964832,19835,17893,75414,82781
ASM002224,EVT011,Nagapattinam,Nagapattinam Response Zone,T+24h,24,465992,452283,696938,878861,22329,24411,29634,34222
ASM002225,EVT011,Nagapattinam,Nagapattinam Response Zone,T+24h,24,416336,442315,866023,873155,13811,18007,81461,82438
ASM002226,EVT011,Nagapattinam,Nagapattinam Response Zone,T+36h,36,724115,625521,1053075,998915,20107,16457,70114,63248
ASM002227,EVT011,Nagapattinam,Nagapattinam Response Zone,T+36h,36,643233,522674,815720,896132,25427,20837,63639,64648
ASM002228,EVT011,Nagapattinam,Nagapattinam Response Zone,T+36h,36,503795,532470,1069594,1067896,18635,21288,69693,65356
ASM002229,EVT011,Nagapattinam,Nagapattinam Response Zone,T+36h,36,391035,497441,1239535,1153035,16173,25097,151120,138424
ASM002230,EVT011,Nagapattinam,Nagapattinam Response Zone,T+36h,36,681595,604899,1281089,1154708,37537,34027,152340,130535
ASM002231,EVT011,Nagapattinam,Nagapattinam Response Zone,T+48h,48,435756,498082,1214689,971556,25374,28599,71993,63394
ASM002232,EVT011,Nagapattinam,Nagapattinam Response Zone,T+48h,48,588759,520390,898919,939951,42517,38040,46744,56447
ASM002233,EVT011,Nagapattinam,Nagapattinam Response Zone,T+48h,48,319707,390020,635143,814535,11776,17705,48777,59443
ASM002234,EVT011,Nagapattinam,Nagapattinam Response Zone,T+48h,48,626075,538908,901861,937497,43511,37364,92432,98307
ASM002235,EVT011,Nagapattinam,Nagapattinam Response Zone,T+48h,48,344293,382064,806462,819390,9217,12398,54318,54884
ASM002236,EVT011,Nagapattinam,Nagapattinam Response Zone,T+72h,72,663469,619204,679014,995025,28903,24318,70171,96566
ASM002237,EVT011,Nagapattinam,Nagapattinam Response Zone,T+72h,72,607215,605494,1533161,1244923,25473,24656,119577,107134
ASM002238,EVT011,Nagapattinam,Nagapattinam Response Zone,T+72h,72,443435,496226,1063095,1003503,31386,36321,118551,114026
ASM002239,EVT011,Nagapattinam,Nagapattinam Response Zone,T+72h,72,496472,511980,1117914,1014794,12651,13133,131861,125500
ASM002240,EVT011,Nagapattinam,Nagapattinam Response Zone,T+72h,72,660122,608855,1467419,1241328,19710,15938,125609,113338
ASM002241,EVT011,Thiruvarur,Thiruvarur Response Zone,T+0h,0,317908,317717,461922,514445,9859,10134,34646,39011
ASM002242,EVT011,Thiruvarur,Thiruvarur Response Zone,T+0h,0,354228,346482,617318,570766,11564,10090,31031,30412
ASM002243,EVT011,Thiruvarur,Thiruvarur Response Zone,T+0h,0,415387,337924,463988,473136,6563,4789,23555,27305
ASM002244,EVT011,Thiruvarur,Thiruvarur Response Zone,T+0h,0,188922,264290,425594,460335,4518,6981,28365,31639
ASM002245,EVT011,Thiruvarur,Thiruvarur Response Zone,T+0h,0,366240,334181,385931,448120,14139,10033,21054,25686
ASM002246,EVT011,Thiruvarur,Thiruvarur Response Zone,T+3h,3,315479,309076,770868,558665,4131,4552,32946,26699
ASM002247,EVT011,Thiruvarur,Thiruvarur Response Zone,T+3h,3,249446,285489,489213,524481,6988,9068,37965,40517
ASM002248,EVT011,Thiruvarur,Thiruvarur Response Zone,T+3h,3,232516,295068,588573,536626,3579,5306,20737,20040
ASM002249,EVT011,Thiruvarur,Thiruvarur Response Zone,T+3h,3,280975,287596,305089,437355,9635,10146,12326,18137
ASM002250,EVT011,Thiruvarur,Thiruvarur Response Zone,T+3h,3,385204,356219,722618,573316,10637,8776,36808,30205
ASM002251,EVT011,Thiruvarur,Thiruvarur Response Zone,T+6h,6,343892,384116,801398,613106,14315,15052,79031,62209
ASM002252,EVT011,Thiruvarur,Thiruvarur Response Zone,T+6h,6,521303,433191,629290,624376,21447,17406,25743,26356
ASM002253,EVT011,Thiruvarur,Thiruvarur Response Zone,T+6h,6,284053,360594,616754,651290,7854,10796,50937,53063
ASM002254,EVT011,Thiruvarur,Thiruvarur Response Zone,T+6h,6,397307,393876,772684,746010,8170,8944,74399,67626
ASM002255,EVT011,Thiruvarur,Thiruvarur Response Zone,T+6h,6,318075,372214,1233721,895797,6867,9308,88702,68170
ASM002256,EVT011,Thiruvarur,Thiruvarur Response Zone,T+12h,12,375003,396487,388402,513259,15854,14656,36362,50450
ASM002257,EVT011,Thiruvarur,Thiruvarur Response Zone,T+12h,12,467005,421817,802891,703913,15177,12067,78232,67642
ASM002258,EVT011,Thiruvarur,Thiruvarur Response Zone,T+12h,12,372330,385062,575188,733652,13058,14250,55372,64693
ASM002259,EVT011,Thiruvarur,Thiruvarur Response Zone,T+12h,12,256322,354199,737026,824594,3467,5836,57170,62542
ASM002260,EVT011,Thiruvarur,Thiruvarur Response Zone,T+12h,12,412208,402826,654724,677842,19059,19411,69291,72491
ASM002261,EVT011,Thiruvarur,Thiruvarur Response Zone,T+24h,24,666314,645876,969319,1090130,30624,29132,85489,93415
ASM002262,EVT011,Thiruvarur,Thiruvarur Response Zone,T+24h,24,672248,637135,1062249,1042032,34385,31621,61870,62989
ASM002263,EVT011,Thiruvarur,Thiruvarur Response Zone,T+24h,24,786129,673497,812260,1023650,54600,46037,67204,88546
ASM002264,EVT011,Thiruvarur,Thiruvarur Response Zone,T+24h,24,503741,564626,1439880,1215685,12553,14763,161968,141519
ASM002265,EVT011,Thiruvarur,Thiruvarur Response Zone,T+24h,24,702402,635923,739011,1071983,24817,19910,108089,139704
ASM002266,EVT011,Thiruvarur,Thiruvarur Response Zone,T+36h,36,716490,618566,1203871,1103072,39622,31474,132231,117955
ASM002267,EVT011,Thiruvarur,Thiruvarur Response Zone,T+36h,36,402563,507545,899894,1033275,13727,20837,38935,41790
ASM002268,EVT011,Thiruvarur,Thiruvarur Response Zone,T+36h,36,536128,484436,704314,875599,21993,21100,64323,81558
ASM002269,EVT011,Thiruvarur,Thiruvarur Response Zone,T+36h,36,480162,500705,949807,941093,15059,17937,40220,38860
ASM002270,EVT011,Thiruvarur,Thiruvarur Response Zone,T+36h,36,557478,535537,663918,922759,17376,18975,30067,37241
ASM002271,EVT011,Thiruvarur,Thiruvarur Response Zone,T+48h,48,596775,529742,1078714,1054381,24278,21597,138346,133392
ASM002272,EVT011,Thiruvarur,Thiruvarur Response Zone,T+48h,48,538309,558459,800464,1007710,27229,27930,102383,124575
ASM002273,EVT011,Thiruvarur,Thiruvarur Response Zone,T+48h,48,530544,568406,1313619,1203772,36812,42452,175564,170568
ASM002274,EVT011,Thiruvarur,Thiruvarur Response Zone,T+48h,48,509288,484192,705942,861229,17032,17102,35576,47333
ASM002275,EVT011,Thiruvarur,Thiruvarur Response Zone,T+48h,48,399117,452485,773785,891148,26516,32949,31240,34808
ASM002276,EVT011,Thiruvarur,Thiruvarur Response Zone,T+72h,72,458278,523713,1171056,1095755,22584,27504,152325,154959
ASM002277,EVT011,Thiruvarur,Thiruvarur Response Zone,T+72h,72,669373,613094,933594,1049812,44614,39063,109703,128009
ASM002278,EVT011,Thiruvarur,Thiruvarur Response Zone,T+72h,72,470811,535652,1033993,1065200,11035,13994,54020,59255
ASM002279,EVT011,Thiruvarur,Thiruvarur Response Zone,T+72h,72,690218,642586,750390,979428,43357,40214,76362,99824
ASM002280,EVT011,Thiruvarur,Thiruvarur Response Zone,T+72h,72,661711,629520,1292422,1164939,52118,48226,134740,123842
ASM002281,EVT011,Thanjavur,Thanjavur Response Zone,T+0h,0,359894,453172,1380377,1029509,7731,11404,96156,80698
ASM002282,EVT011,Thanjavur,Thanjavur Response Zone,T+0h,0,396395,440115,1593025,1209532,5043,6404,101430,83441
ASM002283,EVT011,Thanjavur,Thanjavur Response Zone,T+0h,0,689245,600143,942345,901286,29680,23973,72099,71594
ASM002284,EVT011,Thanjavur,Thanjavur Response Zone,T+0h,0,429603,497843,1168625,983462,5720,8346,87999,78759
ASM002285,EVT011,Thanjavur,Thanjavur Response Zone,T+0h,0,473569,490029,599991,878150,7062,8759,49542,68296
ASM002286,EVT011,Thanjavur,Thanjavur Response Zone,T+3h,3,698236,693555,1585364,1353664,14980,13592,138141,119790
ASM002287,EVT011,Thanjavur,Thanjavur Response Zone,T+3h,3,727733,668958,1306394,1219910,12579,10489,120579,106221
ASM002288,EVT011,Thanjavur,Thanjavur Response Zone,T+3h,3,589162,601897,947199,960052,14819,15613,92752,103832
ASM002289,EVT011,Thanjavur,Thanjavur Response Zone,T+3h,3,517218,612272,1408323,1122910,10876,12508,104741,93878
ASM002290,EVT011,Thanjavur,Thanjavur Response Zone,T+3h,3,819583,702208,976509,1057131,25810,19861,66662,77271
ASM002291,EVT011,Thanjavur,Thanjavur Response Zone,T+6h,6,766102,627365,794021,882797,15893,11536,35042,38800
ASM002292,EVT011,Thanjavur,Thanjavur Response Zone,T+6h,6,591959,538912,875270,902549,18596,17965,28187,29337
ASM002293,EVT011,Thanjavur,Thanjavur Response Zone,T+6h,6,506127,497925,669476,850011,17255,16608,45766,54676
ASM002294,EVT011,Thanjavur,Thanjavur Response Zone,T+6h,6,440347,495220,1106400,901319,10294,12323,52093,44792
ASM002295,EVT011,Thanjavur,Thanjavur Response Zone,T+6h,6,471359,550363,747239,888506,14447,18613,62226,73040
ASM002296,EVT011,Thanjavur,Thanjavur Response Zone,T+12h,12,923475,952103,1077045,1445240,45382,45766,122127,139892
ASM002297,EVT011,Thanjavur,Thanjavur Response Zone,T+12h,12,795789,823956,982141,1179214,32501,33654,94170,115014
ASM002298,EVT011,Thanjavur,Thanjavur Response Zone,T+12h,12,1026085,918618,1590390,1476991,39353,35882,156749,149138
ASM002299,EVT011,Thanjavur,Thanjavur Response Zone,T+12h,12,875611,865790,1067064,1271194,28980,27072,71998,80742
ASM002300,EVT011,Thanjavur,Thanjavur Response Zone,T+12h,12,511513,610684,806086,1077157,17765,22450,33827,44720
ASM002301,EVT011,Thanjavur,Thanjavur Response Zone,T+24h,24,1240664,1171640,1613858,1674296,51925,51461,181291,189052
ASM002302,EVT011,Thanjavur,Thanjavur Response Zone,T+24h,24,851918,989358,1774751,1918883,24575,33553,106584,114800
ASM002303,EVT011,Thanjavur,Thanjavur Response Zone,T+24h,24,949842,1022528,1328501,1707414,53552,55401,93251,125827
ASM002304,EVT011,Thanjavur,Thanjavur Response Zone,T+24h,24,1070314,1118188,1426855,1822072,26918,25685,165402,197785
ASM002305,EVT011,Thanjavur,Thanjavur Response Zone,T+24h,24,1546952,1266439,3254799,2800324,43702,34837,408715,326253
ASM002306,EVT011,Thanjavur,Thanjavur Response Zone,T+36h,36,1787284,1417972,1431230,1656264,83987,66578,158654,175549
ASM002307,EVT011,Thanjavur,Thanjavur Response Zone,T+36h,36,1135730,1117484,1627005,1661216,41539,43113,88987,96357
ASM002308,EVT011,Thanjavur,Thanjavur Response Zone,T+36h,36,971219,1033017,1697473,1958036,23131,25873,194723,226468
ASM002309,EVT011,Thanjavur,Thanjavur Response Zone,T+36h,36,1108439,1133706,1696325,1703034,62833,65289,207762,209455
ASM002310,EVT011,Thanjavur,Thanjavur Response Zone,T+36h,36,1190623,1085979,2094566,1875006,44631,39183,166266,153518
ASM002311,EVT011,Thanjavur,Thanjavur Response Zone,T+48h,48,904812,1054232,2165312,1709472,38649,38983,125840,114193
ASM002312,EVT011,Thanjavur,Thanjavur Response Zone,T+48h,48,1438108,1163041,1654079,1832908,110477,90423,101612,112884
ASM002313,EVT011,Thanjavur,Thanjavur Response Zone,T+48h,48,915546,891254,1137891,1508328,44503,39705,78698,101943
ASM002314,EVT011,Thanjavur,Thanjavur Response Zone,T+48h,48,1043441,1044114,2376186,1861551,62463,59438,217983,185082
ASM002315,EVT011,Thanjavur,Thanjavur Response Zone,T+48h,48,1038409,1011749,1676601,1621522,51678,46362,162032,164019
ASM002316,EVT011,Thanjavur,Thanjavur Response Zone,T+72h,72,836384,812558,2132141,1687508,26564,25628,142352,113473
ASM002317,EVT011,Thanjavur,Thanjavur Response Zone,T+72h,72,871466,788650,810832,1109167,46510,39850,66958,88580
ASM002318,EVT011,Thanjavur,Thanjavur Response Zone,T+72h,72,605036,633274,1269034,1221929,15837,17902,47796,48193
ASM002319,EVT011,Thanjavur,Thanjavur Response Zone,T+72h,72,631779,672460,2137267,1678093,21365,24852,153659,115660
ASM002320,EVT011,Thanjavur,Thanjavur Response Zone,T+72h,72,650368,751427,1297634,1437438,31083,34484,45377,56362
ASM002321,EVT011,Pudukkottai,Pudukkottai Response Zone,T+0h,0,365592,362333,520890,557869,5511,5045,13996,15692
ASM002322,EVT011,Pudukkottai,Pudukkottai Response Zone,T+0h,0,309347,319364,468194,458420,5070,4480,9835,10195
ASM002323,EVT011,Pudukkottai,Pudukkottai Response Zone,T+0h,0,334680,338607,475955,496876,7822,7336,29689,35047
ASM002324,EVT011,Pudukkottai,Pudukkottai Response Zone,T+0h,0,464426,383659,547950,556032,12442,9418,40886,43713
ASM002325,EVT011,Pudukkottai,Pudukkottai Response Zone,T+0h,0,276292,309090,426216,450578,7596,8103,15647,18250
ASM002326,EVT011,Pudukkottai,Pudukkottai Response Zone,T+3h,3,461403,424786,594576,714391,15896,14162,49827,51947
ASM002327,EVT011,Pudukkottai,Pudukkottai Response Zone,T+3h,3,347529,400327,1052943,871146,8394,11045,101545,88405
ASM002328,EVT011,Pudukkottai,Pudukkottai Response Zone,T+3h,3,355631,392240,715794,656792,7986,9112,35497,34058
ASM002329,EVT011,Pudukkottai,Pudukkottai Response Zone,T+3h,3,455634,425977,726377,760676,16947,14763,54760,52630
ASM002330,EVT011,Pudukkottai,Pudukkottai Response Zone,T+3h,3,458520,408768,806684,716126,10981,8994,37034,32439
ASM002331,EVT011,Pudukkottai,Pudukkottai Response Zone,T+6h,6,456273,475148,735357,816486,7917,9075,45361,45252
ASM002332,EVT011,Pudukkottai,Pudukkottai Response Zone,T+6h,6,438165,442448,648797,770992,9191,9319,56799,60361
ASM002333,EVT011,Pudukkottai,Pudukkottai Response Zone,T+6h,6,324287,415959,615291,759713,10340,14664,41447,46878
ASM002334,EVT011,Pudukkottai,Pudukkottai Response Zone,T+6h,6,427611,442368,823940,795980,17245,21885,85776,90419
ASM002335,EVT011,Pudukkottai,Pudukkottai Response Zone,T+6h,6,551341,509165,596856,750061,21539,17808,49780,58079
ASM002336,EVT011,Pudukkottai,Pudukkottai Response Zone,T+12h,12,613695,587333,797299,836589,30303,28103,64861,73186
ASM002337,EVT011,Pudukkottai,Pudukkottai Response Zone,T+12h,12,523320,503264,681721,751396,10174,9706,54185,57880
ASM002338,EVT011,Pudukkottai,Pudukkottai Response Zone,T+12h,12,562960,564033,1610729,1304441,13746,13805,197970,172082
ASM002339,EVT011,Pudukkottai,Pudukkottai Response Zone,T+12h,12,557839,585062,471122,800449,23936,27903,52371,85677
ASM002340,EVT011,Pudukkottai,Pudukkottai Response Zone,T+12h,12,454660,525087,831789,854671,14830,18272,61324,63615
ASM002341,EVT011,Pudukkottai,Pudukkottai Response Zone,T+24h,24,724196,685213,1656307,1297264,35120,28518,79959,62280
ASM002342,EVT011,Pudukkottai,Pudukkottai Response Zone,T+24h,24,760325,739432,1338844,1505044,26004,24566,154105,157660
ASM002343,EVT011,Pudukkottai,Pudukkottai Response Zone,T+24h,24,712285,705039,1359751,1118461,39503,35797,70013,61027
ASM002344,EVT011,Pudukkottai,Pudukkottai Response Zone,T+24h,24,545059,560316,1184389,1154955,22183,23783,127555,133681
ASM002345,EVT011,Pudukkottai,Pudukkottai Response Zone,T+24h,24,431470,530799,1078353,1214031,16917,26278,141960,165074
ASM002346,EVT011,Pudukkottai,Pudukkottai Response Zone,T+36h,36,785271,730722,637917,947429,27743,22459,37431,55516
ASM002347,EVT011,Pudukkottai,Pudukkottai Response Zone,T+36h,36,582633,643378,1231138,1155232,23173,24929,116000,111961
ASM002348,EVT011,Pudukkottai,Pudukkottai Response Zone,T+36h,36,522018,559958,922063,1046138,25061,29246,47622,54655
ASM002349,EVT011,Pudukkottai,Pudukkottai Response Zone,T+36h,36,735903,691313,912771,1052287,44766,39937,45698,57443
ASM002350,EVT011,Pudukkottai,Pudukkottai Response Zone,T+36h,36,570628,564355,1016408,1113055,17635,19558,114361,127253
ASM002351,EVT011,Pudukkottai,Pudukkottai Response Zone,T+48h,48,860098,765136,2015223,1799933,69442,59577,183484,147099
ASM002352,EVT011,Pudukkottai,Pudukkottai Response Zone,T+48h,48,797010,724504,2463328,2171570,44300,42301,333771,281684
ASM002353,EVT011,Pudukkottai,Pudukkottai Response Zone,T+48h,48,757120,731422,1205305,1136271,53613,48132,59171,58196
ASM002354,EVT011,Pudukkottai,Pudukkottai Response Zone,T+48h,48,480773,565854,965338,1104907,19023,23994,51104,56978
ASM002355,EVT011,Pudukkottai,Pudukkottai Response Zone,T+48h,48,842230,783235,864799,1026898,25309,21697,47671,55592
ASM002356,EVT011,Pudukkottai,Pudukkottai Response Zone,T+72h,72,659645,665289,1281927,1169477,39714,38528,118954,110625
ASM002357,EVT011,Pudukkottai,Pudukkottai Response Zone,T+72h,72,572557,578713,1683736,1322171,17707,19618,108578,91847
ASM002358,EVT011,Pudukkottai,Pudukkottai Response Zone,T+72h,72,606884,578268,975982,1059201,24698,23454,69746,73352
ASM002359,EVT011,Pudukkottai,Pudukkottai Response Zone,T+72h,72,381644,453868,571620,874024,16567,24169,48011,70763
ASM002360,EVT011,Pudukkottai,Pudukkottai Response Zone,T+72h,72,638867,587253,1189690,1077050,37644,35882,53167,51215
ASM002361,EVT011,Ramanathapuram,Ramanathapuram Response Zone,T+0h,0,253997,285081,713441,632057,3286,4397,59272,52141
ASM002362,EVT011,Ramanathapuram,Ramanathapuram Response Zone,T+0h,0,227895,266276,332931,470374,4702,6355,14431,21475
ASM002363,EVT011,Ramanathapuram,Ramanathapuram Response Zone,T+0h,0,247882,324317,599616,555798,4203,6279,39433,40511
ASM002364,EVT011,Ramanathapuram,Ramanathapuram Response Zone,T+0h,0,393095,347729,589466,558681,16034,13646,29212,29370
ASM002365,EVT011,Ramanathapuram,Ramanathapuram Response Zone,T+0h,0,289220,346477,516636,561986,4750,6122,16824,16919
ASM002366,EVT011,Ramanathapuram,Ramanathapuram Response Zone,T+3h,3,407812,342916,420409,526182,14326,11400,25631,31359
ASM002367,EVT011,Ramanathapuram,Ramanathapuram Response Zone,T+3h,3,309220,352433,779839,671571,11028,13653,64558,57376
ASM002368,EVT011,Ramanathapuram,Ramanathapuram Response Zone,T+3h,3,219135,264624,463228,528028,7094,10651,22958,28363
ASM002369,EVT011,Ramanathapuram,Ramanathapuram Response Zone,T+3h,3,248348,281305,370517,513298,6530,9414,25172,34649
ASM002370,EVT011,Ramanathapuram,Ramanathapuram Response Zone,T+3h,3,431968,385401,345265,521889,14348,11204,19826,32462
ASM002371,EVT011,Ramanathapuram,Ramanathapuram Response Zone,T+6h,6,308210,356586,726985,598014,10516,10768,35402,33234
ASM002372,EVT011,Ramanathapuram,Ramanathapuram Response Zone,T+6h,6,322358,372191,682721,599380,12459,14303,28363,25944
ASM002373,EVT011,Ramanathapuram,Ramanathapuram Response Zone,T+6h,6,350734,381959,607808,579214,6709,6662,41726,43508
ASM002374,EVT011,Ramanathapuram,Ramanathapuram Response Zone,T+6h,6,400265,384968,566435,609595,17445,17210,40702,46212
ASM002375,EVT011,Ramanathapuram,Ramanathapuram Response Zone,T+6h,6,400884,390819,497841,533830,10428,7834,41841,47696
ASM002376,EVT011,Ramanathapuram,Ramanathapuram Response Zone,T+12h,12,476656,439098,477672,550603,21437,17225,48375,59271
ASM002377,EVT011,Ramanathapuram,Ramanathapuram Response Zone,T+12h,12,380895,408510,608322,722581,15832,17973,41348,45403
ASM002378,EVT011,Ramanathapuram,Ramanathapuram Response Zone,T+12h,12,296925,361704,367643,575764,7467,10835,18164,27290
ASM002379,EVT011,Ramanathapuram,Ramanathapuram Response Zone,T+12h,12,356385,378496,538051,624220,10887,11925,35402,41601
ASM002380,EVT011,Ramanathapuram,Ramanathapuram Response Zone,T+12h,12,404234,404036,577551,600812,11746,11259,30412,30546
ASM002381,EVT011,Ramanathapuram,Ramanathapuram Response Zone,T+24h,24,493756,563187,1182766,1173979,15671,18431,66221,65489
ASM002382,EVT011,Ramanathapuram,Ramanathapuram Response Zone,T+24h,24,510627,565908,1161439,1151062,9754,11421,160544,162343
ASM002383,EVT011,Ramanathapuram,Ramanathapuram Response Zone,T+24h,24,657281,607197,1260914,1138281,19550,18620,60564,50236
ASM002384,EVT011,Ramanathapuram,Ramanathapuram Response Zone,T+24h,24,602417,583667,1441349,1238430,27253,27107,73083,57700
ASM002385,EVT011,Ramanathapuram,Ramanathapuram Response Zone,T+24h,24,622603,613396,1366251,1172728,32887,32329,74056,66179
ASM002386,EVT011,Ramanathapuram,Ramanathapuram Response Zone,T+36h,36,528366,576387,1226288,1156881,21700,23918,118339,110587
ASM002387,EVT011,Ramanathapuram,Ramanathapuram Response Zone,T+36h,36,595972,609201,1095492,1115150,29220,30975,87453,96215
ASM002388,EVT011,Ramanathapuram,Ramanathapuram Response Zone,T+36h,36,513701,584224,863368,1027789,27441,33767,58039,66340
ASM002389,EVT011,Ramanathapuram,Ramanathapuram Response Zone,T+36h,36,737347,654260,1373274,1220799,48563,44026,169573,154965
ASM002390,EVT011,Ramanathapuram,Ramanathapuram Response Zone,T+36h,36,705907,628079,1525367,1236146,16690,12331,82190,65489
ASM002391,EVT011,Ramanathapuram,Ramanathapuram Response Zone,T+48h,48,380155,454476,1041425,950330,17968,25237,47212,45192
ASM002392,EVT011,Ramanathapuram,Ramanathapuram Response Zone,T+48h,48,441670,473479,1611812,1345419,22254,24464,139031,116464
ASM002393,EVT011,Ramanathapuram,Ramanathapuram Response Zone,T+48h,48,354044,408448,595934,844160,9573,11767,38990,51993
ASM002394,EVT011,Ramanathapuram,Ramanathapuram Response Zone,T+48h,48,410287,426826,667721,811624,20553,23417,61531,69055
ASM002395,EVT011,Ramanathapuram,Ramanathapuram Response Zone,T+48h,48,492340,458491,1096859,945428,29855,28476,64891,63263
ASM002396,EVT011,Ramanathapuram,Ramanathapuram Response Zone,T+72h,72,389995,449869,1069003,1057500,22113,29747,125247,128280
ASM002397,EVT011,Ramanathapuram,Ramanathapuram Response Zone,T+72h,72,397839,429132,1181832,942300,14994,18177,60754,57011
ASM002398,EVT011,Ramanathapuram,Ramanathapuram Response Zone,T+72h,72,411223,450076,923118,896697,11482,13217,71245,71084
ASM002399,EVT011,Ramanathapuram,Ramanathapuram Response Zone,T+72h,72,516467,482692,728349,895851,21493,20657,53126,62203
ASM002400,EVT011,Ramanathapuram,Ramanathapuram Response Zone,T+72h,72,474641,469025,760848,819332,28534,27109,32774,35168
ASM002401,EVT011,Thoothukudi,Thoothukudi Response Zone,T+0h,0,380878,430996,539957,731027,10843,14099,41351,58930
ASM002402,EVT011,Thoothukudi,Thoothukudi Response Zone,T+0h,0,459170,465310,556137,719944,15879,15912,25811,32759
ASM002403,EVT011,Thoothukudi,Thoothukudi Response Zone,T+0h,0,466266,501464,1159147,963674,18120,20693,87099,81154
ASM002404,EVT011,Thoothukudi,Thoothukudi Response Zone,T+0h,0,376645,404010,855047,754671,8980,9922,49701,44090
ASM002405,EVT011,Thoothukudi,Thoothukudi Response Zone,T+0h,0,659462,578214,872365,875328,20945,17002,43413,41047
ASM002406,EVT011,Thoothukudi,Thoothukudi Response Zone,T+3h,3,567606,507179,488148,703712,12375,9207,26082,37999
ASM002407,EVT011,Thoothukudi,Thoothukudi Response Zone,T+3h,3,377106,455441,780181,862996,12026,16149,61250,70619
ASM002408,EVT011,Thoothukudi,Thoothukudi Response Zone,T+3h,3,478395,443818,519338,697270,13146,10306,29173,36439
ASM002409,EVT011,Thoothukudi,Thoothukudi Response Zone,T+3h,3,521350,491707,981074,782524,7415,6818,36794,33138
ASM002410,EVT011,Thoothukudi,Thoothukudi Response Zone,T+3h,3,359223,430205,668468,735735,5043,6326,40163,45074
ASM002411,EVT011,Thoothukudi,Thoothukudi Response Zone,T+6h,6,722568,696152,820077,957329,31034,28166,94193,109821
ASM002412,EVT011,Thoothukudi,Thoothukudi Response Zone,T+6h,6,861005,786021,1145164,1060215,36243,31600,126380,115314
ASM002413,EVT011,Thoothukudi,Thoothukudi Response Zone,T+6h,6,477172,557582,845999,903587,8033,10456,61611,65683
ASM002414,EVT011,Thoothukudi,Thoothukudi Response Zone,T+6h,6,531929,597037,1624442,1338142,7520,9593,178203,147033
ASM002415,EVT011,Thoothukudi,Thoothukudi Response Zone,T+6h,6,775883,722280,935655,1141375,20027,17301,104090,116313
ASM002416,EVT011,Thoothukudi,Thoothukudi Response Zone,T+12h,12,661947,645125,737482,925222,22300,21626,57250,70365
ASM002417,EVT011,Thoothukudi,Thoothukudi Response Zone,T+12h,12,649630,604150,566196,849074,20291,18638,45688,66577
ASM002418,EVT011,Thoothukudi,Thoothukudi Response Zone,T+12h,12,661479,651055,971937,1031020,19890,18790,43255,43329
ASM002419,EVT011,Thoothukudi,Thoothukudi Response Zone,T+12h,12,629298,604396,846482,837912,19373,18691,60510,61280
ASM002420,EVT011,Thoothukudi,Thoothukudi Response Zone,T+12h,12,452233,571128,656379,852261,10282,13912,26137,36208
ASM002421,EVT011,Thoothukudi,Thoothukudi Response Zone,T+24h,24,1108609,999232,2260647,1897353,73229,66715,254955,230365
ASM002422,EVT011,Thoothukudi,Thoothukudi Response Zone,T+24h,24,1138630,972425,1850311,1596841,25186,21316,109908,101835
ASM002423,EVT011,Thoothukudi,Thoothukudi Response Zone,T+24h,24,799262,839300,1557557,1585258,38867,41976,175634,172592
ASM002424,EVT011,Thoothukudi,Thoothukudi Response Zone,T+24h,24,889359,929632,2241681,1805201,53440,55972,136021,116664
ASM002425,EVT011,Thoothukudi,Thoothukudi Response Zone,T+24h,24,678488,830335,2008034,1772862,13314,17280,215570,211635
ASM002426,EVT011,Thoothukudi,Thoothukudi Response Zone,T+36h,36,935608,903244,1235626,1454589,39483,38283,114226,137373
ASM002427,EVT011,Thoothukudi,Thoothukudi Response Zone,T+36h,36,932152,860702,1253017,1483155,53686,53964,149228,161591
ASM002428,EVT011,Thoothukudi,Thoothukudi Response Zone,T+36h,36,846224,831027,2015390,1749796,45267,49385,234467,208414
ASM002429,EVT011,Thoothukudi,Thoothukudi Response Zone,T+36h,36,988297,953296,1680611,1613911,57557,56004,198774,186620
ASM002430,EVT011,Thoothukudi,Thoothukudi Response Zone,T+36h,36,811013,871557,1587427,1501961,29864,32280,75367,65835
ASM002431,EVT011,Thoothukudi,Thoothukudi Response Zone,T+48h,48,923464,861030,1281252,1439841,60694,56714,147881,161044
ASM002432,EVT011,Thoothukudi,Thoothukudi Response Zone,T+48h,48,625684,745112,1698453,1490684,25854,35272,172311,160370
ASM002433,EVT011,Thoothukudi,Thoothukudi Response Zone,T+48h,48,781680,843047,1186492,1392069,43889,40250,95492,116054
ASM002434,EVT011,Thoothukudi,Thoothukudi Response Zone,T+48h,48,773071,821535,1459140,1409148,38985,38468,153647,158204
ASM002435,EVT011,Thoothukudi,Thoothukudi Response Zone,T+48h,48,848042,823923,1932104,1588763,63414,67864,79591,64240
ASM002436,EVT011,Thoothukudi,Thoothukudi Response Zone,T+72h,72,684615,732369,1122400,1360010,16363,18825,85139,94896
ASM002437,EVT011,Thoothukudi,Thoothukudi Response Zone,T+72h,72,727873,758103,961429,1227576,41219,41453,102846,132183
ASM002438,EVT011,Thoothukudi,Thoothukudi Response Zone,T+72h,72,863371,791368,981819,1238240,37233,32815,43682,54612
ASM002439,EVT011,Thoothukudi,Thoothukudi Response Zone,T+72h,72,652772,690259,1722215,1570768,35557,36794,151542,132396
ASM002440,EVT011,Thoothukudi,Thoothukudi Response Zone,T+72h,72,521832,625445,1305696,1345594,14904,20592,55185,55202
ASM002441,EVT011,Tirunelveli,Tirunelveli Response Zone,T+0h,0,791300,701463,953248,991489,13097,9986,72656,76669
ASM002442,EVT011,Tirunelveli,Tirunelveli Response Zone,T+0h,0,671065,579459,739560,874539,21043,16164,34974,38969
ASM002443,EVT011,Tirunelveli,Tirunelveli Response Zone,T+0h,0,461811,544614,1204890,1102666,12654,16034,115029,109433
ASM002444,EVT011,Tirunelveli,Tirunelveli Response Zone,T+0h,0,638383,622822,732920,884101,20018,18773,24503,29747
ASM002445,EVT011,Tirunelveli,Tirunelveli Response Zone,T+0h,0,529544,567324,1079111,985502,8086,9318,82874,85590
ASM002446,EVT011,Tirunelveli,Tirunelveli Response Zone,T+3h,3,530958,499765,758656,891484,10061,8922,55855,65717
ASM002447,EVT011,Tirunelveli,Tirunelveli Response Zone,T+3h,3,551296,524068,694707,870882,14044,13150,36483,44682
ASM002448,EVT011,Tirunelveli,Tirunelveli Response Zone,T+3h,3,453108,483379,683923,859272,8046,8656,46236,55571
ASM002449,EVT011,Tirunelveli,Tirunelveli Response Zone,T+3h,3,428545,483197,785657,871967,6009,7957,39143,41440
ASM002450,EVT011,Tirunelveli,Tirunelveli Response Zone,T+3h,3,401063,440705,789567,828025,9606,11316,36987,38755
ASM002451,EVT011,Tirunelveli,Tirunelveli Response Zone,T+6h,6,552811,656183,1117635,1137528,12221,15265,54511,54298
ASM002452,EVT011,Tirunelveli,Tirunelveli Response Zone,T+6h,6,527061,581474,421146,775444,10367,12697,33672,63315
ASM002453,EVT011,Tirunelveli,Tirunelveli Response Zone,T+6h,6,586260,581609,816591,881462,22195,22462,51920,55836
ASM002454,EVT011,Tirunelveli,Tirunelveli Response Zone,T+6h,6,492751,556903,929009,970795,9383,11087,85107,89481
ASM002455,EVT011,Tirunelveli,Tirunelveli Response Zone,T+6h,6,736383,722239,1583814,1349170,33268,29861,136306,114340
ASM002456,EVT011,Tirunelveli,Tirunelveli Response Zone,T+12h,12,1175102,1046425,1119792,1408123,31603,27532,119878,132273
ASM002457,EVT011,Tirunelveli,Tirunelveli Response Zone,T+12h,12,676310,773583,1380704,1379388,15020,18213,154545,152462
ASM002458,EVT011,Tirunelveli,Tirunelveli Response Zone,T+12h,12,856362,904999,2008333,1678045,31494,32725,176158,148805
ASM002459,EVT011,Tirunelveli,Tirunelveli Response Zone,T+12h,12,829165,817128,923436,1258414,30436,32249,111033,144313
ASM002460,EVT011,Tirunelveli,Tirunelveli Response Zone,T+12h,12,857610,874685,1501112,1461692,29592,31414,187151,180778
ASM002461,EVT011,Tirunelveli,Tirunelveli Response Zone,T+24h,24,1016736,1127448,1568749,1938536,45643,55107,219112,299426
ASM002462,EVT011,Tirunelveli,Tirunelveli Response Zone,T+24h,24,1145176,1112811,1617877,1762328,34858,34012,202410,210251
ASM002463,EVT011,Tirunelveli,Tirunelveli Response Zone,T+24h,24,1028937,1034314,1361490,1630649,41725,38875,75188,91934
ASM002464,EVT011,Tirunelveli,Tirunelveli Response Zone,T+24h,24,785802,934856,1477196,1786554,24981,34102,107212,129724
ASM002465,EVT011,Tirunelveli,Tirunelveli Response Zone,T+24h,24,1133930,1129950,3506855,2358219,54672,51871,349116,282067
ASM002466,EVT011,Tirunelveli,Tirunelveli Response Zone,T+36h,36,1217137,1143796,2406789,2166164,63257,63065,315687,261198
ASM002467,EVT011,Tirunelveli,Tirunelveli Response Zone,T+36h,36,881438,996324,2373987,2079567,36001,42518,188888,160010
ASM002468,EVT011,Tirunelveli,Tirunelveli Response Zone,T+36h,36,1027762,1100699,2158556,2075880,24614,26764,318316,303754
ASM002469,EVT011,Tirunelveli,Tirunelveli Response Zone,T+36h,36,1175393,1142725,1200784,1644505,50920,46115,97491,132228
ASM002470,EVT011,Tirunelveli,Tirunelveli Response Zone,T+36h,36,990421,1046309,1976537,1917890,24156,24519,108629,102695
ASM002471,EVT011,Tirunelveli,Tirunelveli Response Zone,T+48h,48,1191693,1139743,2156402,1771075,93105,84843,112328,103676
ASM002472,EVT011,Tirunelveli,Tirunelveli Response Zone,T+48h,48,1500505,1213794,1261207,1389359,72852,57497,54461,59981
ASM002473,EVT011,Tirunelveli,Tirunelveli Response Zone,T+48h,48,863395,1047617,2253647,1917034,49563,63633,145197,127587
ASM002474,EVT011,Tirunelveli,Tirunelveli Response Zone,T+48h,48,761349,959883,2205094,2074481,28439,36432,219709,210184
ASM002475,EVT011,Tirunelveli,Tirunelveli Response Zone,T+48h,48,1073028,1106383,3073433,2528205,51370,48972,411120,351284
ASM002476,EVT011,Tirunelveli,Tirunelveli Response Zone,T+72h,72,1175708,1136168,1734430,1986703,76449,71103,244062,273725
ASM002477,EVT011,Tirunelveli,Tirunelveli Response Zone,T+72h,72,932500,1081792,1446319,1627945,35984,39167,182815,197811
ASM002478,EVT011,Tirunelveli,Tirunelveli Response Zone,T+72h,72,1363330,1180855,1786152,2049869,59181,50187,226229,221524
ASM002479,EVT011,Tirunelveli,Tirunelveli Response Zone,T+72h,72,780804,937786,2527593,2019591,48036,54554,194553,163213
ASM002480,EVT011,Tirunelveli,Tirunelveli Response Zone,T+72h,72,1167172,1122844,1214216,1664279,85062,81057,160532,196576
ASM002481,EVT011,Kanniyakumari,Kanniyakumari Response Zone,T+0h,0,427582,481911,487677,817232,9330,10930,25242,39054
ASM002482,EVT011,Kanniyakumari,Kanniyakumari Response Zone,T+0h,0,714085,607938,911597,981586,20369,15358,67716,75912
ASM002483,EVT011,Kanniyakumari,Kanniyakumari Response Zone,T+0h,0,716309,609345,707301,829574,35531,28791,31411,33518
ASM002484,EVT011,Kanniyakumari,Kanniyakumari Response Zone,T+0h,0,461610,533565,878037,883143,16894,19447,38312,39438
ASM002485,EVT011,Kanniyakumari,Kanniyakumari Response Zone,T+0h,0,535722,596278,1342372,1149608,8732,10005,113176,96370
ASM002486,EVT011,Kanniyakumari,Kanniyakumari Response Zone,T+3h,3,546577,489421,667023,830082,12188,10323,28163,31886
ASM002487,EVT011,Kanniyakumari,Kanniyakumari Response Zone,T+3h,3,438282,462260,531713,833348,11830,13047,45028,62977
ASM002488,EVT011,Kanniyakumari,Kanniyakumari Response Zone,T+3h,3,455918,472969,1251470,925972,10181,10248,47193,35100
ASM002489,EVT011,Kanniyakumari,Kanniyakumari Response Zone,T+3h,3,458536,458270,618556,808499,11208,11608,37292,43336
ASM002490,EVT011,Kanniyakumari,Kanniyakumari Response Zone,T+3h,3,246915,346804,478612,594516,6233,10058,26689,32311
ASM002491,EVT011,Kanniyakumari,Kanniyakumari Response Zone,T+6h,6,505521,539915,1090287,887303,7412,8112,44758,39657
ASM002492,EVT011,Kanniyakumari,Kanniyakumari Response Zone,T+6h,6,480813,535398,828838,864971,10347,12631,53454,56523
ASM002493,EVT011,Kanniyakumari,Kanniyakumari Response Zone,T+6h,6,411245,443077,764682,770124,15485,17685,56297,57677
ASM002494,EVT011,Kanniyakumari,Kanniyakumari Response Zone,T+6h,6,687128,584145,950728,874299,30081,24201,30935,30092
ASM002495,EVT011,Kanniyakumari,Kanniyakumari Response Zone,T+6h,6,392306,478222,1166041,984472,6581,9185,95281,82616
ASM002496,EVT011,Kanniyakumari,Kanniyakumari Response Zone,T+12h,12,661152,583935,888920,885393,10108,8994,69378,72927
ASM002497,EVT011,Kanniyakumari,Kanniyakumari Response Zone,T+12h,12,491847,527560,1345460,1029377,18792,21933,124680,102459
ASM002498,EVT011,Kanniyakumari,Kanniyakumari Response Zone,T+12h,12,545465,574959,560121,824346,21568,24110,40461,55264
ASM002499,EVT011,Kanniyakumari,Kanniyakumari Response Zone,T+12h,12,599570,567202,1044246,916275,12513,11443,73463,61101
ASM002500,EVT011,Kanniyakumari,Kanniyakumari Response Zone,T+12h,12,563806,543167,729444,862555,13362,12754,50338,55706
ASM002501,EVT011,Kanniyakumari,Kanniyakumari Response Zone,T+24h,24,1044683,1005807,2479796,2188107,31458,30592,375284,350511
ASM002502,EVT011,Kanniyakumari,Kanniyakumari Response Zone,T+24h,24,1106104,973523,1740421,1769494,49749,46182,185054,174968
ASM002503,EVT011,Kanniyakumari,Kanniyakumari Response Zone,T+24h,24,858469,939529,1346791,1594497,36574,38011,87304,102441
ASM002504,EVT011,Kanniyakumari,Kanniyakumari Response Zone,T+24h,24,806654,870913,2006526,1893279,15642,16446,232789,225903
ASM002505,EVT011,Kanniyakumari,Kanniyakumari Response Zone,T+24h,24,745192,854996,1968961,1749912,20454,24832,116112,103813
ASM002506,EVT011,Kanniyakumari,Kanniyakumari Response Zone,T+36h,36,786904,882772,2036066,1880373,38915,47058,262192,247660
ASM002507,EVT011,Kanniyakumari,Kanniyakumari Response Zone,T+36h,36,1671022,1258997,1295834,1569717,74113,54545,109104,135612
ASM002508,EVT011,Kanniyakumari,Kanniyakumari Response Zone,T+36h,36,1192712,1060921,1429688,1534959,47676,41632,87762,96740
ASM002509,EVT011,Kanniyakumari,Kanniyakumari Response Zone,T+36h,36,712975,901897,1757848,1645860,18694,26207,215279,213226
ASM002510,EVT011,Kanniyakumari,Kanniyakumari Response Zone,T+36h,36,709324,810500,1741581,1689193,13368,15678,223407,227568
ASM002511,EVT011,Kanniyakumari,Kanniyakumari Response Zone,T+48h,48,1004895,936569,1994505,1870886,68237,62680,189611,175319
ASM002512,EVT011,Kanniyakumari,Kanniyakumari Response Zone,T+48h,48,1026729,1006607,1063306,1464788,80803,76146,141670,168879
ASM002513,EVT011,Kanniyakumari,Kanniyakumari Response Zone,T+48h,48,1009920,926029,1742610,1702113,70670,65072,121098,115288
ASM002514,EVT011,Kanniyakumari,Kanniyakumari Response Zone,T+48h,48,860881,864758,1633314,1658013,45193,45930,209992,222861
ASM002515,EVT011,Kanniyakumari,Kanniyakumari Response Zone,T+48h,48,890274,924655,1352061,1608056,30900,31251,143721,163324
ASM002516,EVT011,Kanniyakumari,Kanniyakumari Response Zone,T+72h,72,741503,717847,986692,1120463,48191,44591,33419,40885
ASM002517,EVT011,Kanniyakumari,Kanniyakumari Response Zone,T+72h,72,740793,740611,1239446,1282698,34774,34973,83497,86577
ASM002518,EVT011,Kanniyakumari,Kanniyakumari Response Zone,T+72h,72,484934,662976,569404,998645,24407,35327,43747,79078
ASM002519,EVT011,Kanniyakumari,Kanniyakumari Response Zone,T+72h,72,720164,762143,1147864,1316584,36826,37754,82960,100651
ASM002520,EVT011,Kanniyakumari,Kanniyakumari Response Zone,T+72h,72,599535,674877,1096539,1210917,22307,26956,97497,114485
ASM002521,EVT012,Chennai,Chennai Response Zone,T+0h,0,622768,663034,1001969,919403,5848,5996,31280,30670
ASM002522,EVT012,Chennai,Chennai Response Zone,T+0h,0,1089860,938307,727766,874526,18934,14367,30176,35395
ASM002523,EVT012,Chennai,Chennai Response Zone,T+0h,0,597845,592104,744180,849811,10543,10817,12398,12685
ASM002524,EVT012,Chennai,Chennai Response Zone,T+0h,0,495005,529375,1123611,912524,2883,3229,20122,17508
ASM002525,EVT012,Chennai,Chennai Response Zone,T+0h,0,695380,643259,1028122,926727,6151,5382,23345,21874
ASM002526,EVT012,Chennai,Chennai Response Zone,T+3h,3,635395,614954,1044917,899425,10014,9173,43119,40910
ASM002527,EVT012,Chennai,Chennai Response Zone,T+3h,3,768947,725700,917678,1132076,10028,9859,34418,39596
ASM002528,EVT012,Chennai,Chennai Response Zone,T+3h,3,702763,665694,1046157,893359,12321,11968,34273,31972
ASM002529,EVT012,Chennai,Chennai Response Zone,T+3h,3,903441,821076,832875,898158,17870,15281,27227,29857
ASM002530,EVT012,Chennai,Chennai Response Zone,T+3h,3,477726,593357,844010,878387,3163,4469,32101,33548
ASM002531,EVT012,Chennai,Chennai Response Zone,T+6h,6,550311,534237,795897,734313,4581,4199,13894,13941
ASM002532,EVT012,Chennai,Chennai Response Zone,T+6h,6,479709,594886,769260,873036,4657,6099,30237,38369
ASM002533,EVT012,Chennai,Chennai Response Zone,T+6h,6,555979,530514,1095240,833511,8062,7335,40779,38088
ASM002534,EVT012,Chennai,Chennai Response Zone,T+6h,6,531847,633044,872139,877157,3222,4297,23176,25721
ASM002535,EVT012,Chennai,Chennai Response Zone,T+6h,6,537712,565017,1024453,903865,3812,4540,42935,41689
ASM002536,EVT012,Chennai,Chennai Response Zone,T+12h,12,690207,763353,1555178,1336206,9833,11294,73034,63994
ASM002537,EVT012,Chennai,Chennai Response Zone,T+12h,12,1026073,981698,1489749,1332781,14290,12526,38015,34401
ASM002538,EVT012,Chennai,Chennai Response Zone,T+12h,12,789137,698759,702736,861762,15295,13379,30279,38529
ASM002539,EVT012,Chennai,Chennai Response Zone,T+12h,12,564956,682389,1152898,1206372,4177,5594,36036,34403
ASM002540,EVT012,Chennai,Chennai Response Zone,T+12h,12,772624,811394,1319373,1288330,12670,13779,31854,31916
ASM002541,EVT012,Chennai,Chennai Response Zone,T+24h,24,1022094,1119631,2380882,2096511,15307,18913,165013,162296
ASM002542,EVT012,Chennai,Chennai Response Zone,T+24h,24,804057,976265,1187634,1530474,8683,12303,53007,67951
ASM002543,EVT012,Chennai,Chennai Response Zone,T+24h,24,1083362,1111888,1499741,1691776,14025,16166,81901,95049
ASM002544,EVT012,Chennai,Chennai Response Zone,T+24h,24,1146924,1238284,2498333,2297691,13073,14242,187434,187964
ASM002545,EVT012,Chennai,Chennai Response Zone,T+24h,24,1982319,1664704,1525345,1744186,37563,29853,48311,59250
ASM002546,EVT012,Chennai,Chennai Response Zone,T+36h,36,991482,934505,1307265,1391693,10156,10091,32999,35782
ASM002547,EVT012,Chennai,Chennai Response Zone,T+36h,36,768498,932928,2344363,1725706,16144,19711,96151,80994
ASM002548,EVT012,Chennai,Chennai Response Zone,T+36h,36,1005923,1119359,1707105,1716468,19107,20652,74222,78593
ASM002549,EVT012,Chennai,Chennai Response Zone,T+36h,36,1190579,1055543,1301364,1531148,15192,12175,80851,97960
ASM002550,EVT012,Chennai,Chennai Response Zone,T+36h,36,1508729,1192752,1261230,1511664,31708,25857,47994,58127
ASM002551,EVT012,Chennai,Chennai Response Zone,T+48h,48,855414,1033009,1919154,1823061,23544,31369,64663,61667
ASM002552,EVT012,Chennai,Chennai Response Zone,T+48h,48,706784,921419,1139211,1462128,18460,28977,42675,54251
ASM002553,EVT012,Chennai,Chennai Response Zone,T+48h,48,1522389,1258712,1535160,1648830,60453,50406,75483,85043
ASM002554,EVT012,Chennai,Chennai Response Zone,T+48h,48,1117614,1072266,1781820,1626721,39196,38554,74056,76095
ASM002555,EVT012,Chennai,Chennai Response Zone,T+48h,48,862806,919023,2166793,1882343,16875,19458,63950,57776
ASM002556,EVT012,Chennai,Chennai Response Zone,T+72h,72,832870,820222,1466982,1415023,23623,22356,55923,57133
ASM002557,EVT012,Chennai,Chennai Response Zone,T+72h,72,567076,847129,1305375,1444952,9568,15954,67429,75949
ASM002558,EVT012,Chennai,Chennai Response Zone,T+72h,72,947086,959870,2096434,1678539,14366,15039,95530,89343
ASM002559,EVT012,Chennai,Chennai Response Zone,T+72h,72,920397,931865,1266508,1323764,15812,15902,52004,63757
ASM002560,EVT012,Chennai,Chennai Response Zone,T+72h,72,1104132,941653,1011899,1356324,36753,34541,26814,34834
ASM002561,EVT012,Tiruvallur,Tiruvallur Response Zone,T+0h,0,377528,460779,649578,718078,3899,5471,12606,13964
ASM002562,EVT012,Tiruvallur,Tiruvallur Response Zone,T+0h,0,585473,593080,1166850,899413,5141,5674,22392,19264
ASM002563,EVT012,Tiruvallur,Tiruvallur Response Zone,T+0h,0,388216,469696,686031,697988,2156,2740,13623,14093
ASM002564,EVT012,Tiruvallur,Tiruvallur Response Zone,T+0h,0,525266,521767,750132,795219,4244,4196,25097,26818
ASM002565,EVT012,Tiruvallur,Tiruvallur Response Zone,T+0h,0,429605,499530,1129897,893853,3860,5188,36338,30975
ASM002566,EVT012,Tiruvallur,Tiruvallur Response Zone,T+3h,3,543538,597540,574700,827085,3611,4086,10660,14565
ASM002567,EVT012,Tiruvallur,Tiruvallur Response Zone,T+3h,3,448100,548299,590477,823874,4612,6012,20671,26162
ASM002568,EVT012,Tiruvallur,Tiruvallur Response Zone,T+3h,3,643412,610859,564377,828466,7396,6592,17592,25313
ASM002569,EVT012,Tiruvallur,Tiruvallur Response Zone,T+3h,3,602148,541706,820084,835689,10758,11831,23157,24103
ASM002570,EVT012,Tiruvallur,Tiruvallur Response Zone,T+3h,3,498105,538377,806155,868864,3266,3946,23255,26617
ASM002571,EVT012,Tiruvallur,Tiruvallur Response Zone,T+6h,6,718449,739197,1509486,1271479,13115,13298,42393,36140
ASM002572,EVT012,Tiruvallur,Tiruvallur Response Zone,T+6h,6,579675,754154,1177124,1303356,7529,11122,32772,33961
ASM002573,EVT012,Tiruvallur,Tiruvallur Response Zone,T+6h,6,750381,813655,1098026,1244894,10970,11706,60732,66054
ASM002574,EVT012,Tiruvallur,Tiruvallur Response Zone,T+6h,6,707832,742139,1072340,1188364,4653,5146,60055,65689
ASM002575,EVT012,Tiruvallur,Tiruvallur Response Zone,T+6h,6,1281188,1040016,1092672,1213548,31645,25199,26009,29266
ASM002576,EVT012,Tiruvallur,Tiruvallur Response Zone,T+12h,12,720768,898132,895356,1294820,11459,16044,66496,83509
ASM002577,EVT012,Tiruvallur,Tiruvallur Response Zone,T+12h,12,1092919,933214,2404489,1819075,15637,11861,143713,111281
ASM002578,EVT012,Tiruvallur,Tiruvallur Response Zone,T+12h,12,1092996,982668,1518494,1478473,17296,14148,96065,91494
ASM002579,EVT012,Tiruvallur,Tiruvallur Response Zone,T+12h,12,947297,973211,1402802,1376353,11538,10943,100143,97770
ASM002580,EVT012,Tiruvallur,Tiruvallur Response Zone,T+12h,12,1295795,1083866,1601610,1520774,22845,19373,108847,103050
ASM002581,EVT012,Tiruvallur,Tiruvallur Response Zone,T+24h,24,1239743,1190833,2213659,2040330,25724,24972,156621,157414
ASM002582,EVT012,Tiruvallur,Tiruvallur Response Zone,T+24h,24,1256878,1230177,1687479,1769514,32177,29292,68397,78260
ASM002583,EVT012,Tiruvallur,Tiruvallur Response Zone,T+24h,24,1142778,1196312,1494304,1899615,27368,28821,77417,90826
ASM002584,EVT012,Tiruvallur,Tiruvallur Response Zone,T+24h,24,1462853,1215197,2083893,1851732,17783,13227,118359,109505
ASM002585,EVT012,Tiruvallur,Tiruvallur Response Zone,T+24h,24,1327547,1196311,1910456,1682738,16339,14701,123676,121684
ASM002586,EVT012,Tiruvallur,Tiruvallur Response Zone,T+36h,36,859827,939324,1337928,1448789,9285,10385,83516,92613
ASM002587,EVT012,Tiruvallur,Tiruvallur Response Zone,T+36h,36,728143,939199,2159383,1701676,15679,20677,99822,84613
ASM002588,EVT012,Tiruvallur,Tiruvallur Response Zone,T+36h,36,909747,936802,1517986,1471431,16940,19095,45967,49851
ASM002589,EVT012,Tiruvallur,Tiruvallur Response Zone,T+36h,36,965863,1112682,2125776,1910388,17119,22009,91129,84644
ASM002590,EVT012,Tiruvallur,Tiruvallur Response Zone,T+36h,36,1001409,1062129,2279588,1755137,16785,19102,123418,100037
ASM002591,EVT012,Tiruvallur,Tiruvallur Response Zone,T+48h,48,1122094,950480,1374816,1354228,30714,26376,48119,53297
ASM002592,EVT012,Tiruvallur,Tiruvallur Response Zone,T+48h,48,785918,885682,1443294,1348491,20331,24254,57660,55949
ASM002593,EVT012,Tiruvallur,Tiruvallur Response Zone,T+48h,48,827092,855115,1536473,1397953,14128,14712,38267,35479
ASM002594,EVT012,Tiruvallur,Tiruvallur Response Zone,T+48h,48,942895,942326,1192380,1358180,15612,16054,39191,51484
ASM002595,EVT012,Tiruvallur,Tiruvallur Response Zone,T+48h,48,1170425,999569,1604422,1633019,31762,28194,73397,78111
ASM002596,EVT012,Tiruvallur,Tiruvallur Response Zone,T+72h,72,577601,841804,1436166,1404606,5737,10888,36427,38317
ASM002597,EVT012,Tiruvallur,Tiruvallur Response Zone,T+72h,72,701091,792186,966926,1190961,16066,16677,41268,53757
ASM002598,EVT012,Tiruvallur,Tiruvallur Response Zone,T+72h,72,1022931,1000334,2693904,2082093,18874,17413,133713,105220
ASM002599,EVT012,Tiruvallur,Tiruvallur Response Zone,T+72h,72,1169998,1005055,1052191,1399268,31756,27618,54041,79399
ASM002600,EVT012,Tiruvallur,Tiruvallur Response Zone,T+72h,72,881787,929289,1112602,1424304,16045,17411,64458,78082
ASM002601,EVT012,Kancheepuram,Kancheepuram Response Zone,T+0h,0,299395,391608,920306,804355,2726,4568,34702,30419
ASM002602,EVT012,Kancheepuram,Kancheepuram Response Zone,T+0h,0,529186,505336,861581,819634,6014,5827,39525,39703
ASM002603,EVT012,Kancheepuram,Kancheepuram Response Zone,T+0h,0,393492,450785,486802,648588,5250,5770,10424,13247
ASM002604,EVT012,Kancheepuram,Kancheepuram Response Zone,T+0h,0,301305,348639,662198,669200,2006,2826,19023,20164
ASM002605,EVT012,Kancheepuram,Kancheepuram Response Zone,T+0h,0,323100,352746,765819,625602,2272,2707,21376,20100
ASM002606,EVT012,Kancheepuram,Kancheepuram Response Zone,T+3h,3,358984,360903,530815,576008,2408,2681,12002,11959
ASM002607,EVT012,Kancheepuram,Kancheepuram Response Zone,T+3h,3,342071,360455,1065330,790637,2366,2763,29896,24473
ASM002608,EVT012,Kancheepuram,Kancheepuram Response Zone,T+3h,3,270955,360364,399747,593403,3609,6829,8299,11671
ASM002609,EVT012,Kancheepuram,Kancheepuram Response Zone,T+3h,3,416581,372000,637879,570654,5812,5249,21263,24319
ASM002610,EVT012,Kancheepuram,Kancheepuram Response Zone,T+3h,3,575384,498374,909528,823246,6038,4932,32296,32909
ASM002611,EVT012,Kancheepuram,Kancheepuram Response Zone,T+6h,6,637616,580895,949010,890933,4826,4511,21463,19360
ASM002612,EVT012,Kancheepuram,Kancheepuram Response Zone,T+6h,6,414269,512139,726627,806070,3218,4501,30418,34603
ASM002613,EVT012,Kancheepuram,Kancheepuram Response Zone,T+6h,6,522460,552260,734502,845432,4682,5215,28673,31970
ASM002614,EVT012,Kancheepuram,Kancheepuram Response Zone,T+6h,6,556741,570758,879042,837017,6203,6491,25583,26459
ASM002615,EVT012,Kancheepuram,Kancheepuram Response Zone,T+6h,6,577105,546782,899638,799721,9936,8908,20847,19162
ASM002616,EVT012,Kancheepuram,Kancheepuram Response Zone,T+12h,12,677906,640842,1039344,925535,13922,12428,61965,59770
ASM002617,EVT012,Kancheepuram,Kancheepuram Response Zone,T+12h,12,401701,483553,920512,809417,5029,6460,38388,36427
ASM002618,EVT012,Kancheepuram,Kancheepuram Response Zone,T+12h,12,525811,543449,591652,759001,5447,5222,30288,35373
ASM002619,EVT012,Kancheepuram,Kancheepuram Response Zone,T+12h,12,430679,387587,556388,583884,4374,3992,17041,21023
ASM002620,EVT012,Kancheepuram,Kancheepuram Response Zone,T+12h,12,745915,681070,612845,832880,11744,10772,15139,19824
ASM002621,EVT012,Kancheepuram,Kancheepuram Response Zone,T+24h,24,1024086,960367,1300781,1352819,29651,27031,81683,85785
ASM002622,EVT012,Kancheepuram,Kancheepuram Response Zone,T+24h,24,986603,892331,1612261,1394262,18220,16412,43102,40201
ASM002623,EVT012,Kancheepuram,Kancheepuram Response Zone,T+24h,24,812886,853545,1344043,1294929,15427,16243,90582,87983
ASM002624,EVT012,Kancheepuram,Kancheepuram Response Zone,T+24h,24,1009905,919133,2324220,1854517,19024,13800,102487,76825
ASM002625,EVT012,Kancheepuram,Kancheepuram Response Zone,T+24h,24,869686,856590,1320394,1220226,13133,12004,60127,59390
ASM002626,EVT012,Kancheepuram,Kancheepuram Response Zone,T+36h,36,760104,900102,1410399,1375171,11828,15663,72118,75036
ASM002627,EVT012,Kancheepuram,Kancheepuram Response Zone,T+36h,36,1210830,984845,1446819,1410384,19486,15918,74087,76242
ASM002628,EVT012,Kancheepuram,Kancheepuram Response Zone,T+36h,36,1040816,961524,1248718,1321156,11733,10652,85823,92001
ASM002629,EVT012,Kancheepuram,Kancheepuram Response Zone,T+36h,36,830609,920647,1342706,1374291,9392,10880,49499,52602
ASM002630,EVT012,Kancheepuram,Kancheepuram Response Zone,T+36h,36,840691,927344,1903120,1547703,9133,10643,89628,77271
ASM002631,EVT012,Kancheepuram,Kancheepuram Response Zone,T+48h,48,934064,931460,1386555,1318765,22988,22531,59834,57544
ASM002632,EVT012,Kancheepuram,Kancheepuram Response Zone,T+48h,48,952645,939588,1090066,1244752,35119,32433,39940,49039
ASM002633,EVT012,Kancheepuram,Kancheepuram Response Zone,T+48h,48,949181,931445,1138248,1382283,13531,13209,67544,80571
ASM002634,EVT012,Kancheepuram,Kancheepuram Response Zone,T+48h,48,945420,925356,1179844,1357294,32254,29234,69467,77892
ASM002635,EVT012,Kancheepuram,Kancheepuram Response Zone,T+48h,48,1165658,956290,1303232,1308715,32920,25529,67539,68318
ASM002636,EVT012,Kancheepuram,Kancheepuram Response Zone,T+72h,72,957975,918140,1683925,1436722,22857,19353,98238,85967
ASM002637,EVT012,Kancheepuram,Kancheepuram Response Zone,T+72h,72,855969,894312,908086,1156536,22921,24136,39201,51310
ASM002638,EVT012,Kancheepuram,Kancheepuram Response Zone,T+72h,72,947515,891552,1177356,1243205,33576,29418,69584,77619
ASM002639,EVT012,Kancheepuram,Kancheepuram Response Zone,T+72h,72,727537,888404,1455447,1354542,10288,13463,72915,72507
ASM002640,EVT012,Kancheepuram,Kancheepuram Response Zone,T+72h,72,892451,896199,822022,1226390,31489,29349,42340,64414
ASM002641,EVT012,Cuddalore,Cuddalore Response Zone,T+0h,0,584760,460539,473000,588175,10952,8311,16511,20640
ASM002642,EVT012,Cuddalore,Cuddalore Response Zone,T+0h,0,366308,368238,486673,557187,4453,4716,22011,25862
ASM002643,EVT012,Cuddalore,Cuddalore Response Zone,T+0h,0,330176,373476,454869,557465,3705,4667,13898,17566
ASM002644,EVT012,Cuddalore,Cuddalore Response Zone,T+0h,0,349015,398844,595919,583239,2987,3498,20281,20034
ASM002645,EVT012,Cuddalore,Cuddalore Response Zone,T+0h,0,319798,399079,570957,609404,2490,3186,22925,25476
ASM002646,EVT012,Cuddalore,Cuddalore Response Zone,T+3h,3,375157,411294,590246,707689,2107,2867,33705,36853
ASM002647,EVT012,Cuddalore,Cuddalore Response Zone,T+3h,3,331561,348597,568594,574218,5415,6189,18328,18416
ASM002648,EVT012,Cuddalore,Cuddalore Response Zone,T+3h,3,328926,411334,972018,836550,2994,4581,38248,34176
ASM002649,EVT012,Cuddalore,Cuddalore Response Zone,T+3h,3,415726,417423,918137,685348,4935,4651,42848,33956
ASM002650,EVT012,Cuddalore,Cuddalore Response Zone,T+3h,3,511566,440160,399245,606080,3951,3350,20303,30772
ASM002651,EVT012,Cuddalore,Cuddalore Response Zone,T+6h,6,369544,424216,747029,722430,5122,6899,29387,31415
ASM002652,EVT012,Cuddalore,Cuddalore Response Zone,T+6h,6,610394,493223,608890,675299,7334,5562,20757,22829
ASM002653,EVT012,Cuddalore,Cuddalore Response Zone,T+6h,6,429757,416958,584221,583490,5074,4409,25957,27147
ASM002654,EVT012,Cuddalore,Cuddalore Response Zone,T+6h,6,522337,438584,558722,608017,8611,7147,24314,29585
ASM002655,EVT012,Cuddalore,Cuddalore Response Zone,T+6h,6,334070,359798,580319,554134,3226,3931,23997,24427
ASM002656,EVT012,Cuddalore,Cuddalore Response Zone,T+12h,12,668493,651412,850769,886105,16299,15184,55517,55193
ASM002657,EVT012,Cuddalore,Cuddalore Response Zone,T+12h,12,376765,440929,592558,699782,6579,9177,31237,34631
ASM002658,EVT012,Cuddalore,Cuddalore Response Zone,T+12h,12,639500,581669,635154,780049,11423,10237,44442,53259
ASM002659,EVT012,Cuddalore,Cuddalore Response Zone,T+12h,12,552559,579069,707678,771570,10716,10822,53079,54572
ASM002660,EVT012,Cuddalore,Cuddalore Response Zone,T+12h,12,625956,588369,901874,892102,9463,8920,69867,73457
ASM002661,EVT012,Cuddalore,Cuddalore Response Zone,T+24h,24,482308,570721,1133200,990278,8078,10106,56102,52582
ASM002662,EVT012,Cuddalore,Cuddalore Response Zone,T+24h,24,451916,500949,1067015,942567,5431,7024,53459,48830
ASM002663,EVT012,Cuddalore,Cuddalore Response Zone,T+24h,24,723142,681569,873853,964908,11822,11365,41045,45456
ASM002664,EVT012,Cuddalore,Cuddalore Response Zone,T+24h,24,470361,540698,976650,942454,5288,6305,46874,46485
ASM002665,EVT012,Cuddalore,Cuddalore Response Zone,T+24h,24,623386,575076,1143254,965030,14621,13492,56609,50213
ASM002666,EVT012,Cuddalore,Cuddalore Response Zone,T+36h,36,385256,438810,1068584,928420,7930,10993,38141,35890
ASM002667,EVT012,Cuddalore,Cuddalore Response Zone,T+36h,36,793498,691784,1043977,1033403,13916,11431,70046,74001
ASM002668,EVT012,Cuddalore,Cuddalore Response Zone,T+36h,36,488667,590433,951622,935965,11214,14747,65510,66493
ASM002669,EVT012,Cuddalore,Cuddalore Response Zone,T+36h,36,754551,711473,1165715,1100589,10839,11016,87322,84673
ASM002670,EVT012,Cuddalore,Cuddalore Response Zone,T+36h,36,734683,684205,730880,900366,20150,20156,29557,39337
ASM002671,EVT012,Cuddalore,Cuddalore Response Zone,T+48h,48,460389,515555,818822,900356,11256,13198,44851,49080
ASM002672,EVT012,Cuddalore,Cuddalore Response Zone,T+48h,48,554290,468219,902524,854935,14877,13490,23841,22030
ASM002673,EVT012,Cuddalore,Cuddalore Response Zone,T+48h,48,565729,529401,1028481,939961,13882,13236,50772,49848
ASM002674,EVT012,Cuddalore,Cuddalore Response Zone,T+48h,48,526795,570987,836361,934505,6784,7564,27852,32264
ASM002675,EVT012,Cuddalore,Cuddalore Response Zone,T+48h,48,456159,513392,924876,939796,5513,6755,37924,38097
ASM002676,EVT012,Cuddalore,Cuddalore Response Zone,T+72h,72,426519,586286,783804,908388,9490,14342,33937,41322
ASM002677,EVT012,Cuddalore,Cuddalore Response Zone,T+72h,72,622259,581514,1108931,1006656,14753,13345,64240,56613
ASM002678,EVT012,Cuddalore,Cuddalore Response Zone,T+72h,72,476355,591487,1030293,1071419,6449,9006,51726,55670
ASM002679,EVT012,Cuddalore,Cuddalore Response Zone,T+72h,72,665377,664473,899017,936100,12070,12484,34382,39190
ASM002680,EVT012,Cuddalore,Cuddalore Response Zone,T+72h,72,589815,597045,886161,959817,9799,10834,32454,35406
ASM002681,EVT013,Tirunelveli,Tirunelveli Response Zone,T+0h,0,647703,593211,823079,856015,8036,6888,43990,44647
ASM002682,EVT013,Tirunelveli,Tirunelveli Response Zone,T+0h,0,526461,586083,762985,847575,8316,9784,46658,47206
ASM002683,EVT013,Tirunelveli,Tirunelveli Response Zone,T+0h,0,520729,562570,973055,840485,9357,9965,41909,40587
ASM002684,EVT013,Tirunelveli,Tirunelveli Response Zone,T+0h,0,609919,536899,675179,807630,5327,4342,25852,33506
ASM002685,EVT013,Tirunelveli,Tirunelveli Response Zone,T+0h,0,592349,569063,1212680,866061,4373,4212,54111,44606
ASM002686,EVT013,Tirunelveli,Tirunelveli Response Zone,T+3h,3,694634,669020,1427703,1084241,10587,9309,113595,89452
ASM002687,EVT013,Tirunelveli,Tirunelveli Response Zone,T+3h,3,659675,616280,690252,851103,9228,8510,27136,32450
ASM002688,EVT013,Tirunelveli,Tirunelveli Response Zone,T+3h,3,411011,552939,795755,838399,5100,8561,29194,33336
ASM002689,EVT013,Tirunelveli,Tirunelveli Response Zone,T+3h,3,637747,579218,675742,841945,9538,8725,28815,34274
ASM002690,EVT013,Tirunelveli,Tirunelveli Response Zone,T+3h,3,662993,604805,758206,866475,5186,4615,34475,41180
ASM002691,EVT013,Tirunelveli,Tirunelveli Response Zone,T+6h,6,565585,644817,1641702,1119146,4504,5968,86681,62795
ASM002692,EVT013,Tirunelveli,Tirunelveli Response Zone,T+6h,6,609850,665560,859681,870329,8109,9022,53383,56234
ASM002693,EVT013,Tirunelveli,Tirunelveli Response Zone,T+6h,6,639904,661698,1054098,898694,7397,6965,86544,82873
ASM002694,EVT013,Tirunelveli,Tirunelveli Response Zone,T+6h,6,545028,557934,935614,847196,5989,6628,44754,43985
ASM002695,EVT013,Tirunelveli,Tirunelveli Response Zone,T+6h,6,645262,619112,709732,863884,6518,6250,52392,64159
ASM002696,EVT013,Tirunelveli,Tirunelveli Response Zone,T+12h,12,957579,827218,874545,966024,24527,21727,67417,77063
ASM002697,EVT013,Tirunelveli,Tirunelveli Response Zone,T+12h,12,832305,736084,758216,854814,13001,11279,63620,83679
ASM002698,EVT013,Tirunelveli,Tirunelveli Response Zone,T+12h,12,536946,667889,853065,1016345,10157,14885,75459,86141
ASM002699,EVT013,Tirunelveli,Tirunelveli Response Zone,T+12h,12,899493,863896,565601,1037052,9417,8600,47753,77847
ASM002700,EVT013,Tirunelveli,Tirunelveli Response Zone,T+12h,12,1038052,906906,1296795,1266954,26810,23911,94693,85417
ASM002701,EVT013,Tirunelveli,Tirunelveli Response Zone,T+24h,24,1226098,1191849,3102746,2379293,36870,37261,356800,288295
ASM002702,EVT013,Tirunelveli,Tirunelveli Response Zone,T+24h,24,1342985,1213500,1851783,1857223,42995,39168,194296,202562
ASM002703,EVT013,Tirunelveli,Tirunelveli Response Zone,T+24h,24,1588911,1317570,1210450,1542919,39308,31761,124110,154671
ASM002704,EVT013,Tirunelveli,Tirunelveli Response Zone,T+24h,24,1263926,1160311,1423996,1522959,33137,28943,158498,171667
ASM002705,EVT013,Tirunelveli,Tirunelveli Response Zone,T+24h,24,1081605,1024057,1496964,1571062,14680,15173,129362,150542
ASM002706,EVT013,Tirunelveli,Tirunelveli Response Zone,T+36h,36,1404573,1237152,1417947,1727969,38594,34186,151337,187269
ASM002707,EVT013,Tirunelveli,Tirunelveli Response Zone,T+36h,36,1147031,1176862,2244072,2061844,14277,15426,259617,246400
ASM002708,EVT013,Tirunelveli,Tirunelveli Response Zone,T+36h,36,1096299,1178515,2029800,1716714,30763,33679,116219,104492
ASM002709,EVT013,Tirunelveli,Tirunelveli Response Zone,T+36h,36,1078509,1132072,1288528,1614929,19829,20761,63687,76667
ASM002710,EVT013,Tirunelveli,Tirunelveli Response Zone,T+36h,36,1430897,1200371,1957153,1771994,39417,30276,180614,175211
ASM002711,EVT013,Tirunelveli,Tirunelveli Response Zone,T+48h,48,960904,1110944,2448626,1877397,29188,36100,113809,96031
ASM002712,EVT013,Tirunelveli,Tirunelveli Response Zone,T+48h,48,1611674,1338394,3015669,2787767,71932,60914,319410,298028
ASM002713,EVT013,Tirunelveli,Tirunelveli Response Zone,T+48h,48,1323129,1248468,3993459,3381415,47561,46518,516672,424048
ASM002714,EVT013,Tirunelveli,Tirunelveli Response Zone,T+48h,48,842925,1050278,1339093,1607171,24820,33686,84239,103171
ASM002715,EVT013,Tirunelveli,Tirunelveli Response Zone,T+48h,48,1251013,1266672,3802309,3116918,24472,23074,421787,346841
ASM002716,EVT013,Tirunelveli,Tirunelveli Response Zone,T+72h,72,608886,914899,1324486,1451765,6908,10957,78057,80677
ASM002717,EVT013,Tirunelveli,Tirunelveli Response Zone,T+72h,72,1070584,978902,1251897,1470685,23477,22114,61223,67795
ASM002718,EVT013,Tirunelveli,Tirunelveli Response Zone,T+72h,72,1214293,1112875,1637180,1519576,48529,42457,73198,64724
ASM002719,EVT013,Tirunelveli,Tirunelveli Response Zone,T+72h,72,900729,979598,1408121,1591035,20496,22958,128659,159420
ASM002720,EVT013,Tirunelveli,Tirunelveli Response Zone,T+72h,72,930199,916677,1609465,1442159,25099,24952,104051,94772
ASM002721,EVT013,Thoothukudi,Thoothukudi Response Zone,T+0h,0,881868,791591,628456,900162,16766,13565,43339,56215
ASM002722,EVT013,Thoothukudi,Thoothukudi Response Zone,T+0h,0,539897,601329,835402,860742,6693,7882,67075,74862
ASM002723,EVT013,Thoothukudi,Thoothukudi Response Zone,T+0h,0,493425,588045,1175218,959906,5638,7294,42938,36947
ASM002724,EVT013,Thoothukudi,Thoothukudi Response Zone,T+0h,0,896472,811522,894930,879560,12400,9574,41248,42814
ASM002725,EVT013,Thoothukudi,Thoothukudi Response Zone,T+0h,0,965428,798478,965180,874537,9232,6138,43172,41285
ASM002726,EVT013,Thoothukudi,Thoothukudi Response Zone,T+3h,3,548434,546339,887483,835963,4682,4614,48983,44657
ASM002727,EVT013,Thoothukudi,Thoothukudi Response Zone,T+3h,3,660765,566334,1052142,862009,10383,8827,53251,45804
ASM002728,EVT013,Thoothukudi,Thoothukudi Response Zone,T+3h,3,802630,708739,587769,867162,10962,8270,33332,49256
ASM002729,EVT013,Thoothukudi,Thoothukudi Response Zone,T+3h,3,473375,541820,913744,834095,7979,10671,47781,45148
ASM002730,EVT013,Thoothukudi,Thoothukudi Response Zone,T+3h,3,517488,569748,814883,858665,9574,10983,56850,64154
ASM002731,EVT013,Thoothukudi,Thoothukudi Response Zone,T+6h,6,773752,656210,882599,846225,8571,7028,33508,31156
ASM002732,EVT013,Thoothukudi,Thoothukudi Response Zone,T+6h,6,851152,708756,1105021,866558,19852,15413,51478,44093
ASM002733,EVT013,Thoothukudi,Thoothukudi Response Zone,T+6h,6,692850,675770,693319,848009,12312,10763,54601,71494
ASM002734,EVT013,Thoothukudi,Thoothukudi Response Zone,T+6h,6,508386,600511,671670,844707,5554,6339,24948,30846
ASM002735,EVT013,Thoothukudi,Thoothukudi Response Zone,T+6h,6,1015029,833853,595675,813382,24921,20778,34514,48908
ASM002736,EVT013,Thoothukudi,Thoothukudi Response Zone,T+12h,12,783553,912650,1062733,1288309,17260,20967,80756,94059
ASM002737,EVT013,Thoothukudi,Thoothukudi Response Zone,T+12h,12,841318,938148,1812394,1566753,8338,9969,202136,177062
ASM002738,EVT013,Thoothukudi,Thoothukudi Response Zone,T+12h,12,875686,888739,1130227,1310128,21390,22605,92088,96281
ASM002739,EVT013,Thoothukudi,Thoothukudi Response Zone,T+12h,12,1240976,1102339,955167,1398422,21595,18377,137332,166353
ASM002740,EVT013,Thoothukudi,Thoothukudi Response Zone,T+12h,12,1069397,974465,1125198,1387198,22568,21486,109435,115395
ASM002741,EVT013,Thoothukudi,Thoothukudi Response Zone,T+24h,24,1015227,976352,970060,1339788,24703,24003,83668,103981
ASM002742,EVT013,Thoothukudi,Thoothukudi Response Zone,T+24h,24,1006412,950118,1049867,1316633,30488,28200,47072,60592
ASM002743,EVT013,Thoothukudi,Thoothukudi Response Zone,T+24h,24,880900,880992,1510709,1404984,15027,15012,86963,85516
ASM002744,EVT013,Thoothukudi,Thoothukudi Response Zone,T+24h,24,1146585,1029271,1202685,1480642,21644,20608,68439,88085
ASM002745,EVT013,Thoothukudi,Thoothukudi Response Zone,T+24h,24,529227,787054,1765949,1513421,7405,13284,127761,109928
ASM002746,EVT013,Thoothukudi,Thoothukudi Response Zone,T+36h,36,892183,947700,1416008,1537897,9497,10511,96011,99004
ASM002747,EVT013,Thoothukudi,Thoothukudi Response Zone,T+36h,36,985726,960510,1455753,1495858,10463,10794,103463,100229
ASM002748,EVT013,Thoothukudi,Thoothukudi Response Zone,T+36h,36,846986,976775,1478516,1629797,14718,17828,84200,86951
ASM002749,EVT013,Thoothukudi,Thoothukudi Response Zone,T+36h,36,1006978,975193,1707136,1498527,25558,23904,71850,61710
ASM002750,EVT013,Thoothukudi,Thoothukudi Response Zone,T+36h,36,863501,922824,1668098,1461972,24458,25354,111327,103312
ASM002751,EVT013,Thoothukudi,Thoothukudi Response Zone,T+48h,48,1121600,941276,1374048,1278841,33179,26471,122631,113630
ASM002752,EVT013,Thoothukudi,Thoothukudi Response Zone,T+48h,48,1179353,979375,1613412,1453125,30504,24720,160645,156605
ASM002753,EVT013,Thoothukudi,Thoothukudi Response Zone,T+48h,48,685800,734295,1101541,1086541,9590,10601,41403,45833
ASM002754,EVT013,Thoothukudi,Thoothukudi Response Zone,T+48h,48,820291,857282,1468062,1382833,13899,13370,98103,88756
ASM002755,EVT013,Thoothukudi,Thoothukudi Response Zone,T+48h,48,771738,856223,1089571,1223212,23372,23026,54182,54713
ASM002756,EVT013,Thoothukudi,Thoothukudi Response Zone,T+72h,72,882843,959683,1553945,1522618,23728,25516,150759,165139
ASM002757,EVT013,Thoothukudi,Thoothukudi Response Zone,T+72h,72,1089951,1078525,1525134,1566746,36404,34931,138661,148685
ASM002758,EVT013,Thoothukudi,Thoothukudi Response Zone,T+72h,72,912500,990604,1412474,1555773,24923,30163,75015,84573
ASM002759,EVT013,Thoothukudi,Thoothukudi Response Zone,T+72h,72,833053,951389,1406061,1566759,20785,24368,122480,135290
ASM002760,EVT013,Thoothukudi,Thoothukudi Response Zone,T+72h,72,1050379,993547,1678055,1505601,20142,17077,179363,168381
ASM002761,EVT013,Kanniyakumari,Kanniyakumari Response Zone,T+0h,0,618057,552209,1129761,956172,6026,5330,85194,77011
ASM002762,EVT013,Kanniyakumari,Kanniyakumari Response Zone,T+0h,0,459973,528939,1019385,878967,3470,4374,40947,37789
ASM002763,EVT013,Kanniyakumari,Kanniyakumari Response Zone,T+0h,0,696957,597983,630756,847113,13039,11788,43337,55436
ASM002764,EVT013,Kanniyakumari,Kanniyakumari Response Zone,T+0h,0,483470,549234,1055235,867193,7169,8572,35873,31437
ASM002765,EVT013,Kanniyakumari,Kanniyakumari Response Zone,T+0h,0,520739,524774,640137,722150,8432,8459,16584,18920
ASM002766,EVT013,Kanniyakumari,Kanniyakumari Response Zone,T+3h,3,620100,555066,909518,769159,10132,8378,65151,58851
ASM002767,EVT013,Kanniyakumari,Kanniyakumari Response Zone,T+3h,3,543440,552825,613547,824639,5411,5888,22802,30810
ASM002768,EVT013,Kanniyakumari,Kanniyakumari Response Zone,T+3h,3,691040,678270,944238,868029,7375,7128,67905,65413
ASM002769,EVT013,Kanniyakumari,Kanniyakumari Response Zone,T+3h,3,517364,579056,873650,857570,9542,11076,46817,45823
ASM002770,EVT013,Kanniyakumari,Kanniyakumari Response Zone,T+3h,3,526821,533984,572337,810689,3840,4427,37212,47281
ASM002771,EVT013,Kanniyakumari,Kanniyakumari Response Zone,T+6h,6,650822,727427,1126881,967415,8222,9441,67198,61052
ASM002772,EVT013,Kanniyakumari,Kanniyakumari Response Zone,T+6h,6,624468,720270,1531404,1368074,10549,13564,140990,115299
ASM002773,EVT013,Kanniyakumari,Kanniyakumari Response Zone,T+6h,6,755290,848408,1113755,1248297,11425,11381,110620,119210
ASM002774,EVT013,Kanniyakumari,Kanniyakumari Response Zone,T+6h,6,467830,588951,1361617,1087998,4514,6433,109100,87673
ASM002775,EVT013,Kanniyakumari,Kanniyakumari Response Zone,T+6h,6,785626,899779,1240866,1369247,14449,18611,142876,150764
ASM002776,EVT013,Kanniyakumari,Kanniyakumari Response Zone,T+12h,12,665927,716452,1249820,1179115,7008,7281,103317,86734
ASM002777,EVT013,Kanniyakumari,Kanniyakumari Response Zone,T+12h,12,645724,694871,568050,848128,14313,16330,45166,71030
ASM002778,EVT013,Kanniyakumari,Kanniyakumari Response Zone,T+12h,12,775565,864173,2111666,1592083,18703,21960,179020,145905
ASM002779,EVT013,Kanniyakumari,Kanniyakumari Response Zone,T+12h,12,756038,793066,1544738,1429474,17173,21404,80743,66762
ASM002780,EVT013,Kanniyakumari,Kanniyakumari Response Zone,T+12h,12,801701,782903,967240,1134606,9841,9177,67453,69826
ASM002781,EVT013,Kanniyakumari,Kanniyakumari Response Zone,T+24h,24,1275295,1073176,1037837,1532894,42199,38859,101638,148711
ASM002782,EVT013,Kanniyakumari,Kanniyakumari Response Zone,T+24h,24,946211,984033,1771886,1768492,27710,31957,129490,126033
ASM002783,EVT013,Kanniyakumari,Kanniyakumari Response Zone,T+24h,24,846401,961800,1226842,1540089,13998,16187,156154,199054
ASM002784,EVT013,Kanniyakumari,Kanniyakumari Response Zone,T+24h,24,874813,1007760,1885028,1629980,15556,16378,196916,177713
ASM002785,EVT013,Kanniyakumari,Kanniyakumari Response Zone,T+24h,24,977480,1049447,1831758,1709059,22240,24813,129081,123162
ASM002786,EVT013,Kanniyakumari,Kanniyakumari Response Zone,T+36h,36,988019,985803,1375163,1689523,25862,26455,166352,203943
ASM002787,EVT013,Kanniyakumari,Kanniyakumari Response Zone,T+36h,36,923730,951177,2301891,1941411,21640,25021,289096,279674
ASM002788,EVT013,Kanniyakumari,Kanniyakumari Response Zone,T+36h,36,822644,933396,2115422,1784140,8098,10907,247125,233642
ASM002789,EVT013,Kanniyakumari,Kanniyakumari Response Zone,T+36h,36,973884,979596,2113249,1785419,14200,15161,160927,141534
ASM002790,EVT013,Kanniyakumari,Kanniyakumari Response Zone,T+36h,36,1106096,993719,1710436,1745271,17480,15826,174820,173170
ASM002791,EVT013,Kanniyakumari,Kanniyakumari Response Zone,T+48h,48,1100099,999109,1066872,1512352,24384,22215,92057,123155
ASM002792,EVT013,Kanniyakumari,Kanniyakumari Response Zone,T+48h,48,952727,1037428,2200887,1924366,19527,22470,230915,207439
ASM002793,EVT013,Kanniyakumari,Kanniyakumari Response Zone,T+48h,48,979906,974169,1506222,1581423,15174,14591,121441,126973
ASM002794,EVT013,Kanniyakumari,Kanniyakumari Response Zone,T+48h,48,777074,958087,1019618,1453150,25802,31381,69622,96535
ASM002795,EVT013,Kanniyakumari,Kanniyakumari Response Zone,T+48h,48,930552,957915,2015027,1789753,36089,35435,127848,114384
ASM002796,EVT013,Kanniyakumari,Kanniyakumari Response Zone,T+72h,72,721407,894426,2249502,1603685,17534,21376,139772,112833
ASM002797,EVT013,Kanniyakumari,Kanniyakumari Response Zone,T+72h,72,1056146,990996,1442422,1486629,25334,23118,121492,123376
ASM002798,EVT013,Kanniyakumari,Kanniyakumari Response Zone,T+72h,72,715287,905902,2822646,2318642,15545,21425,306055,269548
ASM002799,EVT013,Kanniyakumari,Kanniyakumari Response Zone,T+72h,72,742582,815710,1337970,1330974,24622,24801,115410,112178
ASM002800,EVT013,Kanniyakumari,Kanniyakumari Response Zone,T+72h,72,988899,994770,1332727,1518393,29299,26095,99899,110344
ASM002801,EVT013,Tenkasi,Tenkasi Response Zone,T+0h,0,397169,394277,470512,561970,3164,3018,17692,20494
ASM002802,EVT013,Tenkasi,Tenkasi Response Zone,T+0h,0,674825,522090,863810,663976,14748,11198,43835,38163
ASM002803,EVT013,Tenkasi,Tenkasi Response Zone,T+0h,0,463403,434352,537886,655238,6786,7327,35257,45844
ASM002804,EVT013,Tenkasi,Tenkasi Response Zone,T+0h,0,326162,398928,700983,658592,2361,2966,38822,37114
ASM002805,EVT013,Tenkasi,Tenkasi Response Zone,T+0h,0,412732,424243,549507,619640,8098,8595,31705,36264
ASM002806,EVT013,Tenkasi,Tenkasi Response Zone,T+3h,3,388531,507224,727106,819979,3551,5574,56827,64008
ASM002807,EVT013,Tenkasi,Tenkasi Response Zone,T+3h,3,471209,491119,931239,770976,5714,6009,80396,68501
ASM002808,EVT013,Tenkasi,Tenkasi Response Zone,T+3h,3,458965,522408,711815,757794,3591,4508,43859,48585
ASM002809,EVT013,Tenkasi,Tenkasi Response Zone,T+3h,3,622472,582951,678090,756309,8942,7502,47964,53338
ASM002810,EVT013,Tenkasi,Tenkasi Response Zone,T+3h,3,451189,502057,1005951,801373,6200,7557,77714,65490
ASM002811,EVT013,Tenkasi,Tenkasi Response Zone,T+6h,6,480352,510455,1059975,804897,8894,8754,80527,63378
ASM002812,EVT013,Tenkasi,Tenkasi Response Zone,T+6h,6,481036,542764,935153,843936,4559,5520,77833,70927
ASM002813,EVT013,Tenkasi,Tenkasi Response Zone,T+6h,6,747887,606654,652763,756457,8234,6296,41805,49487
ASM002814,EVT013,Tenkasi,Tenkasi Response Zone,T+6h,6,459012,499108,609721,728980,9154,9777,30135,34666
ASM002815,EVT013,Tenkasi,Tenkasi Response Zone,T+6h,6,692520,587102,670981,731568,17531,14750,23386,23868
ASM002816,EVT013,Tenkasi,Tenkasi Response Zone,T+12h,12,593799,547959,791043,788938,7342,5904,45356,43501
ASM002817,EVT013,Tenkasi,Tenkasi Response Zone,T+12h,12,579318,574979,619523,758856,9716,8870,57512,69302
ASM002818,EVT013,Tenkasi,Tenkasi Response Zone,T+12h,12,609415,588034,1003623,874589,9706,9382,95623,80826
ASM002819,EVT013,Tenkasi,Tenkasi Response Zone,T+12h,12,581099,599208,800118,759166,8221,7706,68791,68393
ASM002820,EVT013,Tenkasi,Tenkasi Response Zone,T+12h,12,363147,492862,515313,745010,2387,4195,40592,61093
ASM002821,EVT013,Tenkasi,Tenkasi Response Zone,T+24h,24,792609,821322,1073194,1332182,9256,10845,139216,179776
ASM002822,EVT013,Tenkasi,Tenkasi Response Zone,T+24h,24,992412,888657,1120393,1264596,24146,22726,92645,100564
ASM002823,EVT013,Tenkasi,Tenkasi Response Zone,T+24h,24,829918,819152,1345140,1391271,8799,8715,175085,185988
ASM002824,EVT013,Tenkasi,Tenkasi Response Zone,T+24h,24,632746,790977,2175588,1986556,7880,10465,269725,234228
ASM002825,EVT013,Tenkasi,Tenkasi Response Zone,T+24h,24,828762,854114,1317449,1344959,25067,25500,99091,94462
ASM002826,EVT013,Tenkasi,Tenkasi Response Zone,T+36h,36,1166289,958241,1061900,1232560,19398,14687,102681,120673
ASM002827,EVT013,Tenkasi,Tenkasi Response Zone,T+36h,36,938332,808479,1190116,1171272,29684,24428,115241,108484
ASM002828,EVT013,Tenkasi,Tenkasi Response Zone,T+36h,36,802740,842404,1163310,1228800,15190,15497,119636,123318
ASM002829,EVT013,Tenkasi,Tenkasi Response Zone,T+36h,36,967561,874075,1351247,1319936,23581,21587,107575,103597
ASM002830,EVT013,Tenkasi,Tenkasi Response Zone,T+36h,36,698502,715661,1396792,1203925,14663,15727,156931,157405
ASM002831,EVT013,Tenkasi,Tenkasi Response Zone,T+48h,48,592492,794177,1734621,1523046,14830,20878,154475,128254
ASM002832,EVT013,Tenkasi,Tenkasi Response Zone,T+48h,48,645415,719688,1153126,1097183,14915,17366,73234,67821
ASM002833,EVT013,Tenkasi,Tenkasi Response Zone,T+48h,48,1143962,936417,1943735,1794439,45654,36652,179906,151376
ASM002834,EVT013,Tenkasi,Tenkasi Response Zone,T+48h,48,788331,851155,1564153,1425767,17811,18318,92192,72199
ASM002835,EVT013,Tenkasi,Tenkasi Response Zone,T+48h,48,734961,765509,1042793,1237810,24497,26578,109640,125966
ASM002836,EVT013,Tenkasi,Tenkasi Response Zone,T+72h,72,568397,614339,1590503,1239965,7510,8180,53777,43898
ASM002837,EVT013,Tenkasi,Tenkasi Response Zone,T+72h,72,843565,683364,951229,980744,25137,18623,41039,41060
ASM002838,EVT013,Tenkasi,Tenkasi Response Zone,T+72h,72,793626,662349,720408,1022190,14323,13104,34740,44869
ASM002839,EVT013,Tenkasi,Tenkasi Response Zone,T+72h,72,1060076,855947,1590775,1217547,20278,15402,106265,89410
ASM002840,EVT013,Tenkasi,Tenkasi Response Zone,T+72h,72,576691,586365,1541210,1244746,7523,7903,71890,54378
ASM002841,EVT013,Ramanathapuram,Ramanathapuram Response Zone,T+0h,0,381925,375826,498858,532295,6374,5991,16640,16968
ASM002842,EVT013,Ramanathapuram,Ramanathapuram Response Zone,T+0h,0,260547,320389,448987,518531,4207,6188,13723,15553
ASM002843,EVT013,Ramanathapuram,Ramanathapuram Response Zone,T+0h,0,554365,456728,559443,588499,8809,6239,35892,38698
ASM002844,EVT013,Ramanathapuram,Ramanathapuram Response Zone,T+0h,0,317937,387953,679260,594480,4433,6013,31402,27983
ASM002845,EVT013,Ramanathapuram,Ramanathapuram Response Zone,T+0h,0,389890,391296,729019,586515,7231,6535,25887,23135
ASM002846,EVT013,Ramanathapuram,Ramanathapuram Response Zone,T+3h,3,370658,447617,728722,678951,7501,9564,27238,26913
ASM002847,EVT013,Ramanathapuram,Ramanathapuram Response Zone,T+3h,3,399630,428805,670463,707758,4995,6092,46960,45013
ASM002848,EVT013,Ramanathapuram,Ramanathapuram Response Zone,T+3h,3,340320,398635,881359,754995,6492,8900,65745,54234
ASM002849,EVT013,Ramanathapuram,Ramanathapuram Response Zone,T+3h,3,367371,427086,567745,604409,4377,5467,31121,33617
ASM002850,EVT013,Ramanathapuram,Ramanathapuram Response Zone,T+3h,3,417699,441558,881607,776255,7322,8540,64239,56973
ASM002851,EVT013,Ramanathapuram,Ramanathapuram Response Zone,T+6h,6,426607,471354,636185,762395,7903,8840,43058,45252
ASM002852,EVT013,Ramanathapuram,Ramanathapuram Response Zone,T+6h,6,568572,524488,788604,787044,14072,13823,81208,76492
ASM002853,EVT013,Ramanathapuram,Ramanathapuram Response Zone,T+6h,6,348615,427393,602338,616545,6591,8956,27595,29900
ASM002854,EVT013,Ramanathapuram,Ramanathapuram Response Zone,T+6h,6,446801,433210,589042,587673,6651,6521,22718,24402
ASM002855,EVT013,Ramanathapuram,Ramanathapuram Response Zone,T+6h,6,570423,492547,561656,594550,9568,7384,23627,25809
ASM002856,EVT013,Ramanathapuram,Ramanathapuram Response Zone,T+12h,12,433573,467550,927262,758719,7882,9089,49765,42831
ASM002857,EVT013,Ramanathapuram,Ramanathapuram Response Zone,T+12h,12,407899,461587,560159,682659,4233,5219,29809,34149
ASM002858,EVT013,Ramanathapuram,Ramanathapuram Response Zone,T+12h,12,457537,496284,569800,741638,8732,9408,51521,61204
ASM002859,EVT013,Ramanathapuram,Ramanathapuram Response Zone,T+12h,12,584433,518512,1165159,865877,15096,12912,106103,83308
ASM002860,EVT013,Ramanathapuram,Ramanathapuram Response Zone,T+12h,12,503696,512065,897678,800339,7188,7252,74003,66952
ASM002861,EVT013,Ramanathapuram,Ramanathapuram Response Zone,T+24h,24,642263,682154,602986,893680,14367,15920,42115,55414
ASM002862,EVT013,Ramanathapuram,Ramanathapuram Response Zone,T+24h,24,791344,712692,894948,918430,27366,25598,45588,47216
ASM002863,EVT013,Ramanathapuram,Ramanathapuram Response Zone,T+24h,24,569457,662329,695302,883413,7309,10134,75478,98464
ASM002864,EVT013,Ramanathapuram,Ramanathapuram Response Zone,T+24h,24,823035,747520,895634,980156,24157,21636,99830,113997
ASM002865,EVT013,Ramanathapuram,Ramanathapuram Response Zone,T+24h,24,772595,727077,478589,776279,9998,9116,22983,34828
ASM002866,EVT013,Ramanathapuram,Ramanathapuram Response Zone,T+36h,36,675461,676428,1021825,974988,11276,11045,67546,62363
ASM002867,EVT013,Ramanathapuram,Ramanathapuram Response Zone,T+36h,36,607432,689460,779785,920973,16336,18455,40054,47695
ASM002868,EVT013,Ramanathapuram,Ramanathapuram Response Zone,T+36h,36,601381,654955,1072939,1062096,9045,10141,62320,63727
ASM002869,EVT013,Ramanathapuram,Ramanathapuram Response Zone,T+36h,36,799448,713185,733450,990327,12373,10859,81245,107216
ASM002870,EVT013,Ramanathapuram,Ramanathapuram Response Zone,T+36h,36,917515,770310,1121701,1012439,15315,12063,103764,100566
ASM002871,EVT013,Ramanathapuram,Ramanathapuram Response Zone,T+48h,48,632384,663640,1010183,1172326,20395,23054,89863,103942
ASM002872,EVT013,Ramanathapuram,Ramanathapuram Response Zone,T+48h,48,752484,719874,1498921,1261425,33209,28874,68603,60523
ASM002873,EVT013,Ramanathapuram,Ramanathapuram Response Zone,T+48h,48,473216,587375,1533375,1273081,8515,11735,128234,107084
ASM002874,EVT013,Ramanathapuram,Ramanathapuram Response Zone,T+48h,48,634467,681264,1351896,1151632,22588,22974,139290,131856
ASM002875,EVT013,Ramanathapuram,Ramanathapuram Response Zone,T+48h,48,680419,655195,970818,1028759,20956,21258,90591,102187
ASM002876,EVT013,Ramanathapuram,Ramanathapuram Response Zone,T+72h,72,574388,653346,1757216,1464542,12280,13298,172753,144672
ASM002877,EVT013,Ramanathapuram,Ramanathapuram Response Zone,T+72h,72,543604,608094,713285,985703,19788,22897,80225,104942
ASM002878,EVT013,Ramanathapuram,Ramanathapuram Response Zone,T+72h,72,548631,602319,712644,974812,13980,14814,70679,90418
ASM002879,EVT013,Ramanathapuram,Ramanathapuram Response Zone,T+72h,72,648601,636425,962306,989708,11300,11085,93526,96425
ASM002880,EVT013,Ramanathapuram,Ramanathapuram Response Zone,T+72h,72,599994,610729,1650674,1317186,24058,23522,91986,75402
ASM002881,EVT013,Virudhunagar,Virudhunagar Response Zone,T+0h,0,338815,454207,740783,800697,3609,5708,56029,55548
ASM002882,EVT013,Virudhunagar,Virudhunagar Response Zone,T+0h,0,336079,448103,733712,750087,4237,7534,45993,50185
ASM002883,EVT013,Virudhunagar,Virudhunagar Response Zone,T+0h,0,469852,493427,557650,782001,7299,8705,41000,53232
ASM002884,EVT013,Virudhunagar,Virudhunagar Response Zone,T+0h,0,599113,554567,985903,837440,7763,7230,44676,41818
ASM002885,EVT013,Virudhunagar,Virudhunagar Response Zone,T+0h,0,332111,502757,1072307,870657,2503,5262,70987,60240
ASM002886,EVT013,Virudhunagar,Virudhunagar Response Zone,T+3h,3,517427,543527,1034766,907124,6000,7015,78149,67181
ASM002887,EVT013,Virudhunagar,Virudhunagar Response Zone,T+3h,3,535958,610276,758222,859230,6393,6850,62855,71291
ASM002888,EVT013,Virudhunagar,Virudhunagar Response Zone,T+3h,3,862563,781236,765176,845239,9495,7821,32348,37459
ASM002889,EVT013,Virudhunagar,Virudhunagar Response Zone,T+3h,3,607072,692037,716566,852013,4992,5741,76127,98244
ASM002890,EVT013,Virudhunagar,Virudhunagar Response Zone,T+3h,3,535760,490876,755876,769325,6460,6132,55762,56603
ASM002891,EVT013,Virudhunagar,Virudhunagar Response Zone,T+6h,6,597171,600233,614801,814338,12560,13235,34137,43250
ASM002892,EVT013,Virudhunagar,Virudhunagar Response Zone,T+6h,6,420550,588172,673326,825787,4044,6130,34187,44890
ASM002893,EVT013,Virudhunagar,Virudhunagar Response Zone,T+6h,6,677202,596858,773850,831351,7190,5690,68426,72200
ASM002894,EVT013,Virudhunagar,Virudhunagar Response Zone,T+6h,6,658852,654269,807546,855128,6110,5677,56813,63445
ASM002895,EVT013,Virudhunagar,Virudhunagar Response Zone,T+6h,6,709990,683079,806037,926131,7148,6704,61566,68113
ASM002896,EVT013,Virudhunagar,Virudhunagar Response Zone,T+12h,12,1503967,1207389,1098450,1044437,52879,40512,100643,92652
ASM002897,EVT013,Virudhunagar,Virudhunagar Response Zone,T+12h,12,400716,534212,870913,862672,3087,5347,49451,49050
ASM002898,EVT013,Virudhunagar,Virudhunagar Response Zone,T+12h,12,949366,831299,883046,969795,18730,15397,52745,59218
ASM002899,EVT013,Virudhunagar,Virudhunagar Response Zone,T+12h,12,622772,713922,998195,981590,8611,9811,79885,77448
ASM002900,EVT013,Virudhunagar,Virudhunagar Response Zone,T+12h,12,713008,741972,757934,940888,17908,23508,69313,78146
ASM002901,EVT013,Virudhunagar,Virudhunagar Response Zone,T+24h,24,879492,886710,1343094,1346693,11042,10875,65073,60652
ASM002902,EVT013,Virudhunagar,Virudhunagar Response Zone,T+24h,24,879884,958381,1486937,1497653,21023,23888,89382,89811
ASM002903,EVT013,Virudhunagar,Virudhunagar Response Zone,T+24h,24,846111,907487,1042026,1452905,8451,9978,99545,129493
ASM002904,EVT013,Virudhunagar,Virudhunagar Response Zone,T+24h,24,1016954,942678,1863302,1638214,30350,29673,165574,137570
ASM002905,EVT013,Virudhunagar,Virudhunagar Response Zone,T+24h,24,699696,895282,1222927,1494360,12456,16541,152218,188421
ASM002906,EVT013,Virudhunagar,Virudhunagar Response Zone,T+36h,36,1106665,992166,1499098,1557260,38129,33771,136695,138202
ASM002907,EVT013,Virudhunagar,Virudhunagar Response Zone,T+36h,36,879205,943099,2089597,1805198,11193,10829,268636,251035
ASM002908,EVT013,Virudhunagar,Virudhunagar Response Zone,T+36h,36,764042,909499,1879962,1760109,12083,14720,191652,171663
ASM002909,EVT013,Virudhunagar,Virudhunagar Response Zone,T+36h,36,875359,945437,1574587,1659608,25307,26204,192392,214963
ASM002910,EVT013,Virudhunagar,Virudhunagar Response Zone,T+36h,36,1231597,1011888,1361610,1500304,16539,12903,115946,127140
ASM002911,EVT013,Virudhunagar,Virudhunagar Response Zone,T+48h,48,859079,946314,1873246,1622856,19465,21092,159239,143168
ASM002912,EVT013,Virudhunagar,Virudhunagar Response Zone,T+48h,48,1020792,939167,1781830,1628925,21959,20963,197974,179335
ASM002913,EVT013,Virudhunagar,Virudhunagar Response Zone,T+48h,48,770950,869176,1133301,1281442,13666,14603,52780,58541
ASM002914,EVT013,Virudhunagar,Virudhunagar Response Zone,T+48h,48,1099520,994995,1170725,1360090,18835,15202,79885,93942
ASM002915,EVT013,Virudhunagar,Virudhunagar Response Zone,T+48h,48,1098541,996166,838191,1157008,32357,28392,45967,57172
ASM002916,EVT013,Virudhunagar,Virudhunagar Response Zone,T+72h,72,1212033,1029101,1325620,1335140,57205,46114,71760,65054
ASM002917,EVT013,Virudhunagar,Virudhunagar Response Zone,T+72h,72,891838,953186,1404482,1493303,29433,31406,115673,122873
ASM002918,EVT013,Virudhunagar,Virudhunagar Response Zone,T+72h,72,920476,903373,1743682,1531614,12998,11587,170333,148053
ASM002919,EVT013,Virudhunagar,Virudhunagar Response Zone,T+72h,72,925268,936784,1507686,1483581,30120,27868,112950,110649
ASM002920,EVT013,Virudhunagar,Virudhunagar Response Zone,T+72h,72,1210181,1048811,2067453,1741841,28697,25266,203317,173468
ASM002921,EVT014,Chennai,Chennai Response Zone,T+0h,0,248319,269959,487105,560275,455,613,790,1068
ASM002922,EVT014,Chennai,Chennai Response Zone,T+0h,0,369672,349077,865827,745021,525,463,1336,1183
ASM002923,EVT014,Chennai,Chennai Response Zone,T+0h,0,329116,370290,604853,659897,246,276,489,533
ASM002924,EVT014,Chennai,Chennai Response Zone,T+0h,0,459134,498803,1128178,1086594,373,395,2109,2210
ASM002925,EVT014,Chennai,Chennai Response Zone,T+0h,0,366646,372223,499015,559916,352,355,339,525
ASM002926,EVT014,Chennai,Chennai Response Zone,T+3h,3,298959,287213,621715,601597,276,253,795,857
ASM002927,EVT014,Chennai,Chennai Response Zone,T+3h,3,340116,368845,431749,562812,464,440,254,431
ASM002928,EVT014,Chennai,Chennai Response Zone,T+3h,3,333549,341893,612215,654873,265,272,781,874
ASM002929,EVT014,Chennai,Chennai Response Zone,T+3h,3,476902,414166,796727,668770,487,380,1051,983
ASM002930,EVT014,Chennai,Chennai Response Zone,T+3h,3,426333,405749,634980,610201,424,372,1159,1268
ASM002931,EVT014,Chennai,Chennai Response Zone,T+6h,6,498427,454476,638660,818922,836,766,1230,1478
ASM002932,EVT014,Chennai,Chennai Response Zone,T+6h,6,468412,511651,1255458,1095116,449,527,973,801
ASM002933,EVT014,Chennai,Chennai Response Zone,T+6h,6,328757,378516,775135,781600,376,466,1160,1280
ASM002934,EVT014,Chennai,Chennai Response Zone,T+6h,6,419405,402719,629702,653373,509,442,790,910
ASM002935,EVT014,Chennai,Chennai Response Zone,T+6h,6,368599,343803,635251,624285,794,716,1009,1136
ASM002936,EVT014,Chennai,Chennai Response Zone,T+12h,12,604065,518665,1702812,1390782,1363,1040,3066,2432
ASM002937,EVT014,Chennai,Chennai Response Zone,T+12h,12,400475,438486,1202574,1094945,497,629,3125,2890
ASM002938,EVT014,Chennai,Chennai Response Zone,T+12h,12,375637,395152,1050380,900384,397,460,1318,1104
ASM002939,EVT014,Chennai,Chennai Response Zone,T+12h,12,319170,402479,975515,993429,494,688,763,663
ASM002940,EVT014,Chennai,Chennai Response Zone,T+12h,12,376187,412746,847203,808613,357,436,534,530
ASM002941,EVT014,Chennai,Chennai Response Zone,T+24h,24,761399,696248,736062,1033817,1811,1598,2126,2747
ASM002942,EVT014,Chennai,Chennai Response Zone,T+24h,24,542945,609357,1085379,1047930,975,990,2770,2910
ASM002943,EVT014,Chennai,Chennai Response Zone,T+24h,24,668723,659780,1159211,1115240,1786,1759,1942,2038
ASM002944,EVT014,Chennai,Chennai Response Zone,T+24h,24,484723,465083,682373,901312,1164,1218,557,850
ASM002945,EVT014,Chennai,Chennai Response Zone,T+24h,24,390017,366244,601134,744205,361,379,835,1252
ASM002946,EVT014,Chennai,Chennai Response Zone,T+36h,36,371463,411095,600274,950340,451,615,584,935
ASM002947,EVT014,Chennai,Chennai Response Zone,T+36h,36,374765,358528,788196,751228,862,741,792,878
ASM002948,EVT014,Chennai,Chennai Response Zone,T+36h,36,277808,406169,1352667,1165441,255,562,3019,2962
ASM002949,EVT014,Chennai,Chennai Response Zone,T+36h,36,548474,541351,1668680,1318986,625,737,1365,1216
ASM002950,EVT014,Chennai,Chennai Response Zone,T+36h,36,394013,507331,1264203,1150001,718,993,1593,1763
ASM002951,EVT014,Chennai,Chennai Response Zone,T+48h,48,736882,645795,967689,1020326,1998,1443,2576,2889
ASM002952,EVT014,Chennai,Chennai Response Zone,T+48h,48,633111,596757,724448,974186,2179,1890,799,1172
ASM002953,EVT014,Chennai,Chennai Response Zone,T+48h,48,659649,662602,833874,1003993,939,847,565,773
ASM002954,EVT014,Chennai,Chennai Response Zone,T+48h,48,680405,573872,795456,977019,2156,1655,667,894
ASM002955,EVT014,Chennai,Chennai Response Zone,T+48h,48,512668,574180,1062877,1054921,1137,1267,1062,1262
ASM002956,EVT014,Chennai,Chennai Response Zone,T+72h,72,872904,779911,1242524,1073582,1848,1432,1392,1421
ASM002957,EVT014,Chennai,Chennai Response Zone,T+72h,72,710687,649358,968336,1086001,1030,881,1598,2205
ASM002958,EVT014,Chennai,Chennai Response Zone,T+72h,72,628157,676464,1543516,1443104,956,1049,3079,3130
ASM002959,EVT014,Chennai,Chennai Response Zone,T+72h,72,874539,806699,1379811,1379178,1872,1556,2051,2353
ASM002960,EVT014,Chennai,Chennai Response Zone,T+72h,72,522971,624513,1374441,1343582,1213,1381,3744,3577
ASM002961,EVT014,Cuddalore,Cuddalore Response Zone,T+0h,0,163887,189695,515330,426837,150,201,661,509
ASM002962,EVT014,Cuddalore,Cuddalore Response Zone,T+0h,0,154286,165939,266246,314220,118,137,434,507
ASM002963,EVT014,Cuddalore,Cuddalore Response Zone,T+0h,0,127327,135080,311647,304494,72,94,390,426
ASM002964,EVT014,Cuddalore,Cuddalore Response Zone,T+0h,0,125126,141157,308868,327912,186,245,146,164
ASM002965,EVT014,Cuddalore,Cuddalore Response Zone,T+0h,0,199195,166187,292747,321995,401,310,288,342
ASM002966,EVT014,Cuddalore,Cuddalore Response Zone,T+3h,3,157713,150762,426546,355636,190,224,575,476
ASM002967,EVT014,Cuddalore,Cuddalore Response Zone,T+3h,3,227106,224443,537324,476027,403,347,567,479
ASM002968,EVT014,Cuddalore,Cuddalore Response Zone,T+3h,3,145534,148737,259903,333018,99,100,382,474
ASM002969,EVT014,Cuddalore,Cuddalore Response Zone,T+3h,3,144166,189187,401088,452239,174,305,763,856
ASM002970,EVT014,Cuddalore,Cuddalore Response Zone,T+3h,3,157197,152892,332836,326692,153,154,368,419
ASM002971,EVT014,Cuddalore,Cuddalore Response Zone,T+6h,6,156946,207284,441462,466950,151,265,839,910
ASM002972,EVT014,Cuddalore,Cuddalore Response Zone,T+6h,6,187297,200330,439710,412701,246,255,307,280
ASM002973,EVT014,Cuddalore,Cuddalore Response Zone,T+6h,6,108355,128044,316137,290120,119,184,254,266
ASM002974,EVT014,Cuddalore,Cuddalore Response Zone,T+6h,6,301370,248530,633447,514010,346,236,1031,783
ASM002975,EVT014,Cuddalore,Cuddalore Response Zone,T+6h,6,217201,193635,258516,319319,369,320,416,512
ASM002976,EVT014,Cuddalore,Cuddalore Response Zone,T+12h,12,251107,266038,489331,499034,484,509,966,1003
ASM002977,EVT014,Cuddalore,Cuddalore Response Zone,T+12h,12,274845,229449,346258,418766,616,510,645,786
ASM002978,EVT014,Cuddalore,Cuddalore Response Zone,T+12h,12,182364,217832,511732,480644,117,151,621,547
ASM002979,EVT014,Cuddalore,Cuddalore Response Zone,T+12h,12,281888,303826,336983,485334,466,417,792,1073
ASM002980,EVT014,Cuddalore,Cuddalore Response Zone,T+12h,12,205091,204264,430103,391658,287,279,580,526
ASM002981,EVT014,Cuddalore,Cuddalore Response Zone,T+24h,24,291025,295202,519053,549630,265,273,1049,1134
ASM002982,EVT014,Cuddalore,Cuddalore Response Zone,T+24h,24,342859,281636,485725,565603,854,639,688,782
ASM002983,EVT014,Cuddalore,Cuddalore Response Zone,T+24h,24,254986,226171,329040,417117,277,221,484,591
ASM002984,EVT014,Cuddalore,Cuddalore Response Zone,T+24h,24,254090,233303,455333,484565,601,585,341,365
ASM002985,EVT014,Cuddalore,Cuddalore Response Zone,T+24h,24,181213,225387,715425,602450,150,252,1205,984
ASM002986,EVT014,Cuddalore,Cuddalore Response Zone,T+36h,36,153918,168128,396488,388959,236,294,249,268
ASM002987,EVT014,Cuddalore,Cuddalore Response Zone,T+36h,36,244691,249031,643719,582873,474,495,795,748
ASM002988,EVT014,Cuddalore,Cuddalore Response Zone,T+36h,36,312737,321969,1026378,821259,571,618,2346,2048
ASM002989,EVT014,Cuddalore,Cuddalore Response Zone,T+36h,36,218955,270664,638914,616360,301,418,959,889
ASM002990,EVT014,Cuddalore,Cuddalore Response Zone,T+36h,36,433151,346660,502995,566082,585,405,1143,1368
ASM002991,EVT014,Cuddalore,Cuddalore Response Zone,T+48h,48,417967,340698,730675,700773,540,421,1890,1920
ASM002992,EVT014,Cuddalore,Cuddalore Response Zone,T+48h,48,357693,340974,613244,676059,1319,1232,541,595
ASM002993,EVT014,Cuddalore,Cuddalore Response Zone,T+48h,48,321166,329021,603562,706785,1033,927,593,699
ASM002994,EVT014,Cuddalore,Cuddalore Response Zone,T+48h,48,373486,394478,576159,714202,365,378,711,848
ASM002995,EVT014,Cuddalore,Cuddalore Response Zone,T+48h,48,230982,259949,787993,746708,508,639,1527,1239
ASM002996,EVT014,Cuddalore,Cuddalore Response Zone,T+72h,72,354497,372606,690035,693832,752,814,548,502
ASM002997,EVT014,Cuddalore,Cuddalore Response Zone,T+72h,72,399555,394428,853201,810288,834,821,1247,1183
ASM002998,EVT014,Cuddalore,Cuddalore Response Zone,T+72h,72,286742,359495,609776,703948,1017,1359,610,713
ASM002999,EVT014,Cuddalore,Cuddalore Response Zone,T+72h,72,359344,343751,806078,741549,1489,1383,1310,1336
ASM003000,EVT014,Cuddalore,Cuddalore Response Zone,T+72h,72,375750,391916,667524,740219,1497,1402,2312,2522
ASM003001,EVT014,Dharmapuri,Dharmapuri Response Zone,T+0h,0,111227,141648,316935,327049,169,303,562,587
ASM003002,EVT014,Dharmapuri,Dharmapuri Response Zone,T+0h,0,117380,124721,341165,305728,168,226,546,473
ASM003003,EVT014,Dharmapuri,Dharmapuri Response Zone,T+0h,0,140119,147918,367238,350499,132,150,311,275
ASM003004,EVT014,Dharmapuri,Dharmapuri Response Zone,T+0h,0,238318,190604,323732,359502,174,114,370,353
ASM003005,EVT014,Dharmapuri,Dharmapuri Response Zone,T+0h,0,206965,199804,242708,371396,182,162,279,401
ASM003006,EVT014,Dharmapuri,Dharmapuri Response Zone,T+3h,3,120568,139804,677174,514625,59,95,1280,804
ASM003007,EVT014,Dharmapuri,Dharmapuri Response Zone,T+3h,3,174845,158515,493141,403141,242,233,922,755
ASM003008,EVT014,Dharmapuri,Dharmapuri Response Zone,T+3h,3,93387,110627,323248,275717,41,88,523,471
ASM003009,EVT014,Dharmapuri,Dharmapuri Response Zone,T+3h,3,155983,134976,210768,225371,325,234,298,387
ASM003010,EVT014,Dharmapuri,Dharmapuri Response Zone,T+3h,3,132800,139918,284811,312849,207,230,294,292
ASM003011,EVT014,Dharmapuri,Dharmapuri Response Zone,T+6h,6,144275,154023,258915,279025,159,166,474,513
ASM003012,EVT014,Dharmapuri,Dharmapuri Response Zone,T+6h,6,230608,201703,495860,406826,392,288,389,338
ASM003013,EVT014,Dharmapuri,Dharmapuri Response Zone,T+6h,6,153222,188120,428768,399172,120,172,636,610
ASM003014,EVT014,Dharmapuri,Dharmapuri Response Zone,T+6h,6,140507,184238,312179,362930,168,242,374,452
ASM003015,EVT014,Dharmapuri,Dharmapuri Response Zone,T+6h,6,140461,151114,285667,339233,134,158,295,323
ASM003016,EVT014,Dharmapuri,Dharmapuri Response Zone,T+12h,12,173922,153771,378267,349566,188,149,456,332
ASM003017,EVT014,Dharmapuri,Dharmapuri Response Zone,T+12h,12,101541,112811,417762,350200,152,232,704,500
ASM003018,EVT014,Dharmapuri,Dharmapuri Response Zone,T+12h,12,79981,105289,411237,358020,48,97,195,170
ASM003019,EVT014,Dharmapuri,Dharmapuri Response Zone,T+12h,12,169459,186222,461875,434292,309,373,662,585
ASM003020,EVT014,Dharmapuri,Dharmapuri Response Zone,T+12h,12,183969,165865,313961,350148,332,308,456,516
ASM003021,EVT014,Dharmapuri,Dharmapuri Response Zone,T+24h,24,243294,195704,187251,299677,286,220,361,746
ASM003022,EVT014,Dharmapuri,Dharmapuri Response Zone,T+24h,24,189388,193337,488856,462318,217,255,799,795
ASM003023,EVT014,Dharmapuri,Dharmapuri Response Zone,T+24h,24,212356,204254,513021,507021,408,443,736,752
ASM003024,EVT014,Dharmapuri,Dharmapuri Response Zone,T+24h,24,273229,224940,493936,488221,319,242,380,378
ASM003025,EVT014,Dharmapuri,Dharmapuri Response Zone,T+24h,24,132563,171856,421964,411669,100,157,193,251
ASM003026,EVT014,Dharmapuri,Dharmapuri Response Zone,T+36h,36,201080,211089,332873,423047,412,463,712,941
ASM003027,EVT014,Dharmapuri,Dharmapuri Response Zone,T+36h,36,217284,221143,514779,462558,295,284,559,511
ASM003028,EVT014,Dharmapuri,Dharmapuri Response Zone,T+36h,36,225030,214831,515031,467001,236,224,683,576
ASM003029,EVT014,Dharmapuri,Dharmapuri Response Zone,T+36h,36,185260,203300,524960,442612,334,372,1095,929
ASM003030,EVT014,Dharmapuri,Dharmapuri Response Zone,T+36h,36,224078,213705,627994,539862,345,338,1236,991
ASM003031,EVT014,Dharmapuri,Dharmapuri Response Zone,T+48h,48,132067,205015,542465,481578,152,245,1269,1119
ASM003032,EVT014,Dharmapuri,Dharmapuri Response Zone,T+48h,48,192584,215513,421190,464612,443,459,947,1068
ASM003033,EVT014,Dharmapuri,Dharmapuri Response Zone,T+48h,48,281710,266201,540665,586957,451,356,423,415
ASM003034,EVT014,Dharmapuri,Dharmapuri Response Zone,T+48h,48,197064,222193,530118,535556,550,676,468,437
ASM003035,EVT014,Dharmapuri,Dharmapuri Response Zone,T+48h,48,218173,211508,479220,459952,713,702,929,879
ASM003036,EVT014,Dharmapuri,Dharmapuri Response Zone,T+72h,72,293204,274990,757193,689346,1024,893,1829,1548
ASM003037,EVT014,Dharmapuri,Dharmapuri Response Zone,T+72h,72,263977,274353,710771,673711,259,307,894,718
ASM003038,EVT014,Dharmapuri,Dharmapuri Response Zone,T+72h,72,258928,261623,895694,708806,631,679,1942,1457
ASM003039,EVT014,Dharmapuri,Dharmapuri Response Zone,T+72h,72,204086,237108,895879,735201,586,665,613,445
ASM003040,EVT014,Dharmapuri,Dharmapuri Response Zone,T+72h,72,220223,216070,518094,508182,316,278,1065,1054
ASM003041,EVT014,Dindigul,Dindigul Response Zone,T+0h,0,148859,134722,103851,179490,272,242,107,268
ASM003042,EVT014,Dindigul,Dindigul Response Zone,T+0h,0,186662,181614,502287,435834,134,120,642,531
ASM003043,EVT014,Dindigul,Dindigul Response Zone,T+0h,0,123140,123911,256067,267497,123,149,359,429
ASM003044,EVT014,Dindigul,Dindigul Response Zone,T+0h,0,179696,174507,282529,328310,191,190,281,300
ASM003045,EVT014,Dindigul,Dindigul Response Zone,T+0h,0,215315,203266,348195,361424,263,229,583,728
ASM003046,EVT014,Dindigul,Dindigul Response Zone,T+3h,3,113063,138732,311060,326509,146,280,431,483
ASM003047,EVT014,Dindigul,Dindigul Response Zone,T+3h,3,235126,208409,435903,391990,229,172,430,353
ASM003048,EVT014,Dindigul,Dindigul Response Zone,T+3h,3,156073,160900,230212,326334,77,95,403,523
ASM003049,EVT014,Dindigul,Dindigul Response Zone,T+3h,3,196886,200181,284434,323060,374,366,170,214
ASM003050,EVT014,Dindigul,Dindigul Response Zone,T+3h,3,235982,206532,410110,380871,344,254,449,463
ASM003051,EVT014,Dindigul,Dindigul Response Zone,T+6h,6,136901,166863,422976,375423,81,104,400,330
ASM003052,EVT014,Dindigul,Dindigul Response Zone,T+6h,6,186085,207993,508463,453744,199,258,899,846
ASM003053,EVT014,Dindigul,Dindigul Response Zone,T+6h,6,198044,215685,343483,416579,192,244,527,584
ASM003054,EVT014,Dindigul,Dindigul Response Zone,T+6h,6,109708,118901,199246,221524,93,104,75,130
ASM003055,EVT014,Dindigul,Dindigul Response Zone,T+6h,6,276360,226162,341586,364117,576,391,216,250
ASM003056,EVT014,Dindigul,Dindigul Response Zone,T+12h,12,118770,123976,298010,300460,149,206,218,249
ASM003057,EVT014,Dindigul,Dindigul Response Zone,T+12h,12,134623,150011,447287,366976,172,245,180,168
ASM003058,EVT014,Dindigul,Dindigul Response Zone,T+12h,12,179244,175183,205953,292785,245,231,431,595
ASM003059,EVT014,Dindigul,Dindigul Response Zone,T+12h,12,116216,142462,279684,283891,160,231,457,462
ASM003060,EVT014,Dindigul,Dindigul Response Zone,T+12h,12,149377,148043,238178,283960,254,294,430,509
ASM003061,EVT014,Dindigul,Dindigul Response Zone,T+24h,24,230719,221883,307122,406045,267,262,322,489
ASM003062,EVT014,Dindigul,Dindigul Response Zone,T+24h,24,203422,206473,593887,497744,231,260,457,357
ASM003063,EVT014,Dindigul,Dindigul Response Zone,T+24h,24,212172,211610,540105,478242,171,180,1098,1080
ASM003064,EVT014,Dindigul,Dindigul Response Zone,T+24h,24,200697,213149,534706,491318,175,207,1027,991
ASM003065,EVT014,Dindigul,Dindigul Response Zone,T+24h,24,193112,256226,725249,603697,204,313,785,664
ASM003066,EVT014,Dindigul,Dindigul Response Zone,T+36h,36,262778,244610,480300,535596,656,704,497,564
ASM003067,EVT014,Dindigul,Dindigul Response Zone,T+36h,36,385494,303043,532932,593631,943,726,1021,1157
ASM003068,EVT014,Dindigul,Dindigul Response Zone,T+36h,36,260307,266288,968799,753407,658,707,1427,1061
ASM003069,EVT014,Dindigul,Dindigul Response Zone,T+36h,36,271984,262110,530824,598632,720,710,301,368
ASM003070,EVT014,Dindigul,Dindigul Response Zone,T+36h,36,291472,266529,646864,578432,392,383,387,393
ASM003071,EVT014,Dindigul,Dindigul Response Zone,T+48h,48,165783,212080,459552,444775,224,259,473,501
ASM003072,EVT014,Dindigul,Dindigul Response Zone,T+48h,48,329447,270238,319449,438588,1089,893,414,611
ASM003073,EVT014,Dindigul,Dindigul Response Zone,T+48h,48,257957,248997,325689,496075,840,792,363,609
ASM003074,EVT014,Dindigul,Dindigul Response Zone,T+48h,48,402839,334698,533813,604238,929,780,927,1062
ASM003075,EVT014,Dindigul,Dindigul Response Zone,T+48h,48,202038,220551,673048,540127,343,328,1363,1173
ASM003076,EVT014,Dindigul,Dindigul Response Zone,T+72h,72,380318,292737,705669,646394,1221,967,812,700
ASM003077,EVT014,Dindigul,Dindigul Response Zone,T+72h,72,404576,388668,945219,837511,945,900,1157,920
ASM003078,EVT014,Dindigul,Dindigul Response Zone,T+72h,72,329052,331841,506838,621511,1057,943,1467,1899
ASM003079,EVT014,Dindigul,Dindigul Response Zone,T+72h,72,347266,341965,1087298,836799,358,349,1611,1260
ASM003080,EVT014,Dindigul,Dindigul Response Zone,T+72h,72,310834,341325,543028,662669,1121,1285,1328,1663
ASM003081,EVT014,Erode,Erode Response Zone,T+0h,0,323879,287317,533070,531337,720,583,972,997
ASM003082,EVT014,Erode,Erode Response Zone,T+0h,0,233702,230111,458153,469779,292,301,766,779
ASM003083,EVT014,Erode,Erode Response Zone,T+0h,0,181435,236485,525230,553625,220,406,457,506
ASM003084,EVT014,Erode,Erode Response Zone,T+0h,0,184779,222347,650915,546121,268,370,1299,1094
ASM003085,EVT014,Erode,Erode Response Zone,T+0h,0,167000,164849,292191,331667,254,269,351,439
ASM003086,EVT014,Erode,Erode Response Zone,T+3h,3,238247,232750,324760,424616,205,214,478,601
ASM003087,EVT014,Erode,Erode Response Zone,T+3h,3,187839,191092,382879,386831,357,343,482,480
ASM003088,EVT014,Erode,Erode Response Zone,T+3h,3,292894,245270,416684,482786,585,517,846,988
ASM003089,EVT014,Erode,Erode Response Zone,T+3h,3,143114,203452,983770,755888,62,99,879,511
ASM003090,EVT014,Erode,Erode Response Zone,T+3h,3,270025,269424,633698,563354,284,290,1454,1391
ASM003091,EVT014,Erode,Erode Response Zone,T+6h,6,127294,171112,346837,350291,182,318,305,357
ASM003092,EVT014,Erode,Erode Response Zone,T+6h,6,243833,217476,329070,449315,181,153,598,835
ASM003093,EVT014,Erode,Erode Response Zone,T+6h,6,192080,191273,245000,348132,333,337,291,464
ASM003094,EVT014,Erode,Erode Response Zone,T+6h,6,151038,147738,223714,271603,297,276,118,176
ASM003095,EVT014,Erode,Erode Response Zone,T+6h,6,135431,144862,340463,310822,170,228,428,444
ASM003096,EVT014,Erode,Erode Response Zone,T+12h,12,331183,307178,719100,597726,706,561,1803,1447
ASM003097,EVT014,Erode,Erode Response Zone,T+12h,12,295805,268236,654621,559541,472,408,1356,1199
ASM003098,EVT014,Erode,Erode Response Zone,T+12h,12,330710,314202,634849,636819,570,546,419,410
ASM003099,EVT014,Erode,Erode Response Zone,T+12h,12,220120,222343,415875,471188,442,449,275,318
ASM003100,EVT014,Erode,Erode Response Zone,T+12h,12,317363,307090,614501,601496,372,378,1107,1067
ASM003101,EVT014,Erode,Erode Response Zone,T+24h,24,168306,176530,378140,399242,166,194,138,162
ASM003102,EVT014,Erode,Erode Response Zone,T+24h,24,338309,314024,946507,801765,411,331,696,526
ASM003103,EVT014,Erode,Erode Response Zone,T+24h,24,380979,307778,582403,600929,880,658,1097,1215
ASM003104,EVT014,Erode,Erode Response Zone,T+24h,24,302419,272808,535237,530929,357,276,422,456
ASM003105,EVT014,Erode,Erode Response Zone,T+24h,24,228267,250272,334434,472235,164,182,433,747
ASM003106,EVT014,Erode,Erode Response Zone,T+36h,36,317759,311812,607379,629882,655,636,1355,1419
ASM003107,EVT014,Erode,Erode Response Zone,T+36h,36,199076,230309,669218,568713,292,439,286,250
ASM003108,EVT014,Erode,Erode Response Zone,T+36h,36,289281,255028,423410,518870,604,565,325,475
ASM003109,EVT014,Erode,Erode Response Zone,T+36h,36,270728,244800,447020,521338,443,389,268,302
ASM003110,EVT014,Erode,Erode Response Zone,T+36h,36,174772,235409,674783,553689,92,172,667,573
ASM003111,EVT014,Erode,Erode Response Zone,T+48h,48,231607,297370,438623,630996,438,532,589,797
ASM003112,EVT014,Erode,Erode Response Zone,T+48h,48,291192,305840,876655,784804,683,638,692,567
ASM003113,EVT014,Erode,Erode Response Zone,T+48h,48,273369,301209,549983,609342,762,723,495,570
ASM003114,EVT014,Erode,Erode Response Zone,T+48h,48,216837,255426,544031,586819,550,619,441,504
ASM003115,EVT014,Erode,Erode Response Zone,T+48h,48,350950,310259,534443,642357,392,339,563,701
ASM003116,EVT014,Erode,Erode Response Zone,T+72h,72,392547,397648,866931,752551,685,664,2356,2318
ASM003117,EVT014,Erode,Erode Response Zone,T+72h,72,424658,436554,1760382,1454827,484,517,3542,2903
ASM003118,EVT014,Erode,Erode Response Zone,T+72h,72,344068,404242,1032704,962360,449,551,2608,2463
ASM003119,EVT014,Erode,Erode Response Zone,T+72h,72,534811,460046,756452,912980,674,570,2589,3052
ASM003120,EVT014,Erode,Erode Response Zone,T+72h,72,549173,465842,1138595,1045957,2438,2002,2540,2198
ASM003121,EVT014,Madurai,Madurai Response Zone,T+0h,0,270324,292893,563846,633890,318,374,825,1034
ASM003122,EVT014,Madurai,Madurai Response Zone,T+0h,0,233951,250957,763581,659438,304,361,1041,883
ASM003123,EVT014,Madurai,Madurai Response Zone,T+0h,0,246076,221345,550548,496359,397,349,444,435
ASM003124,EVT014,Madurai,Madurai Response Zone,T+0h,0,335323,366820,341950,567958,524,600,292,558
ASM003125,EVT014,Madurai,Madurai Response Zone,T+0h,0,237785,243820,381246,477952,159,161,200,267
ASM003126,EVT014,Madurai,Madurai Response Zone,T+3h,3,342912,319706,763719,671887,477,409,1175,973
ASM003127,EVT014,Madurai,Madurai Response Zone,T+3h,3,238712,344090,757079,690503,129,262,1810,1793
ASM003128,EVT014,Madurai,Madurai Response Zone,T+3h,3,357103,311346,415730,536906,275,217,493,573
ASM003129,EVT014,Madurai,Madurai Response Zone,T+3h,3,312407,305337,532011,617233,257,279,951,1175
ASM003130,EVT014,Madurai,Madurai Response Zone,T+3h,3,290420,309168,391598,558757,275,350,377,558
ASM003131,EVT014,Madurai,Madurai Response Zone,T+6h,6,285433,294033,558889,577998,427,491,944,973
ASM003132,EVT014,Madurai,Madurai Response Zone,T+6h,6,303013,313457,1073380,832116,632,634,1192,773
ASM003133,EVT014,Madurai,Madurai Response Zone,T+6h,6,234958,307438,816134,721828,301,469,856,748
ASM003134,EVT014,Madurai,Madurai Response Zone,T+6h,6,460012,393038,1180691,913623,334,267,675,484
ASM003135,EVT014,Madurai,Madurai Response Zone,T+6h,6,284188,311402,704112,650256,574,597,755,625
ASM003136,EVT014,Madurai,Madurai Response Zone,T+12h,12,324528,322155,777808,719335,375,368,588,509
ASM003137,EVT014,Madurai,Madurai Response Zone,T+12h,12,279166,250847,773125,616223,536,478,1102,872
ASM003138,EVT014,Madurai,Madurai Response Zone,T+12h,12,212036,250241,582385,583346,219,308,911,899
ASM003139,EVT014,Madurai,Madurai Response Zone,T+12h,12,295400,282706,520794,593890,514,454,570,573
ASM003140,EVT014,Madurai,Madurai Response Zone,T+12h,12,240203,242027,655840,582993,169,205,299,255
ASM003141,EVT014,Madurai,Madurai Response Zone,T+24h,24,503422,434397,1330978,1164768,831,672,1945,1611
ASM003142,EVT014,Madurai,Madurai Response Zone,T+24h,24,226022,282202,656316,685923,427,585,537,581
ASM003143,EVT014,Madurai,Madurai Response Zone,T+24h,24,352727,341642,656355,666004,366,390,842,1090
ASM003144,EVT014,Madurai,Madurai Response Zone,T+24h,24,386919,408538,960511,939698,324,454,1303,1190
ASM003145,EVT014,Madurai,Madurai Response Zone,T+24h,24,432640,420402,1069945,986055,356,360,1510,1254
ASM003146,EVT014,Madurai,Madurai Response Zone,T+36h,36,439026,412313,1076434,1037050,804,729,1875,1791
ASM003147,EVT014,Madurai,Madurai Response Zone,T+36h,36,444816,457559,795219,1004469,906,995,1690,2067
ASM003148,EVT014,Madurai,Madurai Response Zone,T+36h,36,380359,395058,1523119,1329251,448,563,2895,2197
ASM003149,EVT014,Madurai,Madurai Response Zone,T+36h,36,382851,397000,721041,856803,430,465,992,1125
ASM003150,EVT014,Madurai,Madurai Response Zone,T+36h,36,287134,312486,717143,709811,429,567,1404,1368
ASM003151,EVT014,Madurai,Madurai Response Zone,T+48h,48,559847,510892,798452,935073,797,762,865,1116
ASM003152,EVT014,Madurai,Madurai Response Zone,T+48h,48,450621,443882,2016209,1568775,1103,1390,3635,2784
ASM003153,EVT014,Madurai,Madurai Response Zone,T+48h,48,243665,356952,982216,961671,521,1014,2535,2902
ASM003154,EVT014,Madurai,Madurai Response Zone,T+48h,48,450188,452741,830147,933694,927,1007,1563,1997
ASM003155,EVT014,Madurai,Madurai Response Zone,T+48h,48,420042,492668,1395382,1085790,1223,1292,1485,1345
ASM003156,EVT014,Madurai,Madurai Response Zone,T+72h,72,348402,427743,1267103,1095619,1004,1314,3621,3648
ASM003157,EVT014,Madurai,Madurai Response Zone,T+72h,72,341019,399799,901292,919326,1123,1197,1492,1805
ASM003158,EVT014,Madurai,Madurai Response Zone,T+72h,72,454812,434097,1213977,1036567,496,518,809,730
ASM003159,EVT014,Madurai,Madurai Response Zone,T+72h,72,613704,543437,814929,1007112,1936,1628,512,580
ASM003160,EVT014,Madurai,Madurai Response Zone,T+72h,72,547872,510085,959580,1024643,647,650,1397,1444
ASM003161,EVT014,Nagapattinam,Nagapattinam Response Zone,T+0h,0,115790,123931,159390,207498,61,86,162,270
ASM003162,EVT014,Nagapattinam,Nagapattinam Response Zone,T+0h,0,145625,133607,191830,216836,103,93,198,282
ASM003163,EVT014,Nagapattinam,Nagapattinam Response Zone,T+0h,0,137798,148795,486009,398795,110,108,1129,829
ASM003164,EVT014,Nagapattinam,Nagapattinam Response Zone,T+0h,0,136370,144718,473670,426796,100,105,1186,879
ASM003165,EVT014,Nagapattinam,Nagapattinam Response Zone,T+0h,0,94544,108028,240657,231667,110,148,282,270
ASM003166,EVT014,Nagapattinam,Nagapattinam Response Zone,T+3h,3,73707,89242,320987,287666,92,158,304,253
ASM003167,EVT014,Nagapattinam,Nagapattinam Response Zone,T+3h,3,122191,126637,256037,234840,77,91,508,518
ASM003168,EVT014,Nagapattinam,Nagapattinam Response Zone,T+3h,3,115427,116624,204535,229788,110,99,209,253
ASM003169,EVT014,Nagapattinam,Nagapattinam Response Zone,T+3h,3,104816,100587,223607,233913,101,97,258,264
ASM003170,EVT014,Nagapattinam,Nagapattinam Response Zone,T+3h,3,99547,98281,216768,231605,110,102,303,329
ASM003171,EVT014,Nagapattinam,Nagapattinam Response Zone,T+6h,6,91114,93940,204305,227250,63,88,183,188
ASM003172,EVT014,Nagapattinam,Nagapattinam Response Zone,T+6h,6,117995,111121,287853,252087,70,87,358,273
ASM003173,EVT014,Nagapattinam,Nagapattinam Response Zone,T+6h,6,84557,95376,239456,235871,132,196,368,385
ASM003174,EVT014,Nagapattinam,Nagapattinam Response Zone,T+6h,6,158657,141140,333479,307004,136,106,479,451
ASM003175,EVT014,Nagapattinam,Nagapattinam Response Zone,T+6h,6,91813,109842,302498,260536,94,101,382,282
ASM003176,EVT014,Nagapattinam,Nagapattinam Response Zone,T+12h,12,124053,135804,318128,329105,167,227,236,241
ASM003177,EVT014,Nagapattinam,Nagapattinam Response Zone,T+12h,12,124735,170793,258359,339215,149,258,345,394
ASM003178,EVT014,Nagapattinam,Nagapattinam Response Zone,T+12h,12,130244,139108,207233,276824,150,165,465,743
ASM003179,EVT014,Nagapattinam,Nagapattinam Response Zone,T+12h,12,151946,135668,265126,246379,204,159,478,474
ASM003180,EVT014,Nagapattinam,Nagapattinam Response Zone,T+12h,12,118200,112711,201057,225102,243,233,224,263
ASM003181,EVT014,Nagapattinam,Nagapattinam Response Zone,T+24h,24,238652,219731,434694,434287,489,370,964,956
ASM003182,EVT014,Nagapattinam,Nagapattinam Response Zone,T+24h,24,237389,219348,466420,472076,527,463,255,272
ASM003183,EVT014,Nagapattinam,Nagapattinam Response Zone,T+24h,24,139917,161624,734540,572854,252,321,635,398
ASM003184,EVT014,Nagapattinam,Nagapattinam Response Zone,T+24h,24,175657,178392,291415,368028,263,292,184,254
ASM003185,EVT014,Nagapattinam,Nagapattinam Response Zone,T+24h,24,178374,214266,272410,385109,199,248,180,269
ASM003186,EVT014,Nagapattinam,Nagapattinam Response Zone,T+36h,36,269492,234212,477082,433720,227,246,317,287
ASM003187,EVT014,Nagapattinam,Nagapattinam Response Zone,T+36h,36,142989,166595,356170,384732,247,322,798,857
ASM003188,EVT014,Nagapattinam,Nagapattinam Response Zone,T+36h,36,219035,201329,433840,427524,503,405,951,922
ASM003189,EVT014,Nagapattinam,Nagapattinam Response Zone,T+36h,36,265406,240578,545317,496610,269,274,1058,913
ASM003190,EVT014,Nagapattinam,Nagapattinam Response Zone,T+36h,36,252564,217774,518843,447181,231,178,653,514
ASM003191,EVT014,Nagapattinam,Nagapattinam Response Zone,T+48h,48,217182,227937,344782,436731,800,861,448,561
ASM003192,EVT014,Nagapattinam,Nagapattinam Response Zone,T+48h,48,293118,289626,466447,570175,348,353,830,826
ASM003193,EVT014,Nagapattinam,Nagapattinam Response Zone,T+48h,48,362239,294191,542677,528721,487,391,1514,1450
ASM003194,EVT014,Nagapattinam,Nagapattinam Response Zone,T+48h,48,214731,239429,630576,579931,349,366,1357,1129
ASM003195,EVT014,Nagapattinam,Nagapattinam Response Zone,T+48h,48,159462,224776,810363,644005,172,283,1949,1531
ASM003196,EVT014,Nagapattinam,Nagapattinam Response Zone,T+72h,72,176091,255006,685834,638446,494,744,521,412
ASM003197,EVT014,Nagapattinam,Nagapattinam Response Zone,T+72h,72,207165,201442,388463,428113,368,284,448,426
ASM003198,EVT014,Nagapattinam,Nagapattinam Response Zone,T+72h,72,134787,174740,343316,394026,227,327,855,1051
ASM003199,EVT014,Nagapattinam,Nagapattinam Response Zone,T+72h,72,189199,193917,388273,425939,251,261,297,398
ASM003200,EVT014,Nagapattinam,Nagapattinam Response Zone,T+72h,72,253425,238492,440328,469759,685,709,1316,1374
ASM003201,EVT014,Ramanathapuram,Ramanathapuram Response Zone,T+0h,0,98449,100589,226254,183417,57,83,86,129
ASM003202,EVT014,Ramanathapuram,Ramanathapuram Response Zone,T+0h,0,123117,119060,253490,244527,65,91,281,278
ASM003203,EVT014,Ramanathapuram,Ramanathapuram Response Zone,T+0h,0,94394,93243,129286,133445,150,144,53,128
ASM003204,EVT014,Ramanathapuram,Ramanathapuram Response Zone,T+0h,0,153972,134870,210932,222399,186,115,396,466
ASM003205,EVT014,Ramanathapuram,Ramanathapuram Response Zone,T+0h,0,80110,95781,243066,227140,42,82,214,185
ASM003206,EVT014,Ramanathapuram,Ramanathapuram Response Zone,T+3h,3,125656,141252,313669,296518,97,103,492,488
ASM003207,EVT014,Ramanathapuram,Ramanathapuram Response Zone,T+3h,3,138389,159269,375178,354506,230,319,611,534
ASM003208,EVT014,Ramanathapuram,Ramanathapuram Response Zone,T+3h,3,143922,137466,274659,259102,86,85,274,267
ASM003209,EVT014,Ramanathapuram,Ramanathapuram Response Zone,T+3h,3,125196,112700,327355,293444,122,95,229,169
ASM003210,EVT014,Ramanathapuram,Ramanathapuram Response Zone,T+3h,3,128150,125062,253109,253325,92,85,205,180
ASM003211,EVT014,Ramanathapuram,Ramanathapuram Response Zone,T+6h,6,194876,176831,284645,302398,296,246,515,555
ASM003212,EVT014,Ramanathapuram,Ramanathapuram Response Zone,T+6h,6,91723,110200,187813,228605,81,101,338,455
ASM003213,EVT014,Ramanathapuram,Ramanathapuram Response Zone,T+6h,6,226499,191203,355096,348154,478,343,850,862
ASM003214,EVT014,Ramanathapuram,Ramanathapuram Response Zone,T+6h,6,133539,120004,105122,159497,267,194,83,135
ASM003215,EVT014,Ramanathapuram,Ramanathapuram Response Zone,T+6h,6,169188,159435,284927,281811,332,280,561,577
ASM003216,EVT014,Ramanathapuram,Ramanathapuram Response Zone,T+12h,12,240749,207197,312041,326689,405,296,557,602
ASM003217,EVT014,Ramanathapuram,Ramanathapuram Response Zone,T+12h,12,114127,147512,226818,305215,192,322,426,572
ASM003218,EVT014,Ramanathapuram,Ramanathapuram Response Zone,T+12h,12,137611,152705,242468,295482,268,320,404,519
ASM003219,EVT014,Ramanathapuram,Ramanathapuram Response Zone,T+12h,12,139797,151972,399478,358726,225,299,232,255
ASM003220,EVT014,Ramanathapuram,Ramanathapuram Response Zone,T+12h,12,167092,156399,307172,296971,142,118,684,747
ASM003221,EVT014,Ramanathapuram,Ramanathapuram Response Zone,T+24h,24,124842,125796,339792,348596,253,297,482,500
ASM003222,EVT014,Ramanathapuram,Ramanathapuram Response Zone,T+24h,24,206083,177620,415224,406510,441,318,608,583
ASM003223,EVT014,Ramanathapuram,Ramanathapuram Response Zone,T+24h,24,212182,187202,363805,356050,179,194,497,528
ASM003224,EVT014,Ramanathapuram,Ramanathapuram Response Zone,T+24h,24,182814,166776,472306,397146,434,331,339,280
ASM003225,EVT014,Ramanathapuram,Ramanathapuram Response Zone,T+24h,24,174825,172199,368403,368024,145,145,541,551
ASM003226,EVT014,Ramanathapuram,Ramanathapuram Response Zone,T+36h,36,194993,227807,355185,480670,389,528,901,1231
ASM003227,EVT014,Ramanathapuram,Ramanathapuram Response Zone,T+36h,36,171334,195701,669871,499826,223,299,1509,1217
ASM003228,EVT014,Ramanathapuram,Ramanathapuram Response Zone,T+36h,36,270992,225336,501162,465938,627,543,1008,1089
ASM003229,EVT014,Ramanathapuram,Ramanathapuram Response Zone,T+36h,36,209924,194006,336765,382842,301,273,791,838
ASM003230,EVT014,Ramanathapuram,Ramanathapuram Response Zone,T+36h,36,204756,207957,327504,410586,313,311,697,956
ASM003231,EVT014,Ramanathapuram,Ramanathapuram Response Zone,T+48h,48,197692,209117,518876,513775,718,767,719,651
ASM003232,EVT014,Ramanathapuram,Ramanathapuram Response Zone,T+48h,48,152866,214380,479852,491801,425,658,642,604
ASM003233,EVT014,Ramanathapuram,Ramanathapuram Response Zone,T+48h,48,191078,220466,758406,660930,652,803,1893,1630
ASM003234,EVT014,Ramanathapuram,Ramanathapuram Response Zone,T+48h,48,372264,323939,501131,555771,1720,1400,736,727
ASM003235,EVT014,Ramanathapuram,Ramanathapuram Response Zone,T+48h,48,170880,200660,393580,460308,219,292,1076,1376
ASM003236,EVT014,Ramanathapuram,Ramanathapuram Response Zone,T+72h,72,257049,242952,680205,647018,446,428,521,439
ASM003237,EVT014,Ramanathapuram,Ramanathapuram Response Zone,T+72h,72,289257,262388,634598,591140,1098,914,1522,1411
ASM003238,EVT014,Ramanathapuram,Ramanathapuram Response Zone,T+72h,72,171406,213931,485984,499298,186,287,991,1024
ASM003239,EVT014,Ramanathapuram,Ramanathapuram Response Zone,T+72h,72,231103,229684,567659,540643,708,757,1018,869
ASM003240,EVT014,Ramanathapuram,Ramanathapuram Response Zone,T+72h,72,302953,292178,546568,568141,891,812,1760,1827
ASM003241,EVT014,Salem,Salem Response Zone,T+0h,0,178732,178672,389799,359134,259,280,154,162
ASM003242,EVT014,Salem,Salem Response Zone,T+0h,0,413126,322506,642949,549814,720,433,1101,909
ASM003243,EVT014,Salem,Salem Response Zone,T+0h,0,144714,176365,497485,472829,174,299,447,456
ASM003244,EVT014,Salem,Salem Response Zone,T+0h,0,224155,207531,351545,388825,293,237,506,535
ASM003245,EVT014,Salem,Salem Response Zone,T+0h,0,242074,240863,727215,594704,460,479,855,719
ASM003246,EVT014,Salem,Salem Response Zone,T+3h,3,238330,214954,221929,363900,325,281,325,503
ASM003247,EVT014,Salem,Salem Response Zone,T+3h,3,227309,216410,719065,525582,430,349,673,467
ASM003248,EVT014,Salem,Salem Response Zone,T+3h,3,172141,193717,272393,372028,221,286,332,496
ASM003249,EVT014,Salem,Salem Response Zone,T+3h,3,230349,232541,379530,453370,211,231,159,174
ASM003250,EVT014,Salem,Salem Response Zone,T+3h,3,141662,183202,410156,420353,168,273,484,479
ASM003251,EVT014,Salem,Salem Response Zone,T+6h,6,324951,312957,561930,597545,636,608,702,774
ASM003252,EVT014,Salem,Salem Response Zone,T+6h,6,259403,245252,626810,550775,309,291,370,318
ASM003253,EVT014,Salem,Salem Response Zone,T+6h,6,251733,233000,341772,422803,216,202,607,820
ASM003254,EVT014,Salem,Salem Response Zone,T+6h,6,255652,217702,452583,415822,169,113,472,487
ASM003255,EVT014,Salem,Salem Response Zone,T+6h,6,243583,227485,388098,438135,280,251,361,428
ASM003256,EVT014,Salem,Salem Response Zone,T+12h,12,260639,268382,562067,552775,326,386,1088,1063
ASM003257,EVT014,Salem,Salem Response Zone,T+12h,12,204309,234365,479485,500576,370,461,961,969
ASM003258,EVT014,Salem,Salem Response Zone,T+12h,12,203418,240042,494859,516801,241,323,873,871
ASM003259,EVT014,Salem,Salem Response Zone,T+12h,12,344735,307562,486327,554329,652,524,352,382
ASM003260,EVT014,Salem,Salem Response Zone,T+12h,12,300708,254272,403144,459635,312,231,709,846
ASM003261,EVT014,Salem,Salem Response Zone,T+24h,24,272748,312747,684470,643693,231,274,1207,1255
ASM003262,EVT014,Salem,Salem Response Zone,T+24h,24,377675,380142,1001220,866905,395,449,1486,1264
ASM003263,EVT014,Salem,Salem Response Zone,T+24h,24,246351,292542,542243,589876,492,556,399,482
ASM003264,EVT014,Salem,Salem Response Zone,T+24h,24,399135,334521,560834,655549,602,511,688,773
ASM003265,EVT014,Salem,Salem Response Zone,T+24h,24,320377,316651,751022,653298,286,242,1126,1123
ASM003266,EVT014,Salem,Salem Response Zone,T+36h,36,436493,344065,626818,621314,832,577,712,749
ASM003267,EVT014,Salem,Salem Response Zone,T+36h,36,259342,311246,814247,706295,495,583,1644,1405
ASM003268,EVT014,Salem,Salem Response Zone,T+36h,36,316583,315619,584269,634919,472,556,323,411
ASM003269,EVT014,Salem,Salem Response Zone,T+36h,36,291424,312236,387859,513347,294,293,576,891
ASM003270,EVT014,Salem,Salem Response Zone,T+36h,36,308901,279770,517312,571127,295,276,383,458
ASM003271,EVT014,Salem,Salem Response Zone,T+48h,48,307118,310711,570122,659865,707,702,740,816
ASM003272,EVT014,Salem,Salem Response Zone,T+48h,48,282366,311878,711376,686391,446,596,1519,1663
ASM003273,EVT014,Salem,Salem Response Zone,T+48h,48,396558,331297,621372,649300,1162,851,551,618
ASM003274,EVT014,Salem,Salem Response Zone,T+48h,48,305646,284880,687084,608021,928,751,390,335
ASM003275,EVT014,Salem,Salem Response Zone,T+48h,48,296738,317928,708474,727113,693,733,646,711
ASM003276,EVT014,Salem,Salem Response Zone,T+72h,72,571149,468703,989703,995209,2182,1789,2558,2141
ASM003277,EVT014,Salem,Salem Response Zone,T+72h,72,517085,440241,905752,858635,1616,1505,1462,1418
ASM003278,EVT014,Salem,Salem Response Zone,T+72h,72,446246,452136,971758,923403,653,652,1570,1521
ASM003279,EVT014,Salem,Salem Response Zone,T+72h,72,430161,437576,894766,978807,1578,1485,1601,1869
ASM003280,EVT014,Salem,Salem Response Zone,T+72h,72,542840,510957,1174589,1005454,2302,2029,2006,1729
ASM003281,EVT014,Thanjavur,Thanjavur Response Zone,T+0h,0,167676,190986,328541,361218,270,351,199,256
ASM003282,EVT014,Thanjavur,Thanjavur Response Zone,T+0h,0,231809,231130,674434,555764,427,444,1198,1027
ASM003283,EVT014,Thanjavur,Thanjavur Response Zone,T+0h,0,154940,215721,439284,487679,112,233,299,339
ASM003284,EVT014,Thanjavur,Thanjavur Response Zone,T+0h,0,310622,287185,384053,514055,231,209,814,1081
ASM003285,EVT014,Thanjavur,Thanjavur Response Zone,T+0h,0,139791,167861,400996,377515,82,110,295,273
ASM003286,EVT014,Thanjavur,Thanjavur Response Zone,T+3h,3,244507,208735,299400,333466,517,359,192,261
ASM003287,EVT014,Thanjavur,Thanjavur Response Zone,T+3h,3,178829,177746,462329,418013,125,146,647,556
ASM003288,EVT014,Thanjavur,Thanjavur Response Zone,T+3h,3,163191,158298,591529,482289,102,100,854,557
ASM003289,EVT014,Thanjavur,Thanjavur Response Zone,T+3h,3,186574,201735,351707,444709,202,241,315,403
ASM003290,EVT014,Thanjavur,Thanjavur Response Zone,T+3h,3,176584,195584,419088,374950,94,101,699,685
ASM003291,EVT014,Thanjavur,Thanjavur Response Zone,T+6h,6,321062,270966,319297,483218,460,359,184,324
ASM003292,EVT014,Thanjavur,Thanjavur Response Zone,T+6h,6,153298,204624,569902,555624,64,115,363,349
ASM003293,EVT014,Thanjavur,Thanjavur Response Zone,T+6h,6,146767,133087,184923,221789,312,234,146,265
ASM003294,EVT014,Thanjavur,Thanjavur Response Zone,T+6h,6,211127,193005,347120,358521,158,150,412,493
ASM003295,EVT014,Thanjavur,Thanjavur Response Zone,T+6h,6,131179,147657,250763,336402,116,170,243,361
ASM003296,EVT014,Thanjavur,Thanjavur Response Zone,T+12h,12,174779,209048,524709,462727,187,255,939,846
ASM003297,EVT014,Thanjavur,Thanjavur Response Zone,T+12h,12,357668,305014,661214,557530,441,288,1531,1254
ASM003298,EVT014,Thanjavur,Thanjavur Response Zone,T+12h,12,176141,204362,441546,416250,135,192,793,856
ASM003299,EVT014,Thanjavur,Thanjavur Response Zone,T+12h,12,170448,205055,349476,423513,282,397,449,540
ASM003300,EVT014,Thanjavur,Thanjavur Response Zone,T+12h,12,257779,234902,620469,520441,322,239,571,447
ASM003301,EVT014,Thanjavur,Thanjavur Response Zone,T+24h,24,342444,322402,572658,680943,862,770,900,1053
ASM003302,EVT014,Thanjavur,Thanjavur Response Zone,T+24h,24,233725,277534,357210,533958,491,639,510,794
ASM003303,EVT014,Thanjavur,Thanjavur Response Zone,T+24h,24,360388,343708,862080,791683,688,682,773,697
ASM003304,EVT014,Thanjavur,Thanjavur Response Zone,T+24h,24,221181,257422,439759,552241,436,573,445,567
ASM003305,EVT014,Thanjavur,Thanjavur Response Zone,T+24h,24,371201,317828,825158,678104,775,672,1382,1180
ASM003306,EVT014,Thanjavur,Thanjavur Response Zone,T+36h,36,385400,334168,602162,666356,490,458,582,621
ASM003307,EVT014,Thanjavur,Thanjavur Response Zone,T+36h,36,365344,322537,833948,718414,769,719,1862,1838
ASM003308,EVT014,Thanjavur,Thanjavur Response Zone,T+36h,36,285502,293238,785163,662576,417,448,687,524
ASM003309,EVT014,Thanjavur,Thanjavur Response Zone,T+36h,36,535935,445533,597326,705624,885,708,1136,1433
ASM003310,EVT014,Thanjavur,Thanjavur Response Zone,T+36h,36,260804,264230,485788,593709,366,371,616,759
ASM003311,EVT014,Thanjavur,Thanjavur Response Zone,T+48h,48,271540,316374,727432,671746,236,315,559,545
ASM003312,EVT014,Thanjavur,Thanjavur Response Zone,T+48h,48,333693,314005,1006900,788038,698,609,860,616
ASM003313,EVT014,Thanjavur,Thanjavur Response Zone,T+48h,48,399442,322549,470081,579833,1025,757,853,1009
ASM003314,EVT014,Thanjavur,Thanjavur Response Zone,T+48h,48,262506,312136,611229,675963,441,520,957,1113
ASM003315,EVT014,Thanjavur,Thanjavur Response Zone,T+48h,48,299899,317821,800712,704748,686,736,1415,1224
ASM003316,EVT014,Thanjavur,Thanjavur Response Zone,T+72h,72,434124,434218,737187,879872,1716,1438,936,1065
ASM003317,EVT014,Thanjavur,Thanjavur Response Zone,T+72h,72,386019,430770,895025,900233,371,404,1453,1320
ASM003318,EVT014,Thanjavur,Thanjavur Response Zone,T+72h,72,252483,292900,453086,608708,631,657,330,479
ASM003319,EVT014,Thanjavur,Thanjavur Response Zone,T+72h,72,450250,406157,1347195,1052506,1508,1341,1659,1237
ASM003320,EVT014,Thanjavur,Thanjavur Response Zone,T+72h,72,623530,505875,610882,799731,2175,1698,879,1171
ASM003321,EVT014,Thoothukudi,Thoothukudi Response Zone,T+0h,0,157703,150314,288729,323342,148,146,413,486
ASM003322,EVT014,Thoothukudi,Thoothukudi Response Zone,T+0h,0,140117,152333,332580,346780,164,229,149,167
ASM003323,EVT014,Thoothukudi,Thoothukudi Response Zone,T+0h,0,137998,180195,619252,472723,80,100,1152,762
ASM003324,EVT014,Thoothukudi,Thoothukudi Response Zone,T+0h,0,197007,182841,283645,345422,246,238,255,316
ASM003325,EVT014,Thoothukudi,Thoothukudi Response Zone,T+0h,0,255168,225806,676049,541439,364,298,1421,1104
ASM003326,EVT014,Thoothukudi,Thoothukudi Response Zone,T+3h,3,228103,217640,507728,476071,243,229,672,583
ASM003327,EVT014,Thoothukudi,Thoothukudi Response Zone,T+3h,3,179691,191184,405127,350899,202,228,180,171
ASM003328,EVT014,Thoothukudi,Thoothukudi Response Zone,T+3h,3,175870,184480,311173,371212,92,101,316,412
ASM003329,EVT014,Thoothukudi,Thoothukudi Response Zone,T+3h,3,112265,120678,331368,302618,72,98,102,130
ASM003330,EVT014,Thoothukudi,Thoothukudi Response Zone,T+3h,3,207484,177333,296035,323442,359,311,245,276
ASM003331,EVT014,Thoothukudi,Thoothukudi Response Zone,T+6h,6,275546,243066,637159,538646,540,514,1161,861
ASM003332,EVT014,Thoothukudi,Thoothukudi Response Zone,T+6h,6,144524,184026,318840,355925,240,344,346,442
ASM003333,EVT014,Thoothukudi,Thoothukudi Response Zone,T+6h,6,265139,206687,384972,379525,442,312,763,844
ASM003334,EVT014,Thoothukudi,Thoothukudi Response Zone,T+6h,6,266612,259764,410781,482225,325,310,1009,1123
ASM003335,EVT014,Thoothukudi,Thoothukudi Response Zone,T+6h,6,279444,233149,342069,441502,456,334,312,369
ASM003336,EVT014,Thoothukudi,Thoothukudi Response Zone,T+12h,12,177816,221332,579407,542189,153,239,590,515
ASM003337,EVT014,Thoothukudi,Thoothukudi Response Zone,T+12h,12,174046,216512,532646,500854,239,397,1341,1295
ASM003338,EVT014,Thoothukudi,Thoothukudi Response Zone,T+12h,12,232847,252523,650658,558210,137,147,1371,1099
ASM003339,EVT014,Thoothukudi,Thoothukudi Response Zone,T+12h,12,200160,200279,234559,325821,399,357,126,172
ASM003340,EVT014,Thoothukudi,Thoothukudi Response Zone,T+12h,12,311360,259279,579882,501423,462,321,1073,832
ASM003341,EVT014,Thoothukudi,Thoothukudi Response Zone,T+24h,24,372390,315603,1306699,960901,903,860,2810,1981
ASM003342,EVT014,Thoothukudi,Thoothukudi Response Zone,T+24h,24,194614,198273,397705,407131,457,477,674,836
ASM003343,EVT014,Thoothukudi,Thoothukudi Response Zone,T+24h,24,180005,198274,793822,632306,228,272,855,582
ASM003344,EVT014,Thoothukudi,Thoothukudi Response Zone,T+24h,24,377673,321606,617097,657144,1025,800,1227,1205
ASM003345,EVT014,Thoothukudi,Thoothukudi Response Zone,T+24h,24,267952,317689,496718,674165,517,690,873,1197
ASM003346,EVT014,Thoothukudi,Thoothukudi Response Zone,T+36h,36,479974,438255,695026,693266,983,804,1284,1297
ASM003347,EVT014,Thoothukudi,Thoothukudi Response Zone,T+36h,36,297069,317247,907038,788615,376,444,1318,1209
ASM003348,EVT014,Thoothukudi,Thoothukudi Response Zone,T+36h,36,484494,431914,623301,712079,537,466,1825,1956
ASM003349,EVT014,Thoothukudi,Thoothukudi Response Zone,T+36h,36,404485,410514,656316,721657,376,414,833,889
ASM003350,EVT014,Thoothukudi,Thoothukudi Response Zone,T+36h,36,316449,316396,816029,790454,277,347,964,825
ASM003351,EVT014,Thoothukudi,Thoothukudi Response Zone,T+48h,48,287317,318703,700300,706608,280,314,1124,1232
ASM003352,EVT014,Thoothukudi,Thoothukudi Response Zone,T+48h,48,293041,311266,803472,795294,743,719,1807,1932
ASM003353,EVT014,Thoothukudi,Thoothukudi Response Zone,T+48h,48,351440,333311,736836,730674,1038,887,1864,1989
ASM003354,EVT014,Thoothukudi,Thoothukudi Response Zone,T+48h,48,317319,320960,726106,726118,903,786,1378,1215
ASM003355,EVT014,Thoothukudi,Thoothukudi Response Zone,T+48h,48,305388,335645,652881,733936,335,381,611,603
ASM003356,EVT014,Thoothukudi,Thoothukudi Response Zone,T+72h,72,384549,405968,906989,838417,1370,1445,2476,2353
ASM003357,EVT014,Thoothukudi,Thoothukudi Response Zone,T+72h,72,311884,317264,520053,662639,793,757,570,700
ASM003358,EVT014,Thoothukudi,Thoothukudi Response Zone,T+72h,72,218787,300002,981169,832445,440,698,1499,1148
ASM003359,EVT014,Thoothukudi,Thoothukudi Response Zone,T+72h,72,429639,417730,720763,773567,1650,1512,942,961
ASM003360,EVT014,Thoothukudi,Thoothukudi Response Zone,T+72h,72,322340,391203,1114244,935240,708,853,4001,3561
ASM003361,EVT014,Tirunelveli,Tirunelveli Response Zone,T+0h,0,167234,198345,400755,444554,280,415,422,472
ASM003362,EVT014,Tirunelveli,Tirunelveli Response Zone,T+0h,0,161868,210616,482043,467281,127,228,566,550
ASM003363,EVT014,Tirunelveli,Tirunelveli Response Zone,T+0h,0,137099,167476,353541,373783,188,319,592,633
ASM003364,EVT014,Tirunelveli,Tirunelveli Response Zone,T+0h,0,195042,232598,400842,490453,187,286,383,470
ASM003365,EVT014,Tirunelveli,Tirunelveli Response Zone,T+0h,0,173108,191689,260005,354608,245,294,189,276
ASM003366,EVT014,Tirunelveli,Tirunelveli Response Zone,T+3h,3,307004,235481,325771,430773,740,495,446,532
ASM003367,EVT014,Tirunelveli,Tirunelveli Response Zone,T+3h,3,177631,191465,371261,370689,277,330,527,532
ASM003368,EVT014,Tirunelveli,Tirunelveli Response Zone,T+3h,3,189406,195302,387238,376308,335,328,155,167
ASM003369,EVT014,Tirunelveli,Tirunelveli Response Zone,T+3h,3,197085,184532,471777,403688,238,232,452,392
ASM003370,EVT014,Tirunelveli,Tirunelveli Response Zone,T+3h,3,209302,217270,366956,395939,278,276,375,441
ASM003371,EVT014,Tirunelveli,Tirunelveli Response Zone,T+6h,6,146101,143505,240143,275870,163,163,322,469
ASM003372,EVT014,Tirunelveli,Tirunelveli Response Zone,T+6h,6,136294,155789,244692,310830,171,246,303,441
ASM003373,EVT014,Tirunelveli,Tirunelveli Response Zone,T+6h,6,261065,214094,448430,392341,245,174,419,397
ASM003374,EVT014,Tirunelveli,Tirunelveli Response Zone,T+6h,6,248163,209594,489234,414291,155,102,505,437
ASM003375,EVT014,Tirunelveli,Tirunelveli Response Zone,T+6h,6,170508,211810,677311,623041,274,423,964,777
ASM003376,EVT014,Tirunelveli,Tirunelveli Response Zone,T+12h,12,203898,254169,599958,558880,156,232,1097,1041
ASM003377,EVT014,Tirunelveli,Tirunelveli Response Zone,T+12h,12,292937,310648,713874,678291,359,419,1124,1003
ASM003378,EVT014,Tirunelveli,Tirunelveli Response Zone,T+12h,12,219885,267368,812995,623060,345,502,667,474
ASM003379,EVT014,Tirunelveli,Tirunelveli Response Zone,T+12h,12,279051,284633,549546,554667,481,482,844,789
ASM003380,EVT014,Tirunelveli,Tirunelveli Response Zone,T+12h,12,262393,324551,708590,660598,448,558,1997,2004
ASM003381,EVT014,Tirunelveli,Tirunelveli Response Zone,T+24h,24,471751,353431,622585,649585,535,333,1026,1087
ASM003382,EVT014,Tirunelveli,Tirunelveli Response Zone,T+24h,24,290494,233501,355585,416381,545,396,440,523
ASM003383,EVT014,Tirunelveli,Tirunelveli Response Zone,T+24h,24,276010,256856,484895,518236,402,382,389,479
ASM003384,EVT014,Tirunelveli,Tirunelveli Response Zone,T+24h,24,338772,315113,606412,576821,288,212,1113,1119
ASM003385,EVT014,Tirunelveli,Tirunelveli Response Zone,T+24h,24,325857,293992,591096,575934,748,622,1091,1139
ASM003386,EVT014,Tirunelveli,Tirunelveli Response Zone,T+36h,36,246686,270359,963789,732258,499,576,1968,1441
ASM003387,EVT014,Tirunelveli,Tirunelveli Response Zone,T+36h,36,275578,303930,714328,684616,260,344,1779,1965
ASM003388,EVT014,Tirunelveli,Tirunelveli Response Zone,T+36h,36,306385,320740,882336,719886,418,431,1079,874
ASM003389,EVT014,Tirunelveli,Tirunelveli Response Zone,T+36h,36,348177,316102,568979,630586,652,565,1228,1409
ASM003390,EVT014,Tirunelveli,Tirunelveli Response Zone,T+36h,36,323323,312399,632926,684977,785,760,1476,1737
ASM003391,EVT014,Tirunelveli,Tirunelveli Response Zone,T+48h,48,246985,323104,537094,691296,527,701,890,1185
ASM003392,EVT014,Tirunelveli,Tirunelveli Response Zone,T+48h,48,274961,318791,585947,671986,576,726,671,814
ASM003393,EVT014,Tirunelveli,Tirunelveli Response Zone,T+48h,48,378241,399097,932617,909603,1309,1284,1694,1388
ASM003394,EVT014,Tirunelveli,Tirunelveli Response Zone,T+48h,48,324922,330276,687163,678775,440,480,528,541
ASM003395,EVT014,Tirunelveli,Tirunelveli Response Zone,T+48h,48,511631,427677,929368,734815,928,685,990,811
ASM003396,EVT014,Tirunelveli,Tirunelveli Response Zone,T+72h,72,252892,329907,752578,768459,744,1147,1460,1683
ASM003397,EVT014,Tirunelveli,Tirunelveli Response Zone,T+72h,72,433882,445523,761980,819906,1280,1422,1133,1243
ASM003398,EVT014,Tirunelveli,Tirunelveli Response Zone,T+72h,72,534778,443831,1468041,1186674,1629,1393,4455,3405
ASM003399,EVT014,Tirunelveli,Tirunelveli Response Zone,T+72h,72,615805,470598,825231,798989,888,727,1268,1310
ASM003400,EVT014,Tirunelveli,Tirunelveli Response Zone,T+72h,72,361755,417349,1135919,986465,529,634,2171,1784
ASM003401,EVT014,Virudhunagar,Virudhunagar Response Zone,T+0h,0,157953,150078,262141,290190,312,306,137,170
ASM003402,EVT014,Virudhunagar,Virudhunagar Response Zone,T+0h,0,182072,161429,391686,360136,186,165,531,475
ASM003403,EVT014,Virudhunagar,Virudhunagar Response Zone,T+0h,0,148416,146325,363753,327420,293,300,186,169
ASM003404,EVT014,Virudhunagar,Virudhunagar Response Zone,T+0h,0,178942,193575,385797,385566,189,221,381,349
ASM003405,EVT014,Virudhunagar,Virudhunagar Response Zone,T+0h,0,156299,147678,161390,259852,298,266,168,282
ASM003406,EVT014,Virudhunagar,Virudhunagar Response Zone,T+3h,3,101572,137269,346137,339126,52,96,240,269
ASM003407,EVT014,Virudhunagar,Virudhunagar Response Zone,T+3h,3,141580,133544,338588,283687,124,98,309,263
ASM003408,EVT014,Virudhunagar,Virudhunagar Response Zone,T+3h,3,124438,125355,274483,256530,211,226,406,445
ASM003409,EVT014,Virudhunagar,Virudhunagar Response Zone,T+3h,3,159614,164388,383187,339609,174,202,713,555
ASM003410,EVT014,Virudhunagar,Virudhunagar Response Zone,T+3h,3,251945,204199,226858,316495,540,341,109,190
ASM003411,EVT014,Virudhunagar,Virudhunagar Response Zone,T+6h,6,124006,139478,238729,278518,228,284,293,372
ASM003412,EVT014,Virudhunagar,Virudhunagar Response Zone,T+6h,6,152175,158329,369281,342072,121,122,356,300
ASM003413,EVT014,Virudhunagar,Virudhunagar Response Zone,T+6h,6,280436,238683,413217,414857,496,319,389,349
ASM003414,EVT014,Virudhunagar,Virudhunagar Response Zone,T+6h,6,150494,168522,485469,406094,194,235,350,281
ASM003415,EVT014,Virudhunagar,Virudhunagar Response Zone,T+6h,6,139642,151833,298511,321823,213,233,358,414
ASM003416,EVT014,Virudhunagar,Virudhunagar Response Zone,T+12h,12,184976,205009,406090,396103,276,307,526,497
ASM003417,EVT014,Virudhunagar,Virudhunagar Response Zone,T+12h,12,218194,199412,367701,387600,301,237,308,328
ASM003418,EVT014,Virudhunagar,Virudhunagar Response Zone,T+12h,12,151834,143326,233686,274240,107,102,243,291
ASM003419,EVT014,Virudhunagar,Virudhunagar Response Zone,T+12h,12,165789,208819,250887,386533,113,169,540,870
ASM003420,EVT014,Virudhunagar,Virudhunagar Response Zone,T+12h,12,175384,194019,423901,397689,103,112,359,345
ASM003421,EVT014,Virudhunagar,Virudhunagar Response Zone,T+24h,24,200152,211154,529705,510216,323,380,590,560
ASM003422,EVT014,Virudhunagar,Virudhunagar Response Zone,T+24h,24,259112,260501,487206,527960,611,625,572,660
ASM003423,EVT014,Virudhunagar,Virudhunagar Response Zone,T+24h,24,283826,270447,376570,489233,220,205,354,501
ASM003424,EVT014,Virudhunagar,Virudhunagar Response Zone,T+24h,24,185188,167600,437171,418530,269,250,202,172
ASM003425,EVT014,Virudhunagar,Virudhunagar Response Zone,T+24h,24,146473,197702,431560,453813,130,196,303,342
ASM003426,EVT014,Virudhunagar,Virudhunagar Response Zone,T+36h,36,361290,335914,716289,665213,1095,1147,1346,1272
ASM003427,EVT014,Virudhunagar,Virudhunagar Response Zone,T+36h,36,293824,274211,948054,780013,770,768,1667,1194
ASM003428,EVT014,Virudhunagar,Virudhunagar Response Zone,T+36h,36,456550,415739,439781,645737,645,609,852,1188
ASM003429,EVT014,Virudhunagar,Virudhunagar Response Zone,T+36h,36,310965,294755,508824,628220,809,828,426,441
ASM003430,EVT014,Virudhunagar,Virudhunagar Response Zone,T+36h,36,361020,323982,593480,641304,380,352,882,976
ASM003431,EVT014,Virudhunagar,Virudhunagar Response Zone,T+48h,48,309117,291207,884174,713145,809,834,852,636
ASM003432,EVT014,Virudhunagar,Virudhunagar Response Zone,T+48h,48,309156,273624,333745,443735,1116,848,197,358
ASM003433,EVT014,Virudhunagar,Virudhunagar Response Zone,T+48h,48,334990,323453,1074471,822544,1008,810,2892,2372
ASM003434,EVT014,Virudhunagar,Virudhunagar Response Zone,T+48h,48,261009,273295,590742,586715,346,334,472,434
ASM003435,EVT014,Virudhunagar,Virudhunagar Response Zone,T+48h,48,384010,314898,502673,520658,637,473,977,1016
ASM003436,EVT014,Virudhunagar,Virudhunagar Response Zone,T+72h,72,368513,331636,622362,677716,1463,1450,1266,1400
ASM003437,EVT014,Virudhunagar,Virudhunagar Response Zone,T+72h,72,324600,312930,569515,634323,484,437,1217,1411
ASM003438,EVT014,Virudhunagar,Virudhunagar Response Zone,T+72h,72,220755,270724,814531,705448,245,352,1494,1333
ASM003439,EVT014,Virudhunagar,Virudhunagar Response Zone,T+72h,72,223249,301711,477191,605559,664,764,437,513
ASM003440,EVT014,Virudhunagar,Virudhunagar Response Zone,T+72h,72,361147,368616,788088,714040,886,847,1760,1463
ASM003441,EVT014,Tiruchirappalli,Tiruchirappalli Response Zone,T+0h,0,212863,218065,385593,414170,204,224,408,465
ASM003442,EVT014,Tiruchirappalli,Tiruchirappalli Response Zone,T+0h,0,205667,232542,397494,477302,241,314,529,566
ASM003443,EVT014,Tiruchirappalli,Tiruchirappalli Response Zone,T+0h,0,263603,262524,1002331,785173,222,234,1927,1318
ASM003444,EVT014,Tiruchirappalli,Tiruchirappalli Response Zone,T+0h,0,288405,233450,481358,460815,310,225,319,284
ASM003445,EVT014,Tiruchirappalli,Tiruchirappalli Response Zone,T+0h,0,245813,229617,502312,482842,222,221,261,256
ASM003446,EVT014,Tiruchirappalli,Tiruchirappalli Response Zone,T+3h,3,222642,270365,741095,639339,125,175,534,450
ASM003447,EVT014,Tiruchirappalli,Tiruchirappalli Response Zone,T+3h,3,246722,253361,365524,502462,421,475,486,610
ASM003448,EVT014,Tiruchirappalli,Tiruchirappalli Response Zone,T+3h,3,202847,225044,745026,616054,265,338,879,609
ASM003449,EVT014,Tiruchirappalli,Tiruchirappalli Response Zone,T+3h,3,254984,280059,306820,479080,155,187,435,830
ASM003450,EVT014,Tiruchirappalli,Tiruchirappalli Response Zone,T+3h,3,224442,238473,408395,486480,319,346,176,201
ASM003451,EVT014,Tiruchirappalli,Tiruchirappalli Response Zone,T+6h,6,207714,223020,391136,453423,294,350,185,195
ASM003452,EVT014,Tiruchirappalli,Tiruchirappalli Response Zone,T+6h,6,188233,224929,567360,523719,187,277,733,585
ASM003453,EVT014,Tiruchirappalli,Tiruchirappalli Response Zone,T+6h,6,239632,250386,517858,509236,227,249,958,897
ASM003454,EVT014,Tiruchirappalli,Tiruchirappalli Response Zone,T+6h,6,197041,218603,418053,462900,214,257,476,517
ASM003455,EVT014,Tiruchirappalli,Tiruchirappalli Response Zone,T+6h,6,107432,144421,400447,383002,72,185,129,154
ASM003456,EVT014,Tiruchirappalli,Tiruchirappalli Response Zone,T+12h,12,345687,263317,361404,436179,418,271,485,543
ASM003457,EVT014,Tiruchirappalli,Tiruchirappalli Response Zone,T+12h,12,311038,274234,347531,478395,474,385,687,1098
ASM003458,EVT014,Tiruchirappalli,Tiruchirappalli Response Zone,T+12h,12,195894,208491,518070,442985,280,330,423,389
ASM003459,EVT014,Tiruchirappalli,Tiruchirappalli Response Zone,T+12h,12,226143,230702,539832,470128,171,161,619,530
ASM003460,EVT014,Tiruchirappalli,Tiruchirappalli Response Zone,T+12h,12,221490,257929,856442,726556,138,238,1349,1100
ASM003461,EVT014,Tiruchirappalli,Tiruchirappalli Response Zone,T+24h,24,465721,381918,589987,632817,421,300,634,749
ASM003462,EVT014,Tiruchirappalli,Tiruchirappalli Response Zone,T+24h,24,557302,453686,980087,914454,1089,746,2115,1923
ASM003463,EVT014,Tiruchirappalli,Tiruchirappalli Response Zone,T+24h,24,308726,315927,604117,601523,468,445,421,468
ASM003464,EVT014,Tiruchirappalli,Tiruchirappalli Response Zone,T+24h,24,398523,341091,940518,784356,346,298,871,722
ASM003465,EVT014,Tiruchirappalli,Tiruchirappalli Response Zone,T+24h,24,332860,319859,924613,788851,236,240,1266,1145
ASM003466,EVT014,Tiruchirappalli,Tiruchirappalli Response Zone,T+36h,36,314010,397501,940557,925756,687,920,668,627
ASM003467,EVT014,Tiruchirappalli,Tiruchirappalli Response Zone,T+36h,36,415508,417875,881596,920465,681,974,2059,2055
ASM003468,EVT014,Tiruchirappalli,Tiruchirappalli Response Zone,T+36h,36,488320,478522,1316537,1059776,1274,1336,4206,3739
ASM003469,EVT014,Tiruchirappalli,Tiruchirappalli Response Zone,T+36h,36,423210,426315,1182645,1014156,521,693,3096,3092
ASM003470,EVT014,Tiruchirappalli,Tiruchirappalli Response Zone,T+36h,36,456845,444734,891398,985595,1135,1105,1739,1994
ASM003471,EVT014,Tiruchirappalli,Tiruchirappalli Response Zone,T+48h,48,377476,380594,588227,717177,737,687,632,841
ASM003472,EVT014,Tiruchirappalli,Tiruchirappalli Response Zone,T+48h,48,385263,405749,788510,835088,389,396,1288,1589
ASM003473,EVT014,Tiruchirappalli,Tiruchirappalli Response Zone,T+48h,48,410031,395861,1273187,1087951,391,371,1055,794
ASM003474,EVT014,Tiruchirappalli,Tiruchirappalli Response Zone,T+48h,48,282739,308739,973779,815758,697,768,1343,1144
ASM003475,EVT014,Tiruchirappalli,Tiruchirappalli Response Zone,T+48h,48,309836,322914,583303,648047,673,682,375,503
ASM003476,EVT014,Tiruchirappalli,Tiruchirappalli Response Zone,T+72h,72,384361,442194,797028,914422,725,1127,680,768
ASM003477,EVT014,Tiruchirappalli,Tiruchirappalli Response Zone,T+72h,72,626581,566728,1526676,1223426,913,825,4441,3756
ASM003478,EVT014,Tiruchirappalli,Tiruchirappalli Response Zone,T+72h,72,322508,433613,790708,947548,764,1265,1855,2076
ASM003479,EVT014,Tiruchirappalli,Tiruchirappalli Response Zone,T+72h,72,606764,507945,1169235,1010743,2689,2239,2566,2048
ASM003480,EVT014,Tiruchirappalli,Tiruchirappalli Response Zone,T+72h,72,607922,527895,817210,924849,1735,1517,778,795
ASM003481,EVT015,Nilgiris,Nilgiris Response Zone,T+0h,0,65559,69950,177524,157255,374,406,2810,2277
ASM003482,EVT015,Nilgiris,Nilgiris Response Zone,T+0h,0,35191,43344,76519,83529,248,442,256,357
ASM003483,EVT015,Nilgiris,Nilgiris Response Zone,T+0h,0,56773,59380,132695,114170,416,470,1350,1218
ASM003484,EVT015,Nilgiris,Nilgiris Response Zone,T+0h,0,79253,79024,135617,129686,443,512,2413,2094
ASM003485,EVT015,Nilgiris,Nilgiris Response Zone,T+0h,0,52163,55320,110926,109265,396,546,1080,1211
ASM003486,EVT015,Nilgiris,Nilgiris Response Zone,T+3h,3,80859,82006,90569,109606,293,379,1741,2262
ASM003487,EVT015,Nilgiris,Nilgiris Response Zone,T+3h,3,93730,82781,66159,85984,340,273,988,1588
ASM003488,EVT015,Nilgiris,Nilgiris Response Zone,T+3h,3,62825,61639,81280,86588,436,389,210,260
ASM003489,EVT015,Nilgiris,Nilgiris Response Zone,T+3h,3,77575,82384,167118,158677,302,401,3475,3166
ASM003490,EVT015,Nilgiris,Nilgiris Response Zone,T+3h,3,43520,47969,70160,86371,189,314,370,492
ASM003491,EVT015,Nilgiris,Nilgiris Response Zone,T+6h,6,92267,98661,124368,140181,227,304,3009,3305
ASM003492,EVT015,Nilgiris,Nilgiris Response Zone,T+6h,6,77835,79212,151723,147450,320,388,2193,1953
ASM003493,EVT015,Nilgiris,Nilgiris Response Zone,T+6h,6,85659,81533,148637,142896,545,564,2810,2730
ASM003494,EVT015,Nilgiris,Nilgiris Response Zone,T+6h,6,73574,78947,127485,126339,398,542,1990,2140
ASM003495,EVT015,Nilgiris,Nilgiris Response Zone,T+6h,6,103804,96369,178750,165206,383,391,1618,1426
ASM003496,EVT015,Nilgiris,Nilgiris Response Zone,T+12h,12,104404,93541,81957,102814,1121,1078,463,550
ASM003497,EVT015,Nilgiris,Nilgiris Response Zone,T+12h,12,108680,99793,131109,133551,1157,1002,1043,1216
ASM003498,EVT015,Nilgiris,Nilgiris Response Zone,T+12h,12,101704,108689,231397,231105,1088,1156,1240,993
ASM003499,EVT015,Nilgiris,Nilgiris Response Zone,T+12h,12,70479,73167,120788,123381,399,424,1404,1372
ASM003500,EVT015,Nilgiris,Nilgiris Response Zone,T+12h,12,70340,76795,121800,128927,343,429,1308,1283
ASM003501,EVT015,Nilgiris,Nilgiris Response Zone,T+24h,24,169507,150230,418647,359548,1878,1688,8939,7388
ASM003502,EVT015,Nilgiris,Nilgiris Response Zone,T+24h,24,117559,132952,166321,228800,339,403,3473,4290
ASM003503,EVT015,Nilgiris,Nilgiris Response Zone,T+24h,24,131907,129288,276178,278615,1144,1292,6622,6170
ASM003504,EVT015,Nilgiris,Nilgiris Response Zone,T+24h,24,135298,139053,337680,322422,1153,1298,1802,1591
ASM003505,EVT015,Nilgiris,Nilgiris Response Zone,T+24h,24,98441,99833,174430,163280,941,1206,3302,3194
ASM003506,EVT015,Nilgiris,Nilgiris Response Zone,T+36h,36,70472,81880,196566,167936,696,970,1481,1309
ASM003507,EVT015,Nilgiris,Nilgiris Response Zone,T+36h,36,103554,100534,129371,139790,1160,1279,1033,1337
ASM003508,EVT015,Nilgiris,Nilgiris Response Zone,T+36h,36,112332,113255,168136,179114,495,532,3647,3618
ASM003509,EVT015,Nilgiris,Nilgiris Response Zone,T+36h,36,134220,126048,233156,236133,1235,1232,3639,3677
ASM003510,EVT015,Nilgiris,Nilgiris Response Zone,T+36h,36,103676,110724,233198,233128,421,502,1471,1292
ASM003511,EVT015,Nilgiris,Nilgiris Response Zone,T+48h,48,169617,153282,289279,259879,1452,1260,3933,3465
ASM003512,EVT015,Nilgiris,Nilgiris Response Zone,T+48h,48,112487,133767,341205,323262,688,806,5556,5062
ASM003513,EVT015,Nilgiris,Nilgiris Response Zone,T+48h,48,187311,160031,222940,240516,2272,1757,3097,3213
ASM003514,EVT015,Nilgiris,Nilgiris Response Zone,T+48h,48,91548,115173,289269,266396,727,1151,1588,1442
ASM003515,EVT015,Nilgiris,Nilgiris Response Zone,T+48h,48,125099,117734,179632,189802,1451,1308,2467,2879
ASM003516,EVT015,Nilgiris,Nilgiris Response Zone,T+72h,72,125421,116887,240934,221700,1448,1353,2290,1917
ASM003517,EVT015,Nilgiris,Nilgiris Response Zone,T+72h,72,96954,110645,199020,217365,422,448,1273,1297
ASM003518,EVT015,Nilgiris,Nilgiris Response Zone,T+72h,72,84653,85911,150604,133661,822,756,1493,1330
ASM003519,EVT015,Nilgiris,Nilgiris Response Zone,T+72h,72,110054,98559,157290,146250,1818,1537,576,541
ASM003520,EVT015,Nilgiris,Nilgiris Response Zone,T+72h,72,58013,72697,105023,128123,597,1089,928,1303
ASM003521,EVT015,Coimbatore,Coimbatore Response Zone,T+0h,0,185598,174596,208554,272452,840,798,2040,2749
ASM003522,EVT015,Coimbatore,Coimbatore Response Zone,T+0h,0,127772,187161,330590,388950,742,1476,824,1052
ASM003523,EVT015,Coimbatore,Coimbatore Response Zone,T+0h,0,151489,173761,195435,261299,772,915,1717,2298
ASM003524,EVT015,Coimbatore,Coimbatore Response Zone,T+0h,0,389658,324720,556322,539492,1006,748,3816,3410
ASM003525,EVT015,Coimbatore,Coimbatore Response Zone,T+0h,0,203218,221161,444460,432444,748,795,1597,1485
ASM003526,EVT015,Coimbatore,Coimbatore Response Zone,T+3h,3,154307,183274,329637,320471,604,728,1288,1442
ASM003527,EVT015,Coimbatore,Coimbatore Response Zone,T+3h,3,212182,217231,257697,354543,1625,2010,1003,1341
ASM003528,EVT015,Coimbatore,Coimbatore Response Zone,T+3h,3,369906,316313,555602,468573,3515,2838,4054,3921
ASM003529,EVT015,Coimbatore,Coimbatore Response Zone,T+3h,3,175055,251160,647571,558858,1265,2029,2231,1688
ASM003530,EVT015,Coimbatore,Coimbatore Response Zone,T+3h,3,181325,209190,369741,377714,1522,2171,4234,4628
ASM003531,EVT015,Coimbatore,Coimbatore Response Zone,T+6h,6,404345,361667,542840,592779,2521,1993,3771,3429
ASM003532,EVT015,Coimbatore,Coimbatore Response Zone,T+6h,6,445496,371104,502118,584071,3498,2821,4547,4574
ASM003533,EVT015,Coimbatore,Coimbatore Response Zone,T+6h,6,306843,327154,555916,586970,2175,2405,4369,4510
ASM003534,EVT015,Coimbatore,Coimbatore Response Zone,T+6h,6,219834,287481,442623,488705,483,671,6132,7458
ASM003535,EVT015,Coimbatore,Coimbatore Response Zone,T+6h,6,478684,393533,517265,588171,3528,2833,9854,10148
ASM003536,EVT015,Coimbatore,Coimbatore Response Zone,T+12h,12,382471,333827,558856,507625,4074,3435,7910,8190
ASM003537,EVT015,Coimbatore,Coimbatore Response Zone,T+12h,12,359624,354254,911567,696060,1788,1629,14982,12078
ASM003538,EVT015,Coimbatore,Coimbatore Response Zone,T+12h,12,278458,351676,365096,523950,1356,1841,7454,10293
ASM003539,EVT015,Coimbatore,Coimbatore Response Zone,T+12h,12,415284,431196,640950,714192,2853,3112,7407,7420
ASM003540,EVT015,Coimbatore,Coimbatore Response Zone,T+12h,12,383967,405615,473072,671945,2869,3168,10319,12303
ASM003541,EVT015,Coimbatore,Coimbatore Response Zone,T+24h,24,374171,362356,873724,718359,2089,1993,6530,5732
ASM003542,EVT015,Coimbatore,Coimbatore Response Zone,T+24h,24,523280,438083,577117,750278,4863,3981,5633,6010
ASM003543,EVT015,Coimbatore,Coimbatore Response Zone,T+24h,24,432415,392252,422437,543520,3156,2901,1999,2756
ASM003544,EVT015,Coimbatore,Coimbatore Response Zone,T+24h,24,376174,417851,948898,907653,3797,4717,18810,18983
ASM003545,EVT015,Coimbatore,Coimbatore Response Zone,T+24h,24,536366,436178,1069581,931093,4635,3992,12378,10409
ASM003546,EVT015,Coimbatore,Coimbatore Response Zone,T+36h,36,561761,543056,1025317,956662,5213,4909,18628,18148
ASM003547,EVT015,Coimbatore,Coimbatore Response Zone,T+36h,36,602304,565542,991559,1020596,4446,4029,26370,30864
ASM003548,EVT015,Coimbatore,Coimbatore Response Zone,T+36h,36,690896,589446,988968,994606,4509,3631,22270,22535
ASM003549,EVT015,Coimbatore,Coimbatore Response Zone,T+36h,36,364538,395671,1159812,1037307,2166,2767,24421,21733
ASM003550,EVT015,Coimbatore,Coimbatore Response Zone,T+36h,36,379958,385931,507060,560935,1230,1214,2680,3233
ASM003551,EVT015,Coimbatore,Coimbatore Response Zone,T+48h,48,360639,401470,636624,754825,4912,5340,2403,2554
ASM003552,EVT015,Coimbatore,Coimbatore Response Zone,T+48h,48,355418,426542,789668,1083980,2972,4277,18228,22224
ASM003553,EVT015,Coimbatore,Coimbatore Response Zone,T+48h,48,389245,387427,495322,560542,3654,3685,7302,9237
ASM003554,EVT015,Coimbatore,Coimbatore Response Zone,T+48h,48,570639,475390,554376,567164,10371,8191,8818,9753
ASM003555,EVT015,Coimbatore,Coimbatore Response Zone,T+48h,48,269852,371751,895121,811458,2712,4064,16334,14527
ASM003556,EVT015,Coimbatore,Coimbatore Response Zone,T+72h,72,387471,400494,747636,760781,2972,3023,3196,3122
ASM003557,EVT015,Coimbatore,Coimbatore Response Zone,T+72h,72,500337,442350,893306,945200,3130,3156,11941,11482
ASM003558,EVT015,Coimbatore,Coimbatore Response Zone,T+72h,72,424452,415164,750275,822001,7466,7344,14208,14233
ASM003559,EVT015,Coimbatore,Coimbatore Response Zone,T+72h,72,375485,382797,748899,729487,3102,3148,10961,10999
ASM003560,EVT015,Coimbatore,Coimbatore Response Zone,T+72h,72,276492,338104,512340,550742,2120,2776,6088,7423
ASM003561,EVT015,Dharmapuri,Dharmapuri Response Zone,T+0h,0,179744,174965,245314,286938,747,677,2654,2691
ASM003562,EVT015,Dharmapuri,Dharmapuri Response Zone,T+0h,0,107579,117132,204864,223738,456,657,853,924
ASM003563,EVT015,Dharmapuri,Dharmapuri Response Zone,T+0h,0,82316,103820,224308,224653,539,832,3140,3277
ASM003564,EVT015,Dharmapuri,Dharmapuri Response Zone,T+0h,0,208734,189919,283985,315625,652,556,2352,2079
ASM003565,EVT015,Dharmapuri,Dharmapuri Response Zone,T+0h,0,186754,174435,230596,261574,675,564,1195,1243
ASM003566,EVT015,Dharmapuri,Dharmapuri Response Zone,T+3h,3,139457,134298,200291,232295,674,704,1088,1282
ASM003567,EVT015,Dharmapuri,Dharmapuri Response Zone,T+3h,3,166225,175907,552889,447955,918,864,6106,4811
ASM003568,EVT015,Dharmapuri,Dharmapuri Response Zone,T+3h,3,203223,185867,320804,295917,1006,829,1536,1337
ASM003569,EVT015,Dharmapuri,Dharmapuri Response Zone,T+3h,3,155205,159378,274493,251396,1005,941,4649,4277
ASM003570,EVT015,Dharmapuri,Dharmapuri Response Zone,T+3h,3,216115,202539,265999,269281,2254,2008,1495,1416
ASM003571,EVT015,Dharmapuri,Dharmapuri Response Zone,T+6h,6,121798,119307,183166,213216,642,735,1370,1484
ASM003572,EVT015,Dharmapuri,Dharmapuri Response Zone,T+6h,6,167846,141352,200211,210561,467,367,1664,1637
ASM003573,EVT015,Dharmapuri,Dharmapuri Response Zone,T+6h,6,114131,110093,178069,201877,741,681,765,935
ASM003574,EVT015,Dharmapuri,Dharmapuri Response Zone,T+6h,6,161909,174512,157664,220725,1520,1491,2624,3645
ASM003575,EVT015,Dharmapuri,Dharmapuri Response Zone,T+6h,6,110680,123581,153963,214658,526,705,1317,1711
ASM003576,EVT015,Dharmapuri,Dharmapuri Response Zone,T+12h,12,208109,228339,275047,293610,1053,1113,6669,7011
ASM003577,EVT015,Dharmapuri,Dharmapuri Response Zone,T+12h,12,149274,179183,307605,291872,1457,1885,6731,5961
ASM003578,EVT015,Dharmapuri,Dharmapuri Response Zone,T+12h,12,199719,244530,342215,388891,823,972,7132,7790
ASM003579,EVT015,Dharmapuri,Dharmapuri Response Zone,T+12h,12,141576,172747,376740,335860,1280,1589,3840,3279
ASM003580,EVT015,Dharmapuri,Dharmapuri Response Zone,T+12h,12,138768,169219,184533,252542,687,849,1486,1902
ASM003581,EVT015,Dharmapuri,Dharmapuri Response Zone,T+24h,24,404529,333068,352489,491168,4377,3554,2058,2789
ASM003582,EVT015,Dharmapuri,Dharmapuri Response Zone,T+24h,24,339276,289345,653423,585663,2147,1923,12266,10936
ASM003583,EVT015,Dharmapuri,Dharmapuri Response Zone,T+24h,24,320089,276029,389259,363756,1581,1404,7231,7288
ASM003584,EVT015,Dharmapuri,Dharmapuri Response Zone,T+24h,24,178334,229614,485112,435240,812,1132,8045,7294
ASM003585,EVT015,Dharmapuri,Dharmapuri Response Zone,T+24h,24,263875,281244,731864,610360,1508,1653,5797,4779
ASM003586,EVT015,Dharmapuri,Dharmapuri Response Zone,T+36h,36,185921,227485,338875,419091,1945,2585,1776,1909
ASM003587,EVT015,Dharmapuri,Dharmapuri Response Zone,T+36h,36,162631,176305,308314,336583,1698,1826,1214,1314
ASM003588,EVT015,Dharmapuri,Dharmapuri Response Zone,T+36h,36,174275,206162,334758,329327,854,1086,4862,5169
ASM003589,EVT015,Dharmapuri,Dharmapuri Response Zone,T+36h,36,289221,262221,245513,335442,3735,2939,5255,6674
ASM003590,EVT015,Dharmapuri,Dharmapuri Response Zone,T+36h,36,198090,224489,328505,350100,1794,1774,2404,2585
ASM003591,EVT015,Dharmapuri,Dharmapuri Response Zone,T+48h,48,231875,202846,408307,376027,3602,3525,3613,3435
ASM003592,EVT015,Dharmapuri,Dharmapuri Response Zone,T+48h,48,240114,221537,405314,386701,4192,4071,2995,2640
ASM003593,EVT015,Dharmapuri,Dharmapuri Response Zone,T+48h,48,345462,270434,438312,407024,5682,4777,8070,7479
ASM003594,EVT015,Dharmapuri,Dharmapuri Response Zone,T+48h,48,140488,176160,304908,321118,808,996,5079,5027
ASM003595,EVT015,Dharmapuri,Dharmapuri Response Zone,T+48h,48,274599,247434,312967,351770,1602,1347,3519,3528
ASM003596,EVT015,Dharmapuri,Dharmapuri Response Zone,T+72h,72,221816,200429,397079,363638,3595,3432,3530,3194
ASM003597,EVT015,Dharmapuri,Dharmapuri Response Zone,T+72h,72,166961,188963,311137,344029,1844,2646,3551,3738
ASM003598,EVT015,Dharmapuri,Dharmapuri Response Zone,T+72h,72,223962,200527,346175,349090,4010,3972,4482,4488
ASM003599,EVT015,Dharmapuri,Dharmapuri Response Zone,T+72h,72,195998,190980,330805,351729,1349,1184,4683,4611
ASM003600,EVT015,Dharmapuri,Dharmapuri Response Zone,T+72h,72,215492,215319,557826,482262,817,808,6301,5119
ASM003601,EVT015,Krishnagiri,Krishnagiri Response Zone,T+0h,0,132938,165761,316101,287136,920,1250,1236,1176
ASM003602,EVT015,Krishnagiri,Krishnagiri Response Zone,T+0h,0,145281,171565,191510,236366,1306,1549,1955,2709
ASM003603,EVT015,Krishnagiri,Krishnagiri Response Zone,T+0h,0,227496,193416,178410,223087,633,445,1542,1840
ASM003604,EVT015,Krishnagiri,Krishnagiri Response Zone,T+0h,0,139417,130518,249121,242597,884,843,1393,1280
ASM003605,EVT015,Krishnagiri,Krishnagiri Response Zone,T+0h,0,211374,202618,277213,254705,716,664,1382,1343
ASM003606,EVT015,Krishnagiri,Krishnagiri Response Zone,T+3h,3,112913,123058,179851,205776,479,599,525,584
ASM003607,EVT015,Krishnagiri,Krishnagiri Response Zone,T+3h,3,94428,103070,237678,239626,697,785,2314,3109
ASM003608,EVT015,Krishnagiri,Krishnagiri Response Zone,T+3h,3,179688,162751,239525,262279,727,605,1891,1814
ASM003609,EVT015,Krishnagiri,Krishnagiri Response Zone,T+3h,3,111643,142858,238332,249869,584,753,2906,2890
ASM003610,EVT015,Krishnagiri,Krishnagiri Response Zone,T+3h,3,107101,115541,219293,226000,315,388,721,827
ASM003611,EVT015,Krishnagiri,Krishnagiri Response Zone,T+6h,6,164420,169867,235093,251706,1631,1588,2136,2271
ASM003612,EVT015,Krishnagiri,Krishnagiri Response Zone,T+6h,6,211393,229511,488268,430386,1324,1388,10281,8707
ASM003613,EVT015,Krishnagiri,Krishnagiri Response Zone,T+6h,6,167185,178487,226158,247416,752,758,1646,1775
ASM003614,EVT015,Krishnagiri,Krishnagiri Response Zone,T+6h,6,206158,214423,361406,342356,2272,2495,4615,3843
ASM003615,EVT015,Krishnagiri,Krishnagiri Response Zone,T+6h,6,169688,168068,335581,295103,1313,1251,3895,3315
ASM003616,EVT015,Krishnagiri,Krishnagiri Response Zone,T+12h,12,250316,241827,249899,331187,2861,2478,5327,6843
ASM003617,EVT015,Krishnagiri,Krishnagiri Response Zone,T+12h,12,205969,258049,377015,389252,2057,2861,7327,7905
ASM003618,EVT015,Krishnagiri,Krishnagiri Response Zone,T+12h,12,225902,247301,503934,436692,1961,2447,7565,6859
ASM003619,EVT015,Krishnagiri,Krishnagiri Response Zone,T+12h,12,261153,246948,440063,384101,3115,2759,8381,7009
ASM003620,EVT015,Krishnagiri,Krishnagiri Response Zone,T+12h,12,289984,272228,364465,408715,1979,1700,6460,6890
ASM003621,EVT015,Krishnagiri,Krishnagiri Response Zone,T+24h,24,164774,222912,320802,343774,1379,1908,4881,5166
ASM003622,EVT015,Krishnagiri,Krishnagiri Response Zone,T+24h,24,286045,271366,558422,488608,2173,2035,5110,4964
ASM003623,EVT015,Krishnagiri,Krishnagiri Response Zone,T+24h,24,160745,211623,542502,478311,939,1423,9878,8587
ASM003624,EVT015,Krishnagiri,Krishnagiri Response Zone,T+24h,24,205205,208656,266346,299194,1485,1524,2731,3560
ASM003625,EVT015,Krishnagiri,Krishnagiri Response Zone,T+24h,24,371615,288212,323024,391857,2660,2075,4781,5861
ASM003626,EVT015,Krishnagiri,Krishnagiri Response Zone,T+36h,36,238252,277810,543629,503564,3022,3484,15295,14045
ASM003627,EVT015,Krishnagiri,Krishnagiri Response Zone,T+36h,36,240157,267068,537306,528518,2225,2477,4942,4768
ASM003628,EVT015,Krishnagiri,Krishnagiri Response Zone,T+36h,36,304097,291988,412159,429408,4401,3756,6423,7239
ASM003629,EVT015,Krishnagiri,Krishnagiri Response Zone,T+36h,36,201655,254679,557618,525948,1947,2560,12099,10904
ASM003630,EVT015,Krishnagiri,Krishnagiri Response Zone,T+36h,36,241280,258415,402455,451352,3058,3383,9546,10511
ASM003631,EVT015,Krishnagiri,Krishnagiri Response Zone,T+48h,48,237119,229536,215918,277958,1872,1591,3368,4701
ASM003632,EVT015,Krishnagiri,Krishnagiri Response Zone,T+48h,48,244844,276882,438155,455224,2692,3433,6673,7238
ASM003633,EVT015,Krishnagiri,Krishnagiri Response Zone,T+48h,48,263623,273561,466243,470736,2067,2543,4842,4384
ASM003634,EVT015,Krishnagiri,Krishnagiri Response Zone,T+48h,48,264450,263541,355356,377462,4534,4223,5662,5756
ASM003635,EVT015,Krishnagiri,Krishnagiri Response Zone,T+48h,48,308007,279035,359742,429843,2317,2245,8452,9937
ASM003636,EVT015,Krishnagiri,Krishnagiri Response Zone,T+72h,72,271040,261284,281702,393600,1640,1403,3840,5137
ASM003637,EVT015,Krishnagiri,Krishnagiri Response Zone,T+72h,72,234916,261734,374921,396535,3605,3762,5128,5415
ASM003638,EVT015,Krishnagiri,Krishnagiri Response Zone,T+72h,72,251660,255476,501320,444435,4852,4638,7901,7546
ASM003639,EVT015,Krishnagiri,Krishnagiri Response Zone,T+72h,72,236462,243571,569082,486633,1078,1205,8595,7286
ASM003640,EVT015,Krishnagiri,Krishnagiri Response Zone,T+72h,72,257294,248344,537543,479002,1069,940,2244,1910
ASM003641,EVT015,Erode,Erode Response Zone,T+0h,0,157982,167590,221338,256950,418,494,662,943
ASM003642,EVT015,Erode,Erode Response Zone,T+0h,0,153266,159481,206973,259260,982,1086,2567,3158
ASM003643,EVT015,Erode,Erode Response Zone,T+0h,0,186428,218719,421353,401458,982,1355,3871,3454
ASM003644,EVT015,Erode,Erode Response Zone,T+0h,0,148724,152906,286106,283615,751,772,3022,2997
ASM003645,EVT015,Erode,Erode Response Zone,T+0h,0,130044,145980,270253,264346,535,631,1050,1177
ASM003646,EVT015,Erode,Erode Response Zone,T+3h,3,212257,274970,266254,402291,1179,1513,6097,7971
ASM003647,EVT015,Erode,Erode Response Zone,T+3h,3,190787,192065,230641,241162,688,641,1410,1593
ASM003648,EVT015,Erode,Erode Response Zone,T+3h,3,207903,211240,318754,330724,855,785,4592,4617
ASM003649,EVT015,Erode,Erode Response Zone,T+3h,3,230555,220495,363050,349376,1340,1216,5646,5272
ASM003650,EVT015,Erode,Erode Response Zone,T+3h,3,197867,227471,409752,373185,536,717,3374,3102
ASM003651,EVT015,Erode,Erode Response Zone,T+6h,6,217063,209953,323091,312938,536,564,1801,1691
ASM003652,EVT015,Erode,Erode Response Zone,T+6h,6,218371,201257,353530,330407,1295,1224,5556,5234
ASM003653,EVT015,Erode,Erode Response Zone,T+6h,6,199903,197333,312659,287408,1130,1021,4256,4561
ASM003654,EVT015,Erode,Erode Response Zone,T+6h,6,172121,188246,370615,346580,1559,2213,1396,1303
ASM003655,EVT015,Erode,Erode Response Zone,T+6h,6,177717,171912,296442,293968,809,761,1908,1800
ASM003656,EVT015,Erode,Erode Response Zone,T+12h,12,314225,313885,473999,515728,2863,2789,6082,6769
ASM003657,EVT015,Erode,Erode Response Zone,T+12h,12,283490,323445,418401,465774,1921,1981,10392,10248
ASM003658,EVT015,Erode,Erode Response Zone,T+12h,12,155615,228098,383655,390828,413,861,6128,5799
ASM003659,EVT015,Erode,Erode Response Zone,T+12h,12,281325,301763,482329,479462,1579,1639,6922,7070
ASM003660,EVT015,Erode,Erode Response Zone,T+12h,12,299052,257833,321354,296503,3952,3042,1742,1868
ASM003661,EVT015,Erode,Erode Response Zone,T+24h,24,292656,323520,602292,552990,1678,1724,10720,10055
ASM003662,EVT015,Erode,Erode Response Zone,T+24h,24,289822,328486,765318,748846,1490,1722,4098,3576
ASM003663,EVT015,Erode,Erode Response Zone,T+24h,24,330828,340078,570621,522899,4242,3741,11469,10521
ASM003664,EVT015,Erode,Erode Response Zone,T+24h,24,346787,334546,459490,513302,3357,2872,3912,4372
ASM003665,EVT015,Erode,Erode Response Zone,T+24h,24,402240,348489,662392,569132,2942,2171,6148,5724
ASM003666,EVT015,Erode,Erode Response Zone,T+36h,36,255964,317920,409475,495076,2051,2613,10153,12107
ASM003667,EVT015,Erode,Erode Response Zone,T+36h,36,431611,421312,491017,542441,5645,4901,10586,11570
ASM003668,EVT015,Erode,Erode Response Zone,T+36h,36,419362,404585,680454,616461,2133,2038,6714,7344
ASM003669,EVT015,Erode,Erode Response Zone,T+36h,36,347680,376319,695914,595906,1500,1757,17717,16751
ASM003670,EVT015,Erode,Erode Response Zone,T+36h,36,396340,400302,451513,531338,4941,4531,3898,4344
ASM003671,EVT015,Erode,Erode Response Zone,T+48h,48,420979,367691,533061,540048,6301,5152,8271,8333
ASM003672,EVT015,Erode,Erode Response Zone,T+48h,48,368409,348618,471890,505348,5136,4806,10085,10392
ASM003673,EVT015,Erode,Erode Response Zone,T+48h,48,225099,260727,424678,461437,784,1140,3768,4419
ASM003674,EVT015,Erode,Erode Response Zone,T+48h,48,417155,404563,809637,668490,3177,3193,19000,17194
ASM003675,EVT015,Erode,Erode Response Zone,T+48h,48,325163,331386,674403,572538,2305,2667,7893,7506
ASM003676,EVT015,Erode,Erode Response Zone,T+72h,72,276751,276562,461058,457531,3765,3593,3500,3536
ASM003677,EVT015,Erode,Erode Response Zone,T+72h,72,283217,271229,417999,487169,1131,1036,4485,4729
ASM003678,EVT015,Erode,Erode Response Zone,T+72h,72,270194,273999,344247,395966,3583,3794,5166,5906
ASM003679,EVT015,Erode,Erode Response Zone,T+72h,72,310869,281127,593226,493306,1620,1398,5110,4318
ASM003680,EVT015,Erode,Erode Response Zone,T+72h,72,226342,224603,446845,423124,2723,3005,3111,3196
ASM003681,EVT015,Dindigul,Dindigul Response Zone,T+0h,0,69442,76977,119942,127197,182,249,967,1516
ASM003682,EVT015,Dindigul,Dindigul Response Zone,T+0h,0,117183,119723,242259,228175,597,689,1363,1303
ASM003683,EVT015,Dindigul,Dindigul Response Zone,T+0h,0,148994,152092,217457,220688,1099,1042,1043,1138
ASM003684,EVT015,Dindigul,Dindigul Response Zone,T+0h,0,148458,133238,167888,200897,1273,996,942,1133
ASM003685,EVT015,Dindigul,Dindigul Response Zone,T+0h,0,174266,160012,268957,283612,1409,1277,1630,1662
ASM003686,EVT015,Dindigul,Dindigul Response Zone,T+3h,3,195734,227125,313451,376510,717,823,3011,3582
ASM003687,EVT015,Dindigul,Dindigul Response Zone,T+3h,3,291300,234278,263069,306288,1566,1146,2066,2139
ASM003688,EVT015,Dindigul,Dindigul Response Zone,T+3h,3,136317,136953,210928,221113,531,593,1575,1710
ASM003689,EVT015,Dindigul,Dindigul Response Zone,T+3h,3,223276,194569,250466,250362,1748,1439,4330,4434
ASM003690,EVT015,Dindigul,Dindigul Response Zone,T+3h,3,148638,163384,298774,267859,553,649,4795,4451
ASM003691,EVT015,Dindigul,Dindigul Response Zone,T+6h,6,176882,178191,400285,315728,584,588,3446,2936
ASM003692,EVT015,Dindigul,Dindigul Response Zone,T+6h,6,228490,218824,268755,279195,1365,1188,5538,5275
ASM003693,EVT015,Dindigul,Dindigul Response Zone,T+6h,6,251928,225836,206527,275081,2797,2577,1429,1811
ASM003694,EVT015,Dindigul,Dindigul Response Zone,T+6h,6,245878,240927,197980,279515,745,647,3809,4854
ASM003695,EVT015,Dindigul,Dindigul Response Zone,T+6h,6,254924,244277,325965,320381,2198,1865,5378,5557
ASM003696,EVT015,Dindigul,Dindigul Response Zone,T+12h,12,198900,221306,285618,306292,2158,2452,3641,4171
ASM003697,EVT015,Dindigul,Dindigul Response Zone,T+12h,12,233368,297552,442487,448986,928,1205,11811,11248
ASM003698,EVT015,Dindigul,Dindigul Response Zone,T+12h,12,247390,258447,388617,387830,887,875,8236,7679
ASM003699,EVT015,Dindigul,Dindigul Response Zone,T+12h,12,212933,188198,187229,249673,1435,1298,2165,3007
ASM003700,EVT015,Dindigul,Dindigul Response Zone,T+12h,12,201672,236289,211612,288103,1481,1697,4344,5397
ASM003701,EVT015,Dindigul,Dindigul Response Zone,T+24h,24,318007,282635,457593,443362,3462,3048,4758,4413
ASM003702,EVT015,Dindigul,Dindigul Response Zone,T+24h,24,295264,249680,399610,375455,2965,2104,6148,5561
ASM003703,EVT015,Dindigul,Dindigul Response Zone,T+24h,24,175594,207938,323345,345807,1588,1772,2742,3248
ASM003704,EVT015,Dindigul,Dindigul Response Zone,T+24h,24,226199,266570,309229,383815,1328,1622,6711,8567
ASM003705,EVT015,Dindigul,Dindigul Response Zone,T+24h,24,235364,243980,461749,442147,1541,1523,2414,2267
ASM003706,EVT015,Dindigul,Dindigul Response Zone,T+36h,36,317422,322677,688942,574070,3876,3669,9612,8959
ASM003707,EVT015,Dindigul,Dindigul Response Zone,T+36h,36,267439,293992,533581,548267,2227,2589,5469,5107
ASM003708,EVT015,Dindigul,Dindigul Response Zone,T+36h,36,349672,295374,372935,441798,2006,1798,6882,7367
ASM003709,EVT015,Dindigul,Dindigul Response Zone,T+36h,36,318360,313806,508358,501026,1853,1851,7421,7662
ASM003710,EVT015,Dindigul,Dindigul Response Zone,T+36h,36,267375,270966,326113,408082,1476,1510,6032,6754
ASM003711,EVT015,Dindigul,Dindigul Response Zone,T+48h,48,204446,260919,630818,529261,1062,1254,15565,12555
ASM003712,EVT015,Dindigul,Dindigul Response Zone,T+48h,48,210338,258973,469862,496062,1120,1252,4470,4445
ASM003713,EVT015,Dindigul,Dindigul Response Zone,T+48h,48,259119,248775,268294,400941,1934,1711,1806,2568
ASM003714,EVT015,Dindigul,Dindigul Response Zone,T+48h,48,154220,235282,378906,381315,2084,3031,4520,4992
ASM003715,EVT015,Dindigul,Dindigul Response Zone,T+48h,48,305064,278674,490721,450489,4347,4264,10878,9812
ASM003716,EVT015,Dindigul,Dindigul Response Zone,T+72h,72,215511,225033,358863,367763,1996,2491,5748,5543
ASM003717,EVT015,Dindigul,Dindigul Response Zone,T+72h,72,421839,338453,345517,372013,5662,4615,2268,2363
ASM003718,EVT015,Dindigul,Dindigul Response Zone,T+72h,72,456410,365078,387469,454272,6363,5429,9276,11008
ASM003719,EVT015,Dindigul,Dindigul Response Zone,T+72h,72,230902,238021,483902,469419,2573,2881,7245,7150
ASM003720,EVT015,Dindigul,Dindigul Response Zone,T+72h,72,227488,222594,342152,389445,2843,2919,3507,3546
ASM003721,EVT015,Salem,Salem Response Zone,T+0h,0,219397,209817,161647,237139,1098,919,711,1185
ASM003722,EVT015,Salem,Salem Response Zone,T+0h,0,260451,211067,270416,256585,2945,2654,2343,2826
ASM003723,EVT015,Salem,Salem Response Zone,T+0h,0,127725,168282,377592,313345,421,630,4874,4157
ASM003724,EVT015,Salem,Salem Response Zone,T+0h,0,136667,170676,290554,313861,554,773,2438,2895
ASM003725,EVT015,Salem,Salem Response Zone,T+0h,0,146449,157921,407212,331666,965,1042,3540,3210
ASM003726,EVT015,Salem,Salem Response Zone,T+3h,3,267658,255006,414623,385231,1462,1331,3246,3045
ASM003727,EVT015,Salem,Salem Response Zone,T+3h,3,291254,285699,475170,461754,2917,2854,9745,9685
ASM003728,EVT015,Salem,Salem Response Zone,T+3h,3,310926,278988,369920,431555,2479,2161,2526,2584
ASM003729,EVT015,Salem,Salem Response Zone,T+3h,3,175150,215214,353487,370890,1441,2260,3863,4377
ASM003730,EVT015,Salem,Salem Response Zone,T+3h,3,171056,246001,403594,478067,685,1193,2971,3089
ASM003731,EVT015,Salem,Salem Response Zone,T+6h,6,394760,353067,489677,525263,2219,1939,9262,10276
ASM003732,EVT015,Salem,Salem Response Zone,T+6h,6,209074,245041,466795,416241,855,1026,7872,7459
ASM003733,EVT015,Salem,Salem Response Zone,T+6h,6,154248,238152,285010,358173,703,1127,2583,3094
ASM003734,EVT015,Salem,Salem Response Zone,T+6h,6,267490,286172,322030,427234,1241,1328,4830,4980
ASM003735,EVT015,Salem,Salem Response Zone,T+6h,6,282283,257309,287510,369502,2897,2428,3606,4556
ASM003736,EVT015,Salem,Salem Response Zone,T+12h,12,262610,298190,707236,530750,1306,1475,8839,7217
ASM003737,EVT015,Salem,Salem Response Zone,T+12h,12,284601,308685,562868,639345,988,1269,3033,2952
ASM003738,EVT015,Salem,Salem Response Zone,T+12h,12,266066,302682,480250,475855,670,787,9320,10001
ASM003739,EVT015,Salem,Salem Response Zone,T+12h,12,228531,251979,291298,398127,606,646,2341,2928
ASM003740,EVT015,Salem,Salem Response Zone,T+12h,12,234440,304834,561706,548346,508,691,5305,5002
ASM003741,EVT015,Salem,Salem Response Zone,T+24h,24,264849,321690,528499,522246,3010,3576,9874,10134
ASM003742,EVT015,Salem,Salem Response Zone,T+24h,24,320472,308639,533645,511020,2563,2203,8818,9157
ASM003743,EVT015,Salem,Salem Response Zone,T+24h,24,358834,347255,450735,535661,1450,1475,4804,6137
ASM003744,EVT015,Salem,Salem Response Zone,T+24h,24,334623,355854,593009,565618,2771,2712,11734,10922
ASM003745,EVT015,Salem,Salem Response Zone,T+24h,24,296701,342946,564889,558863,1752,2423,4558,5037
ASM003746,EVT015,Salem,Salem Response Zone,T+36h,36,371415,378547,532808,616934,3189,3484,4016,4402
ASM003747,EVT015,Salem,Salem Response Zone,T+36h,36,261819,368069,813778,826499,2067,3312,13921,13141
ASM003748,EVT015,Salem,Salem Response Zone,T+36h,36,375943,384853,432151,538941,1232,1270,6421,8283
ASM003749,EVT015,Salem,Salem Response Zone,T+36h,36,491422,420926,703597,645821,2696,2341,8579,7450
ASM003750,EVT015,Salem,Salem Response Zone,T+36h,36,270391,354782,713443,709296,1272,1759,3352,3421
ASM003751,EVT015,Salem,Salem Response Zone,T+48h,48,289725,331768,434136,553443,3625,3948,2559,3013
ASM003752,EVT015,Salem,Salem Response Zone,T+48h,48,360564,348397,456339,533595,4121,3711,3529,3628
ASM003753,EVT015,Salem,Salem Response Zone,T+48h,48,389973,340871,512011,522290,4693,4381,9443,10254
ASM003754,EVT015,Salem,Salem Response Zone,T+48h,48,273261,316260,535261,543869,4412,5078,4990,5305
ASM003755,EVT015,Salem,Salem Response Zone,T+48h,48,275846,313017,513130,553541,2359,2679,3795,3549
ASM003756,EVT015,Salem,Salem Response Zone,T+72h,72,247829,347195,680575,636557,1084,1519,7156,6807
ASM003757,EVT015,Salem,Salem Response Zone,T+72h,72,295455,285459,745361,621428,5427,5389,4530,3643
ASM003758,EVT015,Salem,Salem Response Zone,T+72h,72,489458,395547,516688,518800,3685,2822,10394,10340
ASM003759,EVT015,Salem,Salem Response Zone,T+72h,72,389838,387517,407740,526664,3595,3635,4673,6006
ASM003760,EVT015,Salem,Salem Response Zone,T+72h,72,396802,412952,857693,847979,4782,5252,13524,12637
ASM003761,EVT016,Nilgiris,Nilgiris Response Zone,T+0h,0,40846,61640,92287,90420,257,248,243,268
ASM003762,EVT016,Nilgiris,Nilgiris Response Zone,T+0h,0,22439,57129,41398,96136,108,111,168,457
ASM003763,EVT016,Nilgiris,Nilgiris Response Zone,T+0h,0,23379,58342,33197,88817,190,242,83,259
ASM003764,EVT016,Nilgiris,Nilgiris Response Zone,T+0h,0,36430,60428,48859,90801,317,277,347,954
ASM003765,EVT016,Nilgiris,Nilgiris Response Zone,T+0h,0,11405,54641,13666,96399,26,84,24,160
ASM003766,EVT016,Nilgiris,Nilgiris Response Zone,T+3h,3,35535,59104,68734,101098,269,284,576,1192
ASM003767,EVT016,Nilgiris,Nilgiris Response Zone,T+3h,3,7554,60913,10838,104188,28,96,23,261
ASM003768,EVT016,Nilgiris,Nilgiris Response Zone,T+3h,3,42283,58735,49228,91578,136,145,359,992
ASM003769,EVT016,Nilgiris,Nilgiris Response Zone,T+3h,3,33169,52423,34964,86816,296,282,92,265
ASM003770,EVT016,Nilgiris,Nilgiris Response Zone,T+3h,3,18535,54536,33559,97388,134,158,92,274
ASM003771,EVT016,Nilgiris,Nilgiris Response Zone,T+6h,6,41282,59853,48157,86472,199,205,340,937
ASM003772,EVT016,Nilgiris,Nilgiris Response Zone,T+6h,6,25716,48723,44399,92563,209,338,87,182
ASM003773,EVT016,Nilgiris,Nilgiris Response Zone,T+6h,6,20342,58565,38627,95742,128,204,145,469
ASM003774,EVT016,Nilgiris,Nilgiris Response Zone,T+6h,6,16914,61296,24042,96422,79,164,57,262
ASM003775,EVT016,Nilgiris,Nilgiris Response Zone,T+6h,6,29060,58851,76966,91172,105,239,515,956
ASM003776,EVT016,Nilgiris,Nilgiris Response Zone,T+12h,12,23776,55133,33683,92901,91,239,118,430
ASM003777,EVT016,Nilgiris,Nilgiris Response Zone,T+12h,12,14862,59241,26795,95728,125,336,140,552
ASM003778,EVT016,Nilgiris,Nilgiris Response Zone,T+12h,12,22023,56343,76483,92372,51,237,165,258
ASM003779,EVT016,Nilgiris,Nilgiris Response Zone,T+12h,12,20805,60824,54248,92137,56,239,121,255
ASM003780,EVT016,Nilgiris,Nilgiris Response Zone,T+12h,12,41417,55699,60722,86273,422,495,232,490
ASM003781,EVT016,Nilgiris,Nilgiris Response Zone,T+24h,24,46327,72006,115562,129185,423,443,1171,1369
ASM003782,EVT016,Nilgiris,Nilgiris Response Zone,T+24h,24,34967,70204,103684,124782,315,383,762,1237
ASM003783,EVT016,Nilgiris,Nilgiris Response Zone,T+24h,24,34977,80836,67297,111752,347,461,328,588
ASM003784,EVT016,Nilgiris,Nilgiris Response Zone,T+24h,24,34313,78329,77224,121067,218,334,345,596
ASM003785,EVT016,Nilgiris,Nilgiris Response Zone,T+24h,24,53446,81996,61874,111735,379,344,178,438
ASM003786,EVT016,Nilgiris,Nilgiris Response Zone,T+36h,36,42013,65862,75090,101946,160,275,236,498
ASM003787,EVT016,Nilgiris,Nilgiris Response Zone,T+36h,36,23986,62440,36873,87873,109,266,142,554
ASM003788,EVT016,Nilgiris,Nilgiris Response Zone,T+36h,36,33286,62717,68363,93094,352,507,190,443
ASM003789,EVT016,Nilgiris,Nilgiris Response Zone,T+36h,36,25502,62859,46849,108811,275,318,162,507
ASM003790,EVT016,Nilgiris,Nilgiris Response Zone,T+36h,36,59094,71395,89328,107220,394,334,507,988
ASM003791,EVT016,Nilgiris,Nilgiris Response Zone,T+48h,48,48672,69215,81325,124121,518,393,710,1383
ASM003792,EVT016,Nilgiris,Nilgiris Response Zone,T+48h,48,39494,65010,55922,119714,317,349,387,1242
ASM003793,EVT016,Nilgiris,Nilgiris Response Zone,T+48h,48,34239,61598,45472,114665,374,309,294,1078
ASM003794,EVT016,Nilgiris,Nilgiris Response Zone,T+48h,48,21705,63712,33282,96013,178,273,71,277
ASM003795,EVT016,Nilgiris,Nilgiris Response Zone,T+48h,48,47557,73360,74518,112892,435,360,344,565
ASM003796,EVT016,Nilgiris,Nilgiris Response Zone,T+72h,72,43305,72161,98294,119669,501,458,174,264
ASM003797,EVT016,Nilgiris,Nilgiris Response Zone,T+72h,72,24754,59378,31882,96580,143,269,126,525
ASM003798,EVT016,Nilgiris,Nilgiris Response Zone,T+72h,72,48174,68006,73785,129170,214,309,695,1403
ASM003799,EVT016,Nilgiris,Nilgiris Response Zone,T+72h,72,38928,74242,103674,133891,524,689,771,1262
ASM003800,EVT016,Nilgiris,Nilgiris Response Zone,T+72h,72,38653,72619,71041,119585,649,811,253,496
ASM003801,EVT016,Coimbatore,Coimbatore Response Zone,T+0h,0,102988,127121,252232,221158,640,876,1890,2996
ASM003802,EVT016,Coimbatore,Coimbatore Response Zone,T+0h,0,86928,126940,179788,206882,606,930,359,871
ASM003803,EVT016,Coimbatore,Coimbatore Response Zone,T+0h,0,122791,166632,273873,279772,979,1406,2162,3111
ASM003804,EVT016,Coimbatore,Coimbatore Response Zone,T+0h,0,138418,128319,197203,221083,867,704,725,1408
ASM003805,EVT016,Coimbatore,Coimbatore Response Zone,T+0h,0,67010,67911,148179,145888,361,511,419,1200
ASM003806,EVT016,Coimbatore,Coimbatore Response Zone,T+3h,3,142633,131485,141173,217112,1370,1094,649,1769
ASM003807,EVT016,Coimbatore,Coimbatore Response Zone,T+3h,3,50398,52473,72239,87309,165,170,103,494
ASM003808,EVT016,Coimbatore,Coimbatore Response Zone,T+3h,3,35783,50347,92235,92670,292,557,209,1141
ASM003809,EVT016,Coimbatore,Coimbatore Response Zone,T+3h,3,126493,107376,208155,214797,901,747,1402,3054
ASM003810,EVT016,Coimbatore,Coimbatore Response Zone,T+3h,3,60820,54483,121401,89865,501,400,250,1087
ASM003811,EVT016,Coimbatore,Coimbatore Response Zone,T+6h,6,104435,138887,177654,209655,885,1270,532,1225
ASM003812,EVT016,Coimbatore,Coimbatore Response Zone,T+6h,6,87139,79570,181850,136080,510,542,919,2795
ASM003813,EVT016,Coimbatore,Coimbatore Response Zone,T+6h,6,124785,171679,196316,255935,962,1184,1012,2479
ASM003814,EVT016,Coimbatore,Coimbatore Response Zone,T+6h,6,124733,136627,281151,227524,498,561,1960,3525
ASM003815,EVT016,Coimbatore,Coimbatore Response Zone,T+6h,6,106031,133565,265280,218740,537,822,1325,2522
ASM003816,EVT016,Coimbatore,Coimbatore Response Zone,T+12h,12,112112,168358,199751,286838,315,592,1883,3575
ASM003817,EVT016,Coimbatore,Coimbatore Response Zone,T+12h,12,46294,54331,83479,92155,209,304,101,462
ASM003818,EVT016,Coimbatore,Coimbatore Response Zone,T+12h,12,42712,52494,65179,92490,200,277,40,271
ASM003819,EVT016,Coimbatore,Coimbatore Response Zone,T+12h,12,54805,52760,108654,91978,429,521,192,898
ASM003820,EVT016,Coimbatore,Coimbatore Response Zone,T+12h,12,48502,64572,91359,96219,234,409,113,510
ASM003821,EVT016,Coimbatore,Coimbatore Response Zone,T+24h,24,162168,188469,270979,311682,1606,1483,1238,2707
ASM003822,EVT016,Coimbatore,Coimbatore Response Zone,T+24h,24,76961,73743,173697,131173,282,340,279,1014
ASM003823,EVT016,Coimbatore,Coimbatore Response Zone,T+24h,24,105987,93610,176374,159889,606,665,406,1229
ASM003824,EVT016,Coimbatore,Coimbatore Response Zone,T+24h,24,190961,188021,393536,349316,1642,1643,3465,4462
ASM003825,EVT016,Coimbatore,Coimbatore Response Zone,T+24h,24,158752,178460,292713,349499,516,685,859,1847
ASM003826,EVT016,Coimbatore,Coimbatore Response Zone,T+36h,36,231298,183999,474240,353360,3527,2437,3483,4210
ASM003827,EVT016,Coimbatore,Coimbatore Response Zone,T+36h,36,114540,146885,200690,257437,307,497,467,1343
ASM003828,EVT016,Coimbatore,Coimbatore Response Zone,T+36h,36,195589,187716,255660,321670,1459,1370,1416,3876
ASM003829,EVT016,Coimbatore,Coimbatore Response Zone,T+36h,36,213675,147239,415325,330146,3179,2251,1837,3550
ASM003830,EVT016,Coimbatore,Coimbatore Response Zone,T+36h,36,182473,146093,240411,323218,817,755,477,1226
ASM003831,EVT016,Coimbatore,Coimbatore Response Zone,T+48h,48,117316,126820,316332,234698,973,1069,1779,3337
ASM003832,EVT016,Coimbatore,Coimbatore Response Zone,T+48h,48,161437,188663,394332,353847,911,1082,2983,4014
ASM003833,EVT016,Coimbatore,Coimbatore Response Zone,T+48h,48,181695,140710,242780,272218,3227,3178,1187,3207
ASM003834,EVT016,Coimbatore,Coimbatore Response Zone,T+48h,48,58791,90525,82170,137918,218,334,147,1149
ASM003835,EVT016,Coimbatore,Coimbatore Response Zone,T+48h,48,111828,142821,227374,233798,1249,1253,1371,3367
ASM003836,EVT016,Coimbatore,Coimbatore Response Zone,T+72h,72,164521,195420,322853,348290,2265,3187,2778,4055
ASM003837,EVT016,Coimbatore,Coimbatore Response Zone,T+72h,72,195973,138060,359690,235644,3134,2965,2181,3804
ASM003838,EVT016,Coimbatore,Coimbatore Response Zone,T+72h,72,185880,179988,440289,334347,2535,2907,2810,3975
ASM003839,EVT016,Coimbatore,Coimbatore Response Zone,T+72h,72,94792,117411,165397,243269,869,1144,385,1219
ASM003840,EVT016,Coimbatore,Coimbatore Response Zone,T+72h,72,172529,185939,398601,336427,2223,3323,3761,4894
ASM003841,EVT016,Dharmapuri,Dharmapuri Response Zone,T+0h,0,68190,76260,149736,130894,284,382,677,1123
ASM003842,EVT016,Dharmapuri,Dharmapuri Response Zone,T+0h,0,8283,58896,20188,102060,29,84,7,129
ASM003843,EVT016,Dharmapuri,Dharmapuri Response Zone,T+0h,0,80019,72602,116911,102069,358,276,392,845
ASM003844,EVT016,Dharmapuri,Dharmapuri Response Zone,T+0h,0,53081,70568,64926,124269,165,237,132,451
ASM003845,EVT016,Dharmapuri,Dharmapuri Response Zone,T+0h,0,62853,48130,68409,92319,256,160,130,439
ASM003846,EVT016,Dharmapuri,Dharmapuri Response Zone,T+3h,3,46384,50094,45232,95009,360,293,57,262
ASM003847,EVT016,Dharmapuri,Dharmapuri Response Zone,T+3h,3,33565,53543,41769,94673,324,236,129,800
ASM003848,EVT016,Dharmapuri,Dharmapuri Response Zone,T+3h,3,28072,57788,61441,90291,100,115,51,133
ASM003849,EVT016,Dharmapuri,Dharmapuri Response Zone,T+3h,3,40063,50809,68755,88441,345,384,76,250
ASM003850,EVT016,Dharmapuri,Dharmapuri Response Zone,T+3h,3,56316,69279,159536,126113,249,407,1178,1426
ASM003851,EVT016,Dharmapuri,Dharmapuri Response Zone,T+6h,6,71128,73132,140792,135548,615,706,982,1441
ASM003852,EVT016,Dharmapuri,Dharmapuri Response Zone,T+6h,6,60198,57288,61071,88475,377,356,136,468
ASM003853,EVT016,Dharmapuri,Dharmapuri Response Zone,T+6h,6,82228,55948,55965,103273,333,243,254,1148
ASM003854,EVT016,Dharmapuri,Dharmapuri Response Zone,T+6h,6,48677,58163,100484,103890,357,564,572,1234
ASM003855,EVT016,Dharmapuri,Dharmapuri Response Zone,T+6h,6,17917,51730,28234,83785,43,123,35,267
ASM003856,EVT016,Dharmapuri,Dharmapuri Response Zone,T+12h,12,61060,83688,76777,112174,713,1295,217,597
ASM003857,EVT016,Dharmapuri,Dharmapuri Response Zone,T+12h,12,52079,83470,70285,125667,218,411,340,1186
ASM003858,EVT016,Dharmapuri,Dharmapuri Response Zone,T+12h,12,62463,69984,72682,111650,600,656,446,1306
ASM003859,EVT016,Dharmapuri,Dharmapuri Response Zone,T+12h,12,60428,85311,108323,138362,342,554,926,2034
ASM003860,EVT016,Dharmapuri,Dharmapuri Response Zone,T+12h,12,79241,83455,153471,135567,503,655,798,1296
ASM003861,EVT016,Dharmapuri,Dharmapuri Response Zone,T+24h,24,74621,88336,148925,140921,775,1293,1097,2071
ASM003862,EVT016,Dharmapuri,Dharmapuri Response Zone,T+24h,24,61290,86974,175852,121916,536,702,502,995
ASM003863,EVT016,Dharmapuri,Dharmapuri Response Zone,T+24h,24,72575,81800,99863,140309,913,1252,746,2347
ASM003864,EVT016,Dharmapuri,Dharmapuri Response Zone,T+24h,24,90048,93504,193303,144724,1090,1342,1355,2563
ASM003865,EVT016,Dharmapuri,Dharmapuri Response Zone,T+24h,24,82964,86534,152652,147494,484,587,751,1389
ASM003866,EVT016,Dharmapuri,Dharmapuri Response Zone,T+36h,36,62582,79397,146822,144421,634,1139,768,1498
ASM003867,EVT016,Dharmapuri,Dharmapuri Response Zone,T+36h,36,50606,75491,71670,105579,646,674,185,691
ASM003868,EVT016,Dharmapuri,Dharmapuri Response Zone,T+36h,36,110172,89590,181809,138055,1121,735,1395,3589
ASM003869,EVT016,Dharmapuri,Dharmapuri Response Zone,T+36h,36,48637,66563,86185,104055,288,359,224,706
ASM003870,EVT016,Dharmapuri,Dharmapuri Response Zone,T+36h,36,111687,86484,124830,154102,858,736,433,977
ASM003871,EVT016,Dharmapuri,Dharmapuri Response Zone,T+48h,48,38358,70389,84208,112023,372,511,209,596
ASM003872,EVT016,Dharmapuri,Dharmapuri Response Zone,T+48h,48,73127,72720,117258,129282,761,743,739,1842
ASM003873,EVT016,Dharmapuri,Dharmapuri Response Zone,T+48h,48,38493,60796,97526,122610,326,390,396,1236
ASM003874,EVT016,Dharmapuri,Dharmapuri Response Zone,T+48h,48,48474,77586,81208,113675,463,825,126,483
ASM003875,EVT016,Dharmapuri,Dharmapuri Response Zone,T+48h,48,60780,73038,121206,112125,450,489,638,1356
ASM003876,EVT016,Dharmapuri,Dharmapuri Response Zone,T+72h,72,78094,77996,117504,125458,1491,1209,556,1402
ASM003877,EVT016,Dharmapuri,Dharmapuri Response Zone,T+72h,72,35146,58201,49449,95672,399,283,114,599
ASM003878,EVT016,Dharmapuri,Dharmapuri Response Zone,T+72h,72,70974,78638,161353,126018,513,417,1131,1991
ASM003879,EVT016,Dharmapuri,Dharmapuri Response Zone,T+72h,72,67587,92511,186837,136443,446,769,648,1102
ASM003880,EVT016,Dharmapuri,Dharmapuri Response Zone,T+72h,72,88503,81772,156433,144124,382,368,706,1370
ASM003881,EVT016,Krishnagiri,Krishnagiri Response Zone,T+0h,0,72657,74719,116566,110171,585,591,482,1141
ASM003882,EVT016,Krishnagiri,Krishnagiri Response Zone,T+0h,0,40773,61021,70446,104044,315,364,317,1272
ASM003883,EVT016,Krishnagiri,Krishnagiri Response Zone,T+0h,0,44419,60614,109799,106552,310,615,456,1112
ASM003884,EVT016,Krishnagiri,Krishnagiri Response Zone,T+0h,0,13244,61926,16388,96457,37,95,29,440
ASM003885,EVT016,Krishnagiri,Krishnagiri Response Zone,T+0h,0,27394,62189,41884,99051,215,269,123,866
ASM003886,EVT016,Krishnagiri,Krishnagiri Response Zone,T+3h,3,77671,76543,74374,105337,383,366,209,547
ASM003887,EVT016,Krishnagiri,Krishnagiri Response Zone,T+3h,3,46019,75160,156101,109936,344,769,622,1132
ASM003888,EVT016,Krishnagiri,Krishnagiri Response Zone,T+3h,3,51603,62774,81996,105121,342,421,137,418
ASM003889,EVT016,Krishnagiri,Krishnagiri Response Zone,T+3h,3,68460,74539,104268,109209,437,503,749,1574
ASM003890,EVT016,Krishnagiri,Krishnagiri Response Zone,T+3h,3,87841,75161,148516,118229,643,551,843,1307
ASM003891,EVT016,Krishnagiri,Krishnagiri Response Zone,T+6h,6,41345,61913,62276,91172,288,265,65,253
ASM003892,EVT016,Krishnagiri,Krishnagiri Response Zone,T+6h,6,55813,61903,58680,97650,417,412,166,576
ASM003893,EVT016,Krishnagiri,Krishnagiri Response Zone,T+6h,6,42219,63868,76712,95257,185,291,285,999
ASM003894,EVT016,Krishnagiri,Krishnagiri Response Zone,T+6h,6,35520,58805,78417,91375,213,431,374,1237
ASM003895,EVT016,Krishnagiri,Krishnagiri Response Zone,T+6h,6,33648,60523,38449,94613,116,110,148,1123
ASM003896,EVT016,Krishnagiri,Krishnagiri Response Zone,T+12h,12,89929,78356,101555,136983,410,361,815,2172
ASM003897,EVT016,Krishnagiri,Krishnagiri Response Zone,T+12h,12,71752,62650,82891,95634,766,557,328,1163
ASM003898,EVT016,Krishnagiri,Krishnagiri Response Zone,T+12h,12,50258,59725,67617,102050,170,229,314,1262
ASM003899,EVT016,Krishnagiri,Krishnagiri Response Zone,T+12h,12,61337,65312,62940,106203,656,639,382,1573
ASM003900,EVT016,Krishnagiri,Krishnagiri Response Zone,T+12h,12,85263,79215,173802,138576,456,454,1428,1949
ASM003901,EVT016,Krishnagiri,Krishnagiri Response Zone,T+24h,24,44887,77198,81013,122617,442,551,253,1118
ASM003902,EVT016,Krishnagiri,Krishnagiri Response Zone,T+24h,24,74189,81216,129001,117630,235,365,733,1881
ASM003903,EVT016,Krishnagiri,Krishnagiri Response Zone,T+24h,24,85402,79036,114756,121542,1023,737,238,687
ASM003904,EVT016,Krishnagiri,Krishnagiri Response Zone,T+24h,24,82066,99397,135442,139565,568,1105,433,1053
ASM003905,EVT016,Krishnagiri,Krishnagiri Response Zone,T+24h,24,117422,85106,160242,136262,872,627,857,1796
ASM003906,EVT016,Krishnagiri,Krishnagiri Response Zone,T+36h,36,93933,96623,157205,138373,732,1461,1431,2991
ASM003907,EVT016,Krishnagiri,Krishnagiri Response Zone,T+36h,36,132791,102867,141779,149094,1509,1666,1306,4713
ASM003908,EVT016,Krishnagiri,Krishnagiri Response Zone,T+36h,36,51826,82464,125358,113328,378,700,220,477
ASM003909,EVT016,Krishnagiri,Krishnagiri Response Zone,T+36h,36,98795,91124,213496,129135,665,652,1097,1541
ASM003910,EVT016,Krishnagiri,Krishnagiri Response Zone,T+36h,36,82346,96850,187448,144340,582,950,400,567
ASM003911,EVT016,Krishnagiri,Krishnagiri Response Zone,T+48h,48,59975,85913,173453,123862,566,846,1116,2121
ASM003912,EVT016,Krishnagiri,Krishnagiri Response Zone,T+48h,48,77789,78463,109846,114305,812,806,390,1175
ASM003913,EVT016,Krishnagiri,Krishnagiri Response Zone,T+48h,48,56370,75539,52164,112862,1080,815,174,1149
ASM003914,EVT016,Krishnagiri,Krishnagiri Response Zone,T+48h,48,66649,88817,198575,126460,1088,1541,1474,2879
ASM003915,EVT016,Krishnagiri,Krishnagiri Response Zone,T+48h,48,38312,72574,143149,107253,436,687,357,799
ASM003916,EVT016,Krishnagiri,Krishnagiri Response Zone,T+72h,72,97961,101952,240261,139024,1069,1275,709,1091
ASM003917,EVT016,Krishnagiri,Krishnagiri Response Zone,T+72h,72,42335,70086,67462,104123,557,512,172,933
ASM003918,EVT016,Krishnagiri,Krishnagiri Response Zone,T+72h,72,110153,96441,126366,139506,1165,1049,282,619
ASM003919,EVT016,Krishnagiri,Krishnagiri Response Zone,T+72h,72,120416,93356,135031,155919,1134,817,997,3166
ASM003920,EVT016,Krishnagiri,Krishnagiri Response Zone,T+72h,72,88121,90854,98573,140477,884,935,784,2933
ASM003921,EVT016,Erode,Erode Response Zone,T+0h,0,20103,57103,21830,94913,175,102,26,386
ASM003922,EVT016,Erode,Erode Response Zone,T+0h,0,87982,87413,195193,126649,772,663,259,454
ASM003923,EVT016,Erode,Erode Response Zone,T+0h,0,77340,82319,122111,128189,256,295,242,496
ASM003924,EVT016,Erode,Erode Response Zone,T+0h,0,25949,61521,64565,98413,158,281,190,1176
ASM003925,EVT016,Erode,Erode Response Zone,T+0h,0,80132,79154,188214,129703,295,346,829,1209
ASM003926,EVT016,Erode,Erode Response Zone,T+3h,3,86873,88049,134406,126480,494,591,880,1708
ASM003927,EVT016,Erode,Erode Response Zone,T+3h,3,105082,88962,222620,121285,856,757,619,940
ASM003928,EVT016,Erode,Erode Response Zone,T+3h,3,100077,88428,244496,125661,902,922,1901,3027
ASM003929,EVT016,Erode,Erode Response Zone,T+3h,3,82274,109747,166844,214488,319,526,1260,2796
ASM003930,EVT016,Erode,Erode Response Zone,T+3h,3,83890,81947,107675,120787,622,685,270,859
ASM003931,EVT016,Erode,Erode Response Zone,T+6h,6,67210,60639,113892,86556,253,263,530,1426
ASM003932,EVT016,Erode,Erode Response Zone,T+6h,6,152703,111406,160476,217909,1314,819,431,865
ASM003933,EVT016,Erode,Erode Response Zone,T+6h,6,57095,61635,59614,91145,370,344,227,1282
ASM003934,EVT016,Erode,Erode Response Zone,T+6h,6,131715,113790,241325,217517,918,779,1025,1245
ASM003935,EVT016,Erode,Erode Response Zone,T+6h,6,27825,57812,57812,90172,76,99,87,445
ASM003936,EVT016,Erode,Erode Response Zone,T+12h,12,74723,72478,114193,109778,580,579,435,1254
ASM003937,EVT016,Erode,Erode Response Zone,T+12h,12,127992,113883,113388,173263,1517,1077,586,1698
ASM003938,EVT016,Erode,Erode Response Zone,T+12h,12,73564,96070,112700,131603,401,696,893,2976
ASM003939,EVT016,Erode,Erode Response Zone,T+12h,12,52745,64507,95264,88101,328,399,453,1513
ASM003940,EVT016,Erode,Erode Response Zone,T+12h,12,57287,73611,93201,99916,167,303,201,661
ASM003941,EVT016,Erode,Erode Response Zone,T+24h,24,114238,100385,159246,142481,605,632,460,1281
ASM003942,EVT016,Erode,Erode Response Zone,T+24h,24,98143,91052,163241,113871,955,753,172,453
ASM003943,EVT016,Erode,Erode Response Zone,T+24h,24,116253,132426,273476,243395,1203,1724,2372,4068
ASM003944,EVT016,Erode,Erode Response Zone,T+24h,24,57189,90626,220793,140103,546,1448,850,1488
ASM003945,EVT016,Erode,Erode Response Zone,T+24h,24,104972,119823,155105,200948,1161,1434,1022,3227
ASM003946,EVT016,Erode,Erode Response Zone,T+36h,36,119653,87767,156858,144339,1520,1156,554,1263
ASM003947,EVT016,Erode,Erode Response Zone,T+36h,36,114218,94520,217193,151935,361,400,1523,3314
ASM003948,EVT016,Erode,Erode Response Zone,T+36h,36,141036,121707,240936,244312,1178,1255,990,1789
ASM003949,EVT016,Erode,Erode Response Zone,T+36h,36,120647,119828,314384,235508,1460,1505,1185,1319
ASM003950,EVT016,Erode,Erode Response Zone,T+36h,36,95016,122974,224006,241577,273,450,729,1407
ASM003951,EVT016,Erode,Erode Response Zone,T+48h,48,82217,84788,193663,113455,1155,1182,237,493
ASM003952,EVT016,Erode,Erode Response Zone,T+48h,48,111529,120947,241971,248569,972,1337,532,1000
ASM003953,EVT016,Erode,Erode Response Zone,T+48h,48,197026,125812,285148,269446,2363,1438,1743,3753
ASM003954,EVT016,Erode,Erode Response Zone,T+48h,48,149194,123261,196903,296202,844,746,387,926
ASM003955,EVT016,Erode,Erode Response Zone,T+48h,48,117940,122199,224097,249598,730,767,1080,2140
ASM003956,EVT016,Erode,Erode Response Zone,T+72h,72,101202,116980,252170,236600,1509,2040,1989,3388
ASM003957,EVT016,Erode,Erode Response Zone,T+72h,72,110197,114208,276478,173738,1185,1295,553,949
ASM003958,EVT016,Erode,Erode Response Zone,T+72h,72,122260,121607,257765,246969,564,624,802,1253
ASM003959,EVT016,Erode,Erode Response Zone,T+72h,72,115053,89788,150533,150797,2232,1342,254,570
ASM003960,EVT016,Erode,Erode Response Zone,T+72h,72,82471,78645,203815,145453,1147,1068,1075,2378
ASM003961,EVT016,Dindigul,Dindigul Response Zone,T+0h,0,62654,74220,69214,114835,168,273,537,1651
ASM003962,EVT016,Dindigul,Dindigul Response Zone,T+0h,0,117726,78394,87633,133525,1095,684,322,947
ASM003963,EVT016,Dindigul,Dindigul Response Zone,T+0h,0,23236,48871,41821,93116,102,99,43,255
ASM003964,EVT016,Dindigul,Dindigul Response Zone,T+0h,0,13004,50907,17308,93329,36,93,10,130
ASM003965,EVT016,Dindigul,Dindigul Response Zone,T+0h,0,25584,60358,53190,98883,159,205,114,489
ASM003966,EVT016,Dindigul,Dindigul Response Zone,T+3h,3,64404,48657,94373,89590,338,335,255,582
ASM003967,EVT016,Dindigul,Dindigul Response Zone,T+3h,3,61986,66906,102857,95831,319,329,216,466
ASM003968,EVT016,Dindigul,Dindigul Response Zone,T+3h,3,18864,57493,35228,91905,152,288,79,511
ASM003969,EVT016,Dindigul,Dindigul Response Zone,T+3h,3,56906,61024,71189,88962,683,408,237,1002
ASM003970,EVT016,Dindigul,Dindigul Response Zone,T+3h,3,101106,75300,159614,141512,283,234,1172,1597
ASM003971,EVT016,Dindigul,Dindigul Response Zone,T+6h,6,36326,55425,82427,91170,307,402,156,491
ASM003972,EVT016,Dindigul,Dindigul Response Zone,T+6h,6,54964,76997,185312,129601,411,657,1207,1551
ASM003973,EVT016,Dindigul,Dindigul Response Zone,T+6h,6,52568,58962,86387,100525,293,294,443,1257
ASM003974,EVT016,Dindigul,Dindigul Response Zone,T+6h,6,60523,73094,107369,114480,559,625,662,1871
ASM003975,EVT016,Dindigul,Dindigul Response Zone,T+6h,6,85624,73252,88436,131448,402,418,690,1598
ASM003976,EVT016,Dindigul,Dindigul Response Zone,T+12h,12,96483,94691,126031,139819,988,1123,539,1184
ASM003977,EVT016,Dindigul,Dindigul Response Zone,T+12h,12,71515,72677,97060,119638,188,292,420,1224
ASM003978,EVT016,Dindigul,Dindigul Response Zone,T+12h,12,55631,59814,86607,97097,636,488,198,541
ASM003979,EVT016,Dindigul,Dindigul Response Zone,T+12h,12,105315,98585,133873,156038,895,1335,1386,3350
ASM003980,EVT016,Dindigul,Dindigul Response Zone,T+12h,12,47555,72785,112356,96406,281,479,322,861
ASM003981,EVT016,Dindigul,Dindigul Response Zone,T+24h,24,138716,92617,187109,156110,583,406,1589,3222
ASM003982,EVT016,Dindigul,Dindigul Response Zone,T+24h,24,145477,100538,161418,144739,858,596,303,523
ASM003983,EVT016,Dindigul,Dindigul Response Zone,T+24h,24,106407,78133,99256,111116,462,315,169,501
ASM003984,EVT016,Dindigul,Dindigul Response Zone,T+24h,24,47625,73616,93544,134034,191,354,386,1382
ASM003985,EVT016,Dindigul,Dindigul Response Zone,T+24h,24,91635,89664,137246,153050,817,974,956,2419
ASM003986,EVT016,Dindigul,Dindigul Response Zone,T+36h,36,51229,94995,84456,115404,411,1161,147,522
ASM003987,EVT016,Dindigul,Dindigul Response Zone,T+36h,36,81830,73718,113124,116153,488,451,180,480
ASM003988,EVT016,Dindigul,Dindigul Response Zone,T+36h,36,84738,83010,140520,146056,290,395,547,1215
ASM003989,EVT016,Dindigul,Dindigul Response Zone,T+36h,36,103366,82508,102988,120111,1532,1327,267,985
ASM003990,EVT016,Dindigul,Dindigul Response Zone,T+36h,36,48569,74718,110940,131188,481,698,532,1990
ASM003991,EVT016,Dindigul,Dindigul Response Zone,T+48h,48,70203,93786,192338,134106,659,1266,766,1371
ASM003992,EVT016,Dindigul,Dindigul Response Zone,T+48h,48,95542,96259,190878,137717,464,499,1025,1810
ASM003993,EVT016,Dindigul,Dindigul Response Zone,T+48h,48,58490,87155,190171,130795,370,784,1360,2779
ASM003994,EVT016,Dindigul,Dindigul Response Zone,T+48h,48,121687,97383,206964,153818,1726,1325,1409,2172
ASM003995,EVT016,Dindigul,Dindigul Response Zone,T+48h,48,70438,101092,168088,148544,1071,2191,1314,3679
ASM003996,EVT016,Dindigul,Dindigul Response Zone,T+72h,72,59151,72184,87820,117361,821,859,351,1365
ASM003997,EVT016,Dindigul,Dindigul Response Zone,T+72h,72,69665,97753,196594,151945,947,1463,1639,3146
ASM003998,EVT016,Dindigul,Dindigul Response Zone,T+72h,72,98062,100468,199710,153018,1463,1308,539,1001
ASM003999,EVT016,Dindigul,Dindigul Response Zone,T+72h,72,111852,92390,196627,145397,2034,1375,1465,3819
ASM004000,EVT016,Dindigul,Dindigul Response Zone,T+72h,72,46427,67992,102686,125876,772,774,374,1437
ASM004001,EVT016,Salem,Salem Response Zone,T+0h,0,27924,54306,48013,91697,126,165,90,742
ASM004002,EVT016,Salem,Salem Response Zone,T+0h,0,70501,72081,108232,134546,331,399,200,514
ASM004003,EVT016,Salem,Salem Response Zone,T+0h,0,36656,49378,71491,95182,184,200,153,917
ASM004004,EVT016,Salem,Salem Response Zone,T+0h,0,86470,75584,159965,124624,570,480,190,454
ASM004005,EVT016,Salem,Salem Response Zone,T+0h,0,48891,53045,127786,105518,177,260,163,429
ASM004006,EVT016,Salem,Salem Response Zone,T+3h,3,127228,120003,174240,207729,310,273,760,1321
ASM004007,EVT016,Salem,Salem Response Zone,T+3h,3,46971,73583,92519,145226,215,512,129,473
ASM004008,EVT016,Salem,Salem Response Zone,T+3h,3,107400,129714,152080,221303,964,1188,580,1240
ASM004009,EVT016,Salem,Salem Response Zone,T+3h,3,85507,86425,163813,141764,594,704,1201,2958
ASM004010,EVT016,Salem,Salem Response Zone,T+3h,3,123212,112251,179678,216388,329,282,297,489
ASM004011,EVT016,Salem,Salem Response Zone,T+6h,6,59861,58695,72643,92571,467,556,228,1220
ASM004012,EVT016,Salem,Salem Response Zone,T+6h,6,56353,76867,114289,149765,467,925,324,1074
ASM004013,EVT016,Salem,Salem Response Zone,T+6h,6,101240,135990,232730,219117,546,827,1638,2877
ASM004014,EVT016,Salem,Salem Response Zone,T+6h,6,123849,136775,141717,217836,1167,1102,837,2192
ASM004015,EVT016,Salem,Salem Response Zone,T+6h,6,125379,136014,271052,224860,730,989,1372,1891
ASM004016,EVT016,Salem,Salem Response Zone,T+12h,12,104879,125852,161266,236616,1054,1324,502,1145
ASM004017,EVT016,Salem,Salem Response Zone,T+12h,12,74697,77116,177198,143727,519,751,659,1226
ASM004018,EVT016,Salem,Salem Response Zone,T+12h,12,111813,93859,134760,141116,1110,943,773,1901
ASM004019,EVT016,Salem,Salem Response Zone,T+12h,12,113501,139597,154890,225419,616,1047,1369,3279
ASM004020,EVT016,Salem,Salem Response Zone,T+12h,12,106944,115857,148693,224921,722,1148,362,999
ASM004021,EVT016,Salem,Salem Response Zone,T+24h,24,133963,89168,147007,148447,1226,680,713,2125
ASM004022,EVT016,Salem,Salem Response Zone,T+24h,24,108484,141806,221107,248812,911,1454,822,1875
ASM004023,EVT016,Salem,Salem Response Zone,T+24h,24,82233,121040,199417,234241,305,579,1473,3365
ASM004024,EVT016,Salem,Salem Response Zone,T+24h,24,155120,137429,253051,234934,1898,1442,1702,3143
ASM004025,EVT016,Salem,Salem Response Zone,T+24h,24,62049,79495,118134,135913,219,360,477,1719
ASM004026,EVT016,Salem,Salem Response Zone,T+36h,36,93136,92583,159673,128149,676,991,330,894
ASM004027,EVT016,Salem,Salem Response Zone,T+36h,36,115504,138429,156454,250841,593,1050,1339,3911
ASM004028,EVT016,Salem,Salem Response Zone,T+36h,36,107504,114768,221063,197216,1180,1376,1573,3306
ASM004029,EVT016,Salem,Salem Response Zone,T+36h,36,89214,78640,105370,124944,1060,726,192,998
ASM004030,EVT016,Salem,Salem Response Zone,T+36h,36,136049,114904,282626,234748,1875,1516,545,930
ASM004031,EVT016,Salem,Salem Response Zone,T+48h,48,168474,142142,198398,248916,1642,1143,1496,3657
ASM004032,EVT016,Salem,Salem Response Zone,T+48h,48,91175,120641,136573,237695,437,646,925,3429
ASM004033,EVT016,Salem,Salem Response Zone,T+48h,48,47658,66989,119422,120631,628,793,342,1215
ASM004034,EVT016,Salem,Salem Response Zone,T+48h,48,50461,82944,171877,143022,389,791,923,3005
ASM004035,EVT016,Salem,Salem Response Zone,T+48h,48,121410,135369,182699,248716,789,1162,586,1257
ASM004036,EVT016,Salem,Salem Response Zone,T+72h,72,133733,97711,124337,150417,1131,798,415,1357
ASM004037,EVT016,Salem,Salem Response Zone,T+72h,72,159636,143260,351931,239533,1932,1254,1386,1891
ASM004038,EVT016,Salem,Salem Response Zone,T+72h,72,139602,144450,349563,283562,1468,1403,1682,2696
ASM004039,EVT016,Salem,Salem Response Zone,T+72h,72,141736,141513,135155,287082,923,807,1078,4389
ASM004040,EVT016,Salem,Salem Response Zone,T+72h,72,92326,97780,164780,161593,1470,1665,1095,3322
ASM004041,EVT017,Nilgiris,Nilgiris Response Zone,T+0h,0,91127,80977,221146,124750,653,719,4573,2928
ASM004042,EVT017,Nilgiris,Nilgiris Response Zone,T+0h,0,139287,122968,174567,244091,1189,918,3334,3387
ASM004043,EVT017,Nilgiris,Nilgiris Response Zone,T+0h,0,64138,80043,129077,134723,457,766,2712,3081
ASM004044,EVT017,Nilgiris,Nilgiris Response Zone,T+0h,0,87812,81492,124157,138776,350,376,1182,1337
ASM004045,EVT017,Nilgiris,Nilgiris Response Zone,T+0h,0,122532,103294,120833,228274,1191,860,902,1151
ASM004046,EVT017,Nilgiris,Nilgiris Response Zone,T+3h,3,95159,107535,107630,218841,643,858,2304,3821
ASM004047,EVT017,Nilgiris,Nilgiris Response Zone,T+3h,3,132054,129641,234942,244662,849,759,5049,3413
ASM004048,EVT017,Nilgiris,Nilgiris Response Zone,T+3h,3,199220,115955,116433,233690,2575,1160,2423,3948
ASM004049,EVT017,Nilgiris,Nilgiris Response Zone,T+3h,3,112737,124285,197416,238674,872,1036,3236,2850
ASM004050,EVT017,Nilgiris,Nilgiris Response Zone,T+3h,3,118248,114517,216342,226524,771,1092,4492,3757
ASM004051,EVT017,Nilgiris,Nilgiris Response Zone,T+6h,6,77845,82990,98818,146979,271,387,1323,1869
ASM004052,EVT017,Nilgiris,Nilgiris Response Zone,T+6h,6,107627,110266,128698,229026,753,807,1125,2030
ASM004053,EVT017,Nilgiris,Nilgiris Response Zone,T+6h,6,125249,123929,256000,250617,1070,1008,6277,3867
ASM004054,EVT017,Nilgiris,Nilgiris Response Zone,T+6h,6,118487,115277,206441,236231,428,489,1959,2339
ASM004055,EVT017,Nilgiris,Nilgiris Response Zone,T+6h,6,87553,112985,146336,238409,472,828,1610,2246
ASM004056,EVT017,Nilgiris,Nilgiris Response Zone,T+12h,12,158778,182574,331391,309387,500,570,11349,10190
ASM004057,EVT017,Nilgiris,Nilgiris Response Zone,T+12h,12,191027,155608,308895,256091,1228,1498,7124,4270
ASM004058,EVT017,Nilgiris,Nilgiris Response Zone,T+12h,12,133835,141267,200363,251335,467,509,2304,2348
ASM004059,EVT017,Nilgiris,Nilgiris Response Zone,T+12h,12,176892,147533,178334,282201,867,1323,2051,2177
ASM004060,EVT017,Nilgiris,Nilgiris Response Zone,T+12h,12,134547,150737,194939,235255,613,1460,3581,3366
ASM004061,EVT017,Nilgiris,Nilgiris Response Zone,T+24h,24,221896,192303,332288,446491,891,799,5817,4836
ASM004062,EVT017,Nilgiris,Nilgiris Response Zone,T+24h,24,200386,197601,318877,386424,726,791,12123,13137
ASM004063,EVT017,Nilgiris,Nilgiris Response Zone,T+24h,24,131874,149000,330419,310539,616,1349,2615,2189
ASM004064,EVT017,Nilgiris,Nilgiris Response Zone,T+24h,24,199930,203134,225677,400547,670,704,8563,12995
ASM004065,EVT017,Nilgiris,Nilgiris Response Zone,T+24h,24,153934,196931,227452,413998,1341,1858,6113,12011
ASM004066,EVT017,Nilgiris,Nilgiris Response Zone,T+36h,36,127735,144039,267484,282594,710,1441,6160,4847
ASM004067,EVT017,Nilgiris,Nilgiris Response Zone,T+36h,36,158118,146687,238923,291058,918,1448,6131,9254
ASM004068,EVT017,Nilgiris,Nilgiris Response Zone,T+36h,36,126802,123470,178778,238007,1055,1336,2266,3112
ASM004069,EVT017,Nilgiris,Nilgiris Response Zone,T+36h,36,128486,144099,175478,338130,1545,2362,1293,2585
ASM004070,EVT017,Nilgiris,Nilgiris Response Zone,T+36h,36,177163,150099,253240,313294,771,618,5147,4805
ASM004071,EVT017,Nilgiris,Nilgiris Response Zone,T+48h,48,170864,142693,257313,307887,1399,1603,4155,4705
ASM004072,EVT017,Nilgiris,Nilgiris Response Zone,T+48h,48,124019,145353,284985,258366,1826,3013,3977,3383
ASM004073,EVT017,Nilgiris,Nilgiris Response Zone,T+48h,48,108113,147953,263135,257301,1421,3342,6647,8903
ASM004074,EVT017,Nilgiris,Nilgiris Response Zone,T+48h,48,146631,152514,253808,296743,1524,1580,4511,4361
ASM004075,EVT017,Nilgiris,Nilgiris Response Zone,T+48h,48,160163,182505,390082,375767,1884,2976,3454,2287
ASM004076,EVT017,Nilgiris,Nilgiris Response Zone,T+72h,72,183599,191000,221021,372928,2999,3716,4284,5468
ASM004077,EVT017,Nilgiris,Nilgiris Response Zone,T+72h,72,170022,193771,351362,435982,2448,3867,4615,3700
ASM004078,EVT017,Nilgiris,Nilgiris Response Zone,T+72h,72,110894,152217,189395,348911,911,1447,2601,3962
ASM004079,EVT017,Nilgiris,Nilgiris Response Zone,T+72h,72,163553,192694,242267,365534,2082,3371,3368,3556
ASM004080,EVT017,Nilgiris,Nilgiris Response Zone,T+72h,72,175991,191297,229649,435956,2500,3836,2273,2426
ASM004081,EVT017,Coimbatore,Coimbatore Response Zone,T+0h,0,388833,368729,685725,693963,1422,1203,6324,4551
ASM004082,EVT017,Coimbatore,Coimbatore Response Zone,T+0h,0,242148,325189,459131,560954,958,1095,7417,9609
ASM004083,EVT017,Coimbatore,Coimbatore Response Zone,T+0h,0,392799,323861,448203,544193,4415,3319,2598,2934
ASM004084,EVT017,Coimbatore,Coimbatore Response Zone,T+0h,0,191772,316989,338786,514833,1315,2958,2278,3316
ASM004085,EVT017,Coimbatore,Coimbatore Response Zone,T+0h,0,467540,377014,558270,631722,3941,3144,10332,11038
ASM004086,EVT017,Coimbatore,Coimbatore Response Zone,T+3h,3,382524,412521,529892,706605,3681,4280,10245,12387
ASM004087,EVT017,Coimbatore,Coimbatore Response Zone,T+3h,3,462326,409138,678229,724471,3888,3339,13492,11343
ASM004088,EVT017,Coimbatore,Coimbatore Response Zone,T+3h,3,467145,483168,575169,908434,1728,1898,14157,21245
ASM004089,EVT017,Coimbatore,Coimbatore Response Zone,T+3h,3,503178,403646,897334,720283,4714,3371,17227,11731
ASM004090,EVT017,Coimbatore,Coimbatore Response Zone,T+3h,3,373046,405817,404454,751712,958,1144,2288,3406
ASM004091,EVT017,Coimbatore,Coimbatore Response Zone,T+6h,6,318991,403697,544198,703793,2436,3717,10610,14590
ASM004092,EVT017,Coimbatore,Coimbatore Response Zone,T+6h,6,471969,415351,841607,614538,1966,1426,3563,2175
ASM004093,EVT017,Coimbatore,Coimbatore Response Zone,T+6h,6,313894,358918,454395,563860,1702,2061,5848,6158
ASM004094,EVT017,Coimbatore,Coimbatore Response Zone,T+6h,6,363424,427644,385917,578724,3156,3258,2764,3592
ASM004095,EVT017,Coimbatore,Coimbatore Response Zone,T+6h,6,435968,385240,568024,606573,4461,3365,6900,5494
ASM004096,EVT017,Coimbatore,Coimbatore Response Zone,T+12h,12,404348,587521,684961,919105,3441,5067,6674,8439
ASM004097,EVT017,Coimbatore,Coimbatore Response Zone,T+12h,12,558633,563162,657355,932453,2097,2053,16511,22601
ASM004098,EVT017,Coimbatore,Coimbatore Response Zone,T+12h,12,443390,573188,608660,910398,4741,6289,11295,16884
ASM004099,EVT017,Coimbatore,Coimbatore Response Zone,T+12h,12,448513,490701,1477484,851067,2503,3130,26546,14791
ASM004100,EVT017,Coimbatore,Coimbatore Response Zone,T+12h,12,476752,494403,709737,940197,1339,1661,18932,22835
ASM004101,EVT017,Coimbatore,Coimbatore Response Zone,T+24h,24,470010,654419,662328,1062590,4742,8469,6946,12839
ASM004102,EVT017,Coimbatore,Coimbatore Response Zone,T+24h,24,525170,668780,1528202,1088227,6406,9917,21577,17266
ASM004103,EVT017,Coimbatore,Coimbatore Response Zone,T+24h,24,754251,607775,1191109,1081738,6345,4404,25270,24286
ASM004104,EVT017,Coimbatore,Coimbatore Response Zone,T+24h,24,786084,668628,964053,1291048,8636,6271,31455,42704
ASM004105,EVT017,Coimbatore,Coimbatore Response Zone,T+24h,24,577607,609218,800385,1057180,2621,3503,13812,22742
ASM004106,EVT017,Coimbatore,Coimbatore Response Zone,T+36h,36,666235,707217,1324163,1102523,2388,2325,26576,25676
ASM004107,EVT017,Coimbatore,Coimbatore Response Zone,T+36h,36,557783,571641,988710,1072466,3614,4021,25675,30897
ASM004108,EVT017,Coimbatore,Coimbatore Response Zone,T+36h,36,947090,777715,753797,1350137,9932,6730,10624,21437
ASM004109,EVT017,Coimbatore,Coimbatore Response Zone,T+36h,36,609796,706510,1731306,1070565,6516,7268,55799,39311
ASM004110,EVT017,Coimbatore,Coimbatore Response Zone,T+36h,36,615846,558722,881052,1077667,5293,4957,5815,7515
ASM004111,EVT017,Coimbatore,Coimbatore Response Zone,T+48h,48,645275,537100,1325688,1058038,3381,3190,23670,19685
ASM004112,EVT017,Coimbatore,Coimbatore Response Zone,T+48h,48,441296,492738,1261074,1041731,2785,3977,25977,22049
ASM004113,EVT017,Coimbatore,Coimbatore Response Zone,T+48h,48,893720,730570,868097,1382745,6828,4486,11642,19614
ASM004114,EVT017,Coimbatore,Coimbatore Response Zone,T+48h,48,462762,697296,1406241,1100051,5829,10492,34194,28351
ASM004115,EVT017,Coimbatore,Coimbatore Response Zone,T+48h,48,695780,505027,741667,992708,5878,3873,16677,22826
ASM004116,EVT017,Coimbatore,Coimbatore Response Zone,T+72h,72,538110,569631,604063,1039408,6585,6662,3954,7161
ASM004117,EVT017,Coimbatore,Coimbatore Response Zone,T+72h,72,519431,579636,827489,1066845,6260,6708,9736,14804
ASM004118,EVT017,Coimbatore,Coimbatore Response Zone,T+72h,72,330816,468082,954195,944216,3183,6489,21705,23399
ASM004119,EVT017,Coimbatore,Coimbatore Response Zone,T+72h,72,455009,500479,773725,980489,1995,3092,13677,16595
ASM004120,EVT017,Coimbatore,Coimbatore Response Zone,T+72h,72,461208,536240,939407,1082831,3645,6691,19148,22626
ASM004121,EVT017,Dharmapuri,Dharmapuri Response Zone,T+0h,0,184915,211329,447902,339714,1306,1623,5019,3741
ASM004122,EVT017,Dharmapuri,Dharmapuri Response Zone,T+0h,0,211130,225284,361272,379423,999,958,7381,8428
ASM004123,EVT017,Dharmapuri,Dharmapuri Response Zone,T+0h,0,197113,167010,206840,256522,1250,911,1599,1802
ASM004124,EVT017,Dharmapuri,Dharmapuri Response Zone,T+0h,0,201203,216854,374232,328402,1725,1808,7900,7306
ASM004125,EVT017,Dharmapuri,Dharmapuri Response Zone,T+0h,0,185962,184406,303562,291329,649,688,5718,4403
ASM004126,EVT017,Dharmapuri,Dharmapuri Response Zone,T+3h,3,119599,167462,128954,256929,953,1398,1760,3148
ASM004127,EVT017,Dharmapuri,Dharmapuri Response Zone,T+3h,3,130224,159139,271538,261505,316,507,1870,1727
ASM004128,EVT017,Dharmapuri,Dharmapuri Response Zone,T+3h,3,276022,232313,338000,362015,1972,1258,2115,1897
ASM004129,EVT017,Dharmapuri,Dharmapuri Response Zone,T+3h,3,179094,211508,351469,346998,1239,1620,8045,7872
ASM004130,EVT017,Dharmapuri,Dharmapuri Response Zone,T+3h,3,267772,223657,392515,286182,2205,1386,9086,7887
ASM004131,EVT017,Dharmapuri,Dharmapuri Response Zone,T+6h,6,238894,270404,340315,422855,1520,1712,8095,10142
ASM004132,EVT017,Dharmapuri,Dharmapuri Response Zone,T+6h,6,246678,273651,433186,432261,2784,2886,8305,8776
ASM004133,EVT017,Dharmapuri,Dharmapuri Response Zone,T+6h,6,282754,271152,240585,397549,3139,2370,2444,3891
ASM004134,EVT017,Dharmapuri,Dharmapuri Response Zone,T+6h,6,281249,235164,402076,400762,2986,2380,6850,7082
ASM004135,EVT017,Dharmapuri,Dharmapuri Response Zone,T+6h,6,233582,261875,630703,412717,697,804,13031,8816
ASM004136,EVT017,Dharmapuri,Dharmapuri Response Zone,T+12h,12,189839,231626,245040,339981,535,809,2289,3193
ASM004137,EVT017,Dharmapuri,Dharmapuri Response Zone,T+12h,12,241701,279488,315010,420015,1782,1814,5063,7112
ASM004138,EVT017,Dharmapuri,Dharmapuri Response Zone,T+12h,12,249756,259970,321022,399607,978,913,8089,11569
ASM004139,EVT017,Dharmapuri,Dharmapuri Response Zone,T+12h,12,304986,272760,430401,401918,3067,2519,13652,15526
ASM004140,EVT017,Dharmapuri,Dharmapuri Response Zone,T+12h,12,258554,274921,313769,404601,1646,1704,7348,11418
ASM004141,EVT017,Dharmapuri,Dharmapuri Response Zone,T+24h,24,416440,436290,699860,566452,4711,3930,18378,19242
ASM004142,EVT017,Dharmapuri,Dharmapuri Response Zone,T+24h,24,511569,429122,796403,558190,2825,2335,24870,21368
ASM004143,EVT017,Dharmapuri,Dharmapuri Response Zone,T+24h,24,392678,417715,686300,651588,3975,3437,4918,4120
ASM004144,EVT017,Dharmapuri,Dharmapuri Response Zone,T+24h,24,390320,432396,405073,547267,2112,2234,11944,20743
ASM004145,EVT017,Dharmapuri,Dharmapuri Response Zone,T+24h,24,265245,415708,797831,585794,1740,2687,18971,16612
ASM004146,EVT017,Dharmapuri,Dharmapuri Response Zone,T+36h,36,174779,336551,671029,499506,781,1614,19536,18323
ASM004147,EVT017,Dharmapuri,Dharmapuri Response Zone,T+36h,36,305441,276196,605298,527198,1091,1242,13793,14191
ASM004148,EVT017,Dharmapuri,Dharmapuri Response Zone,T+36h,36,348663,387630,668749,547293,4338,4400,16675,18505
ASM004149,EVT017,Dharmapuri,Dharmapuri Response Zone,T+36h,36,297723,346793,626086,556949,2166,2652,17054,18725
ASM004150,EVT017,Dharmapuri,Dharmapuri Response Zone,T+36h,36,353769,352294,727062,567650,1576,1801,12533,10674
ASM004151,EVT017,Dharmapuri,Dharmapuri Response Zone,T+48h,48,301252,340276,868723,545303,1791,1914,20883,15624
ASM004152,EVT017,Dharmapuri,Dharmapuri Response Zone,T+48h,48,366950,330819,380748,517570,2727,1954,4589,4631
ASM004153,EVT017,Dharmapuri,Dharmapuri Response Zone,T+48h,48,333891,339627,747096,558961,2558,3169,17311,15901
ASM004154,EVT017,Dharmapuri,Dharmapuri Response Zone,T+48h,48,249700,301509,478715,543242,1682,2486,10403,11486
ASM004155,EVT017,Dharmapuri,Dharmapuri Response Zone,T+48h,48,363444,331755,516159,529773,1922,1357,13871,17430
ASM004156,EVT017,Dharmapuri,Dharmapuri Response Zone,T+72h,72,277414,331899,340548,508599,1579,1439,2942,4237
ASM004157,EVT017,Dharmapuri,Dharmapuri Response Zone,T+72h,72,257629,240087,374499,422804,1351,1401,5036,5725
ASM004158,EVT017,Dharmapuri,Dharmapuri Response Zone,T+72h,72,204597,236854,303155,423395,3203,3539,3317,4359
ASM004159,EVT017,Dharmapuri,Dharmapuri Response Zone,T+72h,72,239736,284518,414585,481839,2900,3962,7174,8709
ASM004160,EVT017,Dharmapuri,Dharmapuri Response Zone,T+72h,72,283884,284037,355224,520715,4777,4592,3442,4376
ASM004161,EVT017,Krishnagiri,Krishnagiri Response Zone,T+0h,0,196034,198995,278866,372634,1155,1273,2925,3541
ASM004162,EVT017,Krishnagiri,Krishnagiri Response Zone,T+0h,0,222141,205249,306304,351718,2068,2276,6331,7692
ASM004163,EVT017,Krishnagiri,Krishnagiri Response Zone,T+0h,0,215130,246051,371559,395474,743,774,3591,3092
ASM004164,EVT017,Krishnagiri,Krishnagiri Response Zone,T+0h,0,170443,262818,255676,472020,983,1914,2146,2833
ASM004165,EVT017,Krishnagiri,Krishnagiri Response Zone,T+0h,0,187581,217563,223537,329241,1426,1666,3068,4726
ASM004166,EVT017,Krishnagiri,Krishnagiri Response Zone,T+3h,3,236352,206790,374816,347646,1189,926,6768,7371
ASM004167,EVT017,Krishnagiri,Krishnagiri Response Zone,T+3h,3,196401,228903,280622,423839,978,1147,5743,8058
ASM004168,EVT017,Krishnagiri,Krishnagiri Response Zone,T+3h,3,202670,208080,435135,423048,1333,1607,5059,3619
ASM004169,EVT017,Krishnagiri,Krishnagiri Response Zone,T+3h,3,245740,216065,339351,379651,1740,1345,4412,3746
ASM004170,EVT017,Krishnagiri,Krishnagiri Response Zone,T+3h,3,158177,204070,352735,292383,416,603,6787,5034
ASM004171,EVT017,Krishnagiri,Krishnagiri Response Zone,T+6h,6,123641,176385,386186,262305,752,1326,6173,4147
ASM004172,EVT017,Krishnagiri,Krishnagiri Response Zone,T+6h,6,214183,241406,331222,387201,1971,2312,6548,7274
ASM004173,EVT017,Krishnagiri,Krishnagiri Response Zone,T+6h,6,177052,198890,271564,303889,445,592,5150,5251
ASM004174,EVT017,Krishnagiri,Krishnagiri Response Zone,T+6h,6,174929,221955,424190,369200,1500,2472,4539,3636
ASM004175,EVT017,Krishnagiri,Krishnagiri Response Zone,T+6h,6,185483,200989,376479,344237,1728,2261,7837,5687
ASM004176,EVT017,Krishnagiri,Krishnagiri Response Zone,T+12h,12,289859,281647,388037,425553,2997,2631,5682,6666
ASM004177,EVT017,Krishnagiri,Krishnagiri Response Zone,T+12h,12,316711,384727,746389,592709,1666,1858,28335,22136
ASM004178,EVT017,Krishnagiri,Krishnagiri Response Zone,T+12h,12,317399,341375,445538,502181,2034,1996,4790,4561
ASM004179,EVT017,Krishnagiri,Krishnagiri Response Zone,T+12h,12,380469,310358,429091,430849,4167,2487,11205,12549
ASM004180,EVT017,Krishnagiri,Krishnagiri Response Zone,T+12h,12,246365,311189,422157,439945,1216,1665,10327,12444
ASM004181,EVT017,Krishnagiri,Krishnagiri Response Zone,T+24h,24,356145,344856,473528,522074,3337,2606,13727,19460
ASM004182,EVT017,Krishnagiri,Krishnagiri Response Zone,T+24h,24,301412,350441,579700,581230,2383,2617,10268,11118
ASM004183,EVT017,Krishnagiri,Krishnagiri Response Zone,T+24h,24,317860,431174,941442,549813,1093,1931,29495,24267
ASM004184,EVT017,Krishnagiri,Krishnagiri Response Zone,T+24h,24,343598,426527,753693,667151,4142,5051,23271,24518
ASM004185,EVT017,Krishnagiri,Krishnagiri Response Zone,T+24h,24,359015,450274,704335,721240,4144,4871,22762,25352
ASM004186,EVT017,Krishnagiri,Krishnagiri Response Zone,T+36h,36,285051,277163,426120,444731,2423,1816,6933,7487
ASM004187,EVT017,Krishnagiri,Krishnagiri Response Zone,T+36h,36,404895,279017,467271,430548,6077,2794,7069,6960
ASM004188,EVT017,Krishnagiri,Krishnagiri Response Zone,T+36h,36,258174,321241,610566,466020,2441,2800,6192,4663
ASM004189,EVT017,Krishnagiri,Krishnagiri Response Zone,T+36h,36,202893,213781,439042,383928,590,781,3800,3338
ASM004190,EVT017,Krishnagiri,Krishnagiri Response Zone,T+36h,36,273864,283715,450831,464551,3469,3615,11521,13083
ASM004191,EVT017,Krishnagiri,Krishnagiri Response Zone,T+48h,48,307064,279855,523955,498366,2089,1939,9252,8985
ASM004192,EVT017,Krishnagiri,Krishnagiri Response Zone,T+48h,48,332921,347740,628187,571899,1534,1685,18425,17403
ASM004193,EVT017,Krishnagiri,Krishnagiri Response Zone,T+48h,48,358977,270193,362439,472470,4459,3854,3320,4498
ASM004194,EVT017,Krishnagiri,Krishnagiri Response Zone,T+48h,48,184194,324588,527599,521772,893,1598,6952,8560
ASM004195,EVT017,Krishnagiri,Krishnagiri Response Zone,T+48h,48,189961,321620,321718,513330,2315,4906,8617,16920
ASM004196,EVT017,Krishnagiri,Krishnagiri Response Zone,T+72h,72,355481,438351,801014,721448,4020,4883,29413,30815
ASM004197,EVT017,Krishnagiri,Krishnagiri Response Zone,T+72h,72,433873,377152,674723,680939,1997,1601,4340,3643
ASM004198,EVT017,Krishnagiri,Krishnagiri Response Zone,T+72h,72,285906,431915,832478,700939,3933,6707,25295,23875
ASM004199,EVT017,Krishnagiri,Krishnagiri Response Zone,T+72h,72,182779,336363,509105,571745,815,2130,5382,5004
ASM004200,EVT017,Krishnagiri,Krishnagiri Response Zone,T+72h,72,375945,340100,593516,600331,2278,2034,6598,4711
ASM004201,EVT017,Erode,Erode Response Zone,T+0h,0,249572,257410,540778,431426,2023,2389,3603,2224
ASM004202,EVT017,Erode,Erode Response Zone,T+0h,0,196541,252243,575830,461802,379,564,8405,5002
ASM004203,EVT017,Erode,Erode Response Zone,T+0h,0,252118,347694,495849,569787,1882,2906,9604,9996
ASM004204,EVT017,Erode,Erode Response Zone,T+0h,0,258781,330837,533867,598812,1474,2386,12504,11426
ASM004205,EVT017,Erode,Erode Response Zone,T+0h,0,295858,319473,621976,543718,2929,2910,14220,10924
ASM004206,EVT017,Erode,Erode Response Zone,T+3h,3,229154,299225,280214,501916,925,1239,1464,2061
ASM004207,EVT017,Erode,Erode Response Zone,T+3h,3,295988,319176,397409,471885,2719,2709,3683,3539
ASM004208,EVT017,Erode,Erode Response Zone,T+3h,3,147982,309811,590090,451920,458,1144,10923,8328
ASM004209,EVT017,Erode,Erode Response Zone,T+3h,3,264845,346835,687331,594883,1534,2368,17929,14759
ASM004210,EVT017,Erode,Erode Response Zone,T+3h,3,220231,303074,503113,461474,1913,2849,7599,7379
ASM004211,EVT017,Erode,Erode Response Zone,T+6h,6,299320,349642,346041,575725,2221,2466,6839,9694
ASM004212,EVT017,Erode,Erode Response Zone,T+6h,6,248429,314228,437756,498277,1691,2341,9942,10207
ASM004213,EVT017,Erode,Erode Response Zone,T+6h,6,345012,298573,416820,508645,1590,1368,8602,10433
ASM004214,EVT017,Erode,Erode Response Zone,T+6h,6,153175,230314,390259,389833,350,682,5055,4644
ASM004215,EVT017,Erode,Erode Response Zone,T+6h,6,297915,309707,387079,527823,804,723,5850,7436
ASM004216,EVT017,Erode,Erode Response Zone,T+12h,12,446280,437339,496960,760222,3182,3041,17851,25177
ASM004217,EVT017,Erode,Erode Response Zone,T+12h,12,551540,417208,367816,662478,7177,4334,9651,18773
ASM004218,EVT017,Erode,Erode Response Zone,T+12h,12,374083,443541,898077,728972,3682,4794,30144,25985
ASM004219,EVT017,Erode,Erode Response Zone,T+12h,12,387917,409661,544313,629020,3364,3492,14428,17531
ASM004220,EVT017,Erode,Erode Response Zone,T+12h,12,242197,393778,578422,579952,1858,3406,13724,13705
ASM004221,EVT017,Erode,Erode Response Zone,T+24h,24,326936,528401,917539,1070084,3615,7600,34282,37636
ASM004222,EVT017,Erode,Erode Response Zone,T+24h,24,618823,541989,704896,1132047,2288,2162,24022,35248
ASM004223,EVT017,Erode,Erode Response Zone,T+24h,24,483160,472248,619651,1111830,5863,5840,22598,37000
ASM004224,EVT017,Erode,Erode Response Zone,T+24h,24,662013,526527,684615,1010587,5331,3819,11480,17238
ASM004225,EVT017,Erode,Erode Response Zone,T+24h,24,399143,513663,749804,1004665,5025,7448,12692,17755
ASM004226,EVT017,Erode,Erode Response Zone,T+36h,36,462014,411565,786332,890677,1931,1908,15458,17118
ASM004227,EVT017,Erode,Erode Response Zone,T+36h,36,492322,362919,478011,567826,6231,3550,7673,8966
ASM004228,EVT017,Erode,Erode Response Zone,T+36h,36,442977,416138,1116534,885183,5294,4617,31102,23568
ASM004229,EVT017,Erode,Erode Response Zone,T+36h,36,462642,428747,955458,964022,2558,2405,6722,4334
ASM004230,EVT017,Erode,Erode Response Zone,T+36h,36,350344,389490,716619,553476,3885,3601,5725,4322
ASM004231,EVT017,Erode,Erode Response Zone,T+48h,48,377742,532518,855138,1107292,5278,11374,17209,20042
ASM004232,EVT017,Erode,Erode Response Zone,T+48h,48,681990,533084,1271636,1040867,8383,5893,10940,5269
ASM004233,EVT017,Erode,Erode Response Zone,T+48h,48,464571,543494,851136,1183317,4543,6477,23111,30181
ASM004234,EVT017,Erode,Erode Response Zone,T+48h,48,517390,452019,811737,1129041,6346,6140,24554,27499
ASM004235,EVT017,Erode,Erode Response Zone,T+48h,48,374574,511729,940767,1012491,5228,10056,23507,25367
ASM004236,EVT017,Erode,Erode Response Zone,T+72h,72,387436,506914,991450,1010307,3162,5574,17881,16275
ASM004237,EVT017,Erode,Erode Response Zone,T+72h,72,612524,465287,936077,1078649,3723,3774,23678,20971
ASM004238,EVT017,Erode,Erode Response Zone,T+72h,72,433089,478552,684022,1155143,4663,5790,10600,12896
ASM004239,EVT017,Erode,Erode Response Zone,T+72h,72,692524,538203,751340,1294851,4104,3660,6835,8866
ASM004240,EVT017,Erode,Erode Response Zone,T+72h,72,479392,481119,950506,1112667,2685,3689,10437,10456
ASM004241,EVT017,Dindigul,Dindigul Response Zone,T+0h,0,118984,185021,344698,270436,573,1073,5088,4206
ASM004242,EVT017,Dindigul,Dindigul Response Zone,T+0h,0,194995,172642,240866,270814,1775,1413,2256,3191
ASM004243,EVT017,Dindigul,Dindigul Response Zone,T+0h,0,153824,189774,190645,270352,368,504,1272,1803
ASM004244,EVT017,Dindigul,Dindigul Response Zone,T+0h,0,208559,196780,285666,282183,651,549,3637,3730
ASM004245,EVT017,Dindigul,Dindigul Response Zone,T+0h,0,213270,216341,395864,433783,1151,1331,2687,2037
ASM004246,EVT017,Dindigul,Dindigul Response Zone,T+3h,3,156690,225601,530245,397721,1248,2269,2925,1716
ASM004247,EVT017,Dindigul,Dindigul Response Zone,T+3h,3,188231,202321,215555,257289,532,566,1772,2167
ASM004248,EVT017,Dindigul,Dindigul Response Zone,T+3h,3,327904,215431,302656,390138,1027,611,2066,2128
ASM004249,EVT017,Dindigul,Dindigul Response Zone,T+3h,3,206015,200088,277360,314434,1757,1635,4953,4033
ASM004250,EVT017,Dindigul,Dindigul Response Zone,T+3h,3,194881,202355,452669,305333,1042,1211,8120,4905
ASM004251,EVT017,Dindigul,Dindigul Response Zone,T+6h,6,265066,228055,359071,342198,1223,872,7207,7194
ASM004252,EVT017,Dindigul,Dindigul Response Zone,T+6h,6,214063,231618,267455,305935,1248,1333,4831,5309
ASM004253,EVT017,Dindigul,Dindigul Response Zone,T+6h,6,310636,324239,563760,517256,2252,2399,16980,16953
ASM004254,EVT017,Dindigul,Dindigul Response Zone,T+6h,6,188715,246394,345899,413808,1013,1542,5148,5987
ASM004255,EVT017,Dindigul,Dindigul Response Zone,T+6h,6,216232,245710,238657,364241,823,938,2826,3891
ASM004256,EVT017,Dindigul,Dindigul Response Zone,T+12h,12,334304,310796,352661,488245,1684,1478,8913,12712
ASM004257,EVT017,Dindigul,Dindigul Response Zone,T+12h,12,222272,308175,682145,480219,1571,2429,18226,12342
ASM004258,EVT017,Dindigul,Dindigul Response Zone,T+12h,12,384521,322901,515333,479306,1586,1353,7885,9403
ASM004259,EVT017,Dindigul,Dindigul Response Zone,T+12h,12,329575,391458,520295,538316,2397,2639,5541,4454
ASM004260,EVT017,Dindigul,Dindigul Response Zone,T+12h,12,280103,390226,501792,593393,1452,2156,18075,23346
ASM004261,EVT017,Dindigul,Dindigul Response Zone,T+24h,24,401443,342752,604294,544921,3964,2641,9049,9363
ASM004262,EVT017,Dindigul,Dindigul Response Zone,T+24h,24,304608,340359,595685,528857,2449,2640,6126,4414
ASM004263,EVT017,Dindigul,Dindigul Response Zone,T+24h,24,322177,282057,496895,558025,4152,3371,2647,3200
ASM004264,EVT017,Dindigul,Dindigul Response Zone,T+24h,24,371575,424955,682514,774958,4646,5000,9133,11227
ASM004265,EVT017,Dindigul,Dindigul Response Zone,T+24h,24,297031,324804,652126,508647,1721,1791,14805,13231
ASM004266,EVT017,Dindigul,Dindigul Response Zone,T+36h,36,389343,381681,615165,537457,1765,1875,11498,12239
ASM004267,EVT017,Dindigul,Dindigul Response Zone,T+36h,36,362838,358945,453010,542327,3787,3557,8052,11543
ASM004268,EVT017,Dindigul,Dindigul Response Zone,T+36h,36,195671,300767,437998,486494,1778,3052,8863,10123
ASM004269,EVT017,Dindigul,Dindigul Response Zone,T+36h,36,244937,332219,325087,521797,2897,3792,7277,13499
ASM004270,EVT017,Dindigul,Dindigul Response Zone,T+36h,36,414654,376888,1004012,557688,2111,1780,24665,18746
ASM004271,EVT017,Dindigul,Dindigul Response Zone,T+48h,48,399563,424036,867086,890142,7317,7738,18293,17572
ASM004272,EVT017,Dindigul,Dindigul Response Zone,T+48h,48,357589,407742,552517,717649,4865,6201,7767,12241
ASM004273,EVT017,Dindigul,Dindigul Response Zone,T+48h,48,307003,437428,652176,735693,3649,7847,18481,19806
ASM004274,EVT017,Dindigul,Dindigul Response Zone,T+48h,48,293590,405165,551328,563229,2793,3998,16203,22423
ASM004275,EVT017,Dindigul,Dindigul Response Zone,T+48h,48,256183,442140,945002,563664,1822,3884,10541,6502
ASM004276,EVT017,Dindigul,Dindigul Response Zone,T+72h,72,342829,377882,424540,569589,3832,4543,6785,11279
ASM004277,EVT017,Dindigul,Dindigul Response Zone,T+72h,72,347992,405979,721447,697754,3022,4578,21556,24461
ASM004278,EVT017,Dindigul,Dindigul Response Zone,T+72h,72,283967,370586,573413,614078,2839,4200,15328,17237
ASM004279,EVT017,Dindigul,Dindigul Response Zone,T+72h,72,346480,382758,715965,698851,2601,3264,5119,3687
ASM004280,EVT017,Dindigul,Dindigul Response Zone,T+72h,72,405126,399750,629175,564405,6580,6235,9248,10958
ASM004281,EVT017,Salem,Salem Response Zone,T+0h,0,432936,321666,304931,514511,4138,2362,6564,10621
ASM004282,EVT017,Salem,Salem Response Zone,T+0h,0,216404,320982,435765,540568,1682,3318,6845,7574
ASM004283,EVT017,Salem,Salem Response Zone,T+0h,0,401923,348696,423790,580751,2371,1962,10087,12975
ASM004284,EVT017,Salem,Salem Response Zone,T+0h,0,335544,311786,475771,494835,2402,2563,8048,8057
ASM004285,EVT017,Salem,Salem Response Zone,T+0h,0,256416,314440,666986,530105,2243,3445,12032,8445
ASM004286,EVT017,Salem,Salem Response Zone,T+3h,3,312846,325916,320507,540340,3338,3258,6258,9654
ASM004287,EVT017,Salem,Salem Response Zone,T+3h,3,279143,336690,430223,577154,1260,1534,9660,11099
ASM004288,EVT017,Salem,Salem Response Zone,T+3h,3,336265,343209,452139,562585,2501,2736,5148,6401
ASM004289,EVT017,Salem,Salem Response Zone,T+3h,3,408509,309989,440192,597372,1098,676,2599,2652
ASM004290,EVT017,Salem,Salem Response Zone,T+3h,3,385904,375015,650658,602214,1174,1071,11961,10662
ASM004291,EVT017,Salem,Salem Response Zone,T+6h,6,296720,278782,408484,509221,1680,1530,5101,4977
ASM004292,EVT017,Salem,Salem Response Zone,T+6h,6,255621,312417,509210,496605,2340,3309,5458,5349
ASM004293,EVT017,Salem,Salem Response Zone,T+6h,6,249737,368295,458482,617404,2064,3521,3907,4125
ASM004294,EVT017,Salem,Salem Response Zone,T+6h,6,243570,297733,441769,463000,805,788,7641,7487
ASM004295,EVT017,Salem,Salem Response Zone,T+6h,6,384101,342575,589072,610872,3347,2801,9523,7845
ASM004296,EVT017,Salem,Salem Response Zone,T+12h,12,250507,371089,438747,574513,1813,3186,5910,7224
ASM004297,EVT017,Salem,Salem Response Zone,T+12h,12,332001,425306,816930,771500,2189,3602,26954,25327
ASM004298,EVT017,Salem,Salem Response Zone,T+12h,12,433124,471901,704132,764055,3370,3544,21684,22971
ASM004299,EVT017,Salem,Salem Response Zone,T+12h,12,269240,339232,684212,598086,1634,2469,15648,10840
ASM004300,EVT017,Salem,Salem Response Zone,T+12h,12,295258,367327,536163,582853,1491,2187,10331,11329
ASM004301,EVT017,Salem,Salem Response Zone,T+24h,24,368970,432330,756643,752326,1716,2114,19690,19638
ASM004302,EVT017,Salem,Salem Response Zone,T+24h,24,352859,453547,775269,1024771,4024,6493,13983,18144
ASM004303,EVT017,Salem,Salem Response Zone,T+24h,24,454818,577523,939077,1039337,1309,2028,30786,34081
ASM004304,EVT017,Salem,Salem Response Zone,T+24h,24,637851,582506,989744,1065185,6231,4993,19922,21810
ASM004305,EVT017,Salem,Salem Response Zone,T+24h,24,440182,603364,1121485,1083480,3103,4746,31609,30220
ASM004306,EVT017,Salem,Salem Response Zone,T+36h,36,281352,394410,485623,793456,1380,2270,6309,8230
ASM004307,EVT017,Salem,Salem Response Zone,T+36h,36,391677,424817,1156780,975232,3897,4891,31826,24258
ASM004308,EVT017,Salem,Salem Response Zone,T+36h,36,401707,341977,360451,683246,2201,1783,1867,3291
ASM004309,EVT017,Salem,Salem Response Zone,T+36h,36,400076,417382,599277,859236,2480,2687,7641,9467
ASM004310,EVT017,Salem,Salem Response Zone,T+36h,36,421769,445694,776339,939052,2284,2971,9772,12245
ASM004311,EVT017,Salem,Salem Response Zone,T+48h,48,486801,486684,902983,1066001,3820,4505,10764,11652
ASM004312,EVT017,Salem,Salem Response Zone,T+48h,48,401529,618092,1402386,1044205,4379,7185,19037,14840
ASM004313,EVT017,Salem,Salem Response Zone,T+48h,48,568802,537797,540461,965228,10906,10938,3319,4611
ASM004314,EVT017,Salem,Salem Response Zone,T+48h,48,595391,607396,798012,1131542,11556,11700,5806,5028
ASM004315,EVT017,Salem,Salem Response Zone,T+48h,48,471763,561989,504248,1082707,2753,4431,9584,19263
ASM004316,EVT017,Salem,Salem Response Zone,T+72h,72,619007,541728,900493,1059647,6593,5278,26342,30579
ASM004317,EVT017,Salem,Salem Response Zone,T+72h,72,356797,475714,823824,931024,5497,7792,13905,18043
ASM004318,EVT017,Salem,Salem Response Zone,T+72h,72,542798,453228,1091227,952992,5032,4055,19629,16259
ASM004319,EVT017,Salem,Salem Response Zone,T+72h,72,491424,472023,824247,960914,7883,6515,6741,6913
ASM004320,EVT017,Salem,Salem Response Zone,T+72h,72,478189,525078,1155929,1006073,8115,10132,19542,19402
ASM004321,EVT017,Theni,Theni Response Zone,T+0h,0,122694,119451,231065,239158,722,745,3306,3345
ASM004322,EVT017,Theni,Theni Response Zone,T+0h,0,177456,200991,263008,276441,655,658,3180,3135
ASM004323,EVT017,Theni,Theni Response Zone,T+0h,0,250587,198794,222305,335283,2694,2363,4173,7930
ASM004324,EVT017,Theni,Theni Response Zone,T+0h,0,136169,185643,293522,268496,512,698,5566,6431
ASM004325,EVT017,Theni,Theni Response Zone,T+0h,0,149383,192113,198552,290329,1019,1413,4139,6419
ASM004326,EVT017,Theni,Theni Response Zone,T+3h,3,200093,177063,364507,266434,1739,1407,5626,3722
ASM004327,EVT017,Theni,Theni Response Zone,T+3h,3,143897,164967,242595,295037,763,839,1225,1456
ASM004328,EVT017,Theni,Theni Response Zone,T+3h,3,178111,169474,329658,245315,442,385,6885,4385
ASM004329,EVT017,Theni,Theni Response Zone,T+3h,3,242126,185491,244562,269372,1829,1192,3224,3536
ASM004330,EVT017,Theni,Theni Response Zone,T+3h,3,144472,178954,261527,302476,952,1027,1219,1233
ASM004331,EVT017,Theni,Theni Response Zone,T+6h,6,213781,214926,311393,281824,2445,2463,5814,6989
ASM004332,EVT017,Theni,Theni Response Zone,T+6h,6,159490,220568,314744,335987,1002,1525,2137,2385
ASM004333,EVT017,Theni,Theni Response Zone,T+6h,6,212598,203954,272786,302328,1952,1555,6777,7479
ASM004334,EVT017,Theni,Theni Response Zone,T+6h,6,234754,273750,399124,403901,1134,1169,10170,9947
ASM004335,EVT017,Theni,Theni Response Zone,T+6h,6,226044,235129,265848,329594,800,925,7068,9220
ASM004336,EVT017,Theni,Theni Response Zone,T+12h,12,174744,219537,236927,311029,1192,1594,6125,8883
ASM004337,EVT017,Theni,Theni Response Zone,T+12h,12,169549,271213,505183,391274,568,1486,8331,4745
ASM004338,EVT017,Theni,Theni Response Zone,T+12h,12,218618,216990,386131,310890,1585,1434,5975,4521
ASM004339,EVT017,Theni,Theni Response Zone,T+12h,12,126418,245286,315060,299245,423,1228,8780,7518
ASM004340,EVT017,Theni,Theni Response Zone,T+12h,12,231935,291546,601375,389250,2186,2839,20739,15047
ASM004341,EVT017,Theni,Theni Response Zone,T+24h,24,345869,298146,465239,501667,2363,2069,7427,10009
ASM004342,EVT017,Theni,Theni Response Zone,T+24h,24,281220,292979,656781,499373,3039,2596,12082,10602
ASM004343,EVT017,Theni,Theni Response Zone,T+24h,24,448332,320718,564355,500011,4708,2842,15613,17546
ASM004344,EVT017,Theni,Theni Response Zone,T+24h,24,366510,348064,412815,512784,4431,3027,14317,19590
ASM004345,EVT017,Theni,Theni Response Zone,T+24h,24,223226,258152,669517,452955,1511,2045,7564,4995
ASM004346,EVT017,Theni,Theni Response Zone,T+36h,36,294163,314531,648013,501928,3607,3439,8215,4665
ASM004347,EVT017,Theni,Theni Response Zone,T+36h,36,249477,288998,437376,449335,3077,2855,10079,11011
ASM004348,EVT017,Theni,Theni Response Zone,T+36h,36,179319,250436,507207,480452,1179,1786,9807,9667
ASM004349,EVT017,Theni,Theni Response Zone,T+36h,36,218520,286335,409085,509141,2649,3762,6650,9024
ASM004350,EVT017,Theni,Theni Response Zone,T+36h,36,253584,288093,622015,450157,1812,1907,16918,15812
ASM004351,EVT017,Theni,Theni Response Zone,T+48h,48,146222,218278,207388,458572,961,1637,4023,7861
ASM004352,EVT017,Theni,Theni Response Zone,T+48h,48,245033,241289,322949,461331,1131,1566,6191,9557
ASM004353,EVT017,Theni,Theni Response Zone,T+48h,48,229459,252446,542439,470049,3698,4354,11055,9085
ASM004354,EVT017,Theni,Theni Response Zone,T+48h,48,181810,294263,406170,452827,2730,4877,10157,11685
ASM004355,EVT017,Theni,Theni Response Zone,T+48h,48,261726,237113,411689,502479,3383,3766,4499,4392
ASM004356,EVT017,Theni,Theni Response Zone,T+72h,72,206117,194132,220875,355209,2978,3136,3212,5109
ASM004357,EVT017,Theni,Theni Response Zone,T+72h,72,241840,244947,654818,451313,1303,1639,15471,10190
ASM004358,EVT017,Theni,Theni Response Zone,T+72h,72,191264,205139,483001,392121,1861,2561,9489,6928
ASM004359,EVT017,Theni,Theni Response Zone,T+72h,72,258672,255634,393776,431588,4051,4793,10724,13643
ASM004360,EVT017,Theni,Theni Response Zone,T+72h,72,262212,233228,345088,472267,1878,1493,2438,3215
ASM004361,EVT018,Nilgiris,Nilgiris Response Zone,T+0h,0,79135,79489,153044,149945,1409,1406,1739,1429
ASM004362,EVT018,Nilgiris,Nilgiris Response Zone,T+0h,0,47311,63742,153564,123075,313,431,2353,1916
ASM004363,EVT018,Nilgiris,Nilgiris Response Zone,T+0h,0,60810,74472,121145,136949,1488,1501,1943,2289
ASM004364,EVT018,Nilgiris,Nilgiris Response Zone,T+0h,0,84757,76389,194648,136397,2334,1560,3590,3294
ASM004365,EVT018,Nilgiris,Nilgiris Response Zone,T+0h,0,68985,75892,98855,141718,526,795,1182,1587
ASM004366,EVT018,Nilgiris,Nilgiris Response Zone,T+3h,3,122417,91096,108252,156166,2054,1433,2725,3618
ASM004367,EVT018,Nilgiris,Nilgiris Response Zone,T+3h,3,63962,88957,85391,144557,855,1296,1276,2213
ASM004368,EVT018,Nilgiris,Nilgiris Response Zone,T+3h,3,65014,77505,123671,138462,1056,1380,3031,4481
ASM004369,EVT018,Nilgiris,Nilgiris Response Zone,T+3h,3,71621,90588,140815,165658,1724,2945,2333,2920
ASM004370,EVT018,Nilgiris,Nilgiris Response Zone,T+3h,3,82428,89508,131294,158580,1648,1743,3900,4993
ASM004371,EVT018,Nilgiris,Nilgiris Response Zone,T+6h,6,69809,104474,209202,164364,452,1420,7863,6813
ASM004372,EVT018,Nilgiris,Nilgiris Response Zone,T+6h,6,79266,95121,183691,171308,1556,1910,2453,2052
ASM004373,EVT018,Nilgiris,Nilgiris Response Zone,T+6h,6,71054,94402,98739,161952,1611,3078,2628,4037
ASM004374,EVT018,Nilgiris,Nilgiris Response Zone,T+6h,6,70367,80974,93566,134317,1240,1419,1381,2027
ASM004375,EVT018,Nilgiris,Nilgiris Response Zone,T+6h,6,86780,88727,136807,127245,1437,1390,1777,1823
ASM004376,EVT018,Nilgiris,Nilgiris Response Zone,T+12h,12,90942,91057,116860,155630,2106,1794,2591,3855
ASM004377,EVT018,Nilgiris,Nilgiris Response Zone,T+12h,12,49816,91500,104745,154555,470,1278,2406,3354
ASM004378,EVT018,Nilgiris,Nilgiris Response Zone,T+12h,12,127998,92712,174926,170478,2308,1468,3817,3814
ASM004379,EVT018,Nilgiris,Nilgiris Response Zone,T+12h,12,86276,92165,96382,161300,2464,3075,1715,3255
ASM004380,EVT018,Nilgiris,Nilgiris Response Zone,T+12h,12,66540,90297,123765,157964,1347,2165,3721,4689
ASM004381,EVT018,Nilgiris,Nilgiris Response Zone,T+24h,24,124727,115216,218229,175031,3631,3059,2977,4379
ASM004382,EVT018,Nilgiris,Nilgiris Response Zone,T+24h,24,124843,116758,176119,169788,3957,3173,2583,4533
ASM004383,EVT018,Nilgiris,Nilgiris Response Zone,T+24h,24,110713,137518,272113,314076,2923,3024,8931,8162
ASM004384,EVT018,Nilgiris,Nilgiris Response Zone,T+24h,24,131407,136975,187916,312681,2770,2797,4780,6946
ASM004385,EVT018,Nilgiris,Nilgiris Response Zone,T+24h,24,91434,106368,264880,164218,2297,2834,7421,5739
ASM004386,EVT018,Nilgiris,Nilgiris Response Zone,T+36h,36,116782,133409,211101,322328,3027,3010,5287,7350
ASM004387,EVT018,Nilgiris,Nilgiris Response Zone,T+36h,36,110965,138157,265063,314563,3050,3105,9200,8419
ASM004388,EVT018,Nilgiris,Nilgiris Response Zone,T+36h,36,95764,134942,264391,323634,2660,3798,7689,7352
ASM004389,EVT018,Nilgiris,Nilgiris Response Zone,T+36h,36,131131,138273,197005,322079,4231,3328,7115,8505
ASM004390,EVT018,Nilgiris,Nilgiris Response Zone,T+36h,36,140671,134808,128442,311694,3359,2791,2785,5695
ASM004391,EVT018,Nilgiris,Nilgiris Response Zone,T+48h,48,126702,115887,226082,170395,5419,4842,7777,7893
ASM004392,EVT018,Nilgiris,Nilgiris Response Zone,T+48h,48,126942,106946,195424,157526,2036,1511,5102,5729
ASM004393,EVT018,Nilgiris,Nilgiris Response Zone,T+48h,48,109086,104591,213738,157906,4629,4647,5805,5699
ASM004394,EVT018,Nilgiris,Nilgiris Response Zone,T+48h,48,82395,97268,158535,156064,2232,3586,3973,5520
ASM004395,EVT018,Nilgiris,Nilgiris Response Zone,T+48h,48,115626,101451,146024,171702,3398,3252,1817,3298
ASM004396,EVT018,Nilgiris,Nilgiris Response Zone,T+72h,72,87260,113976,331319,165908,1146,1606,10073,6747
ASM004397,EVT018,Nilgiris,Nilgiris Response Zone,T+72h,72,100000,117065,147360,183354,4201,5550,4754,8352
ASM004398,EVT018,Nilgiris,Nilgiris Response Zone,T+72h,72,102575,135841,272330,323236,3963,5476,10342,8070
ASM004399,EVT018,Nilgiris,Nilgiris Response Zone,T+72h,72,155597,133332,190244,314917,5611,4444,4626,6656
ASM004400,EVT018,Nilgiris,Nilgiris Response Zone,T+72h,72,151648,135068,198849,304475,5761,4463,4072,5679
ASM004401,EVT018,Coimbatore,Coimbatore Response Zone,T+0h,0,283632,323791,392384,471126,6794,7852,5427,9875
ASM004402,EVT018,Coimbatore,Coimbatore Response Zone,T+0h,0,293572,253482,318306,431188,2685,2695,5644,12538
ASM004403,EVT018,Coimbatore,Coimbatore Response Zone,T+0h,0,173428,220465,390369,330025,2940,4340,4380,4735
ASM004404,EVT018,Coimbatore,Coimbatore Response Zone,T+0h,0,244804,247842,552271,391863,3630,3593,9157,12667
ASM004405,EVT018,Coimbatore,Coimbatore Response Zone,T+0h,0,153075,187387,293904,277245,2901,3283,3196,4350
ASM004406,EVT018,Coimbatore,Coimbatore Response Zone,T+3h,3,304643,279309,450515,440934,7091,5869,10860,21021
ASM004407,EVT018,Coimbatore,Coimbatore Response Zone,T+3h,3,232009,248489,319267,406621,3903,4357,7205,18071
ASM004408,EVT018,Coimbatore,Coimbatore Response Zone,T+3h,3,251236,345932,515924,468220,5007,5985,11209,15274
ASM004409,EVT018,Coimbatore,Coimbatore Response Zone,T+3h,3,259341,252618,663611,386933,2348,2636,12250,12350
ASM004410,EVT018,Coimbatore,Coimbatore Response Zone,T+3h,3,406600,385587,532414,633549,5190,4267,16354,26066
ASM004411,EVT018,Coimbatore,Coimbatore Response Zone,T+6h,6,246681,356066,425669,491713,4337,5221,10875,21388
ASM004412,EVT018,Coimbatore,Coimbatore Response Zone,T+6h,6,230533,258183,345787,422045,2698,3344,6995,14700
ASM004413,EVT018,Coimbatore,Coimbatore Response Zone,T+6h,6,252680,356945,439485,520403,2724,4274,6811,12220
ASM004414,EVT018,Coimbatore,Coimbatore Response Zone,T+6h,6,187037,365666,243648,552054,2181,4484,4621,12706
ASM004415,EVT018,Coimbatore,Coimbatore Response Zone,T+6h,6,369320,412677,624878,613887,5013,4460,12530,14069
ASM004416,EVT018,Coimbatore,Coimbatore Response Zone,T+12h,12,282831,260340,329322,417019,5083,4165,6378,12610
ASM004417,EVT018,Coimbatore,Coimbatore Response Zone,T+12h,12,408000,466920,428470,787280,8701,9951,12044,24376
ASM004418,EVT018,Coimbatore,Coimbatore Response Zone,T+12h,12,206496,363588,574489,528593,2638,4746,11641,13150
ASM004419,EVT018,Coimbatore,Coimbatore Response Zone,T+12h,12,276064,345810,373172,501455,5625,7524,8950,19222
ASM004420,EVT018,Coimbatore,Coimbatore Response Zone,T+12h,12,218167,422689,496269,577827,1660,3850,11363,16586
ASM004421,EVT018,Coimbatore,Coimbatore Response Zone,T+24h,24,639383,612402,1282216,972050,28290,24038,52348,54377
ASM004422,EVT018,Coimbatore,Coimbatore Response Zone,T+24h,24,393708,606424,604088,994180,7438,10921,18672,40944
ASM004423,EVT018,Coimbatore,Coimbatore Response Zone,T+24h,24,570992,504134,543490,725301,20934,18515,18106,44983
ASM004424,EVT018,Coimbatore,Coimbatore Response Zone,T+24h,24,589951,584656,908910,898453,7019,6599,28766,39872
ASM004425,EVT018,Coimbatore,Coimbatore Response Zone,T+24h,24,403528,527948,1156390,897398,10523,16182,48247,59446
ASM004426,EVT018,Coimbatore,Coimbatore Response Zone,T+36h,36,307334,478370,439750,579028,7964,11428,6446,13408
ASM004427,EVT018,Coimbatore,Coimbatore Response Zone,T+36h,36,517373,595784,937017,879981,9916,9517,27571,34594
ASM004428,EVT018,Coimbatore,Coimbatore Response Zone,T+36h,36,384481,510544,888153,949607,3997,5713,13046,13876
ASM004429,EVT018,Coimbatore,Coimbatore Response Zone,T+36h,36,480293,519338,475241,874815,12261,11978,8093,15159
ASM004430,EVT018,Coimbatore,Coimbatore Response Zone,T+36h,36,345509,459163,852508,556262,10400,10858,25918,38387
ASM004431,EVT018,Coimbatore,Coimbatore Response Zone,T+48h,48,347690,585803,1155979,1080863,11421,20829,48280,63392
ASM004432,EVT018,Coimbatore,Coimbatore Response Zone,T+48h,48,313267,549252,796377,928398,13435,24553,21536,30166
ASM004433,EVT018,Coimbatore,Coimbatore Response Zone,T+48h,48,507136,563688,1132648,895215,10829,12537,24693,23659
ASM004434,EVT018,Coimbatore,Coimbatore Response Zone,T+48h,48,440392,559617,1089410,1071310,11481,13877,20949,19368
ASM004435,EVT018,Coimbatore,Coimbatore Response Zone,T+48h,48,437323,613108,853218,996268,19033,21401,26096,34036
ASM004436,EVT018,Coimbatore,Coimbatore Response Zone,T+72h,72,470878,489577,605362,743483,12805,12425,8179,13221
ASM004437,EVT018,Coimbatore,Coimbatore Response Zone,T+72h,72,515941,461176,573437,698839,15529,11836,16306,31342
ASM004438,EVT018,Coimbatore,Coimbatore Response Zone,T+72h,72,292306,351061,542123,530152,5550,10658,10828,18607
ASM004439,EVT018,Coimbatore,Coimbatore Response Zone,T+72h,72,310035,366619,677012,600899,7205,8774,11163,13443
ASM004440,EVT018,Coimbatore,Coimbatore Response Zone,T+72h,72,361282,365024,546342,563458,10530,10596,12291,24505
ASM004441,EVT019,Chennai,Chennai Response Zone,T+0h,0,448349,676459,786831,1161671,1333,2366,177,330
ASM004442,EVT019,Chennai,Chennai Response Zone,T+0h,0,553548,694292,1695584,1081941,5230,5445,56,340
ASM004443,EVT019,Chennai,Chennai Response Zone,T+0h,0,544534,517134,1154014,1049162,5142,5187,58,354
ASM004444,EVT019,Chennai,Chennai Response Zone,T+0h,0,671833,706113,1227744,1156321,3636,3240,683,643
ASM004445,EVT019,Chennai,Chennai Response Zone,T+0h,0,342346,527289,1448341,1066496,1271,2328,127,335
ASM004446,EVT019,Chennai,Chennai Response Zone,T+3h,3,451850,675156,1839718,1031703,3695,5022,228,339
ASM004447,EVT019,Chennai,Chennai Response Zone,T+3h,3,417592,530930,571689,1021764,1149,1751,281,568
ASM004448,EVT019,Chennai,Chennai Response Zone,T+3h,3,563006,661130,1441187,1053476,1340,1599,156,324
ASM004449,EVT019,Chennai,Chennai Response Zone,T+3h,3,734406,827835,1094826,1476630,7133,7930,167,492
ASM004450,EVT019,Chennai,Chennai Response Zone,T+3h,3,848774,802241,1615961,1391241,3849,2838,3,430
ASM004451,EVT019,Chennai,Chennai Response Zone,T+6h,6,439527,530053,1141067,1061978,1019,1606,327,371
ASM004452,EVT019,Chennai,Chennai Response Zone,T+6h,6,515260,681717,1540573,1074122,3998,5180,311,343
ASM004453,EVT019,Chennai,Chennai Response Zone,T+6h,6,762518,704321,1241292,1315101,7148,5400,748,723
ASM004454,EVT019,Chennai,Chennai Response Zone,T+6h,6,653727,726836,885491,1341303,4683,4405,528,727
ASM004455,EVT019,Chennai,Chennai Response Zone,T+6h,6,854423,845707,1372365,1417947,3472,2683,854,840
ASM004456,EVT019,Chennai,Chennai Response Zone,T+12h,12,763362,886090,1791666,1421580,8887,10593,622,593
ASM004457,EVT019,Chennai,Chennai Response Zone,T+12h,12,503270,804113,1845994,1384056,2379,3958,1058,864
ASM004458,EVT019,Chennai,Chennai Response Zone,T+12h,12,457381,679939,1024814,1107444,1660,2886,110,345
ASM004459,EVT019,Chennai,Chennai Response Zone,T+12h,12,519322,863994,2115506,1353905,4887,8865,423,510
ASM004460,EVT019,Chennai,Chennai Response Zone,T+12h,12,902737,955099,1545654,1523547,7025,6422,609,603
ASM004461,EVT019,Chennai,Chennai Response Zone,T+24h,24,1001473,882296,2142795,1446038,13804,11148,665,599
ASM004462,EVT019,Chennai,Chennai Response Zone,T+24h,24,1436934,1116721,2135656,1742983,18217,10990,189,488
ASM004463,EVT019,Chennai,Chennai Response Zone,T+24h,24,1016026,953550,2196034,1595416,12000,11849,1252,940
ASM004464,EVT019,Chennai,Chennai Response Zone,T+24h,24,1092058,916331,2638823,1608207,6457,4803,264,486
ASM004465,EVT019,Chennai,Chennai Response Zone,T+24h,24,685337,865484,1392449,1439297,2293,2992,517,617
ASM004466,EVT019,Chennai,Chennai Response Zone,T+36h,36,658894,864740,1758943,1590359,6642,10742,446,587
ASM004467,EVT019,Chennai,Chennai Response Zone,T+36h,36,1306964,1267871,2809228,1971035,12259,10339,1899,1331
ASM004468,EVT019,Chennai,Chennai Response Zone,T+36h,36,1204235,1309221,4843619,2037785,4612,4796,1625,582
ASM004469,EVT019,Chennai,Chennai Response Zone,T+36h,36,954694,1156112,1840881,1751423,9529,10926,475,573
ASM004470,EVT019,Chennai,Chennai Response Zone,T+36h,36,1058639,1153832,3955250,1996022,13560,14401,3511,1770
ASM004471,EVT019,Chennai,Chennai Response Zone,T+48h,48,1075321,1134877,4005591,1818165,19710,19025,3453,1873
ASM004472,EVT019,Chennai,Chennai Response Zone,T+48h,48,1376393,1300095,2574433,2025870,7628,6138,2062,1874
ASM004473,EVT019,Chennai,Chennai Response Zone,T+48h,48,1344510,1308269,2317003,1890860,22449,16825,1162,1113
ASM004474,EVT019,Chennai,Chennai Response Zone,T+48h,48,1137610,1156974,2077012,1964525,22014,19854,2029,1907
ASM004475,EVT019,Chennai,Chennai Response Zone,T+48h,48,1291383,1340352,2525716,1929117,18793,15037,1514,1137
ASM004476,EVT019,Chennai,Chennai Response Zone,T+72h,72,1345851,1585595,2086580,2817429,12050,12559,629,787
ASM004477,EVT019,Chennai,Chennai Response Zone,T+72h,72,1024758,1255195,2629848,2187189,19722,21864,1756,1476
ASM004478,EVT019,Chennai,Chennai Response Zone,T+72h,72,1437547,1562289,4328396,2741474,12739,12616,4909,2734
ASM004479,EVT019,Chennai,Chennai Response Zone,T+72h,72,931762,1563452,2582654,2805487,16629,23135,350,698
ASM004480,EVT019,Chennai,Chennai Response Zone,T+72h,72,1439288,1318583,2693681,2765367,9948,9258,2810,2193
ASM004481,EVT019,Tiruvallur,Tiruvallur Response Zone,T+0h,0,468851,719633,884706,1221512,2424,3981,464,641
ASM004482,EVT019,Tiruvallur,Tiruvallur Response Zone,T+0h,0,526295,539102,1268913,1037443,3010,2942,320,332
ASM004483,EVT019,Tiruvallur,Tiruvallur Response Zone,T+0h,0,440904,693794,1270594,1028228,3244,4429,243,354
ASM004484,EVT019,Tiruvallur,Tiruvallur Response Zone,T+0h,0,725176,798679,1520356,1372602,6197,5980,652,523
ASM004485,EVT019,Tiruvallur,Tiruvallur Response Zone,T+0h,0,572366,683898,1247663,1042326,4345,5049,152,342
ASM004486,EVT019,Tiruvallur,Tiruvallur Response Zone,T+3h,3,418839,703292,1209457,1044145,1462,2362,762,843
ASM004487,EVT019,Tiruvallur,Tiruvallur Response Zone,T+3h,3,555979,536158,1344275,1036458,2529,2410,798,699
ASM004488,EVT019,Tiruvallur,Tiruvallur Response Zone,T+3h,3,466115,704171,1208727,1052180,4490,6213,212,344
ASM004489,EVT019,Tiruvallur,Tiruvallur Response Zone,T+3h,3,638908,705759,1321548,1035706,7105,6031,683,555
ASM004490,EVT019,Tiruvallur,Tiruvallur Response Zone,T+3h,3,533490,681162,1294153,1056836,5399,6125,711,591
ASM004491,EVT019,Tiruvallur,Tiruvallur Response Zone,T+6h,6,479512,452351,1320307,919846,3064,3013,621,459
ASM004492,EVT019,Tiruvallur,Tiruvallur Response Zone,T+6h,6,497613,728084,1632028,1212044,2600,4115,1088,839
ASM004493,EVT019,Tiruvallur,Tiruvallur Response Zone,T+6h,6,369209,476453,981211,855609,2653,3339,299,390
ASM004494,EVT019,Tiruvallur,Tiruvallur Response Zone,T+6h,6,497723,697110,1878956,1026458,4344,4947,615,432
ASM004495,EVT019,Tiruvallur,Tiruvallur Response Zone,T+6h,6,645588,694243,1401833,1018261,5389,4490,427,400
ASM004496,EVT019,Tiruvallur,Tiruvallur Response Zone,T+12h,12,920223,844071,2097516,1413786,7114,4969,1529,950
ASM004497,EVT019,Tiruvallur,Tiruvallur Response Zone,T+12h,12,560334,816115,1741046,1368757,2597,3925,129,510
ASM004498,EVT019,Tiruvallur,Tiruvallur Response Zone,T+12h,12,822677,856715,953462,1421649,6857,5205,253,506
ASM004499,EVT019,Tiruvallur,Tiruvallur Response Zone,T+12h,12,395054,751710,1891936,1106971,1438,3395,1254,895
ASM004500,EVT019,Tiruvallur,Tiruvallur Response Zone,T+12h,12,450258,699550,1353288,1009487,2174,3626,39,349
ASM004501,EVT019,Tiruvallur,Tiruvallur Response Zone,T+24h,24,601745,848833,1778246,1348516,7308,11035,462,559
ASM004502,EVT019,Tiruvallur,Tiruvallur Response Zone,T+24h,24,569909,871161,2031484,1462586,6023,11468,42,541
ASM004503,EVT019,Tiruvallur,Tiruvallur Response Zone,T+24h,24,647165,994658,1985088,1638711,2663,4805,447,495
ASM004504,EVT019,Tiruvallur,Tiruvallur Response Zone,T+24h,24,829311,858481,1967325,1388283,8559,8798,396,514
ASM004505,EVT019,Tiruvallur,Tiruvallur Response Zone,T+24h,24,731697,880978,1630047,1482201,9591,11186,316,476
ASM004506,EVT019,Tiruvallur,Tiruvallur Response Zone,T+36h,36,848766,834213,2643966,1449942,4798,4803,1876,1256
ASM004507,EVT019,Tiruvallur,Tiruvallur Response Zone,T+36h,36,903707,836431,1916834,1429713,4470,4010,277,504
ASM004508,EVT019,Tiruvallur,Tiruvallur Response Zone,T+36h,36,708668,787636,1506652,1314810,7726,8135,268,540
ASM004509,EVT019,Tiruvallur,Tiruvallur Response Zone,T+36h,36,999011,996945,1724108,1665689,3962,3437,869,845
ASM004510,EVT019,Tiruvallur,Tiruvallur Response Zone,T+36h,36,698016,844146,1886318,1402343,3970,4354,791,710
ASM004511,EVT019,Tiruvallur,Tiruvallur Response Zone,T+48h,48,727032,1153676,2401959,1813171,6166,11786,1468,1084
ASM004512,EVT019,Tiruvallur,Tiruvallur Response Zone,T+48h,48,993360,845959,2173827,1559460,10973,8498,397,579
ASM004513,EVT019,Tiruvallur,Tiruvallur Response Zone,T+48h,48,729403,844840,1532963,1463589,3540,4721,792,855
ASM004514,EVT019,Tiruvallur,Tiruvallur Response Zone,T+48h,48,806006,1173138,1545876,1739051,5866,9172,402,562
ASM004515,EVT019,Tiruvallur,Tiruvallur Response Zone,T+48h,48,768252,831968,2172652,1454740,5638,6693,630,658
ASM004516,EVT019,Tiruvallur,Tiruvallur Response Zone,T+72h,72,829853,1162918,3576255,1975123,13290,18324,2862,1620
ASM004517,EVT019,Tiruvallur,Tiruvallur Response Zone,T+72h,72,831715,1011170,1723334,1703240,8638,12411,252,540
ASM004518,EVT019,Tiruvallur,Tiruvallur Response Zone,T+72h,72,1032593,1158451,3427449,1718981,20546,19760,3048,1720
ASM004519,EVT019,Tiruvallur,Tiruvallur Response Zone,T+72h,72,1016965,1220278,2451622,1882214,16453,16967,158,583
ASM004520,EVT019,Tiruvallur,Tiruvallur Response Zone,T+72h,72,792322,1195768,2258954,1759501,4104,6592,1623,1284
ASM004521,EVT019,Vellore,Vellore Response Zone,T+0h,0,393932,505727,921976,872275,3059,3503,245,441
ASM004522,EVT019,Vellore,Vellore Response Zone,T+0h,0,522395,490669,679688,853785,5162,4161,62,356
ASM004523,EVT019,Vellore,Vellore Response Zone,T+0h,0,593321,712067,1578745,988692,3716,3645,329,516
ASM004524,EVT019,Vellore,Vellore Response Zone,T+0h,0,614437,476477,769226,832437,8042,5300,141,360
ASM004525,EVT019,Vellore,Vellore Response Zone,T+0h,0,602472,551690,891962,996582,6173,5276,499,590
ASM004526,EVT019,Vellore,Vellore Response Zone,T+3h,3,437338,397691,1047008,793875,1164,815,339,342
ASM004527,EVT019,Vellore,Vellore Response Zone,T+3h,3,282165,415151,530496,782570,2362,4083,96,352
ASM004528,EVT019,Vellore,Vellore Response Zone,T+3h,3,415036,391006,563501,777398,1200,1031,284,426
ASM004529,EVT019,Vellore,Vellore Response Zone,T+3h,3,358659,405264,830591,752271,3092,3244,105,330
ASM004530,EVT019,Vellore,Vellore Response Zone,T+3h,3,317039,404385,886461,757248,2446,2857,216,345
ASM004531,EVT019,Vellore,Vellore Response Zone,T+6h,6,573350,744026,1447825,1005514,5016,5229,591,541
ASM004532,EVT019,Vellore,Vellore Response Zone,T+6h,6,567542,524639,980950,1020994,4875,4085,31,452
ASM004533,EVT019,Vellore,Vellore Response Zone,T+6h,6,549073,566709,2104683,1015657,3661,3477,602,441
ASM004534,EVT019,Vellore,Vellore Response Zone,T+6h,6,355399,497978,884096,869451,1379,2094,595,474
ASM004535,EVT019,Vellore,Vellore Response Zone,T+6h,6,553903,565834,1026702,1007279,3332,2846,742,733
ASM004536,EVT019,Vellore,Vellore Response Zone,T+12h,12,370370,494926,791792,852933,1151,1715,296,351
ASM004537,EVT019,Vellore,Vellore Response Zone,T+12h,12,426811,468417,968314,842046,2423,2485,318,354
ASM004538,EVT019,Vellore,Vellore Response Zone,T+12h,12,389068,473595,1092131,845164,4019,5464,383,355
ASM004539,EVT019,Vellore,Vellore Response Zone,T+12h,12,410339,510160,1312153,855014,2311,2697,181,535
ASM004540,EVT019,Vellore,Vellore Response Zone,T+12h,12,499956,483331,663193,850290,1960,1843,66,543
ASM004541,EVT019,Vellore,Vellore Response Zone,T+24h,24,522013,777446,1508293,1161796,1432,2173,435,497
ASM004542,EVT019,Vellore,Vellore Response Zone,T+24h,24,779380,554150,1447794,1219392,4051,2255,826,666
ASM004543,EVT019,Vellore,Vellore Response Zone,T+24h,24,482016,795807,1979632,1292105,3793,6679,622,496
ASM004544,EVT019,Vellore,Vellore Response Zone,T+24h,24,525749,612910,1483369,1198093,2685,3157,460,540
ASM004545,EVT019,Vellore,Vellore Response Zone,T+24h,24,536210,495446,1463669,1174678,1695,1946,200,540
ASM004546,EVT019,Vellore,Vellore Response Zone,T+36h,36,599539,567951,1048269,1160000,4046,3423,347,545
ASM004547,EVT019,Vellore,Vellore Response Zone,T+36h,36,565222,601123,2050956,1142932,7107,7680,503,476
ASM004548,EVT019,Vellore,Vellore Response Zone,T+36h,36,582672,601770,1814350,1171384,6043,6634,396,544
ASM004549,EVT019,Vellore,Vellore Response Zone,T+36h,36,560659,531592,875206,1170595,1883,1979,441,634
ASM004550,EVT019,Vellore,Vellore Response Zone,T+36h,36,500561,541805,977475,1207661,4448,4934,406,621
ASM004551,EVT019,Vellore,Vellore Response Zone,T+48h,48,1007413,862108,1423360,1481059,7346,5644,1475,1448
ASM004552,EVT019,Vellore,Vellore Response Zone,T+48h,48,992295,889595,2380511,1713155,5717,5080,1977,1069
ASM004553,EVT019,Vellore,Vellore Response Zone,T+48h,48,970714,902972,1458179,1610306,10195,9040,430,535
ASM004554,EVT019,Vellore,Vellore Response Zone,T+48h,48,639316,856991,1722776,1469219,9440,15746,1467,1041
ASM004555,EVT019,Vellore,Vellore Response Zone,T+48h,48,795558,913566,2180933,1652736,10521,12822,2245,1456
ASM004556,EVT019,Vellore,Vellore Response Zone,T+72h,72,693498,831940,1755437,1464328,3794,5213,780,670
ASM004557,EVT019,Vellore,Vellore Response Zone,T+72h,72,516327,749900,1669638,1170511,7661,13628,457,585
ASM004558,EVT019,Vellore,Vellore Response Zone,T+72h,72,817378,859840,1421113,1437553,17254,18202,959,860
ASM004559,EVT019,Vellore,Vellore Response Zone,T+72h,72,596527,793279,1895352,1521520,6514,8050,1546,1070
ASM004560,EVT019,Vellore,Vellore Response Zone,T+72h,72,729412,755530,1349566,1147572,6132,6115,902,893
ASM004561,EVT019,Ranipet,Ranipet Response Zone,T+0h,0,184682,297100,479149,471775,687,1008,70,330
ASM004562,EVT019,Ranipet,Ranipet Response Zone,T+0h,0,301235,238678,518957,465426,1803,1188,301,278
ASM004563,EVT019,Ranipet,Ranipet Response Zone,T+0h,0,154103,209193,431138,406187,1108,1633,180,272
ASM004564,EVT019,Ranipet,Ranipet Response Zone,T+0h,0,269603,291430,601562,507838,848,1205,325,429
ASM004565,EVT019,Ranipet,Ranipet Response Zone,T+0h,0,247522,232655,394508,406668,828,804,78,288
ASM004566,EVT019,Ranipet,Ranipet Response Zone,T+3h,3,212495,282593,498722,450536,2192,2764,314,428
ASM004567,EVT019,Ranipet,Ranipet Response Zone,T+3h,3,307277,286382,602531,490362,1089,1264,69,442
ASM004568,EVT019,Ranipet,Ranipet Response Zone,T+3h,3,184609,273459,386983,452714,1667,2399,94,423
ASM004569,EVT019,Ranipet,Ranipet Response Zone,T+3h,3,340128,284314,511284,526686,4061,2708,297,507
ASM004570,EVT019,Ranipet,Ranipet Response Zone,T+3h,3,233124,298079,595899,494702,2046,2347,196,478
ASM004571,EVT019,Ranipet,Ranipet Response Zone,T+6h,6,248690,306616,474201,536078,729,1662,331,511
ASM004572,EVT019,Ranipet,Ranipet Response Zone,T+6h,6,269046,298444,883439,572822,1081,1786,737,525
ASM004573,EVT019,Ranipet,Ranipet Response Zone,T+6h,6,302856,274854,811992,495917,2262,1888,323,444
ASM004574,EVT019,Ranipet,Ranipet Response Zone,T+6h,6,244606,306047,461966,558623,1103,1681,345,532
ASM004575,EVT019,Ranipet,Ranipet Response Zone,T+6h,6,240354,298134,898709,523692,1794,2457,503,509
ASM004576,EVT019,Ranipet,Ranipet Response Zone,T+12h,12,236848,304736,542838,486200,2332,2466,18,543
ASM004577,EVT019,Ranipet,Ranipet Response Zone,T+12h,12,159532,231994,506535,399169,798,1361,261,300
ASM004578,EVT019,Ranipet,Ranipet Response Zone,T+12h,12,331049,276903,455904,468191,4175,2373,122,332
ASM004579,EVT019,Ranipet,Ranipet Response Zone,T+12h,12,196368,246930,635610,546510,1224,1575,341,285
ASM004580,EVT019,Ranipet,Ranipet Response Zone,T+12h,12,243861,237467,516573,400490,1641,1465,191,301
ASM004581,EVT019,Ranipet,Ranipet Response Zone,T+24h,24,324012,337863,627697,730240,3882,3526,103,543
ASM004582,EVT019,Ranipet,Ranipet Response Zone,T+24h,24,231297,290121,514230,643486,2644,3367,294,543
ASM004583,EVT019,Ranipet,Ranipet Response Zone,T+24h,24,295361,317085,513869,705265,3424,3300,77,544
ASM004584,EVT019,Ranipet,Ranipet Response Zone,T+24h,24,327492,290696,726669,638299,1539,1536,314,540
ASM004585,EVT019,Ranipet,Ranipet Response Zone,T+24h,24,306755,342315,863692,752832,861,1669,429,555
ASM004586,EVT019,Ranipet,Ranipet Response Zone,T+36h,36,433676,344415,1005376,773691,2610,2047,490,500
ASM004587,EVT019,Ranipet,Ranipet Response Zone,T+36h,36,404688,336096,796734,737425,2761,2101,298,498
ASM004588,EVT019,Ranipet,Ranipet Response Zone,T+36h,36,392677,333912,589264,755351,5095,3403,364,547
ASM004589,EVT019,Ranipet,Ranipet Response Zone,T+36h,36,315825,353402,720656,799345,2428,2967,92,499
ASM004590,EVT019,Ranipet,Ranipet Response Zone,T+36h,36,259342,333866,1023550,745967,2299,3021,105,480
ASM004591,EVT019,Ranipet,Ranipet Response Zone,T+48h,48,410013,488963,982829,1092281,2638,4136,739,661
ASM004592,EVT019,Ranipet,Ranipet Response Zone,T+48h,48,476915,481001,1111735,973463,7333,7105,531,580
ASM004593,EVT019,Ranipet,Ranipet Response Zone,T+48h,48,464190,457369,763983,822907,6588,5948,361,577
ASM004594,EVT019,Ranipet,Ranipet Response Zone,T+48h,48,291405,471198,1173284,916935,3948,8144,1198,688
ASM004595,EVT019,Ranipet,Ranipet Response Zone,T+48h,48,437303,468753,965550,1037787,7334,7714,166,580
ASM004596,EVT019,Ranipet,Ranipet Response Zone,T+72h,72,478877,505619,1466797,1147016,6466,7033,1403,685
ASM004597,EVT019,Ranipet,Ranipet Response Zone,T+72h,72,435713,502252,1316105,1208020,8866,12760,1652,892
ASM004598,EVT019,Ranipet,Ranipet Response Zone,T+72h,72,605986,496771,957683,1089776,16840,12526,699,664
ASM004599,EVT019,Ranipet,Ranipet Response Zone,T+72h,72,508403,502272,1060304,1119550,10569,8507,698,613
ASM004600,EVT019,Ranipet,Ranipet Response Zone,T+72h,72,601760,507127,959576,1028214,10102,6935,1150,871
ASM004601,EVT019,Tirupathur,Tirupathur Response Zone,T+0h,0,233434,291836,382732,476831,2464,2755,212,448
ASM004602,EVT019,Tirupathur,Tirupathur Response Zone,T+0h,0,236594,230889,370358,413065,1717,1403,199,296
ASM004603,EVT019,Tirupathur,Tirupathur Response Zone,T+0h,0,341246,306314,593316,483906,3595,2380,170,413
ASM004604,EVT019,Tirupathur,Tirupathur Response Zone,T+0h,0,305329,278076,577479,507058,1326,917,407,481
ASM004605,EVT019,Tirupathur,Tirupathur Response Zone,T+0h,0,143561,202684,423773,403663,408,616,108,277
ASM004606,EVT019,Tirupathur,Tirupathur Response Zone,T+3h,3,174065,206823,396279,367029,1276,1505,167,285
ASM004607,EVT019,Tirupathur,Tirupathur Response Zone,T+3h,3,162510,190053,498983,358128,592,621,220,270
ASM004608,EVT019,Tirupathur,Tirupathur Response Zone,T+3h,3,233662,242777,497369,440893,1952,1811,105,299
ASM004609,EVT019,Tirupathur,Tirupathur Response Zone,T+3h,3,236115,230514,554612,410018,894,812,354,285
ASM004610,EVT019,Tirupathur,Tirupathur Response Zone,T+3h,3,152725,209547,262741,377450,910,1392,132,277
ASM004611,EVT019,Tirupathur,Tirupathur Response Zone,T+6h,6,265424,293923,226933,511334,669,1270,122,443
ASM004612,EVT019,Tirupathur,Tirupathur Response Zone,T+6h,6,149757,275168,549141,520993,1185,2299,235,480
ASM004613,EVT019,Tirupathur,Tirupathur Response Zone,T+6h,6,319203,290934,370633,509688,2802,1978,173,515
ASM004614,EVT019,Tirupathur,Tirupathur Response Zone,T+6h,6,209945,270269,510374,488537,532,791,106,464
ASM004615,EVT019,Tirupathur,Tirupathur Response Zone,T+6h,6,266417,293961,555789,502789,2229,2494,475,556
ASM004616,EVT019,Tirupathur,Tirupathur Response Zone,T+12h,12,214624,277966,787344,532995,1670,2038,17,539
ASM004617,EVT019,Tirupathur,Tirupathur Response Zone,T+12h,12,300049,281741,600678,510149,2926,2394,305,542
ASM004618,EVT019,Tirupathur,Tirupathur Response Zone,T+12h,12,126877,264086,535273,517868,721,1743,288,541
ASM004619,EVT019,Tirupathur,Tirupathur Response Zone,T+12h,12,192803,231628,549217,407241,1739,1873,131,294
ASM004620,EVT019,Tirupathur,Tirupathur Response Zone,T+12h,12,206917,245616,527816,423906,1652,1750,220,322
ASM004621,EVT019,Tirupathur,Tirupathur Response Zone,T+24h,24,244996,293363,601628,608323,2432,2594,279,545
ASM004622,EVT019,Tirupathur,Tirupathur Response Zone,T+24h,24,359533,310667,822645,607841,3822,2097,430,541
ASM004623,EVT019,Tirupathur,Tirupathur Response Zone,T+24h,24,251197,321741,581080,705433,877,1544,298,500
ASM004624,EVT019,Tirupathur,Tirupathur Response Zone,T+24h,24,302103,296596,704752,583433,4015,2936,175,542
ASM004625,EVT019,Tirupathur,Tirupathur Response Zone,T+24h,24,278481,288059,433169,611206,3119,2570,113,543
ASM004626,EVT019,Tirupathur,Tirupathur Response Zone,T+36h,36,355445,283960,715454,616171,2036,1665,502,583
ASM004627,EVT019,Tirupathur,Tirupathur Response Zone,T+36h,36,224932,306584,649912,561531,2298,2682,238,552
ASM004628,EVT019,Tirupathur,Tirupathur Response Zone,T+36h,36,211896,276317,937406,574012,1412,1725,398,363
ASM004629,EVT019,Tirupathur,Tirupathur Response Zone,T+36h,36,406958,335461,542493,718239,4305,3006,155,505
ASM004630,EVT019,Tirupathur,Tirupathur Response Zone,T+36h,36,330817,335086,639497,678462,4660,3602,270,502
ASM004631,EVT019,Tirupathur,Tirupathur Response Zone,T+48h,48,307784,471265,1269817,967275,3395,6264,724,584
ASM004632,EVT019,Tirupathur,Tirupathur Response Zone,T+48h,48,370921,463797,1074539,813398,2278,3538,1028,675
ASM004633,EVT019,Tirupathur,Tirupathur Response Zone,T+48h,48,379422,398342,884606,743779,4193,4286,627,614
ASM004634,EVT019,Tirupathur,Tirupathur Response Zone,T+48h,48,505624,465046,796875,941846,11589,8554,101,582
ASM004635,EVT019,Tirupathur,Tirupathur Response Zone,T+48h,48,371663,480179,882819,999635,5762,7129,489,584
ASM004636,EVT019,Tirupathur,Tirupathur Response Zone,T+72h,72,235304,482936,1390162,979286,3394,8246,484,587
ASM004637,EVT019,Tirupathur,Tirupathur Response Zone,T+72h,72,477651,489298,1025727,1010461,10343,8414,978,675
ASM004638,EVT019,Tirupathur,Tirupathur Response Zone,T+72h,72,336822,493260,1156742,927633,2410,4504,611,588
ASM004639,EVT019,Tirupathur,Tirupathur Response Zone,T+72h,72,282382,474784,990408,932235,5065,10885,67,587
ASM004640,EVT019,Tirupathur,Tirupathur Response Zone,T+72h,72,246331,488507,780489,954172,3971,8762,614,668
ASM004641,EVT019,Karur,Karur Response Zone,T+0h,0,274951,273673,690681,467547,2673,2305,20,468
ASM004642,EVT019,Karur,Karur Response Zone,T+0h,0,194152,212100,491184,396613,1713,1821,255,283
ASM004643,EVT019,Karur,Karur Response Zone,T+0h,0,184363,231959,793091,394579,1587,1810,448,290
ASM004644,EVT019,Karur,Karur Response Zone,T+0h,0,282286,226609,381657,492541,2674,2025,92,282
ASM004645,EVT019,Karur,Karur Response Zone,T+0h,0,207577,196206,522244,343820,1662,1553,238,283
ASM004646,EVT019,Karur,Karur Response Zone,T+3h,3,261625,234763,315612,369631,3214,2315,129,283
ASM004647,EVT019,Karur,Karur Response Zone,T+3h,3,133490,198002,444850,350301,1084,1770,161,278
ASM004648,EVT019,Karur,Karur Response Zone,T+3h,3,168190,190507,494190,375280,981,1030,34,280
ASM004649,EVT019,Karur,Karur Response Zone,T+3h,3,142956,218020,263159,396243,680,1265,96,277
ASM004650,EVT019,Karur,Karur Response Zone,T+3h,3,192573,215683,429148,388591,880,878,209,274
ASM004651,EVT019,Karur,Karur Response Zone,T+6h,6,230489,280348,470755,494737,2249,2262,310,511
ASM004652,EVT019,Karur,Karur Response Zone,T+6h,6,257032,266256,440927,461075,928,837,96,300
ASM004653,EVT019,Karur,Karur Response Zone,T+6h,6,262528,277894,639516,512037,2578,2449,379,449
ASM004654,EVT019,Karur,Karur Response Zone,T+6h,6,285152,274712,749695,511726,1441,1352,144,427
ASM004655,EVT019,Karur,Karur Response Zone,T+6h,6,264802,268690,499190,480658,753,917,179,318
ASM004656,EVT019,Karur,Karur Response Zone,T+12h,12,322202,230949,492688,399537,2405,1422,188,318
ASM004657,EVT019,Karur,Karur Response Zone,T+12h,12,182345,241546,442135,395438,1861,2559,162,341
ASM004658,EVT019,Karur,Karur Response Zone,T+12h,12,203591,280145,550703,502085,2068,2841,113,517
ASM004659,EVT019,Karur,Karur Response Zone,T+12h,12,248421,278757,406773,460847,2063,2275,195,539
ASM004660,EVT019,Karur,Karur Response Zone,T+12h,12,204269,270143,732246,486054,766,1186,463,538
ASM004661,EVT019,Karur,Karur Response Zone,T+24h,24,357696,283609,687791,604168,4931,2788,165,513
ASM004662,EVT019,Karur,Karur Response Zone,T+24h,24,248819,286190,722033,603501,909,1366,56,508
ASM004663,EVT019,Karur,Karur Response Zone,T+24h,24,241185,284675,535405,621943,1958,2159,293,514
ASM004664,EVT019,Karur,Karur Response Zone,T+24h,24,262584,307047,620582,674260,2739,2831,362,519
ASM004665,EVT019,Karur,Karur Response Zone,T+24h,24,311130,300505,638514,591586,4130,3507,63,510
ASM004666,EVT019,Karur,Karur Response Zone,T+36h,36,327356,332099,572998,733263,4127,4050,285,494
ASM004667,EVT019,Karur,Karur Response Zone,T+36h,36,340882,437816,624139,808177,1570,2109,262,496
ASM004668,EVT019,Karur,Karur Response Zone,T+36h,36,477049,345329,710288,738641,1813,1672,236,495
ASM004669,EVT019,Karur,Karur Response Zone,T+36h,36,286757,334703,953298,758225,1421,2129,522,496
ASM004670,EVT019,Karur,Karur Response Zone,T+36h,36,327910,329177,670545,748391,1648,1987,539,638
ASM004671,EVT019,Karur,Karur Response Zone,T+48h,48,511248,469365,826052,1213739,11904,12122,182,582
ASM004672,EVT019,Karur,Karur Response Zone,T+48h,48,303612,465730,833929,868638,3093,4951,879,706
ASM004673,EVT019,Karur,Karur Response Zone,T+48h,48,491929,472395,960713,966654,10009,8773,645,626
ASM004674,EVT019,Karur,Karur Response Zone,T+48h,48,362133,474406,970819,951632,5615,8071,576,584
ASM004675,EVT019,Karur,Karur Response Zone,T+48h,48,487165,453522,1722674,758205,3370,3434,214,584
ASM004676,EVT019,Karur,Karur Response Zone,T+72h,72,375699,496283,1436406,1154612,6660,8702,1261,676
ASM004677,EVT019,Karur,Karur Response Zone,T+72h,72,528164,505026,1427603,1027983,6128,5592,1672,866
ASM004678,EVT019,Karur,Karur Response Zone,T+72h,72,578084,501937,1465903,1029962,13542,10692,1110,666
ASM004679,EVT019,Karur,Karur Response Zone,T+72h,72,542010,492780,873699,1056409,5949,4955,632,665
ASM004680,EVT019,Karur,Karur Response Zone,T+72h,72,496123,505258,820699,998952,3964,4565,858,697
ASM004681,EVT019,Madurai,Madurai Response Zone,T+0h,0,457743,515999,841485,1035214,2844,3265,63,342
ASM004682,EVT019,Madurai,Madurai Response Zone,T+0h,0,513623,688403,1877051,1014508,2207,3040,1263,774
ASM004683,EVT019,Madurai,Madurai Response Zone,T+0h,0,561058,461728,803905,914223,1669,1139,384,447
ASM004684,EVT019,Madurai,Madurai Response Zone,T+0h,0,466192,671269,894062,1028431,3386,4472,364,521
ASM004685,EVT019,Madurai,Madurai Response Zone,T+0h,0,412501,546083,1043800,1057527,3645,5126,503,533
ASM004686,EVT019,Madurai,Madurai Response Zone,T+3h,3,547897,519162,1057875,999532,2899,2375,290,344
ASM004687,EVT019,Madurai,Madurai Response Zone,T+3h,3,403086,510437,1147100,1043361,3008,4431,168,353
ASM004688,EVT019,Madurai,Madurai Response Zone,T+3h,3,386379,508624,1159300,1031038,1757,2358,595,442
ASM004689,EVT019,Madurai,Madurai Response Zone,T+3h,3,320743,475200,769665,836660,1446,2343,436,461
ASM004690,EVT019,Madurai,Madurai Response Zone,T+3h,3,429397,524778,1290543,1024938,4180,5174,312,347
ASM004691,EVT019,Madurai,Madurai Response Zone,T+6h,6,436483,458456,857376,857561,2375,2641,386,438
ASM004692,EVT019,Madurai,Madurai Response Zone,T+6h,6,448802,497034,928401,828909,3466,3456,81,351
ASM004693,EVT019,Madurai,Madurai Response Zone,T+6h,6,605211,566523,1352032,1018694,7422,6305,190,348
ASM004694,EVT019,Madurai,Madurai Response Zone,T+6h,6,463843,456372,835368,853689,2324,2356,228,323
ASM004695,EVT019,Madurai,Madurai Response Zone,T+6h,6,526245,671370,1055407,1049176,5362,6202,159,439
ASM004696,EVT019,Madurai,Madurai Response Zone,T+12h,12,534053,682492,1456234,1027305,3576,4652,804,619
ASM004697,EVT019,Madurai,Madurai Response Zone,T+12h,12,649981,667341,1058083,1067889,5262,5294,604,623
ASM004698,EVT019,Madurai,Madurai Response Zone,T+12h,12,786025,721769,1254620,1069996,6928,5146,278,505
ASM004699,EVT019,Madurai,Madurai Response Zone,T+12h,12,700248,854587,1724352,1447553,4031,4771,1530,934
ASM004700,EVT019,Madurai,Madurai Response Zone,T+12h,12,477203,569116,1932693,1054552,3481,4688,509,509
ASM004701,EVT019,Madurai,Madurai Response Zone,T+24h,24,424789,497179,1492172,1057039,4473,6480,410,346
ASM004702,EVT019,Madurai,Madurai Response Zone,T+24h,24,414613,562178,1513559,1111038,3811,6545,198,348
ASM004703,EVT019,Madurai,Madurai Response Zone,T+24h,24,623135,574098,1547668,1137490,7445,6266,531,432
ASM004704,EVT019,Madurai,Madurai Response Zone,T+24h,24,628614,583354,1046804,1075682,7322,6242,198,348
ASM004705,EVT019,Madurai,Madurai Response Zone,T+24h,24,705124,709788,1600206,1112616,6360,5436,154,508
ASM004706,EVT019,Madurai,Madurai Response Zone,T+36h,36,792618,879442,1953387,1574991,6544,7323,1771,1306
ASM004707,EVT019,Madurai,Madurai Response Zone,T+36h,36,956974,900318,1923545,1424374,6609,5043,301,485
ASM004708,EVT019,Madurai,Madurai Response Zone,T+36h,36,730166,855331,1991096,1487816,5958,6965,33,489
ASM004709,EVT019,Madurai,Madurai Response Zone,T+36h,36,1149936,1126517,2554791,1750227,17987,15788,451,485
ASM004710,EVT019,Madurai,Madurai Response Zone,T+36h,36,787875,872222,1813001,1550042,8519,10332,1045,880
ASM004711,EVT019,Madurai,Madurai Response Zone,T+48h,48,664004,838687,1841652,1483798,7077,9800,1538,1553
ASM004712,EVT019,Madurai,Madurai Response Zone,T+48h,48,866948,859280,1373145,1486686,5185,4549,145,685
ASM004713,EVT019,Madurai,Madurai Response Zone,T+48h,48,771381,805635,1598563,1501153,3873,4329,1170,1223
ASM004714,EVT019,Madurai,Madurai Response Zone,T+48h,48,893988,853496,2941796,1724539,12042,11735,2508,1562
ASM004715,EVT019,Madurai,Madurai Response Zone,T+48h,48,744389,871365,1986025,1370301,7737,7046,1412,1228
ASM004716,EVT019,Madurai,Madurai Response Zone,T+72h,72,991193,1185571,2425841,1640040,10978,12798,27,697
ASM004717,EVT019,Madurai,Madurai Response Zone,T+72h,72,1591636,1166520,3916780,1717920,16151,8725,2140,989
ASM004718,EVT019,Madurai,Madurai Response Zone,T+72h,72,1146464,1011566,1507684,1793548,12097,8567,418,697
ASM004719,EVT019,Madurai,Madurai Response Zone,T+72h,72,1066575,1025935,1705625,1565938,23020,18356,528,759
ASM004720,EVT019,Madurai,Madurai Response Zone,T+72h,72,974973,1124928,3526967,1598191,22224,20507,2563,1201
ASM004721,EVT019,Thanjavur,Thanjavur Response Zone,T+0h,0,405103,361635,769129,738625,1039,839,109,348
ASM004722,EVT019,Thanjavur,Thanjavur Response Zone,T+0h,0,424555,419389,825151,843778,3663,3408,93,344
ASM004723,EVT019,Thanjavur,Thanjavur Response Zone,T+0h,0,356452,394592,602272,792167,2186,2200,242,336
ASM004724,EVT019,Thanjavur,Thanjavur Response Zone,T+0h,0,248358,290799,687003,528217,677,812,184,275
ASM004725,EVT019,Thanjavur,Thanjavur Response Zone,T+0h,0,248308,294889,680072,523721,2312,2861,212,255
ASM004726,EVT019,Thanjavur,Thanjavur Response Zone,T+3h,3,219776,486635,718867,882060,489,1839,498,533
ASM004727,EVT019,Thanjavur,Thanjavur Response Zone,T+3h,3,427067,473014,896286,867047,4619,4739,540,519
ASM004728,EVT019,Thanjavur,Thanjavur Response Zone,T+3h,3,385394,484449,863258,891056,2820,3363,310,445
ASM004729,EVT019,Thanjavur,Thanjavur Response Zone,T+3h,3,559353,463391,981410,875605,3617,2362,596,591
ASM004730,EVT019,Thanjavur,Thanjavur Response Zone,T+3h,3,393944,436186,664755,863765,1542,1785,473,535
ASM004731,EVT019,Thanjavur,Thanjavur Response Zone,T+6h,6,324330,468206,1303021,895878,1683,2380,242,435
ASM004732,EVT019,Thanjavur,Thanjavur Response Zone,T+6h,6,445146,538775,1263112,968483,1523,1971,429,500
ASM004733,EVT019,Thanjavur,Thanjavur Response Zone,T+6h,6,352779,502140,938708,921575,2716,4207,214,435
ASM004734,EVT019,Thanjavur,Thanjavur Response Zone,T+6h,6,522864,536722,1029562,1045073,2285,2462,111,436
ASM004735,EVT019,Thanjavur,Thanjavur Response Zone,T+6h,6,401010,431806,827598,787150,1574,1821,569,446
ASM004736,EVT019,Thanjavur,Thanjavur Response Zone,T+12h,12,525327,498047,801026,937183,2368,2190,111,511
ASM004737,EVT019,Thanjavur,Thanjavur Response Zone,T+12h,12,340886,437025,790392,879367,2705,4065,463,602
ASM004738,EVT019,Thanjavur,Thanjavur Response Zone,T+12h,12,491307,549354,1028621,1035605,5267,5014,510,570
ASM004739,EVT019,Thanjavur,Thanjavur Response Zone,T+12h,12,332040,489059,1463415,907250,3110,5258,459,507
ASM004740,EVT019,Thanjavur,Thanjavur Response Zone,T+12h,12,482570,467448,1210501,882941,1733,1724,691,592
ASM004741,EVT019,Thanjavur,Thanjavur Response Zone,T+24h,24,533330,494871,1516791,1068392,4383,3630,245,507
ASM004742,EVT019,Thanjavur,Thanjavur Response Zone,T+24h,24,518473,505476,1269784,1023318,5685,4849,375,507
ASM004743,EVT019,Thanjavur,Thanjavur Response Zone,T+24h,24,521202,528807,972250,1123026,3150,3321,272,507
ASM004744,EVT019,Thanjavur,Thanjavur Response Zone,T+24h,24,550020,512128,1263108,1119060,5397,4828,537,585
ASM004745,EVT019,Thanjavur,Thanjavur Response Zone,T+24h,24,557480,426899,1322078,999635,7384,4682,183,346
ASM004746,EVT019,Thanjavur,Thanjavur Response Zone,T+36h,36,479699,546880,915832,1034653,5315,5946,31,472
ASM004747,EVT019,Thanjavur,Thanjavur Response Zone,T+36h,36,514812,552953,1434404,1048225,4938,4634,952,745
ASM004748,EVT019,Thanjavur,Thanjavur Response Zone,T+36h,36,459950,605347,2550557,1153702,3349,4884,2126,945
ASM004749,EVT019,Thanjavur,Thanjavur Response Zone,T+36h,36,580112,790060,2173979,1401044,7408,10630,893,553
ASM004750,EVT019,Thanjavur,Thanjavur Response Zone,T+36h,36,616795,600025,2129520,1111400,8016,8159,1644,903
ASM004751,EVT019,Thanjavur,Thanjavur Response Zone,T+48h,48,838122,778234,1688602,1128003,7812,6178,113,693
ASM004752,EVT019,Thanjavur,Thanjavur Response Zone,T+48h,48,706757,833341,2329461,1465840,13272,14598,349,685
ASM004753,EVT019,Thanjavur,Thanjavur Response Zone,T+48h,48,699437,815468,1521433,1464663,11627,13771,1392,1210
ASM004754,EVT019,Thanjavur,Thanjavur Response Zone,T+48h,48,701309,800319,2215242,1411471,12379,14997,2323,1380
ASM004755,EVT019,Thanjavur,Thanjavur Response Zone,T+48h,48,571624,741196,1785335,1075417,4058,4995,531,687
ASM004756,EVT019,Thanjavur,Thanjavur Response Zone,T+72h,72,705056,764236,1772505,1321762,15086,16099,496,699
ASM004757,EVT019,Thanjavur,Thanjavur Response Zone,T+72h,72,545660,784564,2493889,1395081,3813,7965,141,690
ASM004758,EVT019,Thanjavur,Thanjavur Response Zone,T+72h,72,838985,723503,1314519,1109026,8812,7006,120,691
ASM004759,EVT019,Thanjavur,Thanjavur Response Zone,T+72h,72,618582,766063,1617733,1360875,4098,4899,934,789
ASM004760,EVT019,Thanjavur,Thanjavur Response Zone,T+72h,72,805499,778692,1712766,1430187,5378,4638,631,698
ASM004761,EVT019,Tiruchirappalli,Tiruchirappalli Response Zone,T+0h,0,419034,666487,968952,1010878,2808,4686,646,701
ASM004762,EVT019,Tiruchirappalli,Tiruchirappalli Response Zone,T+0h,0,549009,519526,1141118,1061687,1543,1640,452,486
ASM004763,EVT019,Tiruchirappalli,Tiruchirappalli Response Zone,T+0h,0,546086,518071,714556,1016040,4507,4024,382,528
ASM004764,EVT019,Tiruchirappalli,Tiruchirappalli Response Zone,T+0h,0,509898,513393,1402343,1027294,5237,5219,995,687
ASM004765,EVT019,Tiruchirappalli,Tiruchirappalli Response Zone,T+0h,0,346277,460496,971337,834694,1139,1748,445,436
ASM004766,EVT019,Tiruchirappalli,Tiruchirappalli Response Zone,T+3h,3,347476,328600,664935,740210,2406,2314,139,341
ASM004767,EVT019,Tiruchirappalli,Tiruchirappalli Response Zone,T+3h,3,339025,457887,816225,835226,2207,3223,466,439
ASM004768,EVT019,Tiruchirappalli,Tiruchirappalli Response Zone,T+3h,3,401099,486055,914411,838551,2367,2858,287,343
ASM004769,EVT019,Tiruchirappalli,Tiruchirappalli Response Zone,T+3h,3,493825,459150,1100203,801976,1807,1493,394,355
ASM004770,EVT019,Tiruchirappalli,Tiruchirappalli Response Zone,T+3h,3,463534,457036,1064728,827744,3716,3167,535,415
ASM004771,EVT019,Tiruchirappalli,Tiruchirappalli Response Zone,T+6h,6,378397,409169,740326,813364,3474,4110,1,324
ASM004772,EVT019,Tiruchirappalli,Tiruchirappalli Response Zone,T+6h,6,302124,402195,671740,775648,667,1053,295,427
ASM004773,EVT019,Tiruchirappalli,Tiruchirappalli Response Zone,T+6h,6,548712,551180,1324522,1061565,4903,4505,467,432
ASM004774,EVT019,Tiruchirappalli,Tiruchirappalli Response Zone,T+6h,6,459650,476202,889678,1032119,3305,3654,118,333
ASM004775,EVT019,Tiruchirappalli,Tiruchirappalli Response Zone,T+6h,6,265162,464269,977440,855398,675,1676,37,344
ASM004776,EVT019,Tiruchirappalli,Tiruchirappalli Response Zone,T+12h,12,738363,751653,1496930,1168246,6972,5121,227,490
ASM004777,EVT019,Tiruchirappalli,Tiruchirappalli Response Zone,T+12h,12,556922,708980,1358994,1012160,2529,2953,601,586
ASM004778,EVT019,Tiruchirappalli,Tiruchirappalli Response Zone,T+12h,12,709469,692750,1534472,1046816,2306,2057,680,587
ASM004779,EVT019,Tiruchirappalli,Tiruchirappalli Response Zone,T+12h,12,489931,720902,998691,1101146,3537,5282,214,487
ASM004780,EVT019,Tiruchirappalli,Tiruchirappalli Response Zone,T+12h,12,321663,713186,852672,1092074,794,2678,289,487
ASM004781,EVT019,Tiruchirappalli,Tiruchirappalli Response Zone,T+24h,24,666038,699394,1336888,1157944,6246,5750,331,504
ASM004782,EVT019,Tiruchirappalli,Tiruchirappalli Response Zone,T+24h,24,656084,717353,2293218,1109097,6926,6448,367,511
ASM004783,EVT019,Tiruchirappalli,Tiruchirappalli Response Zone,T+24h,24,457060,721503,2628004,1156144,3111,5072,1720,910
ASM004784,EVT019,Tiruchirappalli,Tiruchirappalli Response Zone,T+24h,24,552906,788571,2586451,1272105,4495,6949,1838,870
ASM004785,EVT019,Tiruchirappalli,Tiruchirappalli Response Zone,T+24h,24,923298,551873,1227253,1141540,9462,4199,232,349
ASM004786,EVT019,Tiruchirappalli,Tiruchirappalli Response Zone,T+36h,36,656560,777574,1082193,1339193,7305,10496,121,484
ASM004787,EVT019,Tiruchirappalli,Tiruchirappalli Response Zone,T+36h,36,922914,845402,1101745,1464081,10188,10067,705,911
ASM004788,EVT019,Tiruchirappalli,Tiruchirappalli Response Zone,T+36h,36,684350,862933,1629264,1440157,7885,11058,119,493
ASM004789,EVT019,Tiruchirappalli,Tiruchirappalli Response Zone,T+36h,36,549804,895857,1960731,1624432,3015,6002,704,568
ASM004790,EVT019,Tiruchirappalli,Tiruchirappalli Response Zone,T+36h,36,751442,870105,2591017,1509060,5992,6606,2552,1353
ASM004791,EVT019,Tiruchirappalli,Tiruchirappalli Response Zone,T+48h,48,793109,894820,2477588,1594135,4481,4874,2397,1563
ASM004792,EVT019,Tiruchirappalli,Tiruchirappalli Response Zone,T+48h,48,839804,1042043,2257557,1781197,16243,20178,1077,785
ASM004793,EVT019,Tiruchirappalli,Tiruchirappalli Response Zone,T+48h,48,825881,882959,1629598,1593058,13045,14726,1018,1004
ASM004794,EVT019,Tiruchirappalli,Tiruchirappalli Response Zone,T+48h,48,824834,863033,1492631,1540631,7989,8605,1251,1308
ASM004795,EVT019,Tiruchirappalli,Tiruchirappalli Response Zone,T+48h,48,884390,1034740,2332895,1582123,12262,13175,962,780
ASM004796,EVT019,Tiruchirappalli,Tiruchirappalli Response Zone,T+72h,72,593188,853608,2211804,1478194,4718,8407,195,697
ASM004797,EVT019,Tiruchirappalli,Tiruchirappalli Response Zone,T+72h,72,987859,896602,2443313,1638822,18246,15315,239,697
ASM004798,EVT019,Tiruchirappalli,Tiruchirappalli Response Zone,T+72h,72,512346,843713,1435651,1432850,5758,12472,376,698
ASM004799,EVT019,Tiruchirappalli,Tiruchirappalli Response Zone,T+72h,72,586320,926683,2499155,1627269,9935,19271,2665,1746
ASM004800,EVT019,Tiruchirappalli,Tiruchirappalli Response Zone,T+72h,72,919541,870904,2098574,1518661,8019,8166,1627,1170
ASM004801,EVT020,Chennai,Chennai Response Zone,T+0h,0,484822,445766,781228,860497,4676,4441,73,320
ASM004802,EVT020,Chennai,Chennai Response Zone,T+0h,0,401792,450492,762540,811805,3950,4514,14,337
ASM004803,EVT020,Chennai,Chennai Response Zone,T+0h,0,257024,362877,930173,730154,2045,3276,314,325
ASM004804,EVT020,Chennai,Chennai Response Zone,T+0h,0,416475,514056,1043119,1033673,3597,4940,321,419
ASM004805,EVT020,Chennai,Chennai Response Zone,T+0h,0,389444,431570,1362604,891342,2745,3220,100,314
ASM004806,EVT020,Chennai,Chennai Response Zone,T+3h,3,278932,402791,992976,779388,2343,4425,6,304
ASM004807,EVT020,Chennai,Chennai Response Zone,T+3h,3,389299,460793,935321,1133722,1767,2333,372,424
ASM004808,EVT020,Chennai,Chennai Response Zone,T+3h,3,397578,379518,782623,754622,4177,4091,182,251
ASM004809,EVT020,Chennai,Chennai Response Zone,T+3h,3,480405,379983,839735,747797,1956,1444,250,314
ASM004810,EVT020,Chennai,Chennai Response Zone,T+3h,3,360566,436270,753228,829139,2342,3153,319,405
ASM004811,EVT020,Chennai,Chennai Response Zone,T+6h,6,478354,429050,755964,808349,1908,1774,290,406
ASM004812,EVT020,Chennai,Chennai Response Zone,T+6h,6,245120,385316,981039,744556,1384,3006,15,274
ASM004813,EVT020,Chennai,Chennai Response Zone,T+6h,6,424507,401634,1066030,760754,4279,4093,79,297
ASM004814,EVT020,Chennai,Chennai Response Zone,T+6h,6,341081,428242,1080601,836551,1774,2464,350,387
ASM004815,EVT020,Chennai,Chennai Response Zone,T+6h,6,414348,429474,1286987,831881,1334,1298,25,313
ASM004816,EVT020,Chennai,Chennai Response Zone,T+12h,12,423116,448569,881955,860023,1278,1689,369,441
ASM004817,EVT020,Chennai,Chennai Response Zone,T+12h,12,585685,475294,1573453,871279,6127,4595,376,335
ASM004818,EVT020,Chennai,Chennai Response Zone,T+12h,12,446589,668947,978312,1032980,3665,5118,7,345
ASM004819,EVT020,Chennai,Chennai Response Zone,T+12h,12,518838,500931,814054,980212,1336,1189,380,496
ASM004820,EVT020,Chennai,Chennai Response Zone,T+12h,12,404393,456545,622716,836348,1898,2542,43,328
ASM004821,EVT020,Chennai,Chennai Response Zone,T+24h,24,458882,481369,1056522,970627,2163,2245,313,423
ASM004822,EVT020,Chennai,Chennai Response Zone,T+24h,24,470850,467097,1073150,1036580,4671,5061,255,373
ASM004823,EVT020,Chennai,Chennai Response Zone,T+24h,24,525738,686583,1722655,1054490,2054,2752,842,740
ASM004824,EVT020,Chennai,Chennai Response Zone,T+24h,24,591689,700662,1534758,1087206,5250,5328,578,453
ASM004825,EVT020,Chennai,Chennai Response Zone,T+24h,24,458176,444433,855372,1019289,2872,2695,122,334
ASM004826,EVT020,Chennai,Chennai Response Zone,T+36h,36,597720,593562,1267617,1113440,5932,6207,10,354
ASM004827,EVT020,Chennai,Chennai Response Zone,T+36h,36,603956,689731,1336871,1107792,5919,6153,621,629
ASM004828,EVT020,Chennai,Chennai Response Zone,T+36h,36,665138,558991,911246,1195276,5738,4715,76,342
ASM004829,EVT020,Chennai,Chennai Response Zone,T+36h,36,787792,732097,1246948,1258485,2914,2238,699,768
ASM004830,EVT020,Chennai,Chennai Response Zone,T+36h,36,422392,543493,1065475,1056722,2920,3941,30,346
ASM004831,EVT020,Chennai,Chennai Response Zone,T+48h,48,761278,737550,2235100,1174968,10416,8377,1011,641
ASM004832,EVT020,Chennai,Chennai Response Zone,T+48h,48,506540,719566,1625801,1184808,8270,13732,514,459
ASM004833,EVT020,Chennai,Chennai Response Zone,T+48h,48,907666,856491,2284557,1650932,14672,14430,399,694
ASM004834,EVT020,Chennai,Chennai Response Zone,T+48h,48,876956,872124,1320184,1700336,14225,14042,846,1422
ASM004835,EVT020,Chennai,Chennai Response Zone,T+48h,48,520167,891299,2506195,1543950,2732,5238,702,768
ASM004836,EVT020,Chennai,Chennai Response Zone,T+72h,72,818492,876353,2684340,1717284,15360,17059,1802,1489
ASM004837,EVT020,Chennai,Chennai Response Zone,T+72h,72,751000,839287,1177872,1678167,5911,8795,423,792
ASM004838,EVT020,Chennai,Chennai Response Zone,T+72h,72,698501,843430,1658684,1595235,11999,15445,1059,1345
ASM004839,EVT020,Chennai,Chennai Response Zone,T+72h,72,1078044,896479,2254337,1820389,14486,12255,1688,1635
ASM004840,EVT020,Chennai,Chennai Response Zone,T+72h,72,722465,901592,2329150,1738870,12406,15462,902,814
ASM004841,EVT020,Tiruvallur,Tiruvallur Response Zone,T+0h,0,343543,430145,791119,814869,1511,2453,139,315
ASM004842,EVT020,Tiruvallur,Tiruvallur Response Zone,T+0h,0,414698,457651,860278,804047,3652,4178,7,340
ASM004843,EVT020,Tiruvallur,Tiruvallur Response Zone,T+0h,0,419089,392546,746485,742895,4465,4179,99,324
ASM004844,EVT020,Tiruvallur,Tiruvallur Response Zone,T+0h,0,360566,383380,896272,773164,1610,2096,176,309
ASM004845,EVT020,Tiruvallur,Tiruvallur Response Zone,T+0h,0,449683,373435,1130795,738453,4924,3935,184,320
ASM004846,EVT020,Tiruvallur,Tiruvallur Response Zone,T+3h,3,403560,385483,696647,758676,1970,2042,121,305
ASM004847,EVT020,Tiruvallur,Tiruvallur Response Zone,T+3h,3,246638,408897,1149938,795832,668,1477,234,309
ASM004848,EVT020,Tiruvallur,Tiruvallur Response Zone,T+3h,3,386220,438220,820194,849176,3414,4436,292,419
ASM004849,EVT020,Tiruvallur,Tiruvallur Response Zone,T+3h,3,365482,441285,762140,817480,1551,2427,134,319
ASM004850,EVT020,Tiruvallur,Tiruvallur Response Zone,T+3h,3,443596,446518,1135991,783795,2799,2736,88,340
ASM004851,EVT020,Tiruvallur,Tiruvallur Response Zone,T+6h,6,231470,426402,1135388,840852,640,1549,451,432
ASM004852,EVT020,Tiruvallur,Tiruvallur Response Zone,T+6h,6,514007,319845,874496,706889,3673,2022,283,257
ASM004853,EVT020,Tiruvallur,Tiruvallur Response Zone,T+6h,6,327342,306685,494857,627356,1664,1430,89,205
ASM004854,EVT020,Tiruvallur,Tiruvallur Response Zone,T+6h,6,365000,399652,721660,746071,856,828,110,313
ASM004855,EVT020,Tiruvallur,Tiruvallur Response Zone,T+6h,6,498402,425986,1106900,804235,5012,4436,200,336
ASM004856,EVT020,Tiruvallur,Tiruvallur Response Zone,T+12h,12,640593,453190,937391,831373,4774,2443,111,340
ASM004857,EVT020,Tiruvallur,Tiruvallur Response Zone,T+12h,12,375538,318974,550101,680761,3084,2788,135,229
ASM004858,EVT020,Tiruvallur,Tiruvallur Response Zone,T+12h,12,340858,289767,730350,633747,3351,2878,84,208
ASM004859,EVT020,Tiruvallur,Tiruvallur Response Zone,T+12h,12,377939,402117,709819,765874,2893,3035,191,321
ASM004860,EVT020,Tiruvallur,Tiruvallur Response Zone,T+12h,12,261496,296937,960353,605580,1122,1257,23,198
ASM004861,EVT020,Tiruvallur,Tiruvallur Response Zone,T+24h,24,468548,489317,1858240,1122230,2151,2687,651,448
ASM004862,EVT020,Tiruvallur,Tiruvallur Response Zone,T+24h,24,428868,473084,1491414,1205749,3892,5173,210,350
ASM004863,EVT020,Tiruvallur,Tiruvallur Response Zone,T+24h,24,458835,531758,1864777,1109415,2713,3433,95,353
ASM004864,EVT020,Tiruvallur,Tiruvallur Response Zone,T+24h,24,324798,418510,1053212,1052505,3295,5173,118,334
ASM004865,EVT020,Tiruvallur,Tiruvallur Response Zone,T+24h,24,497305,503498,1503866,1042220,2930,2770,633,495
ASM004866,EVT020,Tiruvallur,Tiruvallur Response Zone,T+36h,36,388258,579488,1882378,1099902,2254,3613,800,494
ASM004867,EVT020,Tiruvallur,Tiruvallur Response Zone,T+36h,36,623965,718309,1592555,1142387,3278,3266,302,353
ASM004868,EVT020,Tiruvallur,Tiruvallur Response Zone,T+36h,36,548535,571796,1285622,1143251,4026,4286,500,453
ASM004869,EVT020,Tiruvallur,Tiruvallur Response Zone,T+36h,36,666714,705018,1043543,1237064,5933,6236,596,756
ASM004870,EVT020,Tiruvallur,Tiruvallur Response Zone,T+36h,36,474149,513491,1260384,1155830,4971,6477,12,349
ASM004871,EVT020,Tiruvallur,Tiruvallur Response Zone,T+48h,48,889799,511190,1437386,1137087,15804,6702,596,475
ASM004872,EVT020,Tiruvallur,Tiruvallur Response Zone,T+48h,48,737200,610221,1722667,1108345,11926,9752,825,614
ASM004873,EVT020,Tiruvallur,Tiruvallur Response Zone,T+48h,48,377969,478653,1328109,1149807,2330,3420,256,350
ASM004874,EVT020,Tiruvallur,Tiruvallur Response Zone,T+48h,48,676206,749376,1382865,1181135,3700,4071,525,455
ASM004875,EVT020,Tiruvallur,Tiruvallur Response Zone,T+48h,48,451327,528445,767947,1038704,6382,6997,110,349
ASM004876,EVT020,Tiruvallur,Tiruvallur Response Zone,T+72h,72,560731,794893,1490394,1350903,8648,14362,550,677
ASM004877,EVT020,Tiruvallur,Tiruvallur Response Zone,T+72h,72,507374,792321,1493242,1446636,3456,5715,396,414
ASM004878,EVT020,Tiruvallur,Tiruvallur Response Zone,T+72h,72,808903,875690,1622013,1579004,6520,6827,452,632
ASM004879,EVT020,Tiruvallur,Tiruvallur Response Zone,T+72h,72,525201,618217,1661703,1168566,3821,4992,321,361
ASM004880,EVT020,Tiruvallur,Tiruvallur Response Zone,T+72h,72,831146,807191,2755236,1422712,5730,4774,1244,829
ASM004881,EVT020,Vellore,Vellore Response Zone,T+0h,0,294814,246427,578193,553934,1752,1436,208,207
ASM004882,EVT020,Vellore,Vellore Response Zone,T+0h,0,302068,255500,504464,534222,2967,2248,106,182
ASM004883,EVT020,Vellore,Vellore Response Zone,T+0h,0,205659,246889,528398,549399,591,806,137,193
ASM004884,EVT020,Vellore,Vellore Response Zone,T+0h,0,276220,279484,611437,495334,851,802,137,226
ASM004885,EVT020,Vellore,Vellore Response Zone,T+0h,0,216122,194323,363357,433184,738,730,55,160
ASM004886,EVT020,Vellore,Vellore Response Zone,T+3h,3,245078,289028,620904,569880,1599,2345,93,284
ASM004887,EVT020,Vellore,Vellore Response Zone,T+3h,3,252293,298110,767961,617815,547,715,40,305
ASM004888,EVT020,Vellore,Vellore Response Zone,T+3h,3,409405,298340,729274,697550,4288,2835,308,365
ASM004889,EVT020,Vellore,Vellore Response Zone,T+3h,3,307711,292165,751053,637359,2284,2368,129,339
ASM004890,EVT020,Vellore,Vellore Response Zone,T+3h,3,340612,300733,748957,595788,2378,2475,181,336
ASM004891,EVT020,Vellore,Vellore Response Zone,T+6h,6,230203,282165,396119,602131,1811,2363,100,295
ASM004892,EVT020,Vellore,Vellore Response Zone,T+6h,6,215692,289085,740848,524933,1145,1877,189,293
ASM004893,EVT020,Vellore,Vellore Response Zone,T+6h,6,234896,290274,511469,568487,1988,2492,177,312
ASM004894,EVT020,Vellore,Vellore Response Zone,T+6h,6,345524,403551,633987,776622,1763,2407,262,385
ASM004895,EVT020,Vellore,Vellore Response Zone,T+6h,6,242873,296035,517861,614698,1003,1571,161,326
ASM004896,EVT020,Vellore,Vellore Response Zone,T+12h,12,320071,317385,827385,719163,1945,2417,22,316
ASM004897,EVT020,Vellore,Vellore Response Zone,T+12h,12,193766,290764,597584,549062,1430,2763,257,348
ASM004898,EVT020,Vellore,Vellore Response Zone,T+12h,12,209331,278462,393233,571549,1897,2974,89,301
ASM004899,EVT020,Vellore,Vellore Response Zone,T+12h,12,317122,285703,704308,581998,980,866,72,310
ASM004900,EVT020,Vellore,Vellore Response Zone,T+12h,12,260761,251467,369504,491602,1767,1522,128,212
ASM004901,EVT020,Vellore,Vellore Response Zone,T+24h,24,344397,372999,950835,846471,3099,3453,405,439
ASM004902,EVT020,Vellore,Vellore Response Zone,T+24h,24,230271,282108,757446,649355,1870,2479,62,275
ASM004903,EVT020,Vellore,Vellore Response Zone,T+24h,24,289570,329302,1094463,794255,2013,2452,19,348
ASM004904,EVT020,Vellore,Vellore Response Zone,T+24h,24,298660,304284,1237814,745014,2241,2558,338,334
ASM004905,EVT020,Vellore,Vellore Response Zone,T+24h,24,441949,426019,677864,899271,4263,3290,290,445
ASM004906,EVT020,Vellore,Vellore Response Zone,T+36h,36,503753,420625,1022130,949781,7326,5750,90,354
ASM004907,EVT020,Vellore,Vellore Response Zone,T+36h,36,369973,404921,932340,1018586,3615,4451,449,453
ASM004908,EVT020,Vellore,Vellore Response Zone,T+36h,36,361895,484155,1239297,1225286,1971,2708,356,356
ASM004909,EVT020,Vellore,Vellore Response Zone,T+36h,36,488276,459632,1160051,1246144,3283,2821,191,358
ASM004910,EVT020,Vellore,Vellore Response Zone,T+36h,36,372076,425112,987811,1073011,2152,2682,67,354
ASM004911,EVT020,Vellore,Vellore Response Zone,T+48h,48,406042,427911,987725,1192979,5925,6822,326,356
ASM004912,EVT020,Vellore,Vellore Response Zone,T+48h,48,563096,424725,782807,982925,3045,2122,269,365
ASM004913,EVT020,Vellore,Vellore Response Zone,T+48h,48,509940,428502,1351075,1015346,10305,8330,32,358
ASM004914,EVT020,Vellore,Vellore Response Zone,T+48h,48,449425,426541,1175314,1191048,4428,4573,381,358
ASM004915,EVT020,Vellore,Vellore Response Zone,T+48h,48,398233,541427,1661209,1258850,2794,5081,578,627
ASM004916,EVT020,Vellore,Vellore Response Zone,T+72h,72,572913,554095,1242585,1238392,3290,4480,410,584
ASM004917,EVT020,Vellore,Vellore Response Zone,T+72h,72,670796,551894,1098652,1236150,4249,4493,393,614
ASM004918,EVT020,Vellore,Vellore Response Zone,T+72h,72,507019,566186,994709,1170758,3893,5196,726,965
ASM004919,EVT020,Vellore,Vellore Response Zone,T+72h,72,648541,535771,1299533,1281750,4979,4513,762,499
ASM004920,EVT020,Vellore,Vellore Response Zone,T+72h,72,647835,516834,945681,1242173,11209,8400,440,451
ASM004921,EVT020,Ranipet,Ranipet Response Zone,T+0h,0,175232,129263,454460,245508,1134,609,129,179
ASM004922,EVT020,Ranipet,Ranipet Response Zone,T+0h,0,126139,119824,196636,260378,779,817,50,167
ASM004923,EVT020,Ranipet,Ranipet Response Zone,T+0h,0,156305,127488,342748,324224,445,394,121,238
ASM004924,EVT020,Ranipet,Ranipet Response Zone,T+0h,0,203950,171488,535799,337261,1980,1398,206,258
ASM004925,EVT020,Ranipet,Ranipet Response Zone,T+0h,0,152340,125383,364975,322176,1495,1444,98,245
ASM004926,EVT020,Ranipet,Ranipet Response Zone,T+3h,3,149676,171759,394324,346509,575,661,132,262
ASM004927,EVT020,Ranipet,Ranipet Response Zone,T+3h,3,125784,128091,248603,327440,637,836,19,238
ASM004928,EVT020,Ranipet,Ranipet Response Zone,T+3h,3,141481,126411,220030,242962,877,842,40,215
ASM004929,EVT020,Ranipet,Ranipet Response Zone,T+3h,3,100071,124212,355550,254605,726,1224,21,188
ASM004930,EVT020,Ranipet,Ranipet Response Zone,T+3h,3,132899,128508,451755,257222,1181,1367,50,214
ASM004931,EVT020,Ranipet,Ranipet Response Zone,T+6h,6,192178,179978,313664,353771,615,551,105,274
ASM004932,EVT020,Ranipet,Ranipet Response Zone,T+6h,6,103963,180977,279032,356902,376,798,13,286
ASM004933,EVT020,Ranipet,Ranipet Response Zone,T+6h,6,196238,160202,178382,320118,1777,1286,1,270
ASM004934,EVT020,Ranipet,Ranipet Response Zone,T+6h,6,184761,168943,265720,328462,1054,841,113,254
ASM004935,EVT020,Ranipet,Ranipet Response Zone,T+6h,6,183876,221014,451612,416744,1493,1950,2,285
ASM004936,EVT020,Ranipet,Ranipet Response Zone,T+12h,12,194611,200777,585999,391674,787,1154,3,287
ASM004937,EVT020,Ranipet,Ranipet Response Zone,T+12h,12,168696,191809,460611,345785,478,584,177,267
ASM004938,EVT020,Ranipet,Ranipet Response Zone,T+12h,12,259951,227551,510715,420168,1179,1132,194,324
ASM004939,EVT020,Ranipet,Ranipet Response Zone,T+12h,12,194153,180527,325526,350466,1892,1549,106,278
ASM004940,EVT020,Ranipet,Ranipet Response Zone,T+12h,12,155093,231134,404441,428525,1232,2070,128,295
ASM004941,EVT020,Ranipet,Ranipet Response Zone,T+24h,24,236136,236042,738641,456302,2520,1963,310,336
ASM004942,EVT020,Ranipet,Ranipet Response Zone,T+24h,24,193348,214043,523185,452378,1264,1709,229,324
ASM004943,EVT020,Ranipet,Ranipet Response Zone,T+24h,24,238273,237893,347635,546075,1114,1531,154,348
ASM004944,EVT020,Ranipet,Ranipet Response Zone,T+24h,24,207323,231685,499885,562157,1001,1653,82,354
ASM004945,EVT020,Ranipet,Ranipet Response Zone,T+24h,24,290257,211047,403445,427873,3784,2085,52,318
ASM004946,EVT020,Ranipet,Ranipet Response Zone,T+36h,36,211917,188976,367214,397159,2269,1708,93,279
ASM004947,EVT020,Ranipet,Ranipet Response Zone,T+36h,36,189677,232394,633640,510577,610,1331,270,336
ASM004948,EVT020,Ranipet,Ranipet Response Zone,T+36h,36,145597,198888,446986,397793,951,1452,88,283
ASM004949,EVT020,Ranipet,Ranipet Response Zone,T+36h,36,158299,186566,412957,405524,1728,1978,49,280
ASM004950,EVT020,Ranipet,Ranipet Response Zone,T+36h,36,189800,182820,585568,402906,1944,1755,102,284
ASM004951,EVT020,Ranipet,Ranipet Response Zone,T+48h,48,233369,241608,469895,474756,3490,4278,124,354
ASM004952,EVT020,Ranipet,Ranipet Response Zone,T+48h,48,294571,255618,906802,505213,4520,4310,452,351
ASM004953,EVT020,Ranipet,Ranipet Response Zone,T+48h,48,325888,299523,573804,632193,5777,4958,115,577
ASM004954,EVT020,Ranipet,Ranipet Response Zone,T+48h,48,237241,202129,486974,394521,2122,1492,196,342
ASM004955,EVT020,Ranipet,Ranipet Response Zone,T+48h,48,262063,258963,549059,526713,2820,3055,257,360
ASM004956,EVT020,Ranipet,Ranipet Response Zone,T+72h,72,176818,249779,593049,528321,796,1710,156,361
ASM004957,EVT020,Ranipet,Ranipet Response Zone,T+72h,72,232130,245291,654658,562069,3883,4654,98,361
ASM004958,EVT020,Ranipet,Ranipet Response Zone,T+72h,72,292701,247990,643695,557702,3395,3214,373,362
ASM004959,EVT020,Ranipet,Ranipet Response Zone,T+72h,72,231824,257946,471595,498270,3701,4478,174,358
ASM004960,EVT020,Ranipet,Ranipet Response Zone,T+72h,72,275025,248343,465838,541700,3732,3942,242,365
ASM004961,EVT020,Tirupathur,Tirupathur Response Zone,T+0h,0,121228,129432,576260,268667,812,886,144,247
ASM004962,EVT020,Tirupathur,Tirupathur Response Zone,T+0h,0,99903,121038,248263,256597,337,531,73,187
ASM004963,EVT020,Tirupathur,Tirupathur Response Zone,T+0h,0,127399,121099,360770,260969,900,895,41,241
ASM004964,EVT020,Tirupathur,Tirupathur Response Zone,T+0h,0,141671,117958,200220,245367,1380,1334,6,260
ASM004965,EVT020,Tirupathur,Tirupathur Response Zone,T+0h,0,82845,98370,200556,131179,688,815,45,155
ASM004966,EVT020,Tirupathur,Tirupathur Response Zone,T+3h,3,106766,112771,253295,262358,391,451,30,167
ASM004967,EVT020,Tirupathur,Tirupathur Response Zone,T+3h,3,92959,109148,295058,262090,192,256,87,167
ASM004968,EVT020,Tirupathur,Tirupathur Response Zone,T+3h,3,131754,106486,123994,254858,1353,937,24,166
ASM004969,EVT020,Tirupathur,Tirupathur Response Zone,T+3h,3,123222,128562,317295,262774,766,916,45,240
ASM004970,EVT020,Tirupathur,Tirupathur Response Zone,T+3h,3,153162,121046,200846,247978,1295,922,53,180
ASM004971,EVT020,Tirupathur,Tirupathur Response Zone,T+6h,6,190785,135140,342010,320190,711,551,39,254
ASM004972,EVT020,Tirupathur,Tirupathur Response Zone,T+6h,6,141115,138444,254004,339792,310,367,74,256
ASM004973,EVT020,Tirupathur,Tirupathur Response Zone,T+6h,6,104319,135307,235031,267763,605,828,8,219
ASM004974,EVT020,Tirupathur,Tirupathur Response Zone,T+6h,6,118203,217733,376582,415171,614,1360,65,290
ASM004975,EVT020,Tirupathur,Tirupathur Response Zone,T+6h,6,130228,201270,306400,346852,762,1382,113,286
ASM004976,EVT020,Tirupathur,Tirupathur Response Zone,T+12h,12,133073,185119,355275,350009,376,608,129,280
ASM004977,EVT020,Tirupathur,Tirupathur Response Zone,T+12h,12,193926,171202,251526,341565,2180,1546,85,278
ASM004978,EVT020,Tirupathur,Tirupathur Response Zone,T+12h,12,166455,194754,233773,387487,1124,1144,10,284
ASM004979,EVT020,Tirupathur,Tirupathur Response Zone,T+12h,12,194498,213038,538087,367512,1118,1114,255,290
ASM004980,EVT020,Tirupathur,Tirupathur Response Zone,T+12h,12,106106,183283,272191,350903,829,1754,62,282
ASM004981,EVT020,Tirupathur,Tirupathur Response Zone,T+24h,24,129628,173004,393986,407602,991,1459,112,288
ASM004982,EVT020,Tirupathur,Tirupathur Response Zone,T+24h,24,170854,132674,416888,287404,509,388,139,220
ASM004983,EVT020,Tirupathur,Tirupathur Response Zone,T+24h,24,194184,199231,377036,394728,1663,1598,13,293
ASM004984,EVT020,Tirupathur,Tirupathur Response Zone,T+24h,24,149385,140174,313329,311236,444,478,9,262
ASM004985,EVT020,Tirupathur,Tirupathur Response Zone,T+24h,24,184623,184788,419808,385647,1199,1435,58,281
ASM004986,EVT020,Tirupathur,Tirupathur Response Zone,T+36h,36,337583,263038,785832,565720,1927,1686,350,353
ASM004987,EVT020,Tirupathur,Tirupathur Response Zone,T+36h,36,160082,179179,307672,404879,1019,1179,101,282
ASM004988,EVT020,Tirupathur,Tirupathur Response Zone,T+36h,36,205336,198827,468219,426853,676,814,78,352
ASM004989,EVT020,Tirupathur,Tirupathur Response Zone,T+36h,36,248129,251992,384993,557127,2950,2668,137,348
ASM004990,EVT020,Tirupathur,Tirupathur Response Zone,T+36h,36,318750,207327,451534,423659,1238,710,44,325
ASM004991,EVT020,Tirupathur,Tirupathur Response Zone,T+48h,48,124952,193546,487693,421547,1407,3522,171,339
ASM004992,EVT020,Tirupathur,Tirupathur Response Zone,T+48h,48,206251,197235,361441,431012,3905,4220,25,329
ASM004993,EVT020,Tirupathur,Tirupathur Response Zone,T+48h,48,226009,253985,508089,509371,1862,2019,277,352
ASM004994,EVT020,Tirupathur,Tirupathur Response Zone,T+48h,48,172836,147138,264699,317225,1595,1569,86,281
ASM004995,EVT020,Tirupathur,Tirupathur Response Zone,T+48h,48,194524,232725,546106,488177,3390,4447,79,352
ASM004996,EVT020,Tirupathur,Tirupathur Response Zone,T+72h,72,234085,253325,719273,543565,2455,3207,12,363
ASM004997,EVT020,Tirupathur,Tirupathur Response Zone,T+72h,72,318756,290108,511220,616025,5994,4937,373,641
ASM004998,EVT020,Tirupathur,Tirupathur Response Zone,T+72h,72,528564,296469,585433,628941,10906,4463,24,587
ASM004999,EVT020,Tirupathur,Tirupathur Response Zone,T+72h,72,330442,292299,737025,630546,2202,1777,411,589
ASM005000,EVT020,Tirupathur,Tirupathur Response Zone,T+72h,72,230588,301888,905418,585188,2902,4300,592,590
ASM005001,EVT020,Karur,Karur Response Zone,T+0h,0,164716,195511,285969,352792,781,916,61,264
ASM005002,EVT020,Karur,Karur Response Zone,T+0h,0,145496,184879,340776,357217,770,876,87,271
ASM005003,EVT020,Karur,Karur Response Zone,T+0h,0,108604,163511,373147,352434,207,370,108,257
ASM005004,EVT020,Karur,Karur Response Zone,T+0h,0,135065,158136,329398,319588,515,626,114,264
ASM005005,EVT020,Karur,Karur Response Zone,T+0h,0,198677,182049,211976,344580,1619,1368,84,265
ASM005006,EVT020,Karur,Karur Response Zone,T+3h,3,105231,126862,356400,242734,776,1297,42,219
ASM005007,EVT020,Karur,Karur Response Zone,T+3h,3,203439,180834,555384,364209,895,754,44,279
ASM005008,EVT020,Karur,Karur Response Zone,T+3h,3,189799,191979,409139,336914,1647,1553,121,276
ASM005009,EVT020,Karur,Karur Response Zone,T+3h,3,102314,113069,207469,241364,434,568,50,169
ASM005010,EVT020,Karur,Karur Response Zone,T+3h,3,155074,184824,323710,348794,1509,1687,26,288
ASM005011,EVT020,Karur,Karur Response Zone,T+6h,6,200819,184830,523313,334286,2054,1338,159,270
ASM005012,EVT020,Karur,Karur Response Zone,T+6h,6,186993,176430,462706,342111,1164,962,97,274
ASM005013,EVT020,Karur,Karur Response Zone,T+6h,6,171503,184241,473387,339020,404,403,28,263
ASM005014,EVT020,Karur,Karur Response Zone,T+6h,6,141013,163991,367653,327070,579,674,86,254
ASM005015,EVT020,Karur,Karur Response Zone,T+6h,6,182436,201838,349119,356689,749,727,82,268
ASM005016,EVT020,Karur,Karur Response Zone,T+12h,12,129669,138455,310235,348143,335,412,29,251
ASM005017,EVT020,Karur,Karur Response Zone,T+12h,12,100349,175437,338189,352539,466,899,71,268
ASM005018,EVT020,Karur,Karur Response Zone,T+12h,12,240469,179017,419871,343401,2659,1546,153,281
ASM005019,EVT020,Karur,Karur Response Zone,T+12h,12,180505,202087,589355,343494,1158,1214,142,275
ASM005020,EVT020,Karur,Karur Response Zone,T+12h,12,181241,190795,521135,342579,957,949,17,265
ASM005021,EVT020,Karur,Karur Response Zone,T+24h,24,138498,138350,248506,289124,1122,1058,10,183
ASM005022,EVT020,Karur,Karur Response Zone,T+24h,24,140189,180252,420130,385360,1161,1494,145,275
ASM005023,EVT020,Karur,Karur Response Zone,T+24h,24,182862,185563,572574,396542,1292,1324,223,287
ASM005024,EVT020,Karur,Karur Response Zone,T+24h,24,129980,195463,534033,410838,834,1450,130,286
ASM005025,EVT020,Karur,Karur Response Zone,T+24h,24,291460,185887,383337,375404,3862,1881,163,290
ASM005026,EVT020,Karur,Karur Response Zone,T+36h,36,233006,321056,1494183,678997,1941,2913,944,550
ASM005027,EVT020,Karur,Karur Response Zone,T+36h,36,203293,258218,462967,541080,1972,3051,60,357
ASM005028,EVT020,Karur,Karur Response Zone,T+36h,36,213845,245942,439296,485168,1863,2344,159,352
ASM005029,EVT020,Karur,Karur Response Zone,T+36h,36,363122,294032,727506,645815,4311,2885,492,596
ASM005030,EVT020,Karur,Karur Response Zone,T+36h,36,232908,252683,949451,483485,1555,1887,444,355
ASM005031,EVT020,Karur,Karur Response Zone,T+48h,48,196788,253682,495496,534672,1874,3258,184,359
ASM005032,EVT020,Karur,Karur Response Zone,T+48h,48,357728,282979,644115,633119,7119,5071,197,579
ASM005033,EVT020,Karur,Karur Response Zone,T+48h,48,299795,264234,838701,596643,3144,3106,186,361
ASM005034,EVT020,Karur,Karur Response Zone,T+48h,48,336739,308956,727144,643224,5566,4953,57,578
ASM005035,EVT020,Karur,Karur Response Zone,T+48h,48,294293,259889,555979,545082,6363,4895,366,385
ASM005036,EVT020,Karur,Karur Response Zone,T+72h,72,494611,335344,867417,639349,5315,3098,119,585
ASM005037,EVT020,Karur,Karur Response Zone,T+72h,72,473180,328711,794647,678003,9087,4613,475,588
ASM005038,EVT020,Karur,Karur Response Zone,T+72h,72,262991,311702,946953,646289,3334,4422,346,583
ASM005039,EVT020,Karur,Karur Response Zone,T+72h,72,419643,327918,1006313,672606,3277,1984,713,665
ASM005040,EVT020,Karur,Karur Response Zone,T+72h,72,313284,314660,762338,666594,1977,1798,311,589
ASM005041,EVT020,Madurai,Madurai Response Zone,T+0h,0,308351,279350,695497,618550,2651,2784,238,245
ASM005042,EVT020,Madurai,Madurai Response Zone,T+0h,0,188513,281176,645114,563583,1261,2287,157,211
ASM005043,EVT020,Madurai,Madurai Response Zone,T+0h,0,240074,258803,638301,543092,1588,1989,111,169
ASM005044,EVT020,Madurai,Madurai Response Zone,T+0h,0,230182,261393,630910,552656,745,949,70,222
ASM005045,EVT020,Madurai,Madurai Response Zone,T+0h,0,283314,252550,549648,533144,1199,839,149,168
ASM005046,EVT020,Madurai,Madurai Response Zone,T+3h,3,410918,324241,1058995,789760,4434,3352,152,319
ASM005047,EVT020,Madurai,Madurai Response Zone,T+3h,3,251020,393827,1254014,854666,473,910,584,430
ASM005048,EVT020,Madurai,Madurai Response Zone,T+3h,3,359117,395401,571521,727759,3338,3485,209,403
ASM005049,EVT020,Madurai,Madurai Response Zone,T+3h,3,391836,297870,719194,701005,2985,2232,256,331
ASM005050,EVT020,Madurai,Madurai Response Zone,T+3h,3,363479,388401,734789,795593,1470,1841,127,320
ASM005051,EVT020,Madurai,Madurai Response Zone,T+6h,6,338575,295768,631929,687667,3279,3272,6,253
ASM005052,EVT020,Madurai,Madurai Response Zone,T+6h,6,359925,330924,854911,731726,2784,2914,80,322
ASM005053,EVT020,Madurai,Madurai Response Zone,T+6h,6,337001,304141,849949,691394,3464,3479,253,308
ASM005054,EVT020,Madurai,Madurai Response Zone,T+6h,6,292972,300347,686012,735377,1647,2224,32,304
ASM005055,EVT020,Madurai,Madurai Response Zone,T+6h,6,234358,300856,420971,643971,1368,2299,116,266
ASM005056,EVT020,Madurai,Madurai Response Zone,T+12h,12,314266,416628,701879,808183,1747,2908,78,333
ASM005057,EVT020,Madurai,Madurai Response Zone,T+12h,12,363998,300436,903428,732315,1976,1907,98,301
ASM005058,EVT020,Madurai,Madurai Response Zone,T+12h,12,309199,307875,355691,730270,848,866,116,307
ASM005059,EVT020,Madurai,Madurai Response Zone,T+12h,12,322548,322236,1016970,679168,933,1044,426,395
ASM005060,EVT020,Madurai,Madurai Response Zone,T+12h,12,339283,392316,968543,747288,2467,3246,459,437
ASM005061,EVT020,Madurai,Madurai Response Zone,T+24h,24,310195,305704,1159382,683960,2678,3184,205,276
ASM005062,EVT020,Madurai,Madurai Response Zone,T+24h,24,497496,407442,966169,927260,4047,3211,216,335
ASM005063,EVT020,Madurai,Madurai Response Zone,T+24h,24,363984,399122,595823,934905,1859,2071,112,330
ASM005064,EVT020,Madurai,Madurai Response Zone,T+24h,24,333760,464746,1219738,1028985,3277,5290,222,352
ASM005065,EVT020,Madurai,Madurai Response Zone,T+24h,24,568301,496370,1692375,1025089,5633,4519,267,347
ASM005066,EVT020,Madurai,Madurai Response Zone,T+36h,36,350831,348251,1151539,739649,1727,2024,397,396
ASM005067,EVT020,Madurai,Madurai Response Zone,T+36h,36,477545,477378,1009006,1012583,5802,6348,265,349
ASM005068,EVT020,Madurai,Madurai Response Zone,T+36h,36,767542,607696,1352852,1108203,4764,3050,633,454
ASM005069,EVT020,Madurai,Madurai Response Zone,T+36h,36,485218,481299,1030231,1028236,2053,2121,102,349
ASM005070,EVT020,Madurai,Madurai Response Zone,T+36h,36,549172,542923,1027983,1060524,4523,4307,109,352
ASM005071,EVT020,Madurai,Madurai Response Zone,T+48h,48,512148,733052,2055395,1188958,8995,14861,873,793
ASM005072,EVT020,Madurai,Madurai Response Zone,T+48h,48,601561,724130,1127768,1140501,4631,5255,581,932
ASM005073,EVT020,Madurai,Madurai Response Zone,T+48h,48,571670,543679,984442,1109029,8451,7240,98,355
ASM005074,EVT020,Madurai,Madurai Response Zone,T+48h,48,418210,594846,1058517,1190164,2428,4438,409,454
ASM005075,EVT020,Madurai,Madurai Response Zone,T+48h,48,640882,721904,1008754,1154119,3662,4128,78,684
ASM005076,EVT020,Madurai,Madurai Response Zone,T+72h,72,607953,617077,1500994,1191963,3846,4568,758,936
ASM005077,EVT020,Madurai,Madurai Response Zone,T+72h,72,664977,752308,2123063,1176918,11063,13029,610,704
ASM005078,EVT020,Madurai,Madurai Response Zone,T+72h,72,614865,536729,1159953,1022032,3823,3985,420,449
ASM005079,EVT020,Madurai,Madurai Response Zone,T+72h,72,710017,733092,1090626,1207106,13923,13815,643,1011
ASM005080,EVT020,Madurai,Madurai Response Zone,T+72h,72,827998,706602,1793490,1118281,15171,12792,579,747
ASM005081,EVT020,Tiruchirappalli,Tiruchirappalli Response Zone,T+0h,0,268889,325170,1155230,743260,858,1322,163,329
ASM005082,EVT020,Tiruchirappalli,Tiruchirappalli Response Zone,T+0h,0,302867,297781,571980,629106,953,928,214,329
ASM005083,EVT020,Tiruchirappalli,Tiruchirappalli Response Zone,T+0h,0,306098,312965,605565,673760,2286,2304,234,337
ASM005084,EVT020,Tiruchirappalli,Tiruchirappalli Response Zone,T+0h,0,255269,316814,840601,700316,2252,3295,204,318
ASM005085,EVT020,Tiruchirappalli,Tiruchirappalli Response Zone,T+0h,0,416019,387411,1181823,789531,4271,3429,26,327
ASM005086,EVT020,Tiruchirappalli,Tiruchirappalli Response Zone,T+3h,3,435909,292030,544634,578284,2068,999,195,248
ASM005087,EVT020,Tiruchirappalli,Tiruchirappalli Response Zone,T+3h,3,330312,338974,555864,737265,1226,1378,76,309
ASM005088,EVT020,Tiruchirappalli,Tiruchirappalli Response Zone,T+3h,3,317804,294516,746992,638670,1029,743,151,297
ASM005089,EVT020,Tiruchirappalli,Tiruchirappalli Response Zone,T+3h,3,304634,303780,820450,672640,1809,2073,140,326
ASM005090,EVT020,Tiruchirappalli,Tiruchirappalli Response Zone,T+3h,3,219986,267023,581772,533316,1049,1352,211,229
ASM005091,EVT020,Tiruchirappalli,Tiruchirappalli Response Zone,T+6h,6,196835,301331,571092,647508,1034,2348,104,298
ASM005092,EVT020,Tiruchirappalli,Tiruchirappalli Response Zone,T+6h,6,281343,329068,947340,653316,1457,2514,349,345
ASM005093,EVT020,Tiruchirappalli,Tiruchirappalli Response Zone,T+6h,6,230636,307294,802593,743339,1308,2346,231,306
ASM005094,EVT020,Tiruchirappalli,Tiruchirappalli Response Zone,T+6h,6,461797,319917,634155,748236,3142,2365,69,317
ASM005095,EVT020,Tiruchirappalli,Tiruchirappalli Response Zone,T+6h,6,293986,300017,703047,660663,1715,2364,154,296
ASM005096,EVT020,Tiruchirappalli,Tiruchirappalli Response Zone,T+12h,12,295542,326515,517084,676243,2052,2401,208,436
ASM005097,EVT020,Tiruchirappalli,Tiruchirappalli Response Zone,T+12h,12,344315,304426,795102,651269,2792,2470,245,299
ASM005098,EVT020,Tiruchirappalli,Tiruchirappalli Response Zone,T+12h,12,205712,288211,566509,534645,1491,2339,31,192
ASM005099,EVT020,Tiruchirappalli,Tiruchirappalli Response Zone,T+12h,12,276136,324908,674513,713746,1742,2360,260,371
ASM005100,EVT020,Tiruchirappalli,Tiruchirappalli Response Zone,T+12h,12,336957,336227,728795,731241,1420,1586,88,341
ASM005101,EVT020,Tiruchirappalli,Tiruchirappalli Response Zone,T+24h,24,491669,415302,994314,845284,3727,2673,403,444
ASM005102,EVT020,Tiruchirappalli,Tiruchirappalli Response Zone,T+24h,24,469968,415347,1334934,1113169,4576,3850,212,345
ASM005103,EVT020,Tiruchirappalli,Tiruchirappalli Response Zone,T+24h,24,483446,468706,1296792,1001727,1483,1583,75,349
ASM005104,EVT020,Tiruchirappalli,Tiruchirappalli Response Zone,T+24h,24,529422,519933,1210029,1116580,3140,3033,590,456
ASM005105,EVT020,Tiruchirappalli,Tiruchirappalli Response Zone,T+24h,24,479349,471399,1344046,970662,2778,2573,475,451
ASM005106,EVT020,Tiruchirappalli,Tiruchirappalli Response Zone,T+36h,36,378769,356335,983841,732649,2383,2189,388,441
ASM005107,EVT020,Tiruchirappalli,Tiruchirappalli Response Zone,T+36h,36,310171,382755,857087,874767,2151,2925,354,427
ASM005108,EVT020,Tiruchirappalli,Tiruchirappalli Response Zone,T+36h,36,323022,304016,767314,731754,2526,2547,146,318
ASM005109,EVT020,Tiruchirappalli,Tiruchirappalli Response Zone,T+36h,36,281538,382492,795892,749149,1651,2213,223,337
ASM005110,EVT020,Tiruchirappalli,Tiruchirappalli Response Zone,T+36h,36,399483,400166,1111059,884546,3906,3860,124,338
ASM005111,EVT020,Tiruchirappalli,Tiruchirappalli Response Zone,T+48h,48,453210,541628,1118940,1096846,6751,7177,216,353
ASM005112,EVT020,Tiruchirappalli,Tiruchirappalli Response Zone,T+48h,48,946413,617720,1235103,1151063,9345,4651,143,689
ASM005113,EVT020,Tiruchirappalli,Tiruchirappalli Response Zone,T+48h,48,552049,616586,2241374,1120936,9834,10826,410,697
ASM005114,EVT020,Tiruchirappalli,Tiruchirappalli Response Zone,T+48h,48,367971,514157,1488001,1200167,2330,4426,110,351
ASM005115,EVT020,Tiruchirappalli,Tiruchirappalli Response Zone,T+48h,48,513445,586195,1057366,1123812,2823,3992,300,357
ASM005116,EVT020,Tiruchirappalli,Tiruchirappalli Response Zone,T+72h,72,516600,515070,1312692,1151796,2948,3380,583,454
ASM005117,EVT020,Tiruchirappalli,Tiruchirappalli Response Zone,T+72h,72,792797,598439,1371862,1238545,6060,4504,929,1107
ASM005118,EVT020,Tiruchirappalli,Tiruchirappalli Response Zone,T+72h,72,439629,535007,1332262,1102991,2683,4326,518,438
ASM005119,EVT020,Tiruchirappalli,Tiruchirappalli Response Zone,T+72h,72,387915,567596,1342040,1180914,3544,5827,418,364
ASM005120,EVT020,Tiruchirappalli,Tiruchirappalli Response Zone,T+72h,72,705277,610357,1968162,1160658,14293,13432,718,781
ASM005121,EVT020,Salem,Salem Response Zone,T+0h,0,180361,254435,597913,507049,1424,2158,34,189
ASM005122,EVT020,Salem,Salem Response Zone,T+0h,0,180045,182160,445999,411943,536,630,48,165
ASM005123,EVT020,Salem,Salem Response Zone,T+0h,0,159701,175583,499025,353303,1070,1095,126,132
ASM005124,EVT020,Salem,Salem Response Zone,T+0h,0,279000,297808,693423,617235,2478,3055,194,301
ASM005125,EVT020,Salem,Salem Response Zone,T+0h,0,302640,285086,624344,534760,1800,1556,135,276
ASM005126,EVT020,Salem,Salem Response Zone,T+3h,3,198759,246736,570572,440834,834,1039,13,180
ASM005127,EVT020,Salem,Salem Response Zone,T+3h,3,257207,291410,618073,541294,561,628,240,285
ASM005128,EVT020,Salem,Salem Response Zone,T+3h,3,259115,288445,604370,569407,2411,2787,108,257
ASM005129,EVT020,Salem,Salem Response Zone,T+3h,3,283578,275128,556725,543380,2498,2843,105,288
ASM005130,EVT020,Salem,Salem Response Zone,T+3h,3,256418,283140,481410,534367,2377,2660,122,222
ASM005131,EVT020,Salem,Salem Response Zone,T+6h,6,324586,306889,542950,606249,1511,1411,111,304
ASM005132,EVT020,Salem,Salem Response Zone,T+6h,6,331396,303285,440614,577123,3175,2799,130,330
ASM005133,EVT020,Salem,Salem Response Zone,T+6h,6,315650,299182,543311,649138,2403,2271,222,342
ASM005134,EVT020,Salem,Salem Response Zone,T+6h,6,315762,294537,640439,641319,1734,1654,185,309
ASM005135,EVT020,Salem,Salem Response Zone,T+6h,6,221639,305547,724875,702858,645,1036,46,314
ASM005136,EVT020,Salem,Salem Response Zone,T+12h,12,301411,304943,651378,602844,1276,1361,7,340
ASM005137,EVT020,Salem,Salem Response Zone,T+12h,12,326629,311095,380450,611411,1011,878,55,298
ASM005138,EVT020,Salem,Salem Response Zone,T+12h,12,302338,278982,886811,569608,1166,932,216,289
ASM005139,EVT020,Salem,Salem Response Zone,T+12h,12,236978,298831,815301,555061,644,837,178,279
ASM005140,EVT020,Salem,Salem Response Zone,T+12h,12,272665,312131,803842,712706,1974,2782,291,318
ASM005141,EVT020,Salem,Salem Response Zone,T+24h,24,255641,297991,1121483,665414,873,846,145,300
ASM005142,EVT020,Salem,Salem Response Zone,T+24h,24,319333,290652,560170,665171,2936,2497,156,311
ASM005143,EVT020,Salem,Salem Response Zone,T+24h,24,402361,309367,1278651,729717,4431,3417,524,440
ASM005144,EVT020,Salem,Salem Response Zone,T+24h,24,296162,305743,618522,763539,1860,2069,100,330
ASM005145,EVT020,Salem,Salem Response Zone,T+24h,24,404743,317183,888208,761804,4723,3443,332,417
ASM005146,EVT020,Salem,Salem Response Zone,T+36h,36,444232,414343,779810,1040844,3817,3658,385,449
ASM005147,EVT020,Salem,Salem Response Zone,T+36h,36,445322,456637,1135001,1045814,4299,4485,639,468
ASM005148,EVT020,Salem,Salem Response Zone,T+36h,36,395716,403992,1109674,896278,3053,3493,515,439
ASM005149,EVT020,Salem,Salem Response Zone,T+36h,36,519699,450007,1050544,1099682,2088,2010,243,348
ASM005150,EVT020,Salem,Salem Response Zone,T+36h,36,548286,542855,1526674,1115396,7095,6792,72,509
ASM005151,EVT020,Salem,Salem Response Zone,T+48h,48,616214,370342,977631,819324,5842,3659,433,443
ASM005152,EVT020,Salem,Salem Response Zone,T+48h,48,366541,424030,942878,969671,5533,6580,260,355
ASM005153,EVT020,Salem,Salem Response Zone,T+48h,48,538248,530855,1026186,1054146,8864,7754,511,446
ASM005154,EVT020,Salem,Salem Response Zone,T+48h,48,325154,361255,1064325,764705,3559,3855,484,433
ASM005155,EVT020,Salem,Salem Response Zone,T+48h,48,385940,483435,952682,1024748,2205,3732,511,440
ASM005156,EVT020,Salem,Salem Response Zone,T+72h,72,413861,416076,1289239,873309,7202,6284,7,356
ASM005157,EVT020,Salem,Salem Response Zone,T+72h,72,448651,477666,1426594,878784,7037,6810,408,362
ASM005158,EVT020,Salem,Salem Response Zone,T+72h,72,896487,535029,809297,1159165,25228,12400,408,794
ASM005159,EVT020,Salem,Salem Response Zone,T+72h,72,532542,572582,1784212,1105492,6171,6624,722,777
ASM005160,EVT020,Salem,Salem Response Zone,T+72h,72,351588,463729,1861478,1095395,3139,4614,1036,473
