Inventory_ID,Hub_ID,Event_ID,Food_Available_packets,Water_Available_Liters,Medical_Kits_Available,Shelter_Capacity_Available,Vehicles_Available,Vehicle_Capacity,Rescue_Personnel_Available,Distribution_Personnel_Available,Medical_Personnel_Available,Hours_Since_Disaster
INV00001,HUB001,EVT001,57671,189137,719,25116,11,639,158,156,37,0
INV00001,HUB001,EVT001,57671,189137,719,25116,11,639,158,156,37,3
INV00001,HUB001,EVT001,57671,189137,719,25116,11,639,158,156,37,6
INV00001,HUB001,EVT001,57671,189137,719,25116,11,639,158,156,37,12
INV00001,HUB001,EVT001,57671,189137,719,25116,11,639,158,156,37,24
INV00001,HUB001,EVT001,57671,189137,719,25116,11,639,158,156,37,36
INV00001,HUB001,EVT001,57671,189137,719,25116,11,639,158,156,37,48
INV00001,HUB001,EVT001,57671,189137,719,25116,11,639,158,156,37,72
INV00002,HUB002,EVT001,31715,104013,396,13812,9,728,87,86,20,0
INV00002,HUB002,EVT001,31715,104013,396,13812,9,728,87,86,20,3
INV00002,HUB002,EVT001,31715,104013,396,13812,9,728,87,86,20,6
INV00002,HUB002,EVT001,31715,104013,396,13812,9,728,87,86,20,12
INV00002,HUB002,EVT001,31715,104013,396,13812,9,728,87,86,20,24
INV00002,HUB002,EVT001,31715,104013,396,13812,9,728,87,86,20,36
INV00002,HUB002,EVT001,31715,104013,396,13812,9,728,87,86,20,48
INV00002,HUB002,EVT001,31715,104013,396,13812,9,728,87,86,20,72
INV00003,HUB003,EVT001,47408,155478,591,20646,10,697,130,128,30,0
INV00003,HUB003,EVT001,47408,155478,591,20646,10,697,130,128,30,3
INV00003,HUB003,EVT001,47408,155478,591,20646,10,697,130,128,30,6
INV00003,HUB003,EVT001,47408,155478,591,20646,10,697,130,128,30,12
INV00003,HUB003,EVT001,47408,155478,591,20646,10,697,130,128,30,24
INV00003,HUB003,EVT001,47408,155478,591,20646,10,697,130,128,30,36
INV00003,HUB003,EVT001,47408,155478,591,20646,10,697,130,128,30,48
INV00003,HUB003,EVT001,47408,155478,591,20646,10,697,130,128,30,72
INV00004,HUB004,EVT001,47070,154370,587,20499,11,719,129,127,30,0
INV00004,HUB004,EVT001,47070,154370,587,20499,11,719,129,127,30,3
INV00004,HUB004,EVT001,47070,154370,587,20499,11,719,129,127,30,6
INV00004,HUB004,EVT001,47070,154370,587,20499,11,719,129,127,30,12
INV00004,HUB004,EVT001,47070,154370,587,20499,11,719,129,127,30,24
INV00004,HUB004,EVT001,47070,154370,587,20499,11,719,129,127,30,36
INV00004,HUB004,EVT001,47070,154370,587,20499,11,719,129,127,30,48
INV00004,HUB004,EVT001,47070,154370,587,20499,11,719,129,127,30,72
INV00005,HUB005,EVT001,53796,176428,671,23428,12,665,148,146,34,0
INV00005,HUB005,EVT001,53796,176428,671,23428,12,665,148,146,34,3
INV00005,HUB005,EVT001,53796,176428,671,23428,12,665,148,146,34,6
INV00005,HUB005,EVT001,53796,176428,671,23428,12,665,148,146,34,12
INV00005,HUB005,EVT001,53796,176428,671,23428,12,665,148,146,34,24
INV00005,HUB005,EVT001,53796,176428,671,23428,12,665,148,146,34,36
INV00005,HUB005,EVT001,53796,176428,671,23428,12,665,148,146,34,48
INV00005,HUB005,EVT001,53796,176428,671,23428,12,665,148,146,34,72
INV00006,HUB006,EVT001,67037,219855,836,29195,13,778,184,182,43,0
INV00006,HUB006,EVT001,67037,219855,836,29195,13,778,184,182,43,3
INV00006,HUB006,EVT001,67037,219855,836,29195,13,778,184,182,43,6
INV00006,HUB006,EVT001,67037,219855,836,29195,13,778,184,182,43,12
INV00006,HUB006,EVT001,67037,219855,836,29195,13,778,184,182,43,24
INV00006,HUB006,EVT001,67037,219855,836,29195,13,778,184,182,43,36
INV00006,HUB006,EVT001,67037,219855,836,29195,13,778,184,182,43,48
INV00006,HUB006,EVT001,67037,219855,836,29195,13,778,184,182,43,72
INV00007,HUB007,EVT001,25717,84343,321,11200,9,621,71,70,16,0
INV00007,HUB007,EVT001,25717,84343,321,11200,9,621,71,70,16,3
INV00007,HUB007,EVT001,25717,84343,321,11200,9,621,71,70,16,6
INV00007,HUB007,EVT001,25717,84343,321,11200,9,621,71,70,16,12
INV00007,HUB007,EVT001,25717,84343,321,11200,9,621,71,70,16,24
INV00007,HUB007,EVT001,25717,84343,321,11200,9,621,71,70,16,36
INV00007,HUB007,EVT001,25717,84343,321,11200,9,621,71,70,16,48
INV00007,HUB007,EVT001,25717,84343,321,11200,9,621,71,70,16,72
INV00008,HUB008,EVT001,38788,127208,484,16892,11,712,106,105,25,0
INV00008,HUB008,EVT001,38788,127208,484,16892,11,712,106,105,25,3
INV00008,HUB008,EVT001,38788,127208,484,16892,11,712,106,105,25,6
INV00008,HUB008,EVT001,38788,127208,484,16892,11,712,106,105,25,12
INV00008,HUB008,EVT001,38788,127208,484,16892,11,712,106,105,25,24
INV00008,HUB008,EVT001,38788,127208,484,16892,11,712,106,105,25,36
INV00008,HUB008,EVT001,38788,127208,484,16892,11,712,106,105,25,48
INV00008,HUB008,EVT001,38788,127208,484,16892,11,712,106,105,25,72
INV00009,HUB009,EVT001,41801,137090,521,18204,12,673,115,113,27,0
INV00009,HUB009,EVT001,41801,137090,521,18204,12,673,115,113,27,3
INV00009,HUB009,EVT001,41801,137090,521,18204,12,673,115,113,27,6
INV00009,HUB009,EVT001,41801,137090,521,18204,12,673,115,113,27,12
INV00009,HUB009,EVT001,41801,137090,521,18204,12,673,115,113,27,24
INV00009,HUB009,EVT001,41801,137090,521,18204,12,673,115,113,27,36
INV00009,HUB009,EVT001,41801,137090,521,18204,12,673,115,113,27,48
INV00009,HUB009,EVT001,41801,137090,521,18204,12,673,115,113,27,72
INV00010,HUB010,EVT001,36065,118279,450,15706,12,765,99,98,23,0
INV00010,HUB010,EVT001,36065,118279,450,15706,12,765,99,98,23,3
INV00010,HUB010,EVT001,36065,118279,450,15706,12,765,99,98,23,6
INV00010,HUB010,EVT001,36065,118279,450,15706,12,765,99,98,23,12
INV00010,HUB010,EVT001,36065,118279,450,15706,12,765,99,98,23,24
INV00010,HUB010,EVT001,36065,118279,450,15706,12,765,99,98,23,36
INV00010,HUB010,EVT001,36065,118279,450,15706,12,765,99,98,23,48
INV00010,HUB010,EVT001,36065,118279,450,15706,12,765,99,98,23,72
INV00011,HUB001,EVT002,284483,1045021,3517,130357,16,720,823,781,156,0
INV00011,HUB001,EVT002,284483,1045021,3517,130357,16,720,823,781,156,3
INV00011,HUB001,EVT002,284483,1045021,3517,130357,16,720,823,781,156,6
INV00011,HUB001,EVT002,284483,1045021,3517,130357,16,720,823,781,156,12
INV00011,HUB001,EVT002,284483,1045021,3517,130357,16,720,823,781,156,24
INV00011,HUB001,EVT002,284483,1045021,3517,130357,16,720,823,781,156,36
INV00011,HUB001,EVT002,284483,1045021,3517,130357,16,720,823,781,156,48
INV00011,HUB001,EVT002,284483,1045021,3517,130357,16,720,823,781,156,72
INV00012,HUB002,EVT002,198434,728929,2453,90927,13,662,574,545,109,0
INV00012,HUB002,EVT002,198434,728929,2453,90927,13,662,574,545,109,3
INV00012,HUB002,EVT002,198434,728929,2453,90927,13,662,574,545,109,6
INV00012,HUB002,EVT002,198434,728929,2453,90927,13,662,574,545,109,12
INV00012,HUB002,EVT002,198434,728929,2453,90927,13,662,574,545,109,24
INV00012,HUB002,EVT002,198434,728929,2453,90927,13,662,574,545,109,36
INV00012,HUB002,EVT002,198434,728929,2453,90927,13,662,574,545,109,48
INV00012,HUB002,EVT002,198434,728929,2453,90927,13,662,574,545,109,72
INV00013,HUB003,EVT002,198732,730023,2457,91064,11,788,575,546,109,0
INV00013,HUB003,EVT002,198732,730023,2457,91064,11,788,575,546,109,3
INV00013,HUB003,EVT002,198732,730023,2457,91064,11,788,575,546,109,6
INV00013,HUB003,EVT002,198732,730023,2457,91064,11,788,575,546,109,12
INV00013,HUB003,EVT002,198732,730023,2457,91064,11,788,575,546,109,24
INV00013,HUB003,EVT002,198732,730023,2457,91064,11,788,575,546,109,36
INV00013,HUB003,EVT002,198732,730023,2457,91064,11,788,575,546,109,48
INV00013,HUB003,EVT002,198732,730023,2457,91064,11,788,575,546,109,72
INV00014,HUB004,EVT002,147001,539992,1817,67359,13,758,425,404,80,0
INV00014,HUB004,EVT002,147001,539992,1817,67359,13,758,425,404,80,3
INV00014,HUB004,EVT002,147001,539992,1817,67359,13,758,425,404,80,6
INV00014,HUB004,EVT002,147001,539992,1817,67359,13,758,425,404,80,12
INV00014,HUB004,EVT002,147001,539992,1817,67359,13,758,425,404,80,24
INV00014,HUB004,EVT002,147001,539992,1817,67359,13,758,425,404,80,36
INV00014,HUB004,EVT002,147001,539992,1817,67359,13,758,425,404,80,48
INV00014,HUB004,EVT002,147001,539992,1817,67359,13,758,425,404,80,72
INV00015,HUB005,EVT002,78839,289605,975,36126,11,635,228,217,43,0
INV00015,HUB005,EVT002,78839,289605,975,36126,11,635,228,217,43,3
INV00015,HUB005,EVT002,78839,289605,975,36126,11,635,228,217,43,6
INV00015,HUB005,EVT002,78839,289605,975,36126,11,635,228,217,43,12
INV00015,HUB005,EVT002,78839,289605,975,36126,11,635,228,217,43,24
INV00015,HUB005,EVT002,78839,289605,975,36126,11,635,228,217,43,36
INV00015,HUB005,EVT002,78839,289605,975,36126,11,635,228,217,43,48
INV00015,HUB005,EVT002,78839,289605,975,36126,11,635,228,217,43,72
INV00016,HUB006,EVT002,208625,766365,2579,95597,11,690,603,573,114,0
INV00016,HUB006,EVT002,208625,766365,2579,95597,11,690,603,573,114,3
INV00016,HUB006,EVT002,208625,766365,2579,95597,11,690,603,573,114,6
INV00016,HUB006,EVT002,208625,766365,2579,95597,11,690,603,573,114,12
INV00016,HUB006,EVT002,208625,766365,2579,95597,11,690,603,573,114,24
INV00016,HUB006,EVT002,208625,766365,2579,95597,11,690,603,573,114,36
INV00016,HUB006,EVT002,208625,766365,2579,95597,11,690,603,573,114,48
INV00016,HUB006,EVT002,208625,766365,2579,95597,11,690,603,573,114,72
INV00017,HUB007,EVT002,103930,381775,1285,47623,12,758,301,285,57,0
INV00017,HUB007,EVT002,103930,381775,1285,47623,12,758,301,285,57,3
INV00017,HUB007,EVT002,103930,381775,1285,47623,12,758,301,285,57,6
INV00017,HUB007,EVT002,103930,381775,1285,47623,12,758,301,285,57,12
INV00017,HUB007,EVT002,103930,381775,1285,47623,12,758,301,285,57,24
INV00017,HUB007,EVT002,103930,381775,1285,47623,12,758,301,285,57,36
INV00017,HUB007,EVT002,103930,381775,1285,47623,12,758,301,285,57,48
INV00017,HUB007,EVT002,103930,381775,1285,47623,12,758,301,285,57,72
INV00018,HUB008,EVT002,131431,482799,1625,60225,9,653,380,361,72,0
INV00018,HUB008,EVT002,131431,482799,1625,60225,9,653,380,361,72,3
INV00018,HUB008,EVT002,131431,482799,1625,60225,9,653,380,361,72,6
INV00018,HUB008,EVT002,131431,482799,1625,60225,9,653,380,361,72,12
INV00018,HUB008,EVT002,131431,482799,1625,60225,9,653,380,361,72,24
INV00018,HUB008,EVT002,131431,482799,1625,60225,9,653,380,361,72,36
INV00018,HUB008,EVT002,131431,482799,1625,60225,9,653,380,361,72,48
INV00018,HUB008,EVT002,131431,482799,1625,60225,9,653,380,361,72,72
INV00019,HUB009,EVT002,115083,422746,1423,52734,13,630,333,316,63,0
INV00019,HUB009,EVT002,115083,422746,1423,52734,13,630,333,316,63,3
INV00019,HUB009,EVT002,115083,422746,1423,52734,13,630,333,316,63,6
INV00019,HUB009,EVT002,115083,422746,1423,52734,13,630,333,316,63,12
INV00019,HUB009,EVT002,115083,422746,1423,52734,13,630,333,316,63,24
INV00019,HUB009,EVT002,115083,422746,1423,52734,13,630,333,316,63,36
INV00019,HUB009,EVT002,115083,422746,1423,52734,13,630,333,316,63,48
INV00019,HUB009,EVT002,115083,422746,1423,52734,13,630,333,316,63,72
INV00020,HUB010,EVT002,61324,225267,758,28100,11,664,177,168,34,0
INV00020,HUB010,EVT002,61324,225267,758,28100,11,664,177,168,34,3
INV00020,HUB010,EVT002,61324,225267,758,28100,11,664,177,168,34,6
INV00020,HUB010,EVT002,61324,225267,758,28100,11,664,177,168,34,12
INV00020,HUB010,EVT002,61324,225267,758,28100,11,664,177,168,34,24
INV00020,HUB010,EVT002,61324,225267,758,28100,11,664,177,168,34,36
INV00020,HUB010,EVT002,61324,225267,758,28100,11,664,177,168,34,48
INV00020,HUB010,EVT002,61324,225267,758,28100,11,664,177,168,34,72
INV00021,HUB001,EVT003,325341,1157524,4082,133101,13,752,828,861,249,0
INV00021,HUB001,EVT003,325341,1157524,4082,133101,13,752,828,861,249,3
INV00021,HUB001,EVT003,325341,1157524,4082,133101,13,752,828,861,249,6
INV00021,HUB001,EVT003,325341,1157524,4082,133101,13,752,828,861,249,12
INV00021,HUB001,EVT003,325341,1157524,4082,133101,13,752,828,861,249,24
INV00021,HUB001,EVT003,325341,1157524,4082,133101,13,752,828,861,249,36
INV00021,HUB001,EVT003,325341,1157524,4082,133101,13,752,828,861,249,48
INV00021,HUB001,EVT003,325341,1157524,4082,133101,13,752,828,861,249,72
INV00022,HUB002,EVT003,193698,689156,2431,79245,12,650,493,512,149,0
INV00022,HUB002,EVT003,193698,689156,2431,79245,12,650,493,512,149,3
INV00022,HUB002,EVT003,193698,689156,2431,79245,12,650,493,512,149,6
INV00022,HUB002,EVT003,193698,689156,2431,79245,12,650,493,512,149,12
INV00022,HUB002,EVT003,193698,689156,2431,79245,12,650,493,512,149,24
INV00022,HUB002,EVT003,193698,689156,2431,79245,12,650,493,512,149,36
INV00022,HUB002,EVT003,193698,689156,2431,79245,12,650,493,512,149,48
INV00022,HUB002,EVT003,193698,689156,2431,79245,12,650,493,512,149,72
INV00023,HUB003,EVT003,194515,692062,2441,79579,14,727,495,515,149,0
INV00023,HUB003,EVT003,194515,692062,2441,79579,14,727,495,515,149,3
INV00023,HUB003,EVT003,194515,692062,2441,79579,14,727,495,515,149,6
INV00023,HUB003,EVT003,194515,692062,2441,79579,14,727,495,515,149,12
INV00023,HUB003,EVT003,194515,692062,2441,79579,14,727,495,515,149,24
INV00023,HUB003,EVT003,194515,692062,2441,79579,14,727,495,515,149,36
INV00023,HUB003,EVT003,194515,692062,2441,79579,14,727,495,515,149,48
INV00023,HUB003,EVT003,194515,692062,2441,79579,14,727,495,515,149,72
INV00024,HUB004,EVT003,135997,483861,1707,55638,13,623,346,360,104,0
INV00024,HUB004,EVT003,135997,483861,1707,55638,13,623,346,360,104,3
INV00024,HUB004,EVT003,135997,483861,1707,55638,13,623,346,360,104,6
INV00024,HUB004,EVT003,135997,483861,1707,55638,13,623,346,360,104,12
INV00024,HUB004,EVT003,135997,483861,1707,55638,13,623,346,360,104,24
INV00024,HUB004,EVT003,135997,483861,1707,55638,13,623,346,360,104,36
INV00024,HUB004,EVT003,135997,483861,1707,55638,13,623,346,360,104,48
INV00024,HUB004,EVT003,135997,483861,1707,55638,13,623,346,360,104,72
INV00025,HUB005,EVT003,112954,401876,1417,46211,11,761,288,299,87,0
INV00025,HUB005,EVT003,112954,401876,1417,46211,11,761,288,299,87,3
INV00025,HUB005,EVT003,112954,401876,1417,46211,11,761,288,299,87,6
INV00025,HUB005,EVT003,112954,401876,1417,46211,11,761,288,299,87,12
INV00025,HUB005,EVT003,112954,401876,1417,46211,11,761,288,299,87,24
INV00025,HUB005,EVT003,112954,401876,1417,46211,11,761,288,299,87,36
INV00025,HUB005,EVT003,112954,401876,1417,46211,11,761,288,299,87,48
INV00025,HUB005,EVT003,112954,401876,1417,46211,11,761,288,299,87,72
INV00026,HUB006,EVT003,127292,452890,1597,52077,10,696,324,337,98,0
INV00026,HUB006,EVT003,127292,452890,1597,52077,10,696,324,337,98,3
INV00026,HUB006,EVT003,127292,452890,1597,52077,10,696,324,337,98,6
INV00026,HUB006,EVT003,127292,452890,1597,52077,10,696,324,337,98,12
INV00026,HUB006,EVT003,127292,452890,1597,52077,10,696,324,337,98,24
INV00026,HUB006,EVT003,127292,452890,1597,52077,10,696,324,337,98,36
INV00026,HUB006,EVT003,127292,452890,1597,52077,10,696,324,337,98,48
INV00026,HUB006,EVT003,127292,452890,1597,52077,10,696,324,337,98,72
INV00027,HUB007,EVT003,141095,501999,1771,57724,11,745,359,373,108,0
INV00027,HUB007,EVT003,141095,501999,1771,57724,11,745,359,373,108,3
INV00027,HUB007,EVT003,141095,501999,1771,57724,11,745,359,373,108,6
INV00027,HUB007,EVT003,141095,501999,1771,57724,11,745,359,373,108,12
INV00027,HUB007,EVT003,141095,501999,1771,57724,11,745,359,373,108,24
INV00027,HUB007,EVT003,141095,501999,1771,57724,11,745,359,373,108,36
INV00027,HUB007,EVT003,141095,501999,1771,57724,11,745,359,373,108,48
INV00027,HUB007,EVT003,141095,501999,1771,57724,11,745,359,373,108,72
INV00028,HUB008,EVT003,124591,443279,1563,50972,11,747,317,330,96,0
INV00028,HUB008,EVT003,124591,443279,1563,50972,11,747,317,330,96,3
INV00028,HUB008,EVT003,124591,443279,1563,50972,11,747,317,330,96,6
INV00028,HUB008,EVT003,124591,443279,1563,50972,11,747,317,330,96,12
INV00028,HUB008,EVT003,124591,443279,1563,50972,11,747,317,330,96,24
INV00028,HUB008,EVT003,124591,443279,1563,50972,11,747,317,330,96,36
INV00028,HUB008,EVT003,124591,443279,1563,50972,11,747,317,330,96,48
INV00028,HUB008,EVT003,124591,443279,1563,50972,11,747,317,330,96,72
INV00029,HUB009,EVT003,54443,193703,683,22274,10,657,139,144,42,0
INV00029,HUB009,EVT003,54443,193703,683,22274,10,657,139,144,42,3
INV00029,HUB009,EVT003,54443,193703,683,22274,10,657,139,144,42,6
INV00029,HUB009,EVT003,54443,193703,683,22274,10,657,139,144,42,12
INV00029,HUB009,EVT003,54443,193703,683,22274,10,657,139,144,42,24
INV00029,HUB009,EVT003,54443,193703,683,22274,10,657,139,144,42,36
INV00029,HUB009,EVT003,54443,193703,683,22274,10,657,139,144,42,48
INV00029,HUB009,EVT003,54443,193703,683,22274,10,657,139,144,42,72
INV00030,HUB010,EVT003,56878,202364,714,23269,9,647,145,150,44,0
INV00030,HUB010,EVT003,56878,202364,714,23269,9,647,145,150,44,3
INV00030,HUB010,EVT003,56878,202364,714,23269,9,647,145,150,44,6
INV00030,HUB010,EVT003,56878,202364,714,23269,9,647,145,150,44,12
INV00030,HUB010,EVT003,56878,202364,714,23269,9,647,145,150,44,24
INV00030,HUB010,EVT003,56878,202364,714,23269,9,647,145,150,44,36
INV00030,HUB010,EVT003,56878,202364,714,23269,9,647,145,150,44,48
INV00030,HUB010,EVT003,56878,202364,714,23269,9,647,145,150,44,72
INV00031,HUB001,EVT004,29342,95346,343,12228,9,722,79,76,22,0
INV00031,HUB001,EVT004,29342,95346,343,12228,9,722,79,76,22,3
INV00031,HUB001,EVT004,29342,95346,343,12228,9,722,79,76,22,6
INV00031,HUB001,EVT004,29342,95346,343,12228,9,722,79,76,22,12
INV00031,HUB001,EVT004,29342,95346,343,12228,9,722,79,76,22,24
INV00031,HUB001,EVT004,29342,95346,343,12228,9,722,79,76,22,36
INV00031,HUB001,EVT004,29342,95346,343,12228,9,722,79,76,22,48
INV00031,HUB001,EVT004,29342,95346,343,12228,9,722,79,76,22,72
INV00032,HUB002,EVT004,53140,172679,621,22145,8,689,143,138,39,0
INV00032,HUB002,EVT004,53140,172679,621,22145,8,689,143,138,39,3
INV00032,HUB002,EVT004,53140,172679,621,22145,8,689,143,138,39,6
INV00032,HUB002,EVT004,53140,172679,621,22145,8,689,143,138,39,12
INV00032,HUB002,EVT004,53140,172679,621,22145,8,689,143,138,39,24
INV00032,HUB002,EVT004,53140,172679,621,22145,8,689,143,138,39,36
INV00032,HUB002,EVT004,53140,172679,621,22145,8,689,143,138,39,48
INV00032,HUB002,EVT004,53140,172679,621,22145,8,689,143,138,39,72
INV00033,HUB003,EVT004,44605,144942,521,18588,9,686,120,116,33,0
INV00033,HUB003,EVT004,44605,144942,521,18588,9,686,120,116,33,3
INV00033,HUB003,EVT004,44605,144942,521,18588,9,686,120,116,33,6
INV00033,HUB003,EVT004,44605,144942,521,18588,9,686,120,116,33,12
INV00033,HUB003,EVT004,44605,144942,521,18588,9,686,120,116,33,24
INV00033,HUB003,EVT004,44605,144942,521,18588,9,686,120,116,33,36
INV00033,HUB003,EVT004,44605,144942,521,18588,9,686,120,116,33,48
INV00033,HUB003,EVT004,44605,144942,521,18588,9,686,120,116,33,72
INV00034,HUB004,EVT004,95902,311633,1120,39965,11,768,258,250,70,0
INV00034,HUB004,EVT004,95902,311633,1120,39965,11,768,258,250,70,3
INV00034,HUB004,EVT004,95902,311633,1120,39965,11,768,258,250,70,6
INV00034,HUB004,EVT004,95902,311633,1120,39965,11,768,258,250,70,12
INV00034,HUB004,EVT004,95902,311633,1120,39965,11,768,258,250,70,24
INV00034,HUB004,EVT004,95902,311633,1120,39965,11,768,258,250,70,36
INV00034,HUB004,EVT004,95902,311633,1120,39965,11,768,258,250,70,48
INV00034,HUB004,EVT004,95902,311633,1120,39965,11,768,258,250,70,72
INV00035,HUB005,EVT004,66552,216260,777,27734,11,629,179,173,49,0
INV00035,HUB005,EVT004,66552,216260,777,27734,11,629,179,173,49,3
INV00035,HUB005,EVT004,66552,216260,777,27734,11,629,179,173,49,6
INV00035,HUB005,EVT004,66552,216260,777,27734,11,629,179,173,49,12
INV00035,HUB005,EVT004,66552,216260,777,27734,11,629,179,173,49,24
INV00035,HUB005,EVT004,66552,216260,777,27734,11,629,179,173,49,36
INV00035,HUB005,EVT004,66552,216260,777,27734,11,629,179,173,49,48
INV00035,HUB005,EVT004,66552,216260,777,27734,11,629,179,173,49,72
INV00036,HUB006,EVT004,100069,325172,1169,41702,13,711,270,261,73,0
INV00036,HUB006,EVT004,100069,325172,1169,41702,13,711,270,261,73,3
INV00036,HUB006,EVT004,100069,325172,1169,41702,13,711,270,261,73,6
INV00036,HUB006,EVT004,100069,325172,1169,41702,13,711,270,261,73,12
INV00036,HUB006,EVT004,100069,325172,1169,41702,13,711,270,261,73,24
INV00036,HUB006,EVT004,100069,325172,1169,41702,13,711,270,261,73,36
INV00036,HUB006,EVT004,100069,325172,1169,41702,13,711,270,261,73,48
INV00036,HUB006,EVT004,100069,325172,1169,41702,13,711,270,261,73,72
INV00037,HUB007,EVT004,51141,166181,597,21312,8,752,138,133,37,0
INV00037,HUB007,EVT004,51141,166181,597,21312,8,752,138,133,37,3
INV00037,HUB007,EVT004,51141,166181,597,21312,8,752,138,133,37,6
INV00037,HUB007,EVT004,51141,166181,597,21312,8,752,138,133,37,12
INV00037,HUB007,EVT004,51141,166181,597,21312,8,752,138,133,37,24
INV00037,HUB007,EVT004,51141,166181,597,21312,8,752,138,133,37,36
INV00037,HUB007,EVT004,51141,166181,597,21312,8,752,138,133,37,48
INV00037,HUB007,EVT004,51141,166181,597,21312,8,752,138,133,37,72
INV00038,HUB008,EVT004,71596,232650,836,29836,12,649,193,186,52,0
INV00038,HUB008,EVT004,71596,232650,836,29836,12,649,193,186,52,3
INV00038,HUB008,EVT004,71596,232650,836,29836,12,649,193,186,52,6
INV00038,HUB008,EVT004,71596,232650,836,29836,12,649,193,186,52,12
INV00038,HUB008,EVT004,71596,232650,836,29836,12,649,193,186,52,24
INV00038,HUB008,EVT004,71596,232650,836,29836,12,649,193,186,52,36
INV00038,HUB008,EVT004,71596,232650,836,29836,12,649,193,186,52,48
INV00038,HUB008,EVT004,71596,232650,836,29836,12,649,193,186,52,72
INV00039,HUB009,EVT004,183096,594968,2139,76302,17,812,493,477,134,0
INV00039,HUB009,EVT004,183096,594968,2139,76302,17,812,493,477,134,3
INV00039,HUB009,EVT004,183096,594968,2139,76302,17,812,493,477,134,6
INV00039,HUB009,EVT004,183096,594968,2139,76302,17,812,493,477,134,12
INV00039,HUB009,EVT004,183096,594968,2139,76302,17,812,493,477,134,24
INV00039,HUB009,EVT004,183096,594968,2139,76302,17,812,493,477,134,36
INV00039,HUB009,EVT004,183096,594968,2139,76302,17,812,493,477,134,48
INV00039,HUB009,EVT004,183096,594968,2139,76302,17,812,493,477,134,72
INV00040,HUB010,EVT004,81033,263315,947,33769,12,674,218,211,59,0
INV00040,HUB010,EVT004,81033,263315,947,33769,12,674,218,211,59,3
INV00040,HUB010,EVT004,81033,263315,947,33769,12,674,218,211,59,6
INV00040,HUB010,EVT004,81033,263315,947,33769,12,674,218,211,59,12
INV00040,HUB010,EVT004,81033,263315,947,33769,12,674,218,211,59,24
INV00040,HUB010,EVT004,81033,263315,947,33769,12,674,218,211,59,36
INV00040,HUB010,EVT004,81033,263315,947,33769,12,674,218,211,59,48
INV00040,HUB010,EVT004,81033,263315,947,33769,12,674,218,211,59,72
INV00041,HUB001,EVT005,44391,150496,512,19651,11,739,132,121,32,0
INV00041,HUB001,EVT005,44391,150496,512,19651,11,739,132,121,32,3
INV00041,HUB001,EVT005,44391,150496,512,19651,11,739,132,121,32,6
INV00041,HUB001,EVT005,44391,150496,512,19651,11,739,132,121,32,12
INV00041,HUB001,EVT005,44391,150496,512,19651,11,739,132,121,32,24
INV00041,HUB001,EVT005,44391,150496,512,19651,11,739,132,121,32,36
INV00041,HUB001,EVT005,44391,150496,512,19651,11,739,132,121,32,48
INV00041,HUB001,EVT005,44391,150496,512,19651,11,739,132,121,32,72
INV00042,HUB002,EVT005,67557,229033,779,29906,10,697,202,185,48,0
INV00042,HUB002,EVT005,67557,229033,779,29906,10,697,202,185,48,3
INV00042,HUB002,EVT005,67557,229033,779,29906,10,697,202,185,48,6
INV00042,HUB002,EVT005,67557,229033,779,29906,10,697,202,185,48,12
INV00042,HUB002,EVT005,67557,229033,779,29906,10,697,202,185,48,24
INV00042,HUB002,EVT005,67557,229033,779,29906,10,697,202,185,48,36
INV00042,HUB002,EVT005,67557,229033,779,29906,10,697,202,185,48,48
INV00042,HUB002,EVT005,67557,229033,779,29906,10,697,202,185,48,72
INV00043,HUB003,EVT005,79815,270591,920,35333,13,686,238,218,57,0
INV00043,HUB003,EVT005,79815,270591,920,35333,13,686,238,218,57,3
INV00043,HUB003,EVT005,79815,270591,920,35333,13,686,238,218,57,6
INV00043,HUB003,EVT005,79815,270591,920,35333,13,686,238,218,57,12
INV00043,HUB003,EVT005,79815,270591,920,35333,13,686,238,218,57,24
INV00043,HUB003,EVT005,79815,270591,920,35333,13,686,238,218,57,36
INV00043,HUB003,EVT005,79815,270591,920,35333,13,686,238,218,57,48
INV00043,HUB003,EVT005,79815,270591,920,35333,13,686,238,218,57,72
INV00044,HUB004,EVT005,101960,345668,1176,45136,11,698,304,279,73,0
INV00044,HUB004,EVT005,101960,345668,1176,45136,11,698,304,279,73,3
INV00044,HUB004,EVT005,101960,345668,1176,45136,11,698,304,279,73,6
INV00044,HUB004,EVT005,101960,345668,1176,45136,11,698,304,279,73,12
INV00044,HUB004,EVT005,101960,345668,1176,45136,11,698,304,279,73,24
INV00044,HUB004,EVT005,101960,345668,1176,45136,11,698,304,279,73,36
INV00044,HUB004,EVT005,101960,345668,1176,45136,11,698,304,279,73,48
INV00044,HUB004,EVT005,101960,345668,1176,45136,11,698,304,279,73,72
INV00045,HUB005,EVT005,94414,320084,1089,41795,11,781,282,258,68,0
INV00045,HUB005,EVT005,94414,320084,1089,41795,11,781,282,258,68,3
INV00045,HUB005,EVT005,94414,320084,1089,41795,11,781,282,258,68,6
INV00045,HUB005,EVT005,94414,320084,1089,41795,11,781,282,258,68,12
INV00045,HUB005,EVT005,94414,320084,1089,41795,11,781,282,258,68,24
INV00045,HUB005,EVT005,94414,320084,1089,41795,11,781,282,258,68,36
INV00045,HUB005,EVT005,94414,320084,1089,41795,11,781,282,258,68,48
INV00045,HUB005,EVT005,94414,320084,1089,41795,11,781,282,258,68,72
INV00046,HUB006,EVT005,82824,280793,955,36665,12,730,247,227,59,0
INV00046,HUB006,EVT005,82824,280793,955,36665,12,730,247,227,59,3
INV00046,HUB006,EVT005,82824,280793,955,36665,12,730,247,227,59,6
INV00046,HUB006,EVT005,82824,280793,955,36665,12,730,247,227,59,12
INV00046,HUB006,EVT005,82824,280793,955,36665,12,730,247,227,59,24
INV00046,HUB006,EVT005,82824,280793,955,36665,12,730,247,227,59,36
INV00046,HUB006,EVT005,82824,280793,955,36665,12,730,247,227,59,48
INV00046,HUB006,EVT005,82824,280793,955,36665,12,730,247,227,59,72
INV00047,HUB007,EVT005,35010,118692,404,15498,12,726,104,96,25,0
INV00047,HUB007,EVT005,35010,118692,404,15498,12,726,104,96,25,3
INV00047,HUB007,EVT005,35010,118692,404,15498,12,726,104,96,25,6
INV00047,HUB007,EVT005,35010,118692,404,15498,12,726,104,96,25,12
INV00047,HUB007,EVT005,35010,118692,404,15498,12,726,104,96,25,24
INV00047,HUB007,EVT005,35010,118692,404,15498,12,726,104,96,25,36
INV00047,HUB007,EVT005,35010,118692,404,15498,12,726,104,96,25,48
INV00047,HUB007,EVT005,35010,118692,404,15498,12,726,104,96,25,72
INV00048,HUB008,EVT005,69815,236690,805,30906,13,730,208,191,50,0
INV00048,HUB008,EVT005,69815,236690,805,30906,13,730,208,191,50,3
INV00048,HUB008,EVT005,69815,236690,805,30906,13,730,208,191,50,6
INV00048,HUB008,EVT005,69815,236690,805,30906,13,730,208,191,50,12
INV00048,HUB008,EVT005,69815,236690,805,30906,13,730,208,191,50,24
INV00048,HUB008,EVT005,69815,236690,805,30906,13,730,208,191,50,36
INV00048,HUB008,EVT005,69815,236690,805,30906,13,730,208,191,50,48
INV00048,HUB008,EVT005,69815,236690,805,30906,13,730,208,191,50,72
INV00049,HUB009,EVT005,32422,109920,374,14353,9,671,97,89,23,0
INV00049,HUB009,EVT005,32422,109920,374,14353,9,671,97,89,23,3
INV00049,HUB009,EVT005,32422,109920,374,14353,9,671,97,89,23,6
INV00049,HUB009,EVT005,32422,109920,374,14353,9,671,97,89,23,12
INV00049,HUB009,EVT005,32422,109920,374,14353,9,671,97,89,23,24
INV00049,HUB009,EVT005,32422,109920,374,14353,9,671,97,89,23,36
INV00049,HUB009,EVT005,32422,109920,374,14353,9,671,97,89,23,48
INV00049,HUB009,EVT005,32422,109920,374,14353,9,671,97,89,23,72
INV00050,HUB010,EVT005,44792,151854,516,19828,9,717,134,123,32,0
INV00050,HUB010,EVT005,44792,151854,516,19828,9,717,134,123,32,3
INV00050,HUB010,EVT005,44792,151854,516,19828,9,717,134,123,32,6
INV00050,HUB010,EVT005,44792,151854,516,19828,9,717,134,123,32,12
INV00050,HUB010,EVT005,44792,151854,516,19828,9,717,134,123,32,24
INV00050,HUB010,EVT005,44792,151854,516,19828,9,717,134,123,32,36
INV00050,HUB010,EVT005,44792,151854,516,19828,9,717,134,123,32,48
INV00050,HUB010,EVT005,44792,151854,516,19828,9,717,134,123,32,72
INV00051,HUB001,EVT006,264715,909208,3295,118283,12,780,766,721,170,0
INV00051,HUB001,EVT006,264715,909208,3295,118283,12,780,766,721,170,3
INV00051,HUB001,EVT006,264715,909208,3295,118283,12,780,766,721,170,6
INV00051,HUB001,EVT006,264715,909208,3295,118283,12,780,766,721,170,12
INV00051,HUB001,EVT006,264715,909208,3295,118283,12,780,766,721,170,24
INV00051,HUB001,EVT006,264715,909208,3295,118283,12,780,766,721,170,36
INV00051,HUB001,EVT006,264715,909208,3295,118283,12,780,766,721,170,48
INV00051,HUB001,EVT006,264715,909208,3295,118283,12,780,766,721,170,72
INV00052,HUB002,EVT006,230128,790413,2865,102829,12,673,666,627,147,0
INV00052,HUB002,EVT006,230128,790413,2865,102829,12,673,666,627,147,3
INV00052,HUB002,EVT006,230128,790413,2865,102829,12,673,666,627,147,6
INV00052,HUB002,EVT006,230128,790413,2865,102829,12,673,666,627,147,12
INV00052,HUB002,EVT006,230128,790413,2865,102829,12,673,666,627,147,24
INV00052,HUB002,EVT006,230128,790413,2865,102829,12,673,666,627,147,36
INV00052,HUB002,EVT006,230128,790413,2865,102829,12,673,666,627,147,48
INV00052,HUB002,EVT006,230128,790413,2865,102829,12,673,666,627,147,72
INV00053,HUB003,EVT006,146272,502394,1821,65359,13,768,423,398,94,0
INV00053,HUB003,EVT006,146272,502394,1821,65359,13,768,423,398,94,3
INV00053,HUB003,EVT006,146272,502394,1821,65359,13,768,423,398,94,6
INV00053,HUB003,EVT006,146272,502394,1821,65359,13,768,423,398,94,12
INV00053,HUB003,EVT006,146272,502394,1821,65359,13,768,423,398,94,24
INV00053,HUB003,EVT006,146272,502394,1821,65359,13,768,423,398,94,36
INV00053,HUB003,EVT006,146272,502394,1821,65359,13,768,423,398,94,48
INV00053,HUB003,EVT006,146272,502394,1821,65359,13,768,423,398,94,72
INV00054,HUB004,EVT006,171103,587683,2130,76455,10,691,495,466,110,0
INV00054,HUB004,EVT006,171103,587683,2130,76455,10,691,495,466,110,3
INV00054,HUB004,EVT006,171103,587683,2130,76455,10,691,495,466,110,6
INV00054,HUB004,EVT006,171103,587683,2130,76455,10,691,495,466,110,12
INV00054,HUB004,EVT006,171103,587683,2130,76455,10,691,495,466,110,24
INV00054,HUB004,EVT006,171103,587683,2130,76455,10,691,495,466,110,36
INV00054,HUB004,EVT006,171103,587683,2130,76455,10,691,495,466,110,48
INV00054,HUB004,EVT006,171103,587683,2130,76455,10,691,495,466,110,72
INV00055,HUB005,EVT006,108246,371789,1348,48368,11,665,313,295,69,0
INV00055,HUB005,EVT006,108246,371789,1348,48368,11,665,313,295,69,3
INV00055,HUB005,EVT006,108246,371789,1348,48368,11,665,313,295,69,6
INV00055,HUB005,EVT006,108246,371789,1348,48368,11,665,313,295,69,12
INV00055,HUB005,EVT006,108246,371789,1348,48368,11,665,313,295,69,24
INV00055,HUB005,EVT006,108246,371789,1348,48368,11,665,313,295,69,36
INV00055,HUB005,EVT006,108246,371789,1348,48368,11,665,313,295,69,48
INV00055,HUB005,EVT006,108246,371789,1348,48368,11,665,313,295,69,72
INV00056,HUB006,EVT006,158905,545786,1978,71004,11,747,460,433,102,0
INV00056,HUB006,EVT006,158905,545786,1978,71004,11,747,460,433,102,3
INV00056,HUB006,EVT006,158905,545786,1978,71004,11,747,460,433,102,6
INV00056,HUB006,EVT006,158905,545786,1978,71004,11,747,460,433,102,12
INV00056,HUB006,EVT006,158905,545786,1978,71004,11,747,460,433,102,24
INV00056,HUB006,EVT006,158905,545786,1978,71004,11,747,460,433,102,36
INV00056,HUB006,EVT006,158905,545786,1978,71004,11,747,460,433,102,48
INV00056,HUB006,EVT006,158905,545786,1978,71004,11,747,460,433,102,72
INV00057,HUB007,EVT006,114432,393035,1425,51132,12,664,331,312,73,0
INV00057,HUB007,EVT006,114432,393035,1425,51132,12,664,331,312,73,3
INV00057,HUB007,EVT006,114432,393035,1425,51132,12,664,331,312,73,6
INV00057,HUB007,EVT006,114432,393035,1425,51132,12,664,331,312,73,12
INV00057,HUB007,EVT006,114432,393035,1425,51132,12,664,331,312,73,24
INV00057,HUB007,EVT006,114432,393035,1425,51132,12,664,331,312,73,36
INV00057,HUB007,EVT006,114432,393035,1425,51132,12,664,331,312,73,48
INV00057,HUB007,EVT006,114432,393035,1425,51132,12,664,331,312,73,72
INV00058,HUB008,EVT006,104320,358304,1299,46614,13,757,302,284,67,0
INV00058,HUB008,EVT006,104320,358304,1299,46614,13,757,302,284,67,3
INV00058,HUB008,EVT006,104320,358304,1299,46614,13,757,302,284,67,6
INV00058,HUB008,EVT006,104320,358304,1299,46614,13,757,302,284,67,12
INV00058,HUB008,EVT006,104320,358304,1299,46614,13,757,302,284,67,24
INV00058,HUB008,EVT006,104320,358304,1299,46614,13,757,302,284,67,36
INV00058,HUB008,EVT006,104320,358304,1299,46614,13,757,302,284,67,48
INV00058,HUB008,EVT006,104320,358304,1299,46614,13,757,302,284,67,72
INV00059,HUB009,EVT006,54670,187772,681,24428,9,707,158,149,35,0
INV00059,HUB009,EVT006,54670,187772,681,24428,9,707,158,149,35,3
INV00059,HUB009,EVT006,54670,187772,681,24428,9,707,158,149,35,6
INV00059,HUB009,EVT006,54670,187772,681,24428,9,707,158,149,35,12
INV00059,HUB009,EVT006,54670,187772,681,24428,9,707,158,149,35,24
INV00059,HUB009,EVT006,54670,187772,681,24428,9,707,158,149,35,36
INV00059,HUB009,EVT006,54670,187772,681,24428,9,707,158,149,35,48
INV00059,HUB009,EVT006,54670,187772,681,24428,9,707,158,149,35,72
INV00060,HUB010,EVT006,66236,227500,825,29597,8,723,192,180,42,0
INV00060,HUB010,EVT006,66236,227500,825,29597,8,723,192,180,42,3
INV00060,HUB010,EVT006,66236,227500,825,29597,8,723,192,180,42,6
INV00060,HUB010,EVT006,66236,227500,825,29597,8,723,192,180,42,12
INV00060,HUB010,EVT006,66236,227500,825,29597,8,723,192,180,42,24
INV00060,HUB010,EVT006,66236,227500,825,29597,8,723,192,180,42,36
INV00060,HUB010,EVT006,66236,227500,825,29597,8,723,192,180,42,48
INV00060,HUB010,EVT006,66236,227500,825,29597,8,723,192,180,42,72
INV00061,HUB001,EVT007,41605,145689,475,17948,11,733,105,108,27,0
INV00061,HUB001,EVT007,41605,145689,475,17948,11,733,105,108,27,3
INV00061,HUB001,EVT007,41605,145689,475,17948,11,733,105,108,27,6
INV00061,HUB001,EVT007,41605,145689,475,17948,11,733,105,108,27,12
INV00061,HUB001,EVT007,41605,145689,475,17948,11,733,105,108,27,24
INV00061,HUB001,EVT007,41605,145689,475,17948,11,733,105,108,27,36
INV00061,HUB001,EVT007,41605,145689,475,17948,11,733,105,108,27,48
INV00061,HUB001,EVT007,41605,145689,475,17948,11,733,105,108,27,72
INV00062,HUB002,EVT007,74537,261007,851,32155,9,763,187,193,48,0
INV00062,HUB002,EVT007,74537,261007,851,32155,9,763,187,193,48,3
INV00062,HUB002,EVT007,74537,261007,851,32155,9,763,187,193,48,6
INV00062,HUB002,EVT007,74537,261007,851,32155,9,763,187,193,48,12
INV00062,HUB002,EVT007,74537,261007,851,32155,9,763,187,193,48,24
INV00062,HUB002,EVT007,74537,261007,851,32155,9,763,187,193,48,36
INV00062,HUB002,EVT007,74537,261007,851,32155,9,763,187,193,48,48
INV00062,HUB002,EVT007,74537,261007,851,32155,9,763,187,193,48,72
INV00063,HUB003,EVT007,98936,346447,1129,42680,11,751,249,256,64,0
INV00063,HUB003,EVT007,98936,346447,1129,42680,11,751,249,256,64,3
INV00063,HUB003,EVT007,98936,346447,1129,42680,11,751,249,256,64,6
INV00063,HUB003,EVT007,98936,346447,1129,42680,11,751,249,256,64,12
INV00063,HUB003,EVT007,98936,346447,1129,42680,11,751,249,256,64,24
INV00063,HUB003,EVT007,98936,346447,1129,42680,11,751,249,256,64,36
INV00063,HUB003,EVT007,98936,346447,1129,42680,11,751,249,256,64,48
INV00063,HUB003,EVT007,98936,346447,1129,42680,11,751,249,256,64,72
INV00064,HUB004,EVT007,89534,313521,1022,38624,11,627,225,232,57,0
INV00064,HUB004,EVT007,89534,313521,1022,38624,11,627,225,232,57,3
INV00064,HUB004,EVT007,89534,313521,1022,38624,11,627,225,232,57,6
INV00064,HUB004,EVT007,89534,313521,1022,38624,11,627,225,232,57,12
INV00064,HUB004,EVT007,89534,313521,1022,38624,11,627,225,232,57,24
INV00064,HUB004,EVT007,89534,313521,1022,38624,11,627,225,232,57,36
INV00064,HUB004,EVT007,89534,313521,1022,38624,11,627,225,232,57,48
INV00064,HUB004,EVT007,89534,313521,1022,38624,11,627,225,232,57,72
INV00065,HUB005,EVT007,97764,342340,1116,42174,11,731,246,253,63,0
INV00065,HUB005,EVT007,97764,342340,1116,42174,11,731,246,253,63,3
INV00065,HUB005,EVT007,97764,342340,1116,42174,11,731,246,253,63,6
INV00065,HUB005,EVT007,97764,342340,1116,42174,11,731,246,253,63,12
INV00065,HUB005,EVT007,97764,342340,1116,42174,11,731,246,253,63,24
INV00065,HUB005,EVT007,97764,342340,1116,42174,11,731,246,253,63,36
INV00065,HUB005,EVT007,97764,342340,1116,42174,11,731,246,253,63,48
INV00065,HUB005,EVT007,97764,342340,1116,42174,11,731,246,253,63,72
INV00066,HUB006,EVT007,107093,375007,1222,46199,13,645,269,278,69,0
INV00066,HUB006,EVT007,107093,375007,1222,46199,13,645,269,278,69,3
INV00066,HUB006,EVT007,107093,375007,1222,46199,13,645,269,278,69,6
INV00066,HUB006,EVT007,107093,375007,1222,46199,13,645,269,278,69,12
INV00066,HUB006,EVT007,107093,375007,1222,46199,13,645,269,278,69,24
INV00066,HUB006,EVT007,107093,375007,1222,46199,13,645,269,278,69,36
INV00066,HUB006,EVT007,107093,375007,1222,46199,13,645,269,278,69,48
INV00066,HUB006,EVT007,107093,375007,1222,46199,13,645,269,278,69,72
INV00067,HUB007,EVT007,94688,331570,1081,40848,10,707,238,245,61,0
INV00067,HUB007,EVT007,94688,331570,1081,40848,10,707,238,245,61,3
INV00067,HUB007,EVT007,94688,331570,1081,40848,10,707,238,245,61,6
INV00067,HUB007,EVT007,94688,331570,1081,40848,10,707,238,245,61,12
INV00067,HUB007,EVT007,94688,331570,1081,40848,10,707,238,245,61,24
INV00067,HUB007,EVT007,94688,331570,1081,40848,10,707,238,245,61,36
INV00067,HUB007,EVT007,94688,331570,1081,40848,10,707,238,245,61,48
INV00067,HUB007,EVT007,94688,331570,1081,40848,10,707,238,245,61,72
INV00068,HUB008,EVT007,98965,346546,1130,42693,13,638,249,257,64,0
INV00068,HUB008,EVT007,98965,346546,1130,42693,13,638,249,257,64,3
INV00068,HUB008,EVT007,98965,346546,1130,42693,13,638,249,257,64,6
INV00068,HUB008,EVT007,98965,346546,1130,42693,13,638,249,257,64,12
INV00068,HUB008,EVT007,98965,346546,1130,42693,13,638,249,257,64,24
INV00068,HUB008,EVT007,98965,346546,1130,42693,13,638,249,257,64,36
INV00068,HUB008,EVT007,98965,346546,1130,42693,13,638,249,257,64,48
INV00068,HUB008,EVT007,98965,346546,1130,42693,13,638,249,257,64,72
INV00069,HUB009,EVT007,73680,258005,841,31785,13,741,185,191,47,0
INV00069,HUB009,EVT007,73680,258005,841,31785,13,741,185,191,47,3
INV00069,HUB009,EVT007,73680,258005,841,31785,13,741,185,191,47,6
INV00069,HUB009,EVT007,73680,258005,841,31785,13,741,185,191,47,12
INV00069,HUB009,EVT007,73680,258005,841,31785,13,741,185,191,47,24
INV00069,HUB009,EVT007,73680,258005,841,31785,13,741,185,191,47,36
INV00069,HUB009,EVT007,73680,258005,841,31785,13,741,185,191,47,48
INV00069,HUB009,EVT007,73680,258005,841,31785,13,741,185,191,47,72
INV00070,HUB010,EVT007,70146,245629,801,30260,12,713,176,182,45,0
INV00070,HUB010,EVT007,70146,245629,801,30260,12,713,176,182,45,3
INV00070,HUB010,EVT007,70146,245629,801,30260,12,713,176,182,45,6
INV00070,HUB010,EVT007,70146,245629,801,30260,12,713,176,182,45,12
INV00070,HUB010,EVT007,70146,245629,801,30260,12,713,176,182,45,24
INV00070,HUB010,EVT007,70146,245629,801,30260,12,713,176,182,45,36
INV00070,HUB010,EVT007,70146,245629,801,30260,12,713,176,182,45,48
INV00070,HUB010,EVT007,70146,245629,801,30260,12,713,176,182,45,72
INV00071,HUB001,EVT008,215619,745858,2618,94491,12,659,582,605,132,0
INV00071,HUB001,EVT008,215619,745858,2618,94491,12,659,582,605,132,3
INV00071,HUB001,EVT008,215619,745858,2618,94491,12,659,582,605,132,6
INV00071,HUB001,EVT008,215619,745858,2618,94491,12,659,582,605,132,12
INV00071,HUB001,EVT008,215619,745858,2618,94491,12,659,582,605,132,24
INV00071,HUB001,EVT008,215619,745858,2618,94491,12,659,582,605,132,36
INV00071,HUB001,EVT008,215619,745858,2618,94491,12,659,582,605,132,48
INV00071,HUB001,EVT008,215619,745858,2618,94491,12,659,582,605,132,72
INV00072,HUB002,EVT008,168703,583568,2049,73931,12,655,456,473,104,0
INV00072,HUB002,EVT008,168703,583568,2049,73931,12,655,456,473,104,3
INV00072,HUB002,EVT008,168703,583568,2049,73931,12,655,456,473,104,6
INV00072,HUB002,EVT008,168703,583568,2049,73931,12,655,456,473,104,12
INV00072,HUB002,EVT008,168703,583568,2049,73931,12,655,456,473,104,24
INV00072,HUB002,EVT008,168703,583568,2049,73931,12,655,456,473,104,36
INV00072,HUB002,EVT008,168703,583568,2049,73931,12,655,456,473,104,48
INV00072,HUB002,EVT008,168703,583568,2049,73931,12,655,456,473,104,72
INV00073,HUB003,EVT008,209223,723733,2541,91688,13,670,565,587,128,0
INV00073,HUB003,EVT008,209223,723733,2541,91688,13,670,565,587,128,3
INV00073,HUB003,EVT008,209223,723733,2541,91688,13,670,565,587,128,6
INV00073,HUB003,EVT008,209223,723733,2541,91688,13,670,565,587,128,12
INV00073,HUB003,EVT008,209223,723733,2541,91688,13,670,565,587,128,24
INV00073,HUB003,EVT008,209223,723733,2541,91688,13,670,565,587,128,36
INV00073,HUB003,EVT008,209223,723733,2541,91688,13,670,565,587,128,48
INV00073,HUB003,EVT008,209223,723733,2541,91688,13,670,565,587,128,72
INV00074,HUB004,EVT008,187228,647651,2274,82049,13,785,506,525,115,0
INV00074,HUB004,EVT008,187228,647651,2274,82049,13,785,506,525,115,3
INV00074,HUB004,EVT008,187228,647651,2274,82049,13,785,506,525,115,6
INV00074,HUB004,EVT008,187228,647651,2274,82049,13,785,506,525,115,12
INV00074,HUB004,EVT008,187228,647651,2274,82049,13,785,506,525,115,24
INV00074,HUB004,EVT008,187228,647651,2274,82049,13,785,506,525,115,36
INV00074,HUB004,EVT008,187228,647651,2274,82049,13,785,506,525,115,48
INV00074,HUB004,EVT008,187228,647651,2274,82049,13,785,506,525,115,72
INV00075,HUB005,EVT008,150628,521045,1829,66010,9,658,407,422,93,0
INV00075,HUB005,EVT008,150628,521045,1829,66010,9,658,407,422,93,3
INV00075,HUB005,EVT008,150628,521045,1829,66010,9,658,407,422,93,6
INV00075,HUB005,EVT008,150628,521045,1829,66010,9,658,407,422,93,12
INV00075,HUB005,EVT008,150628,521045,1829,66010,9,658,407,422,93,24
INV00075,HUB005,EVT008,150628,521045,1829,66010,9,658,407,422,93,36
INV00075,HUB005,EVT008,150628,521045,1829,66010,9,658,407,422,93,48
INV00075,HUB005,EVT008,150628,521045,1829,66010,9,658,407,422,93,72
INV00076,HUB006,EVT008,260812,902189,3167,114296,15,701,704,731,160,0
INV00076,HUB006,EVT008,260812,902189,3167,114296,15,701,704,731,160,3
INV00076,HUB006,EVT008,260812,902189,3167,114296,15,701,704,731,160,6
INV00076,HUB006,EVT008,260812,902189,3167,114296,15,701,704,731,160,12
INV00076,HUB006,EVT008,260812,902189,3167,114296,15,701,704,731,160,24
INV00076,HUB006,EVT008,260812,902189,3167,114296,15,701,704,731,160,36
INV00076,HUB006,EVT008,260812,902189,3167,114296,15,701,704,731,160,48
INV00076,HUB006,EVT008,260812,902189,3167,114296,15,701,704,731,160,72
INV00077,HUB007,EVT008,112560,389363,1367,49327,12,737,304,316,69,0
INV00077,HUB007,EVT008,112560,389363,1367,49327,12,737,304,316,69,3
INV00077,HUB007,EVT008,112560,389363,1367,49327,12,737,304,316,69,6
INV00077,HUB007,EVT008,112560,389363,1367,49327,12,737,304,316,69,12
INV00077,HUB007,EVT008,112560,389363,1367,49327,12,737,304,316,69,24
INV00077,HUB007,EVT008,112560,389363,1367,49327,12,737,304,316,69,36
INV00077,HUB007,EVT008,112560,389363,1367,49327,12,737,304,316,69,48
INV00077,HUB007,EVT008,112560,389363,1367,49327,12,737,304,316,69,72
INV00078,HUB008,EVT008,130476,451336,1584,57179,11,734,352,366,80,0
INV00078,HUB008,EVT008,130476,451336,1584,57179,11,734,352,366,80,3
INV00078,HUB008,EVT008,130476,451336,1584,57179,11,734,352,366,80,6
INV00078,HUB008,EVT008,130476,451336,1584,57179,11,734,352,366,80,12
INV00078,HUB008,EVT008,130476,451336,1584,57179,11,734,352,366,80,24
INV00078,HUB008,EVT008,130476,451336,1584,57179,11,734,352,366,80,36
INV00078,HUB008,EVT008,130476,451336,1584,57179,11,734,352,366,80,48
INV00078,HUB008,EVT008,130476,451336,1584,57179,11,734,352,366,80,72
INV00079,HUB009,EVT008,73486,254199,892,32204,8,600,198,206,45,0
INV00079,HUB009,EVT008,73486,254199,892,32204,8,600,198,206,45,3
INV00079,HUB009,EVT008,73486,254199,892,32204,8,600,198,206,45,6
INV00079,HUB009,EVT008,73486,254199,892,32204,8,600,198,206,45,12
INV00079,HUB009,EVT008,73486,254199,892,32204,8,600,198,206,45,24
INV00079,HUB009,EVT008,73486,254199,892,32204,8,600,198,206,45,36
INV00079,HUB009,EVT008,73486,254199,892,32204,8,600,198,206,45,48
INV00079,HUB009,EVT008,73486,254199,892,32204,8,600,198,206,45,72
INV00080,HUB010,EVT008,125685,434763,1526,55079,9,668,339,352,77,0
INV00080,HUB010,EVT008,125685,434763,1526,55079,9,668,339,352,77,3
INV00080,HUB010,EVT008,125685,434763,1526,55079,9,668,339,352,77,6
INV00080,HUB010,EVT008,125685,434763,1526,55079,9,668,339,352,77,12
INV00080,HUB010,EVT008,125685,434763,1526,55079,9,668,339,352,77,24
INV00080,HUB010,EVT008,125685,434763,1526,55079,9,668,339,352,77,36
INV00080,HUB010,EVT008,125685,434763,1526,55079,9,668,339,352,77,48
INV00080,HUB010,EVT008,125685,434763,1526,55079,9,668,339,352,77,72
INV00081,HUB001,EVT009,160038,558083,1920,70503,15,651,418,440,121,0
INV00081,HUB001,EVT009,160038,558083,1920,70503,15,651,418,440,121,3
INV00081,HUB001,EVT009,160038,558083,1920,70503,15,651,418,440,121,6
INV00081,HUB001,EVT009,160038,558083,1920,70503,15,651,418,440,121,12
INV00081,HUB001,EVT009,160038,558083,1920,70503,15,651,418,440,121,24
INV00081,HUB001,EVT009,160038,558083,1920,70503,15,651,418,440,121,36
INV00081,HUB001,EVT009,160038,558083,1920,70503,15,651,418,440,121,48
INV00081,HUB001,EVT009,160038,558083,1920,70503,15,651,418,440,121,72
INV00082,HUB002,EVT009,145571,507635,1746,64130,13,657,380,400,110,0
INV00082,HUB002,EVT009,145571,507635,1746,64130,13,657,380,400,110,3
INV00082,HUB002,EVT009,145571,507635,1746,64130,13,657,380,400,110,6
INV00082,HUB002,EVT009,145571,507635,1746,64130,13,657,380,400,110,12
INV00082,HUB002,EVT009,145571,507635,1746,64130,13,657,380,400,110,24
INV00082,HUB002,EVT009,145571,507635,1746,64130,13,657,380,400,110,36
INV00082,HUB002,EVT009,145571,507635,1746,64130,13,657,380,400,110,48
INV00082,HUB002,EVT009,145571,507635,1746,64130,13,657,380,400,110,72
INV00083,HUB003,EVT009,84722,295441,1016,37324,13,653,221,233,64,0
INV00083,HUB003,EVT009,84722,295441,1016,37324,13,653,221,233,64,3
INV00083,HUB003,EVT009,84722,295441,1016,37324,13,653,221,233,64,6
INV00083,HUB003,EVT009,84722,295441,1016,37324,13,653,221,233,64,12
INV00083,HUB003,EVT009,84722,295441,1016,37324,13,653,221,233,64,24
INV00083,HUB003,EVT009,84722,295441,1016,37324,13,653,221,233,64,36
INV00083,HUB003,EVT009,84722,295441,1016,37324,13,653,221,233,64,48
INV00083,HUB003,EVT009,84722,295441,1016,37324,13,653,221,233,64,72
INV00084,HUB004,EVT009,118156,412033,1417,52053,12,722,308,325,89,0
INV00084,HUB004,EVT009,118156,412033,1417,52053,12,722,308,325,89,3
INV00084,HUB004,EVT009,118156,412033,1417,52053,12,722,308,325,89,6
INV00084,HUB004,EVT009,118156,412033,1417,52053,12,722,308,325,89,12
INV00084,HUB004,EVT009,118156,412033,1417,52053,12,722,308,325,89,24
INV00084,HUB004,EVT009,118156,412033,1417,52053,12,722,308,325,89,36
INV00084,HUB004,EVT009,118156,412033,1417,52053,12,722,308,325,89,48
INV00084,HUB004,EVT009,118156,412033,1417,52053,12,722,308,325,89,72
INV00085,HUB005,EVT009,110563,385555,1326,48708,11,691,289,304,84,0
INV00085,HUB005,EVT009,110563,385555,1326,48708,11,691,289,304,84,3
INV00085,HUB005,EVT009,110563,385555,1326,48708,11,691,289,304,84,6
INV00085,HUB005,EVT009,110563,385555,1326,48708,11,691,289,304,84,12
INV00085,HUB005,EVT009,110563,385555,1326,48708,11,691,289,304,84,24
INV00085,HUB005,EVT009,110563,385555,1326,48708,11,691,289,304,84,36
INV00085,HUB005,EVT009,110563,385555,1326,48708,11,691,289,304,84,48
INV00085,HUB005,EVT009,110563,385555,1326,48708,11,691,289,304,84,72
INV00086,HUB006,EVT009,79544,277385,954,35043,13,675,208,219,60,0
INV00086,HUB006,EVT009,79544,277385,954,35043,13,675,208,219,60,3
INV00086,HUB006,EVT009,79544,277385,954,35043,13,675,208,219,60,6
INV00086,HUB006,EVT009,79544,277385,954,35043,13,675,208,219,60,12
INV00086,HUB006,EVT009,79544,277385,954,35043,13,675,208,219,60,24
INV00086,HUB006,EVT009,79544,277385,954,35043,13,675,208,219,60,36
INV00086,HUB006,EVT009,79544,277385,954,35043,13,675,208,219,60,48
INV00086,HUB006,EVT009,79544,277385,954,35043,13,675,208,219,60,72
INV00087,HUB007,EVT009,85836,299328,1030,37815,12,615,224,236,65,0
INV00087,HUB007,EVT009,85836,299328,1030,37815,12,615,224,236,65,3
INV00087,HUB007,EVT009,85836,299328,1030,37815,12,615,224,236,65,6
INV00087,HUB007,EVT009,85836,299328,1030,37815,12,615,224,236,65,12
INV00087,HUB007,EVT009,85836,299328,1030,37815,12,615,224,236,65,24
INV00087,HUB007,EVT009,85836,299328,1030,37815,12,615,224,236,65,36
INV00087,HUB007,EVT009,85836,299328,1030,37815,12,615,224,236,65,48
INV00087,HUB007,EVT009,85836,299328,1030,37815,12,615,224,236,65,72
INV00088,HUB008,EVT009,85450,297980,1025,37644,10,769,223,235,65,0
INV00088,HUB008,EVT009,85450,297980,1025,37644,10,769,223,235,65,3
INV00088,HUB008,EVT009,85450,297980,1025,37644,10,769,223,235,65,6
INV00088,HUB008,EVT009,85450,297980,1025,37644,10,769,223,235,65,12
INV00088,HUB008,EVT009,85450,297980,1025,37644,10,769,223,235,65,24
INV00088,HUB008,EVT009,85450,297980,1025,37644,10,769,223,235,65,36
INV00088,HUB008,EVT009,85450,297980,1025,37644,10,769,223,235,65,48
INV00088,HUB008,EVT009,85450,297980,1025,37644,10,769,223,235,65,72
INV00089,HUB009,EVT009,70422,245574,845,31024,8,701,184,194,53,0
INV00089,HUB009,EVT009,70422,245574,845,31024,8,701,184,194,53,3
INV00089,HUB009,EVT009,70422,245574,845,31024,8,701,184,194,53,6
INV00089,HUB009,EVT009,70422,245574,845,31024,8,701,184,194,53,12
INV00089,HUB009,EVT009,70422,245574,845,31024,8,701,184,194,53,24
INV00089,HUB009,EVT009,70422,245574,845,31024,8,701,184,194,53,36
INV00089,HUB009,EVT009,70422,245574,845,31024,8,701,184,194,53,48
INV00089,HUB009,EVT009,70422,245574,845,31024,8,701,184,194,53,72
INV00090,HUB010,EVT009,46697,162843,560,20572,8,622,122,128,35,0
INV00090,HUB010,EVT009,46697,162843,560,20572,8,622,122,128,35,3
INV00090,HUB010,EVT009,46697,162843,560,20572,8,622,122,128,35,6
INV00090,HUB010,EVT009,46697,162843,560,20572,8,622,122,128,35,12
INV00090,HUB010,EVT009,46697,162843,560,20572,8,622,122,128,35,24
INV00090,HUB010,EVT009,46697,162843,560,20572,8,622,122,128,35,36
INV00090,HUB010,EVT009,46697,162843,560,20572,8,622,122,128,35,48
INV00090,HUB010,EVT009,46697,162843,560,20572,8,622,122,128,35,72
INV00091,HUB001,EVT010,360713,1237246,4521,149188,14,654,825,979,250,0
INV00091,HUB001,EVT010,360713,1237246,4521,149188,14,654,825,979,250,3
INV00091,HUB001,EVT010,360713,1237246,4521,149188,14,654,825,979,250,6
INV00091,HUB001,EVT010,360713,1237246,4521,149188,14,654,825,979,250,12
INV00091,HUB001,EVT010,360713,1237246,4521,149188,14,654,825,979,250,24
INV00091,HUB001,EVT010,360713,1237246,4521,149188,14,654,825,979,250,36
INV00091,HUB001,EVT010,360713,1237246,4521,149188,14,654,825,979,250,48
INV00091,HUB001,EVT010,360713,1237246,4521,149188,14,654,825,979,250,72
INV00092,HUB002,EVT010,465129,1595394,5830,192374,15,679,1063,1262,323,0
INV00092,HUB002,EVT010,465129,1595394,5830,192374,15,679,1063,1262,323,3
INV00092,HUB002,EVT010,465129,1595394,5830,192374,15,679,1063,1262,323,6
INV00092,HUB002,EVT010,465129,1595394,5830,192374,15,679,1063,1262,323,12
INV00092,HUB002,EVT010,465129,1595394,5830,192374,15,679,1063,1262,323,24
INV00092,HUB002,EVT010,465129,1595394,5830,192374,15,679,1063,1262,323,36
INV00092,HUB002,EVT010,465129,1595394,5830,192374,15,679,1063,1262,323,48
INV00092,HUB002,EVT010,465129,1595394,5830,192374,15,679,1063,1262,323,72
INV00093,HUB003,EVT010,386560,1325900,4845,159878,13,675,884,1049,268,0
INV00093,HUB003,EVT010,386560,1325900,4845,159878,13,675,884,1049,268,3
INV00093,HUB003,EVT010,386560,1325900,4845,159878,13,675,884,1049,268,6
INV00093,HUB003,EVT010,386560,1325900,4845,159878,13,675,884,1049,268,12
INV00093,HUB003,EVT010,386560,1325900,4845,159878,13,675,884,1049,268,24
INV00093,HUB003,EVT010,386560,1325900,4845,159878,13,675,884,1049,268,36
INV00093,HUB003,EVT010,386560,1325900,4845,159878,13,675,884,1049,268,48
INV00093,HUB003,EVT010,386560,1325900,4845,159878,13,675,884,1049,268,72
INV00094,HUB004,EVT010,348973,1196979,4374,144333,10,655,798,947,242,0
INV00094,HUB004,EVT010,348973,1196979,4374,144333,10,655,798,947,242,3
INV00094,HUB004,EVT010,348973,1196979,4374,144333,10,655,798,947,242,6
INV00094,HUB004,EVT010,348973,1196979,4374,144333,10,655,798,947,242,12
INV00094,HUB004,EVT010,348973,1196979,4374,144333,10,655,798,947,242,24
INV00094,HUB004,EVT010,348973,1196979,4374,144333,10,655,798,947,242,36
INV00094,HUB004,EVT010,348973,1196979,4374,144333,10,655,798,947,242,48
INV00094,HUB004,EVT010,348973,1196979,4374,144333,10,655,798,947,242,72
INV00095,HUB005,EVT010,381970,1310156,4787,157980,13,722,873,1037,265,0
INV00095,HUB005,EVT010,381970,1310156,4787,157980,13,722,873,1037,265,3
INV00095,HUB005,EVT010,381970,1310156,4787,157980,13,722,873,1037,265,6
INV00095,HUB005,EVT010,381970,1310156,4787,157980,13,722,873,1037,265,12
INV00095,HUB005,EVT010,381970,1310156,4787,157980,13,722,873,1037,265,24
INV00095,HUB005,EVT010,381970,1310156,4787,157980,13,722,873,1037,265,36
INV00095,HUB005,EVT010,381970,1310156,4787,157980,13,722,873,1037,265,48
INV00095,HUB005,EVT010,381970,1310156,4787,157980,13,722,873,1037,265,72
INV00096,HUB006,EVT010,419573,1439136,5259,173532,12,694,959,1139,291,0
INV00096,HUB006,EVT010,419573,1439136,5259,173532,12,694,959,1139,291,3
INV00096,HUB006,EVT010,419573,1439136,5259,173532,12,694,959,1139,291,6
INV00096,HUB006,EVT010,419573,1439136,5259,173532,12,694,959,1139,291,12
INV00096,HUB006,EVT010,419573,1439136,5259,173532,12,694,959,1139,291,24
INV00096,HUB006,EVT010,419573,1439136,5259,173532,12,694,959,1139,291,36
INV00096,HUB006,EVT010,419573,1439136,5259,173532,12,694,959,1139,291,48
INV00096,HUB006,EVT010,419573,1439136,5259,173532,12,694,959,1139,291,72
INV00097,HUB007,EVT010,242086,830356,3034,100125,9,674,553,657,168,0
INV00097,HUB007,EVT010,242086,830356,3034,100125,9,674,553,657,168,3
INV00097,HUB007,EVT010,242086,830356,3034,100125,9,674,553,657,168,6
INV00097,HUB007,EVT010,242086,830356,3034,100125,9,674,553,657,168,12
INV00097,HUB007,EVT010,242086,830356,3034,100125,9,674,553,657,168,24
INV00097,HUB007,EVT010,242086,830356,3034,100125,9,674,553,657,168,36
INV00097,HUB007,EVT010,242086,830356,3034,100125,9,674,553,657,168,48
INV00097,HUB007,EVT010,242086,830356,3034,100125,9,674,553,657,168,72
INV00098,HUB008,EVT010,337430,1157386,4229,139559,12,657,771,916,234,0
INV00098,HUB008,EVT010,337430,1157386,4229,139559,12,657,771,916,234,3
INV00098,HUB008,EVT010,337430,1157386,4229,139559,12,657,771,916,234,6
INV00098,HUB008,EVT010,337430,1157386,4229,139559,12,657,771,916,234,12
INV00098,HUB008,EVT010,337430,1157386,4229,139559,12,657,771,916,234,24
INV00098,HUB008,EVT010,337430,1157386,4229,139559,12,657,771,916,234,36
INV00098,HUB008,EVT010,337430,1157386,4229,139559,12,657,771,916,234,48
INV00098,HUB008,EVT010,337430,1157386,4229,139559,12,657,771,916,234,72
INV00099,HUB009,EVT010,223500,766604,2801,92438,9,682,511,607,155,0
INV00099,HUB009,EVT010,223500,766604,2801,92438,9,682,511,607,155,3
INV00099,HUB009,EVT010,223500,766604,2801,92438,9,682,511,607,155,6
INV00099,HUB009,EVT010,223500,766604,2801,92438,9,682,511,607,155,12
INV00099,HUB009,EVT010,223500,766604,2801,92438,9,682,511,607,155,24
INV00099,HUB009,EVT010,223500,766604,2801,92438,9,682,511,607,155,36
INV00099,HUB009,EVT010,223500,766604,2801,92438,9,682,511,607,155,48
INV00099,HUB009,EVT010,223500,766604,2801,92438,9,682,511,607,155,72
INV00100,HUB010,EVT010,107612,369109,1349,44508,7,657,246,292,75,0
INV00100,HUB010,EVT010,107612,369109,1349,44508,7,657,246,292,75,3
INV00100,HUB010,EVT010,107612,369109,1349,44508,7,657,246,292,75,6
INV00100,HUB010,EVT010,107612,369109,1349,44508,7,657,246,292,75,12
INV00100,HUB010,EVT010,107612,369109,1349,44508,7,657,246,292,75,24
INV00100,HUB010,EVT010,107612,369109,1349,44508,7,657,246,292,75,36
INV00100,HUB010,EVT010,107612,369109,1349,44508,7,657,246,292,75,48
INV00100,HUB010,EVT010,107612,369109,1349,44508,7,657,246,292,75,72
INV00101,HUB001,EVT011,299979,1012523,3861,135945,12,704,927,837,477,0
INV00101,HUB001,EVT011,299979,1012523,3861,135945,12,704,927,837,477,3
INV00101,HUB001,EVT011,299979,1012523,3861,135945,12,704,927,837,477,6
INV00101,HUB001,EVT011,299979,1012523,3861,135945,12,704,927,837,477,12
INV00101,HUB001,EVT011,299979,1012523,3861,135945,12,704,927,837,477,24
INV00101,HUB001,EVT011,299979,1012523,3861,135945,12,704,927,837,477,36
INV00101,HUB001,EVT011,299979,1012523,3861,135945,12,704,927,837,477,48
INV00101,HUB001,EVT011,299979,1012523,3861,135945,12,704,927,837,477,72
INV00102,HUB002,EVT011,393888,1329495,5070,178503,13,757,1217,1099,626,0
INV00102,HUB002,EVT011,393888,1329495,5070,178503,13,757,1217,1099,626,3
INV00102,HUB002,EVT011,393888,1329495,5070,178503,13,757,1217,1099,626,6
INV00102,HUB002,EVT011,393888,1329495,5070,178503,13,757,1217,1099,626,12
INV00102,HUB002,EVT011,393888,1329495,5070,178503,13,757,1217,1099,626,24
INV00102,HUB002,EVT011,393888,1329495,5070,178503,13,757,1217,1099,626,36
INV00102,HUB002,EVT011,393888,1329495,5070,178503,13,757,1217,1099,626,48
INV00102,HUB002,EVT011,393888,1329495,5070,178503,13,757,1217,1099,626,72
INV00103,HUB003,EVT011,341700,1153347,4398,154853,12,742,1056,953,543,0
INV00103,HUB003,EVT011,341700,1153347,4398,154853,12,742,1056,953,543,3
INV00103,HUB003,EVT011,341700,1153347,4398,154853,12,742,1056,953,543,6
INV00103,HUB003,EVT011,341700,1153347,4398,154853,12,742,1056,953,543,12
INV00103,HUB003,EVT011,341700,1153347,4398,154853,12,742,1056,953,543,24
INV00103,HUB003,EVT011,341700,1153347,4398,154853,12,742,1056,953,543,36
INV00103,HUB003,EVT011,341700,1153347,4398,154853,12,742,1056,953,543,48
INV00103,HUB003,EVT011,341700,1153347,4398,154853,12,742,1056,953,543,72
INV00104,HUB004,EVT011,406947,1373574,5238,184421,10,764,1257,1135,647,0
INV00104,HUB004,EVT011,406947,1373574,5238,184421,10,764,1257,1135,647,3
INV00104,HUB004,EVT011,406947,1373574,5238,184421,10,764,1257,1135,647,6
INV00104,HUB004,EVT011,406947,1373574,5238,184421,10,764,1257,1135,647,12
INV00104,HUB004,EVT011,406947,1373574,5238,184421,10,764,1257,1135,647,24
INV00104,HUB004,EVT011,406947,1373574,5238,184421,10,764,1257,1135,647,36
INV00104,HUB004,EVT011,406947,1373574,5238,184421,10,764,1257,1135,647,48
INV00104,HUB004,EVT011,406947,1373574,5238,184421,10,764,1257,1135,647,72
INV00105,HUB005,EVT011,449317,1516585,5784,203622,12,729,1388,1253,714,0
INV00105,HUB005,EVT011,449317,1516585,5784,203622,12,729,1388,1253,714,3
INV00105,HUB005,EVT011,449317,1516585,5784,203622,12,729,1388,1253,714,6
INV00105,HUB005,EVT011,449317,1516585,5784,203622,12,729,1388,1253,714,12
INV00105,HUB005,EVT011,449317,1516585,5784,203622,12,729,1388,1253,714,24
INV00105,HUB005,EVT011,449317,1516585,5784,203622,12,729,1388,1253,714,36
INV00105,HUB005,EVT011,449317,1516585,5784,203622,12,729,1388,1253,714,48
INV00105,HUB005,EVT011,449317,1516585,5784,203622,12,729,1388,1253,714,72
INV00106,HUB006,EVT011,398696,1345723,5132,180682,10,713,1232,1112,633,0
INV00106,HUB006,EVT011,398696,1345723,5132,180682,10,713,1232,1112,633,3
INV00106,HUB006,EVT011,398696,1345723,5132,180682,10,713,1232,1112,633,6
INV00106,HUB006,EVT011,398696,1345723,5132,180682,10,713,1232,1112,633,12
INV00106,HUB006,EVT011,398696,1345723,5132,180682,10,713,1232,1112,633,24
INV00106,HUB006,EVT011,398696,1345723,5132,180682,10,713,1232,1112,633,36
INV00106,HUB006,EVT011,398696,1345723,5132,180682,10,713,1232,1112,633,48
INV00106,HUB006,EVT011,398696,1345723,5132,180682,10,713,1232,1112,633,72
INV00107,HUB007,EVT011,282919,954941,3642,128214,10,704,874,789,450,0
INV00107,HUB007,EVT011,282919,954941,3642,128214,10,704,874,789,450,3
INV00107,HUB007,EVT011,282919,954941,3642,128214,10,704,874,789,450,6
INV00107,HUB007,EVT011,282919,954941,3642,128214,10,704,874,789,450,12
INV00107,HUB007,EVT011,282919,954941,3642,128214,10,704,874,789,450,24
INV00107,HUB007,EVT011,282919,954941,3642,128214,10,704,874,789,450,36
INV00107,HUB007,EVT011,282919,954941,3642,128214,10,704,874,789,450,48
INV00107,HUB007,EVT011,282919,954941,3642,128214,10,704,874,789,450,72
INV00108,HUB008,EVT011,420203,1418318,5409,190429,13,718,1298,1172,668,0
INV00108,HUB008,EVT011,420203,1418318,5409,190429,13,718,1298,1172,668,3
INV00108,HUB008,EVT011,420203,1418318,5409,190429,13,718,1298,1172,668,6
INV00108,HUB008,EVT011,420203,1418318,5409,190429,13,718,1298,1172,668,12
INV00108,HUB008,EVT011,420203,1418318,5409,190429,13,718,1298,1172,668,24
INV00108,HUB008,EVT011,420203,1418318,5409,190429,13,718,1298,1172,668,36
INV00108,HUB008,EVT011,420203,1418318,5409,190429,13,718,1298,1172,668,48
INV00108,HUB008,EVT011,420203,1418318,5409,190429,13,718,1298,1172,668,72
INV00109,HUB009,EVT011,374622,1264466,4822,169772,12,624,1158,1045,595,0
INV00109,HUB009,EVT011,374622,1264466,4822,169772,12,624,1158,1045,595,3
INV00109,HUB009,EVT011,374622,1264466,4822,169772,12,624,1158,1045,595,6
INV00109,HUB009,EVT011,374622,1264466,4822,169772,12,624,1158,1045,595,12
INV00109,HUB009,EVT011,374622,1264466,4822,169772,12,624,1158,1045,595,24
INV00109,HUB009,EVT011,374622,1264466,4822,169772,12,624,1158,1045,595,36
INV00109,HUB009,EVT011,374622,1264466,4822,169772,12,624,1158,1045,595,48
INV00109,HUB009,EVT011,374622,1264466,4822,169772,12,624,1158,1045,595,72
INV00110,HUB010,EVT011,276867,934513,3564,125471,11,762,856,772,440,0
INV00110,HUB010,EVT011,276867,934513,3564,125471,11,762,856,772,440,3
INV00110,HUB010,EVT011,276867,934513,3564,125471,11,762,856,772,440,6
INV00110,HUB010,EVT011,276867,934513,3564,125471,11,762,856,772,440,12
INV00110,HUB010,EVT011,276867,934513,3564,125471,11,762,856,772,440,24
INV00110,HUB010,EVT011,276867,934513,3564,125471,11,762,856,772,440,36
INV00110,HUB010,EVT011,276867,934513,3564,125471,11,762,856,772,440,48
INV00110,HUB010,EVT011,276867,934513,3564,125471,11,762,856,772,440,72
INV00111,HUB001,EVT012,97007,311091,1113,39865,13,653,228,254,104,0
INV00111,HUB001,EVT012,97007,311091,1113,39865,13,653,228,254,104,3
INV00111,HUB001,EVT012,97007,311091,1113,39865,13,653,228,254,104,6
INV00111,HUB001,EVT012,97007,311091,1113,39865,13,653,228,254,104,12
INV00111,HUB001,EVT012,97007,311091,1113,39865,13,653,228,254,104,24
INV00111,HUB001,EVT012,97007,311091,1113,39865,13,653,228,254,104,36
INV00111,HUB001,EVT012,97007,311091,1113,39865,13,653,228,254,104,48
INV00111,HUB001,EVT012,97007,311091,1113,39865,13,653,228,254,104,72
INV00112,HUB002,EVT012,139095,446062,1596,57161,12,696,327,365,149,0
INV00112,HUB002,EVT012,139095,446062,1596,57161,12,696,327,365,149,3
INV00112,HUB002,EVT012,139095,446062,1596,57161,12,696,327,365,149,6
INV00112,HUB002,EVT012,139095,446062,1596,57161,12,696,327,365,149,12
INV00112,HUB002,EVT012,139095,446062,1596,57161,12,696,327,365,149,24
INV00112,HUB002,EVT012,139095,446062,1596,57161,12,696,327,365,149,36
INV00112,HUB002,EVT012,139095,446062,1596,57161,12,696,327,365,149,48
INV00112,HUB002,EVT012,139095,446062,1596,57161,12,696,327,365,149,72
INV00113,HUB003,EVT012,76203,244375,874,31315,12,620,179,200,82,0
INV00113,HUB003,EVT012,76203,244375,874,31315,12,620,179,200,82,3
INV00113,HUB003,EVT012,76203,244375,874,31315,12,620,179,200,82,6
INV00113,HUB003,EVT012,76203,244375,874,31315,12,620,179,200,82,12
INV00113,HUB003,EVT012,76203,244375,874,31315,12,620,179,200,82,24
INV00113,HUB003,EVT012,76203,244375,874,31315,12,620,179,200,82,36
INV00113,HUB003,EVT012,76203,244375,874,31315,12,620,179,200,82,48
INV00113,HUB003,EVT012,76203,244375,874,31315,12,620,179,200,82,72
INV00114,HUB004,EVT012,147467,472911,1692,60601,11,723,347,387,158,0
INV00114,HUB004,EVT012,147467,472911,1692,60601,11,723,347,387,158,3
INV00114,HUB004,EVT012,147467,472911,1692,60601,11,723,347,387,158,6
INV00114,HUB004,EVT012,147467,472911,1692,60601,11,723,347,387,158,12
INV00114,HUB004,EVT012,147467,472911,1692,60601,11,723,347,387,158,24
INV00114,HUB004,EVT012,147467,472911,1692,60601,11,723,347,387,158,36
INV00114,HUB004,EVT012,147467,472911,1692,60601,11,723,347,387,158,48
INV00114,HUB004,EVT012,147467,472911,1692,60601,11,723,347,387,158,72
INV00115,HUB005,EVT012,105722,339037,1213,43446,12,764,249,277,113,0
INV00115,HUB005,EVT012,105722,339037,1213,43446,12,764,249,277,113,3
INV00115,HUB005,EVT012,105722,339037,1213,43446,12,764,249,277,113,6
INV00115,HUB005,EVT012,105722,339037,1213,43446,12,764,249,277,113,12
INV00115,HUB005,EVT012,105722,339037,1213,43446,12,764,249,277,113,24
INV00115,HUB005,EVT012,105722,339037,1213,43446,12,764,249,277,113,36
INV00115,HUB005,EVT012,105722,339037,1213,43446,12,764,249,277,113,48
INV00115,HUB005,EVT012,105722,339037,1213,43446,12,764,249,277,113,72
INV00116,HUB006,EVT012,148046,474767,1699,60839,14,731,349,388,159,0
INV00116,HUB006,EVT012,148046,474767,1699,60839,14,731,349,388,159,3
INV00116,HUB006,EVT012,148046,474767,1699,60839,14,731,349,388,159,6
INV00116,HUB006,EVT012,148046,474767,1699,60839,14,731,349,388,159,12
INV00116,HUB006,EVT012,148046,474767,1699,60839,14,731,349,388,159,24
INV00116,HUB006,EVT012,148046,474767,1699,60839,14,731,349,388,159,36
INV00116,HUB006,EVT012,148046,474767,1699,60839,14,731,349,388,159,48
INV00116,HUB006,EVT012,148046,474767,1699,60839,14,731,349,388,159,72
INV00117,HUB007,EVT012,81882,262585,940,33649,11,741,193,215,88,0
INV00117,HUB007,EVT012,81882,262585,940,33649,11,741,193,215,88,3
INV00117,HUB007,EVT012,81882,262585,940,33649,11,741,193,215,88,6
INV00117,HUB007,EVT012,81882,262585,940,33649,11,741,193,215,88,12
INV00117,HUB007,EVT012,81882,262585,940,33649,11,741,193,215,88,24
INV00117,HUB007,EVT012,81882,262585,940,33649,11,741,193,215,88,36
INV00117,HUB007,EVT012,81882,262585,940,33649,11,741,193,215,88,48
INV00117,HUB007,EVT012,81882,262585,940,33649,11,741,193,215,88,72
INV00118,HUB008,EVT012,115307,369778,1323,47385,12,738,271,302,124,0
INV00118,HUB008,EVT012,115307,369778,1323,47385,12,738,271,302,124,3
INV00118,HUB008,EVT012,115307,369778,1323,47385,12,738,271,302,124,6
INV00118,HUB008,EVT012,115307,369778,1323,47385,12,738,271,302,124,12
INV00118,HUB008,EVT012,115307,369778,1323,47385,12,738,271,302,124,24
INV00118,HUB008,EVT012,115307,369778,1323,47385,12,738,271,302,124,36
INV00118,HUB008,EVT012,115307,369778,1323,47385,12,738,271,302,124,48
INV00118,HUB008,EVT012,115307,369778,1323,47385,12,738,271,302,124,72
INV00119,HUB009,EVT012,45073,144544,517,18523,9,681,106,118,48,0
INV00119,HUB009,EVT012,45073,144544,517,18523,9,681,106,118,48,3
INV00119,HUB009,EVT012,45073,144544,517,18523,9,681,106,118,48,6
INV00119,HUB009,EVT012,45073,144544,517,18523,9,681,106,118,48,12
INV00119,HUB009,EVT012,45073,144544,517,18523,9,681,106,118,48,24
INV00119,HUB009,EVT012,45073,144544,517,18523,9,681,106,118,48,36
INV00119,HUB009,EVT012,45073,144544,517,18523,9,681,106,118,48,48
INV00119,HUB009,EVT012,45073,144544,517,18523,9,681,106,118,48,72
INV00120,HUB010,EVT012,70047,224634,804,28786,10,629,165,184,75,0
INV00120,HUB010,EVT012,70047,224634,804,28786,10,629,165,184,75,3
INV00120,HUB010,EVT012,70047,224634,804,28786,10,629,165,184,75,6
INV00120,HUB010,EVT012,70047,224634,804,28786,10,629,165,184,75,12
INV00120,HUB010,EVT012,70047,224634,804,28786,10,629,165,184,75,24
INV00120,HUB010,EVT012,70047,224634,804,28786,10,629,165,184,75,36
INV00120,HUB010,EVT012,70047,224634,804,28786,10,629,165,184,75,48
INV00120,HUB010,EVT012,70047,224634,804,28786,10,629,165,184,75,72
INV00121,HUB001,EVT013,77490,261590,1081,36421,11,742,255,219,84,0
INV00121,HUB001,EVT013,77490,261590,1081,36421,11,742,255,219,84,3
INV00121,HUB001,EVT013,77490,261590,1081,36421,11,742,255,219,84,6
INV00121,HUB001,EVT013,77490,261590,1081,36421,11,742,255,219,84,12
INV00121,HUB001,EVT013,77490,261590,1081,36421,11,742,255,219,84,24
INV00121,HUB001,EVT013,77490,261590,1081,36421,11,742,255,219,84,36
INV00121,HUB001,EVT013,77490,261590,1081,36421,11,742,255,219,84,48
INV00121,HUB001,EVT013,77490,261590,1081,36421,11,742,255,219,84,72
INV00122,HUB002,EVT013,118598,400360,1655,55742,9,710,390,336,129,0
INV00122,HUB002,EVT013,118598,400360,1655,55742,9,710,390,336,129,3
INV00122,HUB002,EVT013,118598,400360,1655,55742,9,710,390,336,129,6
INV00122,HUB002,EVT013,118598,400360,1655,55742,9,710,390,336,129,12
INV00122,HUB002,EVT013,118598,400360,1655,55742,9,710,390,336,129,24
INV00122,HUB002,EVT013,118598,400360,1655,55742,9,710,390,336,129,36
INV00122,HUB002,EVT013,118598,400360,1655,55742,9,710,390,336,129,48
INV00122,HUB002,EVT013,118598,400360,1655,55742,9,710,390,336,129,72
INV00123,HUB003,EVT013,128908,435164,1799,60587,11,772,424,365,141,0
INV00123,HUB003,EVT013,128908,435164,1799,60587,11,772,424,365,141,3
INV00123,HUB003,EVT013,128908,435164,1799,60587,11,772,424,365,141,6
INV00123,HUB003,EVT013,128908,435164,1799,60587,11,772,424,365,141,12
INV00123,HUB003,EVT013,128908,435164,1799,60587,11,772,424,365,141,24
INV00123,HUB003,EVT013,128908,435164,1799,60587,11,772,424,365,141,36
INV00123,HUB003,EVT013,128908,435164,1799,60587,11,772,424,365,141,48
INV00123,HUB003,EVT013,128908,435164,1799,60587,11,772,424,365,141,72
INV00124,HUB004,EVT013,84710,285962,1182,39814,10,601,278,240,92,0
INV00124,HUB004,EVT013,84710,285962,1182,39814,10,601,278,240,92,3
INV00124,HUB004,EVT013,84710,285962,1182,39814,10,601,278,240,92,6
INV00124,HUB004,EVT013,84710,285962,1182,39814,10,601,278,240,92,12
INV00124,HUB004,EVT013,84710,285962,1182,39814,10,601,278,240,92,24
INV00124,HUB004,EVT013,84710,285962,1182,39814,10,601,278,240,92,36
INV00124,HUB004,EVT013,84710,285962,1182,39814,10,601,278,240,92,48
INV00124,HUB004,EVT013,84710,285962,1182,39814,10,601,278,240,92,72
INV00125,HUB005,EVT013,149996,506354,2093,70499,11,654,493,425,164,0
INV00125,HUB005,EVT013,149996,506354,2093,70499,11,654,493,425,164,3
INV00125,HUB005,EVT013,149996,506354,2093,70499,11,654,493,425,164,6
INV00125,HUB005,EVT013,149996,506354,2093,70499,11,654,493,425,164,12
INV00125,HUB005,EVT013,149996,506354,2093,70499,11,654,493,425,164,24
INV00125,HUB005,EVT013,149996,506354,2093,70499,11,654,493,425,164,36
INV00125,HUB005,EVT013,149996,506354,2093,70499,11,654,493,425,164,48
INV00125,HUB005,EVT013,149996,506354,2093,70499,11,654,493,425,164,72
INV00126,HUB006,EVT013,187733,633746,2620,88236,11,659,617,532,205,0
INV00126,HUB006,EVT013,187733,633746,2620,88236,11,659,617,532,205,3
INV00126,HUB006,EVT013,187733,633746,2620,88236,11,659,617,532,205,6
INV00126,HUB006,EVT013,187733,633746,2620,88236,11,659,617,532,205,12
INV00126,HUB006,EVT013,187733,633746,2620,88236,11,659,617,532,205,24
INV00126,HUB006,EVT013,187733,633746,2620,88236,11,659,617,532,205,36
INV00126,HUB006,EVT013,187733,633746,2620,88236,11,659,617,532,205,48
INV00126,HUB006,EVT013,187733,633746,2620,88236,11,659,617,532,205,72
INV00127,HUB007,EVT013,182321,615476,2544,85692,14,665,599,516,199,0
INV00127,HUB007,EVT013,182321,615476,2544,85692,14,665,599,516,199,3
INV00127,HUB007,EVT013,182321,615476,2544,85692,14,665,599,516,199,6
INV00127,HUB007,EVT013,182321,615476,2544,85692,14,665,599,516,199,12
INV00127,HUB007,EVT013,182321,615476,2544,85692,14,665,599,516,199,24
INV00127,HUB007,EVT013,182321,615476,2544,85692,14,665,599,516,199,36
INV00127,HUB007,EVT013,182321,615476,2544,85692,14,665,599,516,199,48
INV00127,HUB007,EVT013,182321,615476,2544,85692,14,665,599,516,199,72
INV00128,HUB008,EVT013,203358,686492,2838,95580,10,738,668,576,222,0
INV00128,HUB008,EVT013,203358,686492,2838,95580,10,738,668,576,222,3
INV00128,HUB008,EVT013,203358,686492,2838,95580,10,738,668,576,222,6
INV00128,HUB008,EVT013,203358,686492,2838,95580,10,738,668,576,222,12
INV00128,HUB008,EVT013,203358,686492,2838,95580,10,738,668,576,222,24
INV00128,HUB008,EVT013,203358,686492,2838,95580,10,738,668,576,222,36
INV00128,HUB008,EVT013,203358,686492,2838,95580,10,738,668,576,222,48
INV00128,HUB008,EVT013,203358,686492,2838,95580,10,738,668,576,222,72
INV00129,HUB009,EVT013,116574,393528,1627,54791,13,616,383,330,127,0
INV00129,HUB009,EVT013,116574,393528,1627,54791,13,616,383,330,127,3
INV00129,HUB009,EVT013,116574,393528,1627,54791,13,616,383,330,127,6
INV00129,HUB009,EVT013,116574,393528,1627,54791,13,616,383,330,127,12
INV00129,HUB009,EVT013,116574,393528,1627,54791,13,616,383,330,127,24
INV00129,HUB009,EVT013,116574,393528,1627,54791,13,616,383,330,127,36
INV00129,HUB009,EVT013,116574,393528,1627,54791,13,616,383,330,127,48
INV00129,HUB009,EVT013,116574,393528,1627,54791,13,616,383,330,127,72
INV00130,HUB010,EVT013,113952,384678,1590,53558,10,640,374,323,124,0
INV00130,HUB010,EVT013,113952,384678,1590,53558,10,640,374,323,124,3
INV00130,HUB010,EVT013,113952,384678,1590,53558,10,640,374,323,124,6
INV00130,HUB010,EVT013,113952,384678,1590,53558,10,640,374,323,124,12
INV00130,HUB010,EVT013,113952,384678,1590,53558,10,640,374,323,124,24
INV00130,HUB010,EVT013,113952,384678,1590,53558,10,640,374,323,124,36
INV00130,HUB010,EVT013,113952,384678,1590,53558,10,640,374,323,124,48
INV00130,HUB010,EVT013,113952,384678,1590,53558,10,640,374,323,124,72
INV00131,HUB001,EVT014,111873,420687,1151,38264,12,728,156,300,13,0
INV00131,HUB001,EVT014,111873,420687,1151,38264,12,728,156,300,13,3
INV00131,HUB001,EVT014,111873,420687,1151,38264,12,728,156,300,13,6
INV00131,HUB001,EVT014,111873,420687,1151,38264,12,728,156,300,13,12
INV00131,HUB001,EVT014,111873,420687,1151,38264,12,728,156,300,13,24
INV00131,HUB001,EVT014,111873,420687,1151,38264,12,728,156,300,13,36
INV00131,HUB001,EVT014,111873,420687,1151,38264,12,728,156,300,13,48
INV00131,HUB001,EVT014,111873,420687,1151,38264,12,728,156,300,13,72
INV00132,HUB002,EVT014,80820,303916,832,27643,9,641,113,217,10,0
INV00132,HUB002,EVT014,80820,303916,832,27643,9,641,113,217,10,3
INV00132,HUB002,EVT014,80820,303916,832,27643,9,641,113,217,10,6
INV00132,HUB002,EVT014,80820,303916,832,27643,9,641,113,217,10,12
INV00132,HUB002,EVT014,80820,303916,832,27643,9,641,113,217,10,24
INV00132,HUB002,EVT014,80820,303916,832,27643,9,641,113,217,10,36
INV00132,HUB002,EVT014,80820,303916,832,27643,9,641,113,217,10,48
INV00132,HUB002,EVT014,80820,303916,832,27643,9,641,113,217,10,72
INV00133,HUB003,EVT014,108672,408650,1118,37169,13,614,152,292,13,0
INV00133,HUB003,EVT014,108672,408650,1118,37169,13,614,152,292,13,3
INV00133,HUB003,EVT014,108672,408650,1118,37169,13,614,152,292,13,6
INV00133,HUB003,EVT014,108672,408650,1118,37169,13,614,152,292,13,12
INV00133,HUB003,EVT014,108672,408650,1118,37169,13,614,152,292,13,24
INV00133,HUB003,EVT014,108672,408650,1118,37169,13,614,152,292,13,36
INV00133,HUB003,EVT014,108672,408650,1118,37169,13,614,152,292,13,48
INV00133,HUB003,EVT014,108672,408650,1118,37169,13,614,152,292,13,72
INV00134,HUB004,EVT014,129483,486908,1332,44287,12,709,181,347,15,0
INV00134,HUB004,EVT014,129483,486908,1332,44287,12,709,181,347,15,3
INV00134,HUB004,EVT014,129483,486908,1332,44287,12,709,181,347,15,6
INV00134,HUB004,EVT014,129483,486908,1332,44287,12,709,181,347,15,12
INV00134,HUB004,EVT014,129483,486908,1332,44287,12,709,181,347,15,24
INV00134,HUB004,EVT014,129483,486908,1332,44287,12,709,181,347,15,36
INV00134,HUB004,EVT014,129483,486908,1332,44287,12,709,181,347,15,48
INV00134,HUB004,EVT014,129483,486908,1332,44287,12,709,181,347,15,72
INV00135,HUB005,EVT014,190010,714512,1955,64988,13,778,266,510,22,0
INV00135,HUB005,EVT014,190010,714512,1955,64988,13,778,266,510,22,3
INV00135,HUB005,EVT014,190010,714512,1955,64988,13,778,266,510,22,6
INV00135,HUB005,EVT014,190010,714512,1955,64988,13,778,266,510,22,12
INV00135,HUB005,EVT014,190010,714512,1955,64988,13,778,266,510,22,24
INV00135,HUB005,EVT014,190010,714512,1955,64988,13,778,266,510,22,36
INV00135,HUB005,EVT014,190010,714512,1955,64988,13,778,266,510,22,48
INV00135,HUB005,EVT014,190010,714512,1955,64988,13,778,266,510,22,72
INV00136,HUB006,EVT014,156693,589227,1612,53593,11,715,219,420,19,0
INV00136,HUB006,EVT014,156693,589227,1612,53593,11,715,219,420,19,3
INV00136,HUB006,EVT014,156693,589227,1612,53593,11,715,219,420,19,6
INV00136,HUB006,EVT014,156693,589227,1612,53593,11,715,219,420,19,12
INV00136,HUB006,EVT014,156693,589227,1612,53593,11,715,219,420,19,24
INV00136,HUB006,EVT014,156693,589227,1612,53593,11,715,219,420,19,36
INV00136,HUB006,EVT014,156693,589227,1612,53593,11,715,219,420,19,48
INV00136,HUB006,EVT014,156693,589227,1612,53593,11,715,219,420,19,72
INV00137,HUB007,EVT014,116885,439535,1203,39978,11,686,163,314,14,0
INV00137,HUB007,EVT014,116885,439535,1203,39978,11,686,163,314,14,3
INV00137,HUB007,EVT014,116885,439535,1203,39978,11,686,163,314,14,6
INV00137,HUB007,EVT014,116885,439535,1203,39978,11,686,163,314,14,12
INV00137,HUB007,EVT014,116885,439535,1203,39978,11,686,163,314,14,24
INV00137,HUB007,EVT014,116885,439535,1203,39978,11,686,163,314,14,36
INV00137,HUB007,EVT014,116885,439535,1203,39978,11,686,163,314,14,48
INV00137,HUB007,EVT014,116885,439535,1203,39978,11,686,163,314,14,72
INV00138,HUB008,EVT014,159854,601114,1645,54674,11,654,224,429,19,0
INV00138,HUB008,EVT014,159854,601114,1645,54674,11,654,224,429,19,3
INV00138,HUB008,EVT014,159854,601114,1645,54674,11,654,224,429,19,6
INV00138,HUB008,EVT014,159854,601114,1645,54674,11,654,224,429,19,12
INV00138,HUB008,EVT014,159854,601114,1645,54674,11,654,224,429,19,24
INV00138,HUB008,EVT014,159854,601114,1645,54674,11,654,224,429,19,36
INV00138,HUB008,EVT014,159854,601114,1645,54674,11,654,224,429,19,48
INV00138,HUB008,EVT014,159854,601114,1645,54674,11,654,224,429,19,72
INV00139,HUB009,EVT014,166875,627516,1717,57076,13,642,233,448,20,0
INV00139,HUB009,EVT014,166875,627516,1717,57076,13,642,233,448,20,3
INV00139,HUB009,EVT014,166875,627516,1717,57076,13,642,233,448,20,6
INV00139,HUB009,EVT014,166875,627516,1717,57076,13,642,233,448,20,12
INV00139,HUB009,EVT014,166875,627516,1717,57076,13,642,233,448,20,24
INV00139,HUB009,EVT014,166875,627516,1717,57076,13,642,233,448,20,36
INV00139,HUB009,EVT014,166875,627516,1717,57076,13,642,233,448,20,48
INV00139,HUB009,EVT014,166875,627516,1717,57076,13,642,233,448,20,72
INV00140,HUB010,EVT014,94720,356183,975,32397,11,613,132,254,11,0
INV00140,HUB010,EVT014,94720,356183,975,32397,11,613,132,254,11,3
INV00140,HUB010,EVT014,94720,356183,975,32397,11,613,132,254,11,6
INV00140,HUB010,EVT014,94720,356183,975,32397,11,613,132,254,11,12
INV00140,HUB010,EVT014,94720,356183,975,32397,11,613,132,254,11,24
INV00140,HUB010,EVT014,94720,356183,975,32397,11,613,132,254,11,36
INV00140,HUB010,EVT014,94720,356183,975,32397,11,613,132,254,11,48
INV00140,HUB010,EVT014,94720,356183,975,32397,11,613,132,254,11,72
INV00141,HUB001,EVT015,45060,161136,451,16469,10,737,86,118,23,0
INV00141,HUB001,EVT015,45060,161136,451,16469,10,737,86,118,23,3
INV00141,HUB001,EVT015,45060,161136,451,16469,10,737,86,118,23,6
INV00141,HUB001,EVT015,45060,161136,451,16469,10,737,86,118,23,12
INV00141,HUB001,EVT015,45060,161136,451,16469,10,737,86,118,23,24
INV00141,HUB001,EVT015,45060,161136,451,16469,10,737,86,118,23,36
INV00141,HUB001,EVT015,45060,161136,451,16469,10,737,86,118,23,48
INV00141,HUB001,EVT015,45060,161136,451,16469,10,737,86,118,23,72
INV00142,HUB002,EVT015,75180,268843,752,27478,11,632,144,196,38,0
INV00142,HUB002,EVT015,75180,268843,752,27478,11,632,144,196,38,3
INV00142,HUB002,EVT015,75180,268843,752,27478,11,632,144,196,38,6
INV00142,HUB002,EVT015,75180,268843,752,27478,11,632,144,196,38,12
INV00142,HUB002,EVT015,75180,268843,752,27478,11,632,144,196,38,24
INV00142,HUB002,EVT015,75180,268843,752,27478,11,632,144,196,38,36
INV00142,HUB002,EVT015,75180,268843,752,27478,11,632,144,196,38,48
INV00142,HUB002,EVT015,75180,268843,752,27478,11,632,144,196,38,72
INV00143,HUB003,EVT015,70434,251873,705,25743,13,746,135,184,36,0
INV00143,HUB003,EVT015,70434,251873,705,25743,13,746,135,184,36,3
INV00143,HUB003,EVT015,70434,251873,705,25743,13,746,135,184,36,6
INV00143,HUB003,EVT015,70434,251873,705,25743,13,746,135,184,36,12
INV00143,HUB003,EVT015,70434,251873,705,25743,13,746,135,184,36,24
INV00143,HUB003,EVT015,70434,251873,705,25743,13,746,135,184,36,36
INV00143,HUB003,EVT015,70434,251873,705,25743,13,746,135,184,36,48
INV00143,HUB003,EVT015,70434,251873,705,25743,13,746,135,184,36,72
INV00144,HUB004,EVT015,46178,165132,462,16878,12,703,89,121,23,0
INV00144,HUB004,EVT015,46178,165132,462,16878,12,703,89,121,23,3
INV00144,HUB004,EVT015,46178,165132,462,16878,12,703,89,121,23,6
INV00144,HUB004,EVT015,46178,165132,462,16878,12,703,89,121,23,12
INV00144,HUB004,EVT015,46178,165132,462,16878,12,703,89,121,23,24
INV00144,HUB004,EVT015,46178,165132,462,16878,12,703,89,121,23,36
INV00144,HUB004,EVT015,46178,165132,462,16878,12,703,89,121,23,48
INV00144,HUB004,EVT015,46178,165132,462,16878,12,703,89,121,23,72
INV00145,HUB005,EVT015,82827,296187,829,30273,10,657,159,216,42,0
INV00145,HUB005,EVT015,82827,296187,829,30273,10,657,159,216,42,3
INV00145,HUB005,EVT015,82827,296187,829,30273,10,657,159,216,42,6
INV00145,HUB005,EVT015,82827,296187,829,30273,10,657,159,216,42,12
INV00145,HUB005,EVT015,82827,296187,829,30273,10,657,159,216,42,24
INV00145,HUB005,EVT015,82827,296187,829,30273,10,657,159,216,42,36
INV00145,HUB005,EVT015,82827,296187,829,30273,10,657,159,216,42,48
INV00145,HUB005,EVT015,82827,296187,829,30273,10,657,159,216,42,72
INV00146,HUB006,EVT015,44827,160301,448,16384,13,677,86,117,23,0
INV00146,HUB006,EVT015,44827,160301,448,16384,13,677,86,117,23,3
INV00146,HUB006,EVT015,44827,160301,448,16384,13,677,86,117,23,6
INV00146,HUB006,EVT015,44827,160301,448,16384,13,677,86,117,23,12
INV00146,HUB006,EVT015,44827,160301,448,16384,13,677,86,117,23,24
INV00146,HUB006,EVT015,44827,160301,448,16384,13,677,86,117,23,36
INV00146,HUB006,EVT015,44827,160301,448,16384,13,677,86,117,23,48
INV00146,HUB006,EVT015,44827,160301,448,16384,13,677,86,117,23,72
INV00147,HUB007,EVT015,100877,360737,1009,36870,14,717,193,263,51,0
INV00147,HUB007,EVT015,100877,360737,1009,36870,14,717,193,263,51,3
INV00147,HUB007,EVT015,100877,360737,1009,36870,14,717,193,263,51,6
INV00147,HUB007,EVT015,100877,360737,1009,36870,14,717,193,263,51,12
INV00147,HUB007,EVT015,100877,360737,1009,36870,14,717,193,263,51,24
INV00147,HUB007,EVT015,100877,360737,1009,36870,14,717,193,263,51,36
INV00147,HUB007,EVT015,100877,360737,1009,36870,14,717,193,263,51,48
INV00147,HUB007,EVT015,100877,360737,1009,36870,14,717,193,263,51,72
INV00148,HUB008,EVT015,86681,309973,867,31682,13,725,166,226,44,0
INV00148,HUB008,EVT015,86681,309973,867,31682,13,725,166,226,44,3
INV00148,HUB008,EVT015,86681,309973,867,31682,13,725,166,226,44,6
INV00148,HUB008,EVT015,86681,309973,867,31682,13,725,166,226,44,12
INV00148,HUB008,EVT015,86681,309973,867,31682,13,725,166,226,44,24
INV00148,HUB008,EVT015,86681,309973,867,31682,13,725,166,226,44,36
INV00148,HUB008,EVT015,86681,309973,867,31682,13,725,166,226,44,48
INV00148,HUB008,EVT015,86681,309973,867,31682,13,725,166,226,44,72
INV00149,HUB009,EVT015,68394,244576,684,24998,12,756,131,179,35,0
INV00149,HUB009,EVT015,68394,244576,684,24998,12,756,131,179,35,3
INV00149,HUB009,EVT015,68394,244576,684,24998,12,756,131,179,35,6
INV00149,HUB009,EVT015,68394,244576,684,24998,12,756,131,179,35,12
INV00149,HUB009,EVT015,68394,244576,684,24998,12,756,131,179,35,24
INV00149,HUB009,EVT015,68394,244576,684,24998,12,756,131,179,35,36
INV00149,HUB009,EVT015,68394,244576,684,24998,12,756,131,179,35,48
INV00149,HUB009,EVT015,68394,244576,684,24998,12,756,131,179,35,72
INV00150,HUB010,EVT015,30857,110345,309,11278,10,712,59,81,16,0
INV00150,HUB010,EVT015,30857,110345,309,11278,10,712,59,81,16,3
INV00150,HUB010,EVT015,30857,110345,309,11278,10,712,59,81,16,6
INV00150,HUB010,EVT015,30857,110345,309,11278,10,712,59,81,16,12
INV00150,HUB010,EVT015,30857,110345,309,11278,10,712,59,81,16,24
INV00150,HUB010,EVT015,30857,110345,309,11278,10,712,59,81,16,36
INV00150,HUB010,EVT015,30857,110345,309,11278,10,712,59,81,16,48
INV00150,HUB010,EVT015,30857,110345,309,11278,10,712,59,81,16,72
INV00151,HUB001,EVT016,15329,60654,165,6057,8,716,30,43,8,0
INV00151,HUB001,EVT016,15329,60654,165,6057,8,716,30,43,8,3
INV00151,HUB001,EVT016,15329,60654,165,6057,8,716,30,43,8,6
INV00151,HUB001,EVT016,15329,60654,165,6057,8,716,30,43,8,12
INV00151,HUB001,EVT016,15329,60654,165,6057,8,716,30,43,8,24
INV00151,HUB001,EVT016,15329,60654,165,6057,8,716,30,43,8,36
INV00151,HUB001,EVT016,15329,60654,165,6057,8,716,30,43,8,48
INV00151,HUB001,EVT016,15329,60654,165,6057,8,716,30,43,8,72
INV00152,HUB002,EVT016,20756,82124,224,8201,12,624,41,58,11,0
INV00152,HUB002,EVT016,20756,82124,224,8201,12,624,41,58,11,3
INV00152,HUB002,EVT016,20756,82124,224,8201,12,624,41,58,11,6
INV00152,HUB002,EVT016,20756,82124,224,8201,12,624,41,58,11,12
INV00152,HUB002,EVT016,20756,82124,224,8201,12,624,41,58,11,24
INV00152,HUB002,EVT016,20756,82124,224,8201,12,624,41,58,11,36
INV00152,HUB002,EVT016,20756,82124,224,8201,12,624,41,58,11,48
INV00152,HUB002,EVT016,20756,82124,224,8201,12,624,41,58,11,72
INV00153,HUB003,EVT016,18734,74124,202,7402,10,694,37,53,10,0
INV00153,HUB003,EVT016,18734,74124,202,7402,10,694,37,53,10,3
INV00153,HUB003,EVT016,18734,74124,202,7402,10,694,37,53,10,6
INV00153,HUB003,EVT016,18734,74124,202,7402,10,694,37,53,10,12
INV00153,HUB003,EVT016,18734,74124,202,7402,10,694,37,53,10,24
INV00153,HUB003,EVT016,18734,74124,202,7402,10,694,37,53,10,36
INV00153,HUB003,EVT016,18734,74124,202,7402,10,694,37,53,10,48
INV00153,HUB003,EVT016,18734,74124,202,7402,10,694,37,53,10,72
INV00154,HUB004,EVT016,23185,91738,250,9161,11,757,46,65,13,0
INV00154,HUB004,EVT016,23185,91738,250,9161,11,757,46,65,13,3
INV00154,HUB004,EVT016,23185,91738,250,9161,11,757,46,65,13,6
INV00154,HUB004,EVT016,23185,91738,250,9161,11,757,46,65,13,12
INV00154,HUB004,EVT016,23185,91738,250,9161,11,757,46,65,13,24
INV00154,HUB004,EVT016,23185,91738,250,9161,11,757,46,65,13,36
INV00154,HUB004,EVT016,23185,91738,250,9161,11,757,46,65,13,48
INV00154,HUB004,EVT016,23185,91738,250,9161,11,757,46,65,13,72
INV00155,HUB005,EVT016,38721,153209,417,15300,11,682,76,109,21,0
INV00155,HUB005,EVT016,38721,153209,417,15300,11,682,76,109,21,3
INV00155,HUB005,EVT016,38721,153209,417,15300,11,682,76,109,21,6
INV00155,HUB005,EVT016,38721,153209,417,15300,11,682,76,109,21,12
INV00155,HUB005,EVT016,38721,153209,417,15300,11,682,76,109,21,24
INV00155,HUB005,EVT016,38721,153209,417,15300,11,682,76,109,21,36
INV00155,HUB005,EVT016,38721,153209,417,15300,11,682,76,109,21,48
INV00155,HUB005,EVT016,38721,153209,417,15300,11,682,76,109,21,72
INV00156,HUB006,EVT016,35953,142258,387,14207,12,718,71,101,20,0
INV00156,HUB006,EVT016,35953,142258,387,14207,12,718,71,101,20,3
INV00156,HUB006,EVT016,35953,142258,387,14207,12,718,71,101,20,6
INV00156,HUB006,EVT016,35953,142258,387,14207,12,718,71,101,20,12
INV00156,HUB006,EVT016,35953,142258,387,14207,12,718,71,101,20,24
INV00156,HUB006,EVT016,35953,142258,387,14207,12,718,71,101,20,36
INV00156,HUB006,EVT016,35953,142258,387,14207,12,718,71,101,20,48
INV00156,HUB006,EVT016,35953,142258,387,14207,12,718,71,101,20,72
INV00157,HUB007,EVT016,32551,128796,351,12862,13,713,64,91,18,0
INV00157,HUB007,EVT016,32551,128796,351,12862,13,713,64,91,18,3
INV00157,HUB007,EVT016,32551,128796,351,12862,13,713,64,91,18,6
INV00157,HUB007,EVT016,32551,128796,351,12862,13,713,64,91,18,12
INV00157,HUB007,EVT016,32551,128796,351,12862,13,713,64,91,18,24
INV00157,HUB007,EVT016,32551,128796,351,12862,13,713,64,91,18,36
INV00157,HUB007,EVT016,32551,128796,351,12862,13,713,64,91,18,48
INV00157,HUB007,EVT016,32551,128796,351,12862,13,713,64,91,18,72
INV00158,HUB008,EVT016,16521,65369,178,6528,9,679,33,46,9,0
INV00158,HUB008,EVT016,16521,65369,178,6528,9,679,33,46,9,3
INV00158,HUB008,EVT016,16521,65369,178,6528,9,679,33,46,9,6
INV00158,HUB008,EVT016,16521,65369,178,6528,9,679,33,46,9,12
INV00158,HUB008,EVT016,16521,65369,178,6528,9,679,33,46,9,24
INV00158,HUB008,EVT016,16521,65369,178,6528,9,679,33,46,9,36
INV00158,HUB008,EVT016,16521,65369,178,6528,9,679,33,46,9,48
INV00158,HUB008,EVT016,16521,65369,178,6528,9,679,33,46,9,72
INV00159,HUB009,EVT016,19514,77211,210,7711,10,729,39,55,11,0
INV00159,HUB009,EVT016,19514,77211,210,7711,10,729,39,55,11,3
INV00159,HUB009,EVT016,19514,77211,210,7711,10,729,39,55,11,6
INV00159,HUB009,EVT016,19514,77211,210,7711,10,729,39,55,11,12
INV00159,HUB009,EVT016,19514,77211,210,7711,10,729,39,55,11,24
INV00159,HUB009,EVT016,19514,77211,210,7711,10,729,39,55,11,36
INV00159,HUB009,EVT016,19514,77211,210,7711,10,729,39,55,11,48
INV00159,HUB009,EVT016,19514,77211,210,7711,10,729,39,55,11,72
INV00160,HUB010,EVT016,14843,58731,160,5865,10,634,29,42,8,0
INV00160,HUB010,EVT016,14843,58731,160,5865,10,634,29,42,8,3
INV00160,HUB010,EVT016,14843,58731,160,5865,10,634,29,42,8,6
INV00160,HUB010,EVT016,14843,58731,160,5865,10,634,29,42,8,12
INV00160,HUB010,EVT016,14843,58731,160,5865,10,634,29,42,8,24
INV00160,HUB010,EVT016,14843,58731,160,5865,10,634,29,42,8,36
INV00160,HUB010,EVT016,14843,58731,160,5865,10,634,29,42,8,48
INV00160,HUB010,EVT016,14843,58731,160,5865,10,634,29,42,8,72
INV00161,HUB001,EVT017,92709,361246,1062,33786,10,647,197,252,40,0
INV00161,HUB001,EVT017,92709,361246,1062,33786,10,647,197,252,40,3
INV00161,HUB001,EVT017,92709,361246,1062,33786,10,647,197,252,40,6
INV00161,HUB001,EVT017,92709,361246,1062,33786,10,647,197,252,40,12
INV00161,HUB001,EVT017,92709,361246,1062,33786,10,647,197,252,40,24
INV00161,HUB001,EVT017,92709,361246,1062,33786,10,647,197,252,40,36
INV00161,HUB001,EVT017,92709,361246,1062,33786,10,647,197,252,40,48
INV00161,HUB001,EVT017,92709,361246,1062,33786,10,647,197,252,40,72
INV00162,HUB002,EVT017,104147,405816,1193,37955,13,660,222,283,45,0
INV00162,HUB002,EVT017,104147,405816,1193,37955,13,660,222,283,45,3
INV00162,HUB002,EVT017,104147,405816,1193,37955,13,660,222,283,45,6
INV00162,HUB002,EVT017,104147,405816,1193,37955,13,660,222,283,45,12
INV00162,HUB002,EVT017,104147,405816,1193,37955,13,660,222,283,45,24
INV00162,HUB002,EVT017,104147,405816,1193,37955,13,660,222,283,45,36
INV00162,HUB002,EVT017,104147,405816,1193,37955,13,660,222,283,45,48
INV00162,HUB002,EVT017,104147,405816,1193,37955,13,660,222,283,45,72
INV00163,HUB003,EVT017,119019,463766,1363,43374,14,721,253,324,51,0
INV00163,HUB003,EVT017,119019,463766,1363,43374,14,721,253,324,51,3
INV00163,HUB003,EVT017,119019,463766,1363,43374,14,721,253,324,51,6
INV00163,HUB003,EVT017,119019,463766,1363,43374,14,721,253,324,51,12
INV00163,HUB003,EVT017,119019,463766,1363,43374,14,721,253,324,51,24
INV00163,HUB003,EVT017,119019,463766,1363,43374,14,721,253,324,51,36
INV00163,HUB003,EVT017,119019,463766,1363,43374,14,721,253,324,51,48
INV00163,HUB003,EVT017,119019,463766,1363,43374,14,721,253,324,51,72
INV00164,HUB004,EVT017,75438,293950,864,27492,9,659,161,205,32,0
INV00164,HUB004,EVT017,75438,293950,864,27492,9,659,161,205,32,3
INV00164,HUB004,EVT017,75438,293950,864,27492,9,659,161,205,32,6
INV00164,HUB004,EVT017,75438,293950,864,27492,9,659,161,205,32,12
INV00164,HUB004,EVT017,75438,293950,864,27492,9,659,161,205,32,24
INV00164,HUB004,EVT017,75438,293950,864,27492,9,659,161,205,32,36
INV00164,HUB004,EVT017,75438,293950,864,27492,9,659,161,205,32,48
INV00164,HUB004,EVT017,75438,293950,864,27492,9,659,161,205,32,72
INV00165,HUB005,EVT017,108173,421506,1239,39422,14,738,230,294,46,0
INV00165,HUB005,EVT017,108173,421506,1239,39422,14,738,230,294,46,3
INV00165,HUB005,EVT017,108173,421506,1239,39422,14,738,230,294,46,6
INV00165,HUB005,EVT017,108173,421506,1239,39422,14,738,230,294,46,12
INV00165,HUB005,EVT017,108173,421506,1239,39422,14,738,230,294,46,24
INV00165,HUB005,EVT017,108173,421506,1239,39422,14,738,230,294,46,36
INV00165,HUB005,EVT017,108173,421506,1239,39422,14,738,230,294,46,48
INV00165,HUB005,EVT017,108173,421506,1239,39422,14,738,230,294,46,72
INV00166,HUB006,EVT017,87897,342497,1006,32033,9,745,187,239,38,0
INV00166,HUB006,EVT017,87897,342497,1006,32033,9,745,187,239,38,3
INV00166,HUB006,EVT017,87897,342497,1006,32033,9,745,187,239,38,6
INV00166,HUB006,EVT017,87897,342497,1006,32033,9,745,187,239,38,12
INV00166,HUB006,EVT017,87897,342497,1006,32033,9,745,187,239,38,24
INV00166,HUB006,EVT017,87897,342497,1006,32033,9,745,187,239,38,36
INV00166,HUB006,EVT017,87897,342497,1006,32033,9,745,187,239,38,48
INV00166,HUB006,EVT017,87897,342497,1006,32033,9,745,187,239,38,72
INV00167,HUB007,EVT017,108199,421607,1239,39431,14,648,230,294,46,0
INV00167,HUB007,EVT017,108199,421607,1239,39431,14,648,230,294,46,3
INV00167,HUB007,EVT017,108199,421607,1239,39431,14,648,230,294,46,6
INV00167,HUB007,EVT017,108199,421607,1239,39431,14,648,230,294,46,12
INV00167,HUB007,EVT017,108199,421607,1239,39431,14,648,230,294,46,24
INV00167,HUB007,EVT017,108199,421607,1239,39431,14,648,230,294,46,36
INV00167,HUB007,EVT017,108199,421607,1239,39431,14,648,230,294,46,48
INV00167,HUB007,EVT017,108199,421607,1239,39431,14,648,230,294,46,72
INV00168,HUB008,EVT017,65091,253632,745,23721,13,686,139,177,28,0
INV00168,HUB008,EVT017,65091,253632,745,23721,13,686,139,177,28,3
INV00168,HUB008,EVT017,65091,253632,745,23721,13,686,139,177,28,6
INV00168,HUB008,EVT017,65091,253632,745,23721,13,686,139,177,28,12
INV00168,HUB008,EVT017,65091,253632,745,23721,13,686,139,177,28,24
INV00168,HUB008,EVT017,65091,253632,745,23721,13,686,139,177,28,36
INV00168,HUB008,EVT017,65091,253632,745,23721,13,686,139,177,28,48
INV00168,HUB008,EVT017,65091,253632,745,23721,13,686,139,177,28,72
INV00169,HUB009,EVT017,112735,439279,1291,41084,9,668,240,306,48,0
INV00169,HUB009,EVT017,112735,439279,1291,41084,9,668,240,306,48,3
INV00169,HUB009,EVT017,112735,439279,1291,41084,9,668,240,306,48,6
INV00169,HUB009,EVT017,112735,439279,1291,41084,9,668,240,306,48,12
INV00169,HUB009,EVT017,112735,439279,1291,41084,9,668,240,306,48,24
INV00169,HUB009,EVT017,112735,439279,1291,41084,9,668,240,306,48,36
INV00169,HUB009,EVT017,112735,439279,1291,41084,9,668,240,306,48,48
INV00169,HUB009,EVT017,112735,439279,1291,41084,9,668,240,306,48,72
INV00170,HUB010,EVT017,87149,339584,998,31760,12,740,185,237,37,0
INV00170,HUB010,EVT017,87149,339584,998,31760,12,740,185,237,37,3
INV00170,HUB010,EVT017,87149,339584,998,31760,12,740,185,237,37,6
INV00170,HUB010,EVT017,87149,339584,998,31760,12,740,185,237,37,12
INV00170,HUB010,EVT017,87149,339584,998,31760,12,740,185,237,37,24
INV00170,HUB010,EVT017,87149,339584,998,31760,12,740,185,237,37,36
INV00170,HUB010,EVT017,87149,339584,998,31760,12,740,185,237,37,48
INV00170,HUB010,EVT017,87149,339584,998,31760,12,740,185,237,37,72
INV00171,HUB001,EVT018,11715,39703,142,4995,9,758,30,31,12,0
INV00171,HUB001,EVT018,11715,39703,142,4995,9,758,30,31,12,3
INV00171,HUB001,EVT018,11715,39703,142,4995,9,758,30,31,12,6
INV00171,HUB001,EVT018,11715,39703,142,4995,9,758,30,31,12,12
INV00171,HUB001,EVT018,11715,39703,142,4995,9,758,30,31,12,24
INV00171,HUB001,EVT018,11715,39703,142,4995,9,758,30,31,12,36
INV00171,HUB001,EVT018,11715,39703,142,4995,9,758,30,31,12,48
INV00171,HUB001,EVT018,11715,39703,142,4995,9,758,30,31,12,72
INV00172,HUB002,EVT018,11054,37463,134,4713,12,766,29,29,11,0
INV00172,HUB002,EVT018,11054,37463,134,4713,12,766,29,29,11,3
INV00172,HUB002,EVT018,11054,37463,134,4713,12,766,29,29,11,6
INV00172,HUB002,EVT018,11054,37463,134,4713,12,766,29,29,11,12
INV00172,HUB002,EVT018,11054,37463,134,4713,12,766,29,29,11,24
INV00172,HUB002,EVT018,11054,37463,134,4713,12,766,29,29,11,36
INV00172,HUB002,EVT018,11054,37463,134,4713,12,766,29,29,11,48
INV00172,HUB002,EVT018,11054,37463,134,4713,12,766,29,29,11,72
INV00173,HUB003,EVT018,15571,52768,189,6638,14,712,40,41,15,0
INV00173,HUB003,EVT018,15571,52768,189,6638,14,712,40,41,15,3
INV00173,HUB003,EVT018,15571,52768,189,6638,14,712,40,41,15,6
INV00173,HUB003,EVT018,15571,52768,189,6638,14,712,40,41,15,12
INV00173,HUB003,EVT018,15571,52768,189,6638,14,712,40,41,15,24
INV00173,HUB003,EVT018,15571,52768,189,6638,14,712,40,41,15,36
INV00173,HUB003,EVT018,15571,52768,189,6638,14,712,40,41,15,48
INV00173,HUB003,EVT018,15571,52768,189,6638,14,712,40,41,15,72
INV00174,HUB004,EVT018,14102,47791,171,6012,13,670,37,37,14,0
INV00174,HUB004,EVT018,14102,47791,171,6012,13,670,37,37,14,3
INV00174,HUB004,EVT018,14102,47791,171,6012,13,670,37,37,14,6
INV00174,HUB004,EVT018,14102,47791,171,6012,13,670,37,37,14,12
INV00174,HUB004,EVT018,14102,47791,171,6012,13,670,37,37,14,24
INV00174,HUB004,EVT018,14102,47791,171,6012,13,670,37,37,14,36
INV00174,HUB004,EVT018,14102,47791,171,6012,13,670,37,37,14,48
INV00174,HUB004,EVT018,14102,47791,171,6012,13,670,37,37,14,72
INV00175,HUB005,EVT018,13825,46851,167,5894,10,667,36,36,14,0
INV00175,HUB005,EVT018,13825,46851,167,5894,10,667,36,36,14,3
INV00175,HUB005,EVT018,13825,46851,167,5894,10,667,36,36,14,6
INV00175,HUB005,EVT018,13825,46851,167,5894,10,667,36,36,14,12
INV00175,HUB005,EVT018,13825,46851,167,5894,10,667,36,36,14,24
INV00175,HUB005,EVT018,13825,46851,167,5894,10,667,36,36,14,36
INV00175,HUB005,EVT018,13825,46851,167,5894,10,667,36,36,14,48
INV00175,HUB005,EVT018,13825,46851,167,5894,10,667,36,36,14,72
INV00176,HUB006,EVT018,14371,48702,174,6127,11,649,37,38,14,0
INV00176,HUB006,EVT018,14371,48702,174,6127,11,649,37,38,14,3
INV00176,HUB006,EVT018,14371,48702,174,6127,11,649,37,38,14,6
INV00176,HUB006,EVT018,14371,48702,174,6127,11,649,37,38,14,12
INV00176,HUB006,EVT018,14371,48702,174,6127,11,649,37,38,14,24
INV00176,HUB006,EVT018,14371,48702,174,6127,11,649,37,38,14,36
INV00176,HUB006,EVT018,14371,48702,174,6127,11,649,37,38,14,48
INV00176,HUB006,EVT018,14371,48702,174,6127,11,649,37,38,14,72
INV00177,HUB007,EVT018,21116,71563,256,9003,13,683,55,55,21,0
INV00177,HUB007,EVT018,21116,71563,256,9003,13,683,55,55,21,3
INV00177,HUB007,EVT018,21116,71563,256,9003,13,683,55,55,21,6
INV00177,HUB007,EVT018,21116,71563,256,9003,13,683,55,55,21,12
INV00177,HUB007,EVT018,21116,71563,256,9003,13,683,55,55,21,24
INV00177,HUB007,EVT018,21116,71563,256,9003,13,683,55,55,21,36
INV00177,HUB007,EVT018,21116,71563,256,9003,13,683,55,55,21,48
INV00177,HUB007,EVT018,21116,71563,256,9003,13,683,55,55,21,72
INV00178,HUB008,EVT018,10153,34409,123,4329,8,760,26,27,10,0
INV00178,HUB008,EVT018,10153,34409,123,4329,8,760,26,27,10,3
INV00178,HUB008,EVT018,10153,34409,123,4329,8,760,26,27,10,6
INV00178,HUB008,EVT018,10153,34409,123,4329,8,760,26,27,10,12
INV00178,HUB008,EVT018,10153,34409,123,4329,8,760,26,27,10,24
INV00178,HUB008,EVT018,10153,34409,123,4329,8,760,26,27,10,36
INV00178,HUB008,EVT018,10153,34409,123,4329,8,760,26,27,10,48
INV00178,HUB008,EVT018,10153,34409,123,4329,8,760,26,27,10,72
INV00179,HUB009,EVT018,12663,42913,153,5399,10,628,33,33,13,0
INV00179,HUB009,EVT018,12663,42913,153,5399,10,628,33,33,13,3
INV00179,HUB009,EVT018,12663,42913,153,5399,10,628,33,33,13,6
INV00179,HUB009,EVT018,12663,42913,153,5399,10,628,33,33,13,12
INV00179,HUB009,EVT018,12663,42913,153,5399,10,628,33,33,13,24
INV00179,HUB009,EVT018,12663,42913,153,5399,10,628,33,33,13,36
INV00179,HUB009,EVT018,12663,42913,153,5399,10,628,33,33,13,48
INV00179,HUB009,EVT018,12663,42913,153,5399,10,628,33,33,13,72
INV00180,HUB010,EVT018,12697,43031,154,5413,10,667,33,33,13,0
INV00180,HUB010,EVT018,12697,43031,154,5413,10,667,33,33,13,3
INV00180,HUB010,EVT018,12697,43031,154,5413,10,667,33,33,13,6
INV00180,HUB010,EVT018,12697,43031,154,5413,10,667,33,33,13,12
INV00180,HUB010,EVT018,12697,43031,154,5413,10,667,33,33,13,24
INV00180,HUB010,EVT018,12697,43031,154,5413,10,667,33,33,13,36
INV00180,HUB010,EVT018,12697,43031,154,5413,10,667,33,33,13,48
INV00180,HUB010,EVT018,12697,43031,154,5413,10,667,33,33,13,72
INV00181,HUB001,EVT019,175390,763946,2004,68146,11,756,375,507,80,0
INV00181,HUB001,EVT019,175390,763946,2004,68146,11,756,375,507,80,3
INV00181,HUB001,EVT019,175390,763946,2004,68146,11,756,375,507,80,6
INV00181,HUB001,EVT019,175390,763946,2004,68146,11,756,375,507,80,12
INV00181,HUB001,EVT019,175390,763946,2004,68146,11,756,375,507,80,24
INV00181,HUB001,EVT019,175390,763946,2004,68146,11,756,375,507,80,36
INV00181,HUB001,EVT019,175390,763946,2004,68146,11,756,375,507,80,48
INV00181,HUB001,EVT019,175390,763946,2004,68146,11,756,375,507,80,72
INV00182,HUB002,EVT019,194270,846182,2220,75482,12,687,415,561,89,0
INV00182,HUB002,EVT019,194270,846182,2220,75482,12,687,415,561,89,3
INV00182,HUB002,EVT019,194270,846182,2220,75482,12,687,415,561,89,6
INV00182,HUB002,EVT019,194270,846182,2220,75482,12,687,415,561,89,12
INV00182,HUB002,EVT019,194270,846182,2220,75482,12,687,415,561,89,24
INV00182,HUB002,EVT019,194270,846182,2220,75482,12,687,415,561,89,36
INV00182,HUB002,EVT019,194270,846182,2220,75482,12,687,415,561,89,48
INV00182,HUB002,EVT019,194270,846182,2220,75482,12,687,415,561,89,72
INV00183,HUB003,EVT019,197942,862179,2261,76909,12,723,423,572,90,0
INV00183,HUB003,EVT019,197942,862179,2261,76909,12,723,423,572,90,3
INV00183,HUB003,EVT019,197942,862179,2261,76909,12,723,423,572,90,6
INV00183,HUB003,EVT019,197942,862179,2261,76909,12,723,423,572,90,12
INV00183,HUB003,EVT019,197942,862179,2261,76909,12,723,423,572,90,24
INV00183,HUB003,EVT019,197942,862179,2261,76909,12,723,423,572,90,36
INV00183,HUB003,EVT019,197942,862179,2261,76909,12,723,423,572,90,48
INV00183,HUB003,EVT019,197942,862179,2261,76909,12,723,423,572,90,72
INV00184,HUB004,EVT019,117360,511185,1341,45599,12,675,251,339,54,0
INV00184,HUB004,EVT019,117360,511185,1341,45599,12,675,251,339,54,3
INV00184,HUB004,EVT019,117360,511185,1341,45599,12,675,251,339,54,6
INV00184,HUB004,EVT019,117360,511185,1341,45599,12,675,251,339,54,12
INV00184,HUB004,EVT019,117360,511185,1341,45599,12,675,251,339,54,24
INV00184,HUB004,EVT019,117360,511185,1341,45599,12,675,251,339,54,36
INV00184,HUB004,EVT019,117360,511185,1341,45599,12,675,251,339,54,48
INV00184,HUB004,EVT019,117360,511185,1341,45599,12,675,251,339,54,72
INV00185,HUB005,EVT019,133303,580628,1523,51794,9,645,285,385,61,0
INV00185,HUB005,EVT019,133303,580628,1523,51794,9,645,285,385,61,3
INV00185,HUB005,EVT019,133303,580628,1523,51794,9,645,285,385,61,6
INV00185,HUB005,EVT019,133303,580628,1523,51794,9,645,285,385,61,12
INV00185,HUB005,EVT019,133303,580628,1523,51794,9,645,285,385,61,24
INV00185,HUB005,EVT019,133303,580628,1523,51794,9,645,285,385,61,36
INV00185,HUB005,EVT019,133303,580628,1523,51794,9,645,285,385,61,48
INV00185,HUB005,EVT019,133303,580628,1523,51794,9,645,285,385,61,72
INV00186,HUB006,EVT019,214519,934385,2451,83350,11,742,458,620,98,0
INV00186,HUB006,EVT019,214519,934385,2451,83350,11,742,458,620,98,3
INV00186,HUB006,EVT019,214519,934385,2451,83350,11,742,458,620,98,6
INV00186,HUB006,EVT019,214519,934385,2451,83350,11,742,458,620,98,12
INV00186,HUB006,EVT019,214519,934385,2451,83350,11,742,458,620,98,24
INV00186,HUB006,EVT019,214519,934385,2451,83350,11,742,458,620,98,36
INV00186,HUB006,EVT019,214519,934385,2451,83350,11,742,458,620,98,48
INV00186,HUB006,EVT019,214519,934385,2451,83350,11,742,458,620,98,72
INV00187,HUB007,EVT019,212086,923784,2423,82404,10,667,453,612,97,0
INV00187,HUB007,EVT019,212086,923784,2423,82404,10,667,453,612,97,3
INV00187,HUB007,EVT019,212086,923784,2423,82404,10,667,453,612,97,6
INV00187,HUB007,EVT019,212086,923784,2423,82404,10,667,453,612,97,12
INV00187,HUB007,EVT019,212086,923784,2423,82404,10,667,453,612,97,24
INV00187,HUB007,EVT019,212086,923784,2423,82404,10,667,453,612,97,36
INV00187,HUB007,EVT019,212086,923784,2423,82404,10,667,453,612,97,48
INV00187,HUB007,EVT019,212086,923784,2423,82404,10,667,453,612,97,72
INV00188,HUB008,EVT019,102144,444908,1167,39687,13,621,218,295,47,0
INV00188,HUB008,EVT019,102144,444908,1167,39687,13,621,218,295,47,3
INV00188,HUB008,EVT019,102144,444908,1167,39687,13,621,218,295,47,6
INV00188,HUB008,EVT019,102144,444908,1167,39687,13,621,218,295,47,12
INV00188,HUB008,EVT019,102144,444908,1167,39687,13,621,218,295,47,24
INV00188,HUB008,EVT019,102144,444908,1167,39687,13,621,218,295,47,36
INV00188,HUB008,EVT019,102144,444908,1167,39687,13,621,218,295,47,48
INV00188,HUB008,EVT019,102144,444908,1167,39687,13,621,218,295,47,72
INV00189,HUB009,EVT019,169086,736490,1932,65697,13,655,361,488,77,0
INV00189,HUB009,EVT019,169086,736490,1932,65697,13,655,361,488,77,3
INV00189,HUB009,EVT019,169086,736490,1932,65697,13,655,361,488,77,6
INV00189,HUB009,EVT019,169086,736490,1932,65697,13,655,361,488,77,12
INV00189,HUB009,EVT019,169086,736490,1932,65697,13,655,361,488,77,24
INV00189,HUB009,EVT019,169086,736490,1932,65697,13,655,361,488,77,36
INV00189,HUB009,EVT019,169086,736490,1932,65697,13,655,361,488,77,48
INV00189,HUB009,EVT019,169086,736490,1932,65697,13,655,361,488,77,72
INV00190,HUB010,EVT019,107267,467224,1226,41678,10,612,229,310,49,0
INV00190,HUB010,EVT019,107267,467224,1226,41678,10,612,229,310,49,3
INV00190,HUB010,EVT019,107267,467224,1226,41678,10,612,229,310,49,6
INV00190,HUB010,EVT019,107267,467224,1226,41678,10,612,229,310,49,12
INV00190,HUB010,EVT019,107267,467224,1226,41678,10,612,229,310,49,24
INV00190,HUB010,EVT019,107267,467224,1226,41678,10,612,229,310,49,36
INV00190,HUB010,EVT019,107267,467224,1226,41678,10,612,229,310,49,48
INV00190,HUB010,EVT019,107267,467224,1226,41678,10,612,229,310,49,72
INV00191,HUB001,EVT020,145225,590441,1432,49359,12,791,228,393,47,0
INV00191,HUB001,EVT020,145225,590441,1432,49359,12,791,228,393,47,3
INV00191,HUB001,EVT020,145225,590441,1432,49359,12,791,228,393,47,6
INV00191,HUB001,EVT020,145225,590441,1432,49359,12,791,228,393,47,12
INV00191,HUB001,EVT020,145225,590441,1432,49359,12,791,228,393,47,24
INV00191,HUB001,EVT020,145225,590441,1432,49359,12,791,228,393,47,36
INV00191,HUB001,EVT020,145225,590441,1432,49359,12,791,228,393,47,48
INV00191,HUB001,EVT020,145225,590441,1432,49359,12,791,228,393,47,72
INV00192,HUB002,EVT020,167142,679550,1648,56808,11,772,262,452,54,0
INV00192,HUB002,EVT020,167142,679550,1648,56808,11,772,262,452,54,3
INV00192,HUB002,EVT020,167142,679550,1648,56808,11,772,262,452,54,6
INV00192,HUB002,EVT020,167142,679550,1648,56808,11,772,262,452,54,12
INV00192,HUB002,EVT020,167142,679550,1648,56808,11,772,262,452,54,24
INV00192,HUB002,EVT020,167142,679550,1648,56808,11,772,262,452,54,36
INV00192,HUB002,EVT020,167142,679550,1648,56808,11,772,262,452,54,48
INV00192,HUB002,EVT020,167142,679550,1648,56808,11,772,262,452,54,72
INV00193,HUB003,EVT020,136270,554034,1344,46315,14,739,214,369,44,0
INV00193,HUB003,EVT020,136270,554034,1344,46315,14,739,214,369,44,3
INV00193,HUB003,EVT020,136270,554034,1344,46315,14,739,214,369,44,6
INV00193,HUB003,EVT020,136270,554034,1344,46315,14,739,214,369,44,12
INV00193,HUB003,EVT020,136270,554034,1344,46315,14,739,214,369,44,24
INV00193,HUB003,EVT020,136270,554034,1344,46315,14,739,214,369,44,36
INV00193,HUB003,EVT020,136270,554034,1344,46315,14,739,214,369,44,48
INV00193,HUB003,EVT020,136270,554034,1344,46315,14,739,214,369,44,72
INV00194,HUB004,EVT020,145773,592672,1437,49545,12,739,228,395,47,0
INV00194,HUB004,EVT020,145773,592672,1437,49545,12,739,228,395,47,3
INV00194,HUB004,EVT020,145773,592672,1437,49545,12,739,228,395,47,6
INV00194,HUB004,EVT020,145773,592672,1437,49545,12,739,228,395,47,12
INV00194,HUB004,EVT020,145773,592672,1437,49545,12,739,228,395,47,24
INV00194,HUB004,EVT020,145773,592672,1437,49545,12,739,228,395,47,36
INV00194,HUB004,EVT020,145773,592672,1437,49545,12,739,228,395,47,48
INV00194,HUB004,EVT020,145773,592672,1437,49545,12,739,228,395,47,72
INV00195,HUB005,EVT020,148524,603854,1464,50480,14,697,233,402,48,0
INV00195,HUB005,EVT020,148524,603854,1464,50480,14,697,233,402,48,3
INV00195,HUB005,EVT020,148524,603854,1464,50480,14,697,233,402,48,6
INV00195,HUB005,EVT020,148524,603854,1464,50480,14,697,233,402,48,12
INV00195,HUB005,EVT020,148524,603854,1464,50480,14,697,233,402,48,24
INV00195,HUB005,EVT020,148524,603854,1464,50480,14,697,233,402,48,36
INV00195,HUB005,EVT020,148524,603854,1464,50480,14,697,233,402,48,48
INV00195,HUB005,EVT020,148524,603854,1464,50480,14,697,233,402,48,72
INV00196,HUB006,EVT020,83397,339066,822,28345,9,667,131,226,27,0
INV00196,HUB006,EVT020,83397,339066,822,28345,9,667,131,226,27,3
INV00196,HUB006,EVT020,83397,339066,822,28345,9,667,131,226,27,6
INV00196,HUB006,EVT020,83397,339066,822,28345,9,667,131,226,27,12
INV00196,HUB006,EVT020,83397,339066,822,28345,9,667,131,226,27,24
INV00196,HUB006,EVT020,83397,339066,822,28345,9,667,131,226,27,36
INV00196,HUB006,EVT020,83397,339066,822,28345,9,667,131,226,27,48
INV00196,HUB006,EVT020,83397,339066,822,28345,9,667,131,226,27,72
INV00197,HUB007,EVT020,69015,280595,680,23457,12,638,108,187,22,0
INV00197,HUB007,EVT020,69015,280595,680,23457,12,638,108,187,22,3
INV00197,HUB007,EVT020,69015,280595,680,23457,12,638,108,187,22,6
INV00197,HUB007,EVT020,69015,280595,680,23457,12,638,108,187,22,12
INV00197,HUB007,EVT020,69015,280595,680,23457,12,638,108,187,22,24
INV00197,HUB007,EVT020,69015,280595,680,23457,12,638,108,187,22,36
INV00197,HUB007,EVT020,69015,280595,680,23457,12,638,108,187,22,48
INV00197,HUB007,EVT020,69015,280595,680,23457,12,638,108,187,22,72
INV00198,HUB008,EVT020,131814,535918,1300,44801,11,704,207,357,42,0
INV00198,HUB008,EVT020,131814,535918,1300,44801,11,704,207,357,42,3
INV00198,HUB008,EVT020,131814,535918,1300,44801,11,704,207,357,42,6
INV00198,HUB008,EVT020,131814,535918,1300,44801,11,704,207,357,42,12
INV00198,HUB008,EVT020,131814,535918,1300,44801,11,704,207,357,42,24
INV00198,HUB008,EVT020,131814,535918,1300,44801,11,704,207,357,42,36
INV00198,HUB008,EVT020,131814,535918,1300,44801,11,704,207,357,42,48
INV00198,HUB008,EVT020,131814,535918,1300,44801,11,704,207,357,42,72
INV00199,HUB009,EVT020,57901,235411,571,19680,8,711,91,157,19,0
INV00199,HUB009,EVT020,57901,235411,571,19680,8,711,91,157,19,3
INV00199,HUB009,EVT020,57901,235411,571,19680,8,711,91,157,19,6
INV00199,HUB009,EVT020,57901,235411,571,19680,8,711,91,157,19,12
INV00199,HUB009,EVT020,57901,235411,571,19680,8,711,91,157,19,24
INV00199,HUB009,EVT020,57901,235411,571,19680,8,711,91,157,19,36
INV00199,HUB009,EVT020,57901,235411,571,19680,8,711,91,157,19,48
INV00199,HUB009,EVT020,57901,235411,571,19680,8,711,91,157,19,72
INV00200,HUB010,EVT020,39071,158850,385,13279,12,600,61,106,13,0
INV00200,HUB010,EVT020,39071,158850,385,13279,12,600,61,106,13,3
INV00200,HUB010,EVT020,39071,158850,385,13279,12,600,61,106,13,6
INV00200,HUB010,EVT020,39071,158850,385,13279,12,600,61,106,13,12
INV00200,HUB010,EVT020,39071,158850,385,13279,12,600,61,106,13,24
INV00200,HUB010,EVT020,39071,158850,385,13279,12,600,61,106,13,36
INV00200,HUB010,EVT020,39071,158850,385,13279,12,600,61,106,13,48
INV00200,HUB010,EVT020,39071,158850,385,13279,12,600,61,106,13,72
