Assessment_ID,Event_ID,District,Response_Zone,Assessment_Window,Hours_Since_Disaster,Actual_Food_Required_packets,Predicted_Food_Required_packets,Actual_Water_Required_Liters,Predicted_Water_Required_Liters,Actual_Medical_Kits_Required,Predicted_Medical_Kits_Required,Actual_Shelter_Spaces_Required,Predicted_Shelter_Spaces_Required
ASM000001,EVT001,Cuddalore,Cuddalore Response Zone,T+0h,0,390573,361482,533662,535351,1404,1399,13561,16410
ASM000002,EVT001,Cuddalore,Cuddalore Response Zone,T+0h,0,329456,366814,283488,470014,1427,1423,13989,13840
ASM000003,EVT001,Cuddalore,Cuddalore Response Zone,T+0h,0,375600,360357,454010,482609,1358,1354,15549,14507
ASM000004,EVT001,Cuddalore,Cuddalore Response Zone,T+0h,0,451684,390641,483868,472305,1373,1369,13153,16118
ASM000005,EVT001,Cuddalore,Cuddalore Response Zone,T+0h,0,349812,356779,609979,525863,1533,1533,12197,11140
ASM000006,EVT001,Cuddalore,Cuddalore Response Zone,T+3h,3,389246,398642,703623,589709,1868,1876,8041,12132
ASM000007,EVT001,Cuddalore,Cuddalore Response Zone,T+3h,3,623272,507941,553500,661930,1817,1836,16322,18314
ASM000008,EVT001,Cuddalore,Cuddalore Response Zone,T+3h,3,433456,389769,471643,529443,1575,1569,10171,7968
ASM000009,EVT001,Cuddalore,Cuddalore Response Zone,T+3h,3,367546,388501,452351,547037,1745,1743,15534,14368
ASM000010,EVT001,Cuddalore,Cuddalore Response Zone,T+3h,3,446252,389442,429348,545406,1753,1754,21768,17368
ASM000011,EVT001,Cuddalore,Cuddalore Response Zone,T+6h,6,326959,360149,529377,501784,1499,1501,9714,13455
ASM000012,EVT001,Cuddalore,Cuddalore Response Zone,T+6h,6,385711,419659,416189,549926,1785,1777,10847,13576
ASM000013,EVT001,Cuddalore,Cuddalore Response Zone,T+6h,6,369413,366644,433004,456415,1448,1447,20459,12681
ASM000014,EVT001,Cuddalore,Cuddalore Response Zone,T+6h,6,275580,373731,446464,542132,1738,1736,15782,19011
ASM000015,EVT001,Cuddalore,Cuddalore Response Zone,T+6h,6,275798,360861,618722,554733,1649,1654,15088,15900
ASM000016,EVT001,Cuddalore,Cuddalore Response Zone,T+12h,12,405409,449232,959892,721038,2090,2070,16206,14902
ASM000017,EVT001,Cuddalore,Cuddalore Response Zone,T+12h,12,466678,576267,572651,787022,2361,2391,19750,26280
ASM000018,EVT001,Cuddalore,Cuddalore Response Zone,T+12h,12,510939,485154,417851,682631,2087,2088,31278,20956
ASM000019,EVT001,Cuddalore,Cuddalore Response Zone,T+12h,12,384840,459345,623864,650969,2077,2062,17661,21746
ASM000020,EVT001,Cuddalore,Cuddalore Response Zone,T+12h,12,334215,414754,591237,606025,1967,1977,9881,13122
ASM000021,EVT001,Cuddalore,Cuddalore Response Zone,T+24h,24,1018633,875487,1198204,1139165,3119,3109,29773,33777
ASM000022,EVT001,Cuddalore,Cuddalore Response Zone,T+24h,24,731767,733131,1032367,1137528,3203,3211,19907,34827
ASM000023,EVT001,Cuddalore,Cuddalore Response Zone,T+24h,24,769937,815595,1016105,1199295,3174,3181,20287,26162
ASM000024,EVT001,Cuddalore,Cuddalore Response Zone,T+24h,24,573451,714027,1231883,1142101,3309,3291,24056,30810
ASM000025,EVT001,Cuddalore,Cuddalore Response Zone,T+24h,24,689789,749532,1483002,1226079,3335,3334,41903,33714
ASM000026,EVT001,Cuddalore,Cuddalore Response Zone,T+36h,36,551606,524245,479016,774929,2090,2102,14160,16949
ASM000027,EVT001,Cuddalore,Cuddalore Response Zone,T+36h,36,515302,637957,899796,968972,2635,2645,36110,27119
ASM000028,EVT001,Cuddalore,Cuddalore Response Zone,T+36h,36,594002,550959,837275,853296,2223,2222,25484,16200
ASM000029,EVT001,Cuddalore,Cuddalore Response Zone,T+36h,36,582562,636667,771289,894150,2885,2892,32731,25450
ASM000030,EVT001,Cuddalore,Cuddalore Response Zone,T+36h,36,558713,592016,1353664,949595,2459,2457,21267,20700
ASM000031,EVT001,Cuddalore,Cuddalore Response Zone,T+48h,48,524521,555604,746967,862904,2344,2374,22894,22123
ASM000032,EVT001,Cuddalore,Cuddalore Response Zone,T+48h,48,939916,759291,907108,872129,2710,2715,12874,19093
ASM000033,EVT001,Cuddalore,Cuddalore Response Zone,T+48h,48,665927,655363,1151308,1034727,2767,2769,26131,28230
ASM000034,EVT001,Cuddalore,Cuddalore Response Zone,T+48h,48,476029,552543,741675,861822,2371,2382,15026,20586
ASM000035,EVT001,Cuddalore,Cuddalore Response Zone,T+48h,48,759603,650417,594858,871605,2668,2670,29393,25382
ASM000036,EVT001,Cuddalore,Cuddalore Response Zone,T+72h,72,401511,456324,649166,790831,1973,1979,28521,12740
ASM000037,EVT001,Cuddalore,Cuddalore Response Zone,T+72h,72,501931,465319,942808,831830,1879,1876,21363,19674
ASM000038,EVT001,Cuddalore,Cuddalore Response Zone,T+72h,72,401233,537552,782633,846711,2381,2386,9508,18255
ASM000039,EVT001,Cuddalore,Cuddalore Response Zone,T+72h,72,373205,429907,611954,726926,1900,1904,18266,20719
ASM000040,EVT001,Cuddalore,Cuddalore Response Zone,T+72h,72,534069,494233,927158,824238,2097,2093,15948,14403
ASM000041,EVT001,Villupuram,Villupuram Response Zone,T+0h,0,481039,433604,533746,575971,1750,1752,15126,17810
ASM000042,EVT001,Villupuram,Villupuram Response Zone,T+0h,0,438243,429526,516287,596275,1869,1873,10943,16569
ASM000043,EVT001,Villupuram,Villupuram Response Zone,T+0h,0,346016,352555,515847,515660,1456,1453,13336,15145
ASM000044,EVT001,Villupuram,Villupuram Response Zone,T+0h,0,378192,402848,663039,597321,1624,1630,7690,12183
ASM000045,EVT001,Villupuram,Villupuram Response Zone,T+0h,0,345401,423349,1202173,976639,1828,1841,13845,22212
ASM000046,EVT001,Villupuram,Villupuram Response Zone,T+3h,3,387003,428882,765111,671370,2025,2023,20769,17068
ASM000047,EVT001,Villupuram,Villupuram Response Zone,T+3h,3,411897,417415,790024,655863,2031,2036,8162,11549
ASM000048,EVT001,Villupuram,Villupuram Response Zone,T+3h,3,586367,496104,573389,692776,2055,2047,19308,15504
ASM000049,EVT001,Villupuram,Villupuram Response Zone,T+3h,3,378610,346899,368847,490805,1497,1492,6146,7332
ASM000050,EVT001,Villupuram,Villupuram Response Zone,T+3h,3,329252,422949,673125,732597,1976,1979,30553,19597
ASM000051,EVT001,Villupuram,Villupuram Response Zone,T+6h,6,556329,548060,735058,763394,2264,2260,16009,20894
ASM000052,EVT001,Villupuram,Villupuram Response Zone,T+6h,6,507427,558555,578340,737890,2358,2362,19654,22548
ASM000053,EVT001,Villupuram,Villupuram Response Zone,T+6h,6,438526,518330,635109,691574,2233,2233,15829,13311
ASM000054,EVT001,Villupuram,Villupuram Response Zone,T+6h,6,634293,591303,844374,817921,2505,2509,16689,19927
ASM000055,EVT001,Villupuram,Villupuram Response Zone,T+6h,6,642962,577744,768898,734012,2327,2329,17553,18612
ASM000056,EVT001,Villupuram,Villupuram Response Zone,T+12h,12,590083,549946,765007,772775,2070,2081,24911,22390
ASM000057,EVT001,Villupuram,Villupuram Response Zone,T+12h,12,432558,509487,773987,746573,2325,2316,29608,22950
ASM000058,EVT001,Villupuram,Villupuram Response Zone,T+12h,12,487279,525468,644362,767252,2222,2213,30062,24622
ASM000059,EVT001,Villupuram,Villupuram Response Zone,T+12h,12,508828,457163,578379,692583,2110,2108,17613,20972
ASM000060,EVT001,Villupuram,Villupuram Response Zone,T+12h,12,619325,565200,517355,705988,2218,2217,19189,20598
ASM000061,EVT001,Villupuram,Villupuram Response Zone,T+24h,24,714271,746126,1729803,1535032,3414,3405,51483,23714
ASM000062,EVT001,Villupuram,Villupuram Response Zone,T+24h,24,809954,827479,1255889,1221165,3692,3700,48073,36209
ASM000063,EVT001,Villupuram,Villupuram Response Zone,T+24h,24,560940,676541,956957,1016499,2956,2952,18806,26601
ASM000064,EVT001,Villupuram,Villupuram Response Zone,T+24h,24,596485,702713,904315,1144217,3257,3256,34682,33672
ASM000065,EVT001,Villupuram,Villupuram Response Zone,T+24h,24,854454,746032,2195459,1609986,3084,3091,24548,28290
ASM000066,EVT001,Villupuram,Villupuram Response Zone,T+36h,36,1124447,906807,951464,1172171,3692,3708,33756,36793
ASM000067,EVT001,Villupuram,Villupuram Response Zone,T+36h,36,837223,924857,1153026,1316248,3578,3584,28156,41516
ASM000068,EVT001,Villupuram,Villupuram Response Zone,T+36h,36,1022540,955549,1302967,1361120,3617,3641,22692,27681
ASM000069,EVT001,Villupuram,Villupuram Response Zone,T+36h,36,910937,871921,1490605,1420687,3479,3505,69537,42117
ASM000070,EVT001,Villupuram,Villupuram Response Zone,T+36h,36,744895,871581,1523604,1401072,3600,3611,34546,30279
ASM000071,EVT001,Villupuram,Villupuram Response Zone,T+48h,48,843088,821300,1717667,1533483,3355,3350,11912,26635
ASM000072,EVT001,Villupuram,Villupuram Response Zone,T+48h,48,967356,796501,1193973,1169995,2911,2939,42400,28295
ASM000073,EVT001,Villupuram,Villupuram Response Zone,T+48h,48,786750,764795,918003,1045012,3176,3185,50119,37368
ASM000074,EVT001,Villupuram,Villupuram Response Zone,T+48h,48,1039629,907292,1026568,1138139,3162,3162,24328,27285
ASM000075,EVT001,Villupuram,Villupuram Response Zone,T+48h,48,433278,645943,1181037,1145749,3000,3000,39341,32912
ASM000076,EVT001,Villupuram,Villupuram Response Zone,T+72h,72,697757,616969,1491954,1042734,2423,2429,17284,23594
ASM000077,EVT001,Villupuram,Villupuram Response Zone,T+72h,72,642558,611340,671950,896974,2661,2656,22755,27466
ASM000078,EVT001,Villupuram,Villupuram Response Zone,T+72h,72,609225,649619,1296808,1051917,2530,2568,38385,26837
ASM000079,EVT001,Villupuram,Villupuram Response Zone,T+72h,72,690489,704115,1034657,1033258,2727,2712,20830,24435
ASM000080,EVT001,Villupuram,Villupuram Response Zone,T+72h,72,509495,649563,1342054,1197278,3228,3222,14157,25243
ASM000081,EVT001,Pudukkottai,Pudukkottai Response Zone,T+0h,0,312894,329179,424268,449614,1402,1404,8988,9573
ASM000082,EVT001,Pudukkottai,Pudukkottai Response Zone,T+0h,0,364917,339631,369461,444688,1443,1437,9299,8803
ASM000083,EVT001,Pudukkottai,Pudukkottai Response Zone,T+0h,0,411681,347339,530527,445045,1331,1330,18018,17496
ASM000084,EVT001,Pudukkottai,Pudukkottai Response Zone,T+0h,0,283260,319117,525886,453649,1300,1296,12671,16843
ASM000085,EVT001,Pudukkottai,Pudukkottai Response Zone,T+0h,0,265694,311482,517757,450853,1281,1280,5956,6363
ASM000086,EVT001,Pudukkottai,Pudukkottai Response Zone,T+3h,3,237337,247897,372335,385693,1160,1140,14653,14275
ASM000087,EVT001,Pudukkottai,Pudukkottai Response Zone,T+3h,3,215254,191089,216337,237363,728,718,6112,10319
ASM000088,EVT001,Pudukkottai,Pudukkottai Response Zone,T+3h,3,310325,281917,265851,370275,1206,1207,6483,10574
ASM000089,EVT001,Pudukkottai,Pudukkottai Response Zone,T+3h,3,233439,243069,448365,408672,1085,1071,13536,13989
ASM000090,EVT001,Pudukkottai,Pudukkottai Response Zone,T+3h,3,302627,265244,414165,382668,1141,1142,8083,10564
ASM000091,EVT001,Pudukkottai,Pudukkottai Response Zone,T+6h,6,391266,405158,390738,510549,1710,1712,9759,8836
ASM000092,EVT001,Pudukkottai,Pudukkottai Response Zone,T+6h,6,496366,430977,483686,544279,1761,1756,14516,16127
ASM000093,EVT001,Pudukkottai,Pudukkottai Response Zone,T+6h,6,317106,348353,431057,448070,1528,1529,8415,13594
ASM000094,EVT001,Pudukkottai,Pudukkottai Response Zone,T+6h,6,342702,349899,366061,470496,1531,1530,14848,20716
ASM000095,EVT001,Pudukkottai,Pudukkottai Response Zone,T+6h,6,276959,288601,336896,370908,1221,1226,11834,14111
ASM000096,EVT001,Pudukkottai,Pudukkottai Response Zone,T+12h,12,293846,371643,383752,475330,1760,1753,10345,12609
ASM000097,EVT001,Pudukkottai,Pudukkottai Response Zone,T+12h,12,402886,379541,463885,499373,1707,1702,20089,14480
ASM000098,EVT001,Pudukkottai,Pudukkottai Response Zone,T+12h,12,375414,361591,403378,457725,1624,1617,14523,14043
ASM000099,EVT001,Pudukkottai,Pudukkottai Response Zone,T+12h,12,403593,433406,367990,482659,1702,1696,21726,19364
ASM000100,EVT001,Pudukkottai,Pudukkottai Response Zone,T+12h,12,374721,421565,869248,608504,1805,1806,14291,14121
ASM000101,EVT001,Pudukkottai,Pudukkottai Response Zone,T+24h,24,359305,440278,924492,782375,1942,1939,19284,13861
ASM000102,EVT001,Pudukkottai,Pudukkottai Response Zone,T+24h,24,481999,494492,635150,730755,2180,2177,25066,22383
ASM000103,EVT001,Pudukkottai,Pudukkottai Response Zone,T+24h,24,557055,591000,927620,878251,2411,2424,24100,24065
ASM000104,EVT001,Pudukkottai,Pudukkottai Response Zone,T+24h,24,406470,452317,750120,743190,1989,1980,15275,13244
ASM000105,EVT001,Pudukkottai,Pudukkottai Response Zone,T+24h,24,544982,557829,1098030,910955,2243,2273,15125,20197
ASM000106,EVT001,Pudukkottai,Pudukkottai Response Zone,T+36h,36,472105,453567,507927,573536,1793,1796,16202,14031
ASM000107,EVT001,Pudukkottai,Pudukkottai Response Zone,T+36h,36,857850,694779,1122864,924748,2606,2607,22115,23668
ASM000108,EVT001,Pudukkottai,Pudukkottai Response Zone,T+36h,36,602739,605250,774275,862766,2380,2408,23680,28260
ASM000109,EVT001,Pudukkottai,Pudukkottai Response Zone,T+36h,36,622992,611260,622194,814337,2475,2478,33895,25559
ASM000110,EVT001,Pudukkottai,Pudukkottai Response Zone,T+36h,36,525313,506453,954270,818384,2183,2200,15682,25458
ASM000111,EVT001,Pudukkottai,Pudukkottai Response Zone,T+48h,48,336783,437842,1004400,875568,1939,1948,15475,19619
ASM000112,EVT001,Pudukkottai,Pudukkottai Response Zone,T+48h,48,458926,448964,1296645,955062,1948,1936,21784,16413
ASM000113,EVT001,Pudukkottai,Pudukkottai Response Zone,T+48h,48,465603,474842,523844,570794,1918,1931,23375,23248
ASM000114,EVT001,Pudukkottai,Pudukkottai Response Zone,T+48h,48,736376,576273,792606,627180,1864,1871,16208,17795
ASM000115,EVT001,Pudukkottai,Pudukkottai Response Zone,T+48h,48,476415,473009,683628,726410,2003,2005,24182,24675
ASM000116,EVT001,Pudukkottai,Pudukkottai Response Zone,T+72h,72,573547,541293,953099,840112,2275,2288,21063,21414
ASM000117,EVT001,Pudukkottai,Pudukkottai Response Zone,T+72h,72,583399,577440,586654,800910,2562,2552,13576,22443
ASM000118,EVT001,Pudukkottai,Pudukkottai Response Zone,T+72h,72,464805,581790,603346,776778,2433,2434,16831,18430
ASM000119,EVT001,Pudukkottai,Pudukkottai Response Zone,T+72h,72,669564,599682,609217,773731,2209,2219,25168,14408
ASM000120,EVT001,Pudukkottai,Pudukkottai Response Zone,T+72h,72,683113,646875,895832,907275,2475,2478,21004,26359
ASM000121,EVT002,Chennai,Chennai Response Zone,T+0h,0,1278716,1150061,1321601,1517077,4694,4716,39472,42725
ASM000122,EVT002,Chennai,Chennai Response Zone,T+0h,0,818695,908596,1615225,1378801,4479,4476,30861,35683
ASM000123,EVT002,Chennai,Chennai Response Zone,T+0h,0,1536132,1362704,2009883,1760235,5137,5122,34265,37193
ASM000124,EVT002,Chennai,Chennai Response Zone,T+0h,0,835781,1060479,1758564,1700882,4721,4755,28705,36589
ASM000125,EVT002,Chennai,Chennai Response Zone,T+0h,0,1112774,1144269,2037078,1625223,4237,4240,38316,32519
ASM000126,EVT002,Chennai,Chennai Response Zone,T+3h,3,2040833,1810275,1974332,1820858,5661,5736,46815,44318
ASM000127,EVT002,Chennai,Chennai Response Zone,T+3h,3,894157,988682,1086592,1346683,4824,4811,39794,32090
ASM000128,EVT002,Chennai,Chennai Response Zone,T+3h,3,1014306,1131935,2199849,1875848,4899,4902,31134,43403
ASM000129,EVT002,Chennai,Chennai Response Zone,T+3h,3,1071544,1057114,1233742,1442945,4594,4583,34376,38129
ASM000130,EVT002,Chennai,Chennai Response Zone,T+3h,3,982463,1062814,1798655,1575839,4728,4737,24508,34776
ASM000131,EVT002,Chennai,Chennai Response Zone,T+6h,6,817299,1015930,2280212,2017066,5079,5071,47086,40575
ASM000132,EVT002,Chennai,Chennai Response Zone,T+6h,6,1194294,1207898,1790442,1689925,5046,5051,31132,40971
ASM000133,EVT002,Chennai,Chennai Response Zone,T+6h,6,789310,907840,943343,1178839,4253,4262,50086,38090
ASM000134,EVT002,Chennai,Chennai Response Zone,T+6h,6,1270208,1181378,1247887,1450489,5001,4994,55174,37716
ASM000135,EVT002,Chennai,Chennai Response Zone,T+6h,6,928723,1042807,2224821,2019056,5072,5063,36721,46778
ASM000136,EVT002,Chennai,Chennai Response Zone,T+12h,12,2116654,1952694,2016740,2425323,7163,7180,56578,70106
ASM000137,EVT002,Chennai,Chennai Response Zone,T+12h,12,1373706,1661747,2318830,2464426,7372,7373,69728,77848
ASM000138,EVT002,Chennai,Chennai Response Zone,T+12h,12,1699408,1813225,3100778,2914658,8823,8716,219933,93344
ASM000139,EVT002,Chennai,Chennai Response Zone,T+12h,12,1994287,1906944,2766047,2841764,7723,7743,69402,81382
ASM000140,EVT002,Chennai,Chennai Response Zone,T+12h,12,1346975,1617944,2589884,2688033,8287,8125,144885,85132
ASM000141,EVT002,Chennai,Chennai Response Zone,T+24h,24,2293186,2263194,3151039,3196081,9987,9941,77944,111547
ASM000142,EVT002,Chennai,Chennai Response Zone,T+24h,24,2818217,2518214,2944211,2993505,9449,9353,70992,100727
ASM000143,EVT002,Chennai,Chennai Response Zone,T+24h,24,1583646,1919316,3998444,3641449,9483,9421,82490,107880
ASM000144,EVT002,Chennai,Chennai Response Zone,T+24h,24,2260688,2231861,3719064,3437925,10078,9959,79885,108869
ASM000145,EVT002,Chennai,Chennai Response Zone,T+24h,24,2316665,2492388,3087121,3109655,9974,9896,101731,114491
ASM000146,EVT002,Chennai,Chennai Response Zone,T+36h,36,2255524,2103441,3693171,3286108,8454,8338,59514,82229
ASM000147,EVT002,Chennai,Chennai Response Zone,T+36h,36,1559288,1787703,2771331,2720018,8633,8620,57114,80380
ASM000148,EVT002,Chennai,Chennai Response Zone,T+36h,36,1344887,1542933,2053358,2221657,7167,7250,91196,67181
ASM000149,EVT002,Chennai,Chennai Response Zone,T+36h,36,1872775,1746433,2070236,2302361,7264,7233,103421,71073
ASM000150,EVT002,Chennai,Chennai Response Zone,T+36h,36,2050306,1964030,2282287,2518338,8302,8286,116102,87304
ASM000151,EVT002,Chennai,Chennai Response Zone,T+48h,48,2010917,1957324,2541790,2643726,7941,7960,75221,71560
ASM000152,EVT002,Chennai,Chennai Response Zone,T+48h,48,2318450,2305857,4383567,3773970,9424,9380,103321,103569
ASM000153,EVT002,Chennai,Chennai Response Zone,T+48h,48,1867240,1958655,2435320,2692826,9105,9141,58350,86021
ASM000154,EVT002,Chennai,Chennai Response Zone,T+48h,48,2247467,2202021,3429348,3241568,9148,9205,80719,110208
ASM000155,EVT002,Chennai,Chennai Response Zone,T+48h,48,2141611,2107245,2570274,2630264,8629,8629,100323,96004
ASM000156,EVT002,Chennai,Chennai Response Zone,T+72h,72,1506811,1684473,2357215,2429400,7522,7515,43631,69139
ASM000157,EVT002,Chennai,Chennai Response Zone,T+72h,72,2886039,2427236,1968861,2431912,8535,8511,54588,82972
ASM000158,EVT002,Chennai,Chennai Response Zone,T+72h,72,1966755,1905250,2486110,2647422,7580,7597,96059,72989
ASM000159,EVT002,Chennai,Chennai Response Zone,T+72h,72,1349978,1577737,2475606,2489995,6995,7083,131966,77334
ASM000160,EVT002,Chennai,Chennai Response Zone,T+72h,72,1781433,1616818,2617937,2383251,6751,6724,64956,62185
ASM000161,EVT002,Tiruvallur,Tiruvallur Response Zone,T+0h,0,849330,969908,1493424,1432642,4506,4514,45377,34077
ASM000162,EVT002,Tiruvallur,Tiruvallur Response Zone,T+0h,0,1349375,1219968,1205607,1379122,5061,5051,43677,48178
ASM000163,EVT002,Tiruvallur,Tiruvallur Response Zone,T+0h,0,1439423,1200276,2148337,1841573,5086,5080,35145,50619
ASM000164,EVT002,Tiruvallur,Tiruvallur Response Zone,T+0h,0,1036501,1172000,1797972,1778360,5497,5512,58517,48834
ASM000165,EVT002,Tiruvallur,Tiruvallur Response Zone,T+0h,0,1341019,1159805,1636039,1634453,4924,4938,53835,48167
ASM000166,EVT002,Tiruvallur,Tiruvallur Response Zone,T+3h,3,978059,960838,1200686,1235209,3692,3760,23878,28445
ASM000167,EVT002,Tiruvallur,Tiruvallur Response Zone,T+3h,3,1143228,1078288,1164606,1195730,4247,4255,28256,31373
ASM000168,EVT002,Tiruvallur,Tiruvallur Response Zone,T+3h,3,1253123,1033839,1179022,1183459,3664,3669,24296,22365
ASM000169,EVT002,Tiruvallur,Tiruvallur Response Zone,T+3h,3,860235,895250,1360745,1270301,3827,3857,16410,24926
ASM000170,EVT002,Tiruvallur,Tiruvallur Response Zone,T+3h,3,825154,954028,879886,1236404,4371,4358,32401,40731
ASM000171,EVT002,Tiruvallur,Tiruvallur Response Zone,T+6h,6,802643,951757,1107155,1236278,4209,4220,19047,28815
ASM000172,EVT002,Tiruvallur,Tiruvallur Response Zone,T+6h,6,835442,982985,1276713,1295923,4279,4278,37280,37340
ASM000173,EVT002,Tiruvallur,Tiruvallur Response Zone,T+6h,6,1027418,1021356,1566096,1540962,4624,4622,32687,48173
ASM000174,EVT002,Tiruvallur,Tiruvallur Response Zone,T+6h,6,1090156,1013167,1900643,1587044,4483,4482,29918,41161
ASM000175,EVT002,Tiruvallur,Tiruvallur Response Zone,T+6h,6,1076976,1034082,1174291,1364888,4472,4470,31243,40478
ASM000176,EVT002,Tiruvallur,Tiruvallur Response Zone,T+12h,12,1373414,1257271,1393696,1559551,5247,5251,39000,48781
ASM000177,EVT002,Tiruvallur,Tiruvallur Response Zone,T+12h,12,1347661,1498904,1593097,1696343,6007,6048,31907,54595
ASM000178,EVT002,Tiruvallur,Tiruvallur Response Zone,T+12h,12,1562819,1403033,1223955,1435818,5112,5100,29726,38247
ASM000179,EVT002,Tiruvallur,Tiruvallur Response Zone,T+12h,12,1123532,1168757,1500032,1635211,5362,5362,74012,54604
ASM000180,EVT002,Tiruvallur,Tiruvallur Response Zone,T+12h,12,2311917,1919231,2183997,1938492,5935,5960,52689,53968
ASM000181,EVT002,Tiruvallur,Tiruvallur Response Zone,T+24h,24,2314725,2110638,2319978,2894902,8910,8997,149666,102522
ASM000182,EVT002,Tiruvallur,Tiruvallur Response Zone,T+24h,24,1729330,1927328,3389262,3150074,9198,9206,145936,101941
ASM000183,EVT002,Tiruvallur,Tiruvallur Response Zone,T+24h,24,1658975,1873924,1913097,2391180,9058,9086,103356,91888
ASM000184,EVT002,Tiruvallur,Tiruvallur Response Zone,T+24h,24,2259928,2177750,2543595,2653236,9497,9483,83586,89914
ASM000185,EVT002,Tiruvallur,Tiruvallur Response Zone,T+24h,24,1970558,2028962,2784303,2897097,9198,9247,95451,99565
ASM000186,EVT002,Tiruvallur,Tiruvallur Response Zone,T+36h,36,2042207,2032255,3936161,3066209,7702,7726,89780,80449
ASM000187,EVT002,Tiruvallur,Tiruvallur Response Zone,T+36h,36,2016403,1942792,2535596,2605111,7837,7943,69221,80162
ASM000188,EVT002,Tiruvallur,Tiruvallur Response Zone,T+36h,36,1635401,1573078,1411677,2112495,6904,6972,38319,73889
ASM000189,EVT002,Tiruvallur,Tiruvallur Response Zone,T+36h,36,1460527,1572234,1577671,2052188,7991,7903,87569,76450
ASM000190,EVT002,Tiruvallur,Tiruvallur Response Zone,T+36h,36,1295661,1551799,2560653,2369298,7647,7665,45863,68499
ASM000191,EVT002,Tiruvallur,Tiruvallur Response Zone,T+48h,48,1579599,1604381,2943534,2636208,6989,7071,49403,69513
ASM000192,EVT002,Tiruvallur,Tiruvallur Response Zone,T+48h,48,1910111,1722818,2758206,2453134,6736,6754,79543,76911
ASM000193,EVT002,Tiruvallur,Tiruvallur Response Zone,T+48h,48,1637078,1595729,2477540,2536554,6715,6729,68445,73490
ASM000194,EVT002,Tiruvallur,Tiruvallur Response Zone,T+48h,48,1363516,1631289,3418092,2828304,7773,7744,45682,75908
ASM000195,EVT002,Tiruvallur,Tiruvallur Response Zone,T+48h,48,1652139,1544131,2069034,2169334,6924,6886,65631,64513
ASM000196,EVT002,Tiruvallur,Tiruvallur Response Zone,T+72h,72,1677589,1578094,2872925,2473185,6732,6730,77753,61078
ASM000197,EVT002,Tiruvallur,Tiruvallur Response Zone,T+72h,72,1274800,1473684,1395208,1848897,6616,6620,26570,50307
ASM000198,EVT002,Tiruvallur,Tiruvallur Response Zone,T+72h,72,1550857,1556831,1782689,2037752,6500,6478,84313,62081
ASM000199,EVT002,Tiruvallur,Tiruvallur Response Zone,T+72h,72,1409483,1433922,1318572,1769989,6148,6100,31740,54680
ASM000200,EVT002,Tiruvallur,Tiruvallur Response Zone,T+72h,72,1154366,1358845,2060941,2081901,6030,6018,115327,61495
ASM000201,EVT002,Cuddalore,Cuddalore Response Zone,T+0h,0,598564,568158,753843,822483,2304,2304,14841,17235
ASM000202,EVT002,Cuddalore,Cuddalore Response Zone,T+0h,0,656077,606411,831265,861210,2450,2454,21773,21489
ASM000203,EVT002,Cuddalore,Cuddalore Response Zone,T+0h,0,686035,600604,739311,815115,2555,2548,7457,14122
ASM000204,EVT002,Cuddalore,Cuddalore Response Zone,T+0h,0,681369,581178,584042,792144,2361,2348,14208,15830
ASM000205,EVT002,Cuddalore,Cuddalore Response Zone,T+0h,0,398279,503667,661222,720889,2228,2225,13717,13959
ASM000206,EVT002,Cuddalore,Cuddalore Response Zone,T+3h,3,652532,791335,714049,1061656,3598,3619,23807,25573
ASM000207,EVT002,Cuddalore,Cuddalore Response Zone,T+3h,3,809913,758937,1316327,1054433,3368,3346,13954,19202
ASM000208,EVT002,Cuddalore,Cuddalore Response Zone,T+3h,3,810002,781960,955013,975517,3148,3116,23841,32342
ASM000209,EVT002,Cuddalore,Cuddalore Response Zone,T+3h,3,775861,737814,881033,909689,3264,3265,45745,33392
ASM000210,EVT002,Cuddalore,Cuddalore Response Zone,T+3h,3,1771089,1342215,1743129,1353497,3891,3890,40458,40946
ASM000211,EVT002,Cuddalore,Cuddalore Response Zone,T+6h,6,826662,774039,717703,879096,3182,3182,36220,24839
ASM000212,EVT002,Cuddalore,Cuddalore Response Zone,T+6h,6,1033943,952534,796261,1080882,3655,3648,18780,27652
ASM000213,EVT002,Cuddalore,Cuddalore Response Zone,T+6h,6,904824,808619,771660,867599,3447,3438,24747,29103
ASM000214,EVT002,Cuddalore,Cuddalore Response Zone,T+6h,6,975917,890317,1104032,1114055,4017,4006,34190,28412
ASM000215,EVT002,Cuddalore,Cuddalore Response Zone,T+6h,6,781668,837449,1255343,1195996,3829,3826,20685,35828
ASM000216,EVT002,Cuddalore,Cuddalore Response Zone,T+12h,12,940942,889938,1366971,1248581,3701,3711,27272,38530
ASM000217,EVT002,Cuddalore,Cuddalore Response Zone,T+12h,12,702195,837279,2064560,1540949,3784,3784,39134,28064
ASM000218,EVT002,Cuddalore,Cuddalore Response Zone,T+12h,12,811165,911682,663009,1085783,3794,3816,24233,37434
ASM000219,EVT002,Cuddalore,Cuddalore Response Zone,T+12h,12,835106,902085,1416424,1338044,4502,4486,20243,34907
ASM000220,EVT002,Cuddalore,Cuddalore Response Zone,T+12h,12,942519,1000274,1065409,1255448,4224,4235,57981,36834
ASM000221,EVT002,Cuddalore,Cuddalore Response Zone,T+24h,24,1662276,1326851,1423106,1534881,4421,4429,37439,54377
ASM000222,EVT002,Cuddalore,Cuddalore Response Zone,T+24h,24,738822,1033501,1379464,1584756,4623,4639,50071,48252
ASM000223,EVT002,Cuddalore,Cuddalore Response Zone,T+24h,24,1338089,1241057,1336421,1611896,4895,4884,45813,47317
ASM000224,EVT002,Cuddalore,Cuddalore Response Zone,T+24h,24,849840,1117973,2726050,1983748,5218,5172,25122,55482
ASM000225,EVT002,Cuddalore,Cuddalore Response Zone,T+24h,24,950124,1040206,1934557,1601528,4584,4572,42025,45397
ASM000226,EVT002,Cuddalore,Cuddalore Response Zone,T+36h,36,1488842,1293796,1798418,1646916,5393,5385,63632,58153
ASM000227,EVT002,Cuddalore,Cuddalore Response Zone,T+36h,36,1146050,1098775,2318925,1931842,4992,4961,48814,45650
ASM000228,EVT002,Cuddalore,Cuddalore Response Zone,T+36h,36,985701,1111509,1276091,1536393,5401,5419,83211,61099
ASM000229,EVT002,Cuddalore,Cuddalore Response Zone,T+36h,36,1052780,1186363,1304292,1535473,5327,5331,51254,59491
ASM000230,EVT002,Cuddalore,Cuddalore Response Zone,T+36h,36,1385287,1246714,1008094,1323424,5272,5269,57642,46929
ASM000231,EVT002,Cuddalore,Cuddalore Response Zone,T+48h,48,1044868,1201978,1487060,1581759,5154,5201,41543,52802
ASM000232,EVT002,Cuddalore,Cuddalore Response Zone,T+48h,48,1234557,1170120,1852212,1629343,5213,5212,35877,54039
ASM000233,EVT002,Cuddalore,Cuddalore Response Zone,T+48h,48,1180421,1136913,1774427,1725082,5394,5333,34944,52290
ASM000234,EVT002,Cuddalore,Cuddalore Response Zone,T+48h,48,997078,1112532,1808944,1670729,4986,4971,36523,55901
ASM000235,EVT002,Cuddalore,Cuddalore Response Zone,T+48h,48,1856919,1499961,1214798,1422985,5129,5171,61359,47385
ASM000236,EVT002,Cuddalore,Cuddalore Response Zone,T+72h,72,1233490,1068705,1914852,1690399,4559,4546,24053,39654
ASM000237,EVT002,Cuddalore,Cuddalore Response Zone,T+72h,72,653837,905772,1560755,1502811,4351,4348,45031,41408
ASM000238,EVT002,Cuddalore,Cuddalore Response Zone,T+72h,72,1100626,1049834,1954775,1674746,4464,4493,46276,49225
ASM000239,EVT002,Cuddalore,Cuddalore Response Zone,T+72h,72,930098,1003390,987742,1491584,4617,4601,44063,45582
ASM000240,EVT002,Cuddalore,Cuddalore Response Zone,T+72h,72,1113630,1012670,1543153,1545991,4257,4243,63412,44258
ASM000241,EVT002,Kancheepuram,Kancheepuram Response Zone,T+0h,0,776814,870456,943332,1197697,4107,4119,30024,36055
ASM000242,EVT002,Kancheepuram,Kancheepuram Response Zone,T+0h,0,771844,779498,982851,1118301,3517,3511,31531,28295
ASM000243,EVT002,Kancheepuram,Kancheepuram Response Zone,T+0h,0,916907,834678,1320746,1184604,3527,3553,31820,33916
ASM000244,EVT002,Kancheepuram,Kancheepuram Response Zone,T+0h,0,1057855,927170,1248603,1249010,3813,3797,29242,31821
ASM000245,EVT002,Kancheepuram,Kancheepuram Response Zone,T+0h,0,712142,867805,997714,1217302,3962,3938,64473,37600
ASM000246,EVT002,Kancheepuram,Kancheepuram Response Zone,T+3h,3,948336,1001560,1433584,1347286,4736,4730,30041,45491
ASM000247,EVT002,Kancheepuram,Kancheepuram Response Zone,T+3h,3,774192,843260,793238,1085635,3725,3719,40809,29796
ASM000248,EVT002,Kancheepuram,Kancheepuram Response Zone,T+3h,3,801175,856544,1697828,1333013,4173,4172,43534,38806
ASM000249,EVT002,Kancheepuram,Kancheepuram Response Zone,T+3h,3,1241039,1042749,1095664,1170408,3935,3935,20346,28600
ASM000250,EVT002,Kancheepuram,Kancheepuram Response Zone,T+3h,3,946567,911121,1605050,1378004,3820,3819,56428,34214
ASM000251,EVT002,Kancheepuram,Kancheepuram Response Zone,T+6h,6,817114,968759,1300011,1505768,4722,4715,26065,47412
ASM000252,EVT002,Kancheepuram,Kancheepuram Response Zone,T+6h,6,1179772,1072231,1192923,1269544,4448,4455,33532,38987
ASM000253,EVT002,Kancheepuram,Kancheepuram Response Zone,T+6h,6,1530342,1201725,1105951,1200540,4282,4279,22473,34830
ASM000254,EVT002,Kancheepuram,Kancheepuram Response Zone,T+6h,6,1181101,1013224,1643379,1380894,4513,4517,41857,38758
ASM000255,EVT002,Kancheepuram,Kancheepuram Response Zone,T+6h,6,717985,899998,1154149,1290920,4348,4351,32614,47605
ASM000256,EVT002,Kancheepuram,Kancheepuram Response Zone,T+12h,12,954772,1068162,1642569,1514079,4738,4738,40985,40311
ASM000257,EVT002,Kancheepuram,Kancheepuram Response Zone,T+12h,12,1325739,1153716,1271590,1388316,4621,4638,38004,40377
ASM000258,EVT002,Kancheepuram,Kancheepuram Response Zone,T+12h,12,872285,1004012,858161,1319119,4604,4598,39103,45039
ASM000259,EVT002,Kancheepuram,Kancheepuram Response Zone,T+12h,12,1145822,1090804,1251536,1437754,4659,4670,49064,45770
ASM000260,EVT002,Kancheepuram,Kancheepuram Response Zone,T+12h,12,1361891,1242805,1137412,1516002,5212,5243,35839,44762
ASM000261,EVT002,Kancheepuram,Kancheepuram Response Zone,T+24h,24,1128517,1284554,1959795,1936954,5851,5843,35018,50780
ASM000262,EVT002,Kancheepuram,Kancheepuram Response Zone,T+24h,24,1500409,1523841,1726860,2342680,6517,6510,174245,75372
ASM000263,EVT002,Kancheepuram,Kancheepuram Response Zone,T+24h,24,712181,1010779,2488291,2101817,6215,6200,44693,52034
ASM000264,EVT002,Kancheepuram,Kancheepuram Response Zone,T+24h,24,1187311,1373347,2070591,2232715,6430,6427,30350,63864
ASM000265,EVT002,Kancheepuram,Kancheepuram Response Zone,T+24h,24,1217003,1337480,1802854,1848734,5569,5547,38889,51771
ASM000266,EVT002,Kancheepuram,Kancheepuram Response Zone,T+36h,36,1259004,1481549,2754182,2460489,7383,7337,44357,68066
ASM000267,EVT002,Kancheepuram,Kancheepuram Response Zone,T+36h,36,2125741,1834975,2711877,2366627,6694,6658,61453,59297
ASM000268,EVT002,Kancheepuram,Kancheepuram Response Zone,T+36h,36,1186470,1425110,2387247,2502166,7112,7134,87562,81521
ASM000269,EVT002,Kancheepuram,Kancheepuram Response Zone,T+36h,36,1499296,1544204,1920749,2034737,6987,7134,71823,68542
ASM000270,EVT002,Kancheepuram,Kancheepuram Response Zone,T+36h,36,1659079,1576208,1501716,1917962,6983,6995,58328,71030
ASM000271,EVT002,Kancheepuram,Kancheepuram Response Zone,T+48h,48,1911240,1732524,1687656,1895494,6455,6452,41123,53900
ASM000272,EVT002,Kancheepuram,Kancheepuram Response Zone,T+48h,48,1080321,1318260,1906678,2075315,6361,6367,64886,68633
ASM000273,EVT002,Kancheepuram,Kancheepuram Response Zone,T+48h,48,2042538,1849920,2472383,2465742,7308,7310,72489,76362
ASM000274,EVT002,Kancheepuram,Kancheepuram Response Zone,T+48h,48,1371701,1347354,1881223,1949586,6102,6089,77289,62744
ASM000275,EVT002,Kancheepuram,Kancheepuram Response Zone,T+48h,48,1197218,1400594,2642187,2492562,6238,6282,78488,71509
ASM000276,EVT002,Kancheepuram,Kancheepuram Response Zone,T+72h,72,1430861,1352548,1648308,1836328,5455,5481,58861,54051
ASM000277,EVT002,Kancheepuram,Kancheepuram Response Zone,T+72h,72,1397197,1343382,2080914,2024520,5758,5738,81454,68251
ASM000278,EVT002,Kancheepuram,Kancheepuram Response Zone,T+72h,72,1181406,1324875,2574002,2037604,5604,5602,60009,51215
ASM000279,EVT002,Kancheepuram,Kancheepuram Response Zone,T+72h,72,1217159,1129702,1958026,1851790,5137,5128,52154,49948
ASM000280,EVT002,Kancheepuram,Kancheepuram Response Zone,T+72h,72,1274555,1378121,2071925,2188356,5794,5815,68242,64312
ASM000281,EVT003,Chennai,Chennai Response Zone,T+0h,0,1061925,1027071,1247459,1403424,4679,4717,52876,33463
ASM000282,EVT003,Chennai,Chennai Response Zone,T+0h,0,1046270,938364,1099556,1250596,4102,4099,28176,32932
ASM000283,EVT003,Chennai,Chennai Response Zone,T+0h,0,1382588,1176922,1108536,1395811,4328,4306,24575,33621
ASM000284,EVT003,Chennai,Chennai Response Zone,T+0h,0,728837,903470,1136437,1243738,3928,3972,22395,29391
ASM000285,EVT003,Chennai,Chennai Response Zone,T+0h,0,1536131,1260936,1660906,1491269,4386,4402,34207,30217
ASM000286,EVT003,Chennai,Chennai Response Zone,T+3h,3,828314,1055330,1660736,1674062,5525,5474,32097,52200
ASM000287,EVT003,Chennai,Chennai Response Zone,T+3h,3,1170383,1234309,1197990,1518100,5004,5097,57668,49135
ASM000288,EVT003,Chennai,Chennai Response Zone,T+3h,3,1313140,1199450,2574062,2270337,5415,5376,48940,51055
ASM000289,EVT003,Chennai,Chennai Response Zone,T+3h,3,1193982,1137987,1622684,1594322,4990,4990,46107,35412
ASM000290,EVT003,Chennai,Chennai Response Zone,T+3h,3,1026551,1140357,1102791,1382501,5303,5299,31526,39140
ASM000291,EVT003,Chennai,Chennai Response Zone,T+6h,6,910385,959302,1194845,1237239,3944,3971,36293,38238
ASM000292,EVT003,Chennai,Chennai Response Zone,T+6h,6,896938,949142,1398740,1330223,4082,4089,51113,37146
ASM000293,EVT003,Chennai,Chennai Response Zone,T+6h,6,987819,1042265,2268051,1879488,4806,4822,50052,38526
ASM000294,EVT003,Chennai,Chennai Response Zone,T+6h,6,1216560,1107306,1100250,1416011,4566,4568,34340,38699
ASM000295,EVT003,Chennai,Chennai Response Zone,T+6h,6,943963,875103,1521003,1275747,3683,3709,26569,25670
ASM000296,EVT003,Chennai,Chennai Response Zone,T+12h,12,1112959,1231600,2431841,2036487,5993,5982,53356,48898
ASM000297,EVT003,Chennai,Chennai Response Zone,T+12h,12,1782682,1801609,1763371,1898009,6763,6726,72959,68293
ASM000298,EVT003,Chennai,Chennai Response Zone,T+12h,12,1542399,1600995,1796286,1956128,6616,6645,51060,57678
ASM000299,EVT003,Chennai,Chennai Response Zone,T+12h,12,1774699,1694324,1573642,1938611,6895,6837,89295,62432
ASM000300,EVT003,Chennai,Chennai Response Zone,T+12h,12,1658631,1596605,1839845,2009811,6933,6895,29846,55244
ASM000301,EVT003,Chennai,Chennai Response Zone,T+24h,24,1484795,1624542,2548457,2498992,7411,7433,59056,69400
ASM000302,EVT003,Chennai,Chennai Response Zone,T+24h,24,1674269,1847855,3201936,2983981,8074,8092,82010,77011
ASM000303,EVT003,Chennai,Chennai Response Zone,T+24h,24,2240406,2119974,3844581,3532127,8475,8640,115210,97464
ASM000304,EVT003,Chennai,Chennai Response Zone,T+24h,24,2146015,2044123,2269187,2504873,8031,8273,111796,77532
ASM000305,EVT003,Chennai,Chennai Response Zone,T+24h,24,1804495,1763806,1633589,2147561,7647,7626,107876,81234
ASM000306,EVT003,Chennai,Chennai Response Zone,T+36h,36,1809462,1748440,2538262,2358429,7413,7416,54788,68520
ASM000307,EVT003,Chennai,Chennai Response Zone,T+36h,36,2133924,1862035,2721551,2518932,7150,7103,113791,76621
ASM000308,EVT003,Chennai,Chennai Response Zone,T+36h,36,1598730,1657797,2682019,2502087,8136,8138,47622,66742
ASM000309,EVT003,Chennai,Chennai Response Zone,T+36h,36,1774971,1728054,2113538,2286132,6618,6653,74299,62905
ASM000310,EVT003,Chennai,Chennai Response Zone,T+36h,36,1713486,1705267,2688501,2627032,7458,7475,122705,71825
ASM000311,EVT003,Chennai,Chennai Response Zone,T+48h,48,1493501,1580253,3424099,2934526,6700,6687,92299,64984
ASM000312,EVT003,Chennai,Chennai Response Zone,T+48h,48,1800806,1663863,2341608,2165563,6031,6008,53780,53405
ASM000313,EVT003,Chennai,Chennai Response Zone,T+48h,48,1651149,1524848,1813744,1945022,5911,5912,38045,46683
ASM000314,EVT003,Chennai,Chennai Response Zone,T+48h,48,1681659,1537856,1919503,2172377,5797,5833,39432,62746
ASM000315,EVT003,Chennai,Chennai Response Zone,T+48h,48,1953902,1762384,2161809,2143096,6362,6339,67473,62276
ASM000316,EVT003,Chennai,Chennai Response Zone,T+72h,72,1514789,1600217,3432616,2732244,6132,6196,44967,64543
ASM000317,EVT003,Chennai,Chennai Response Zone,T+72h,72,1738419,1583693,2136359,2091008,6338,6370,44122,58316
ASM000318,EVT003,Chennai,Chennai Response Zone,T+72h,72,1525611,1574218,2341804,2338248,6882,6814,38945,61358
ASM000319,EVT003,Chennai,Chennai Response Zone,T+72h,72,1592426,1612153,1951445,2084675,6483,6448,46363,57418
ASM000320,EVT003,Chennai,Chennai Response Zone,T+72h,72,1564182,1588562,3003850,2798942,6731,6770,51435,61377
ASM000321,EVT003,Tiruvallur,Tiruvallur Response Zone,T+0h,0,774615,790930,1655092,1378819,3080,3112,19993,20890
ASM000322,EVT003,Tiruvallur,Tiruvallur Response Zone,T+0h,0,893020,808249,1236573,1245601,3301,3285,21755,29917
ASM000323,EVT003,Tiruvallur,Tiruvallur Response Zone,T+0h,0,630987,719007,1094566,1186432,3113,3132,42197,29717
ASM000324,EVT003,Tiruvallur,Tiruvallur Response Zone,T+0h,0,1063725,869420,1003294,1011265,2986,3014,23541,29215
ASM000325,EVT003,Tiruvallur,Tiruvallur Response Zone,T+0h,0,728792,831642,665426,1068391,3942,3967,20543,27837
ASM000326,EVT003,Tiruvallur,Tiruvallur Response Zone,T+3h,3,799439,978253,1734431,1506113,4458,4474,46041,45187
ASM000327,EVT003,Tiruvallur,Tiruvallur Response Zone,T+3h,3,1155824,1028018,1219191,1213812,3883,3896,34140,25700
ASM000328,EVT003,Tiruvallur,Tiruvallur Response Zone,T+3h,3,1217136,1084719,1569801,1517210,4827,4824,41426,39224
ASM000329,EVT003,Tiruvallur,Tiruvallur Response Zone,T+3h,3,1281006,1177008,1310794,1527236,5012,5007,39603,48408
ASM000330,EVT003,Tiruvallur,Tiruvallur Response Zone,T+3h,3,1098649,983519,1197798,1241283,4292,4294,20241,36899
ASM000331,EVT003,Tiruvallur,Tiruvallur Response Zone,T+6h,6,1252755,1283058,1535446,1659937,5449,5512,45095,55875
ASM000332,EVT003,Tiruvallur,Tiruvallur Response Zone,T+6h,6,942780,1041189,1985940,1688797,5158,5175,46779,46125
ASM000333,EVT003,Tiruvallur,Tiruvallur Response Zone,T+6h,6,1258317,1315424,1505197,1600130,5577,5595,34794,46075
ASM000334,EVT003,Tiruvallur,Tiruvallur Response Zone,T+6h,6,962580,1019123,2583574,2067024,5107,5103,29104,49229
ASM000335,EVT003,Tiruvallur,Tiruvallur Response Zone,T+6h,6,1502216,1368462,1879708,1742375,5520,5537,34692,49501
ASM000336,EVT003,Tiruvallur,Tiruvallur Response Zone,T+12h,12,1072225,1066333,1084924,1470479,5091,5110,61928,45243
ASM000337,EVT003,Tiruvallur,Tiruvallur Response Zone,T+12h,12,992401,1124142,1617694,1762798,5052,5089,91385,57836
ASM000338,EVT003,Tiruvallur,Tiruvallur Response Zone,T+12h,12,1139041,1128370,1449356,1791356,5519,5505,45834,60875
ASM000339,EVT003,Tiruvallur,Tiruvallur Response Zone,T+12h,12,1382728,1397328,992097,1393011,5680,5747,56906,54211
ASM000340,EVT003,Tiruvallur,Tiruvallur Response Zone,T+12h,12,1080513,1138750,2516317,2118857,5495,5476,38493,58237
ASM000341,EVT003,Tiruvallur,Tiruvallur Response Zone,T+24h,24,1294876,1456195,2737271,2441918,6463,6450,103625,70658
ASM000342,EVT003,Tiruvallur,Tiruvallur Response Zone,T+24h,24,1556822,1512779,2454894,2312130,6270,6246,59153,60770
ASM000343,EVT003,Tiruvallur,Tiruvallur Response Zone,T+24h,24,1556844,1497452,2216296,2108289,6551,6515,68209,55318
ASM000344,EVT003,Tiruvallur,Tiruvallur Response Zone,T+24h,24,1385984,1488612,1627848,2062739,6305,6358,39313,71900
ASM000345,EVT003,Tiruvallur,Tiruvallur Response Zone,T+24h,24,1419455,1500306,1943176,2104871,6247,6379,61054,61070
ASM000346,EVT003,Tiruvallur,Tiruvallur Response Zone,T+36h,36,1694229,1601089,2899036,2573737,6830,6836,57643,66096
ASM000347,EVT003,Tiruvallur,Tiruvallur Response Zone,T+36h,36,1204085,1465554,1799836,2175071,6878,6876,77560,66199
ASM000348,EVT003,Tiruvallur,Tiruvallur Response Zone,T+36h,36,1083051,1300176,1153634,1865838,6133,6142,84280,65916
ASM000349,EVT003,Tiruvallur,Tiruvallur Response Zone,T+36h,36,1329582,1469861,2160069,2178984,6240,6314,65127,65961
ASM000350,EVT003,Tiruvallur,Tiruvallur Response Zone,T+36h,36,1559356,1535251,2299011,2398247,6975,6951,51247,64586
ASM000351,EVT003,Tiruvallur,Tiruvallur Response Zone,T+48h,48,1762204,1633105,2470458,2439548,6807,6850,77989,67748
ASM000352,EVT003,Tiruvallur,Tiruvallur Response Zone,T+48h,48,2360697,2026861,3096921,2737390,7560,7580,70778,79143
ASM000353,EVT003,Tiruvallur,Tiruvallur Response Zone,T+48h,48,2077031,1868328,3095357,2694179,7166,7253,62194,81685
ASM000354,EVT003,Tiruvallur,Tiruvallur Response Zone,T+48h,48,1704124,1705697,2655225,2589530,7449,7466,45191,68517
ASM000355,EVT003,Tiruvallur,Tiruvallur Response Zone,T+48h,48,1636309,1586929,3211709,2526200,7041,6987,38729,67892
ASM000356,EVT003,Tiruvallur,Tiruvallur Response Zone,T+72h,72,1422481,1556898,1699804,2180898,7380,7407,50647,69252
ASM000357,EVT003,Tiruvallur,Tiruvallur Response Zone,T+72h,72,1738698,1730227,3047603,2681323,7409,7431,120147,87605
ASM000358,EVT003,Tiruvallur,Tiruvallur Response Zone,T+72h,72,1476571,1658633,2769194,2510378,6582,6633,71354,72836
ASM000359,EVT003,Tiruvallur,Tiruvallur Response Zone,T+72h,72,1612280,1609028,1563724,1887641,6485,6459,38151,54517
ASM000360,EVT003,Tiruvallur,Tiruvallur Response Zone,T+72h,72,1237417,1322260,1455137,1749340,6138,6093,60736,51730
ASM000361,EVT003,Kancheepuram,Kancheepuram Response Zone,T+0h,0,705946,690943,734445,883418,2665,2662,16393,24287
ASM000362,EVT003,Kancheepuram,Kancheepuram Response Zone,T+0h,0,811063,687045,730652,878922,2543,2557,26534,25474
ASM000363,EVT003,Kancheepuram,Kancheepuram Response Zone,T+0h,0,589595,651778,1010885,884784,2575,2579,17676,20716
ASM000364,EVT003,Kancheepuram,Kancheepuram Response Zone,T+0h,0,762395,710908,836627,946251,2851,2872,29758,25594
ASM000365,EVT003,Kancheepuram,Kancheepuram Response Zone,T+0h,0,693273,657468,669478,857237,2514,2507,10758,20993
ASM000366,EVT003,Kancheepuram,Kancheepuram Response Zone,T+3h,3,646565,733817,831755,911322,3094,3096,19938,28335
ASM000367,EVT003,Kancheepuram,Kancheepuram Response Zone,T+3h,3,714101,739712,1228479,1036341,2856,2866,12893,21214
ASM000368,EVT003,Kancheepuram,Kancheepuram Response Zone,T+3h,3,695918,724424,958310,943697,2951,2957,20939,22937
ASM000369,EVT003,Kancheepuram,Kancheepuram Response Zone,T+3h,3,757601,759633,971138,1164127,3064,3095,32494,22638
ASM000370,EVT003,Kancheepuram,Kancheepuram Response Zone,T+3h,3,562573,685387,888818,874946,2884,2884,20181,26342
ASM000371,EVT003,Kancheepuram,Kancheepuram Response Zone,T+6h,6,851637,882104,1642765,1386789,3862,3879,31967,39004
ASM000372,EVT003,Kancheepuram,Kancheepuram Response Zone,T+6h,6,952092,910626,952973,1113425,3958,3951,37282,31042
ASM000373,EVT003,Kancheepuram,Kancheepuram Response Zone,T+6h,6,1150990,917124,1650560,1305211,3819,3833,46179,34335
ASM000374,EVT003,Kancheepuram,Kancheepuram Response Zone,T+6h,6,1276362,1111665,1516063,1457120,4905,4874,39290,42241
ASM000375,EVT003,Kancheepuram,Kancheepuram Response Zone,T+6h,6,1455460,1204599,1289905,1362586,4392,4386,53629,43466
ASM000376,EVT003,Kancheepuram,Kancheepuram Response Zone,T+12h,12,722846,868698,2174518,1463309,3764,3775,24608,35203
ASM000377,EVT003,Kancheepuram,Kancheepuram Response Zone,T+12h,12,1037023,914109,932561,1237280,4075,4067,56255,37834
ASM000378,EVT003,Kancheepuram,Kancheepuram Response Zone,T+12h,12,893103,884038,1113362,1289214,3690,3696,73607,40557
ASM000379,EVT003,Kancheepuram,Kancheepuram Response Zone,T+12h,12,1359281,1024912,857899,1107744,3901,3898,32799,30598
ASM000380,EVT003,Kancheepuram,Kancheepuram Response Zone,T+12h,12,753770,917034,1572881,1347386,3890,3889,20434,40756
ASM000381,EVT003,Kancheepuram,Kancheepuram Response Zone,T+24h,24,1205972,1409129,3342335,3034220,6419,6410,63198,71967
ASM000382,EVT003,Kancheepuram,Kancheepuram Response Zone,T+24h,24,1252279,1360745,3119821,2661190,6239,6244,67668,58857
ASM000383,EVT003,Kancheepuram,Kancheepuram Response Zone,T+24h,24,911944,1220747,2797527,2263420,6189,6210,50219,56487
ASM000384,EVT003,Kancheepuram,Kancheepuram Response Zone,T+24h,24,1123662,1159534,1692227,1698476,5192,5184,62756,46486
ASM000385,EVT003,Kancheepuram,Kancheepuram Response Zone,T+24h,24,1233962,1346788,1919215,2063571,6483,6462,74870,65248
ASM000386,EVT003,Kancheepuram,Kancheepuram Response Zone,T+36h,36,1337276,1443338,1233079,1658262,5509,5525,38399,49658
ASM000387,EVT003,Kancheepuram,Kancheepuram Response Zone,T+36h,36,1515331,1512366,3609929,3088845,6384,6384,72568,71231
ASM000388,EVT003,Kancheepuram,Kancheepuram Response Zone,T+36h,36,2060890,1725673,2420748,2451168,6017,6055,53199,70093
ASM000389,EVT003,Kancheepuram,Kancheepuram Response Zone,T+36h,36,1727115,1533548,1899434,2293076,6239,6283,65222,69323
ASM000390,EVT003,Kancheepuram,Kancheepuram Response Zone,T+36h,36,1251326,1353111,2824137,2292588,5854,5886,44373,56595
ASM000391,EVT003,Kancheepuram,Kancheepuram Response Zone,T+48h,48,888213,1024127,1253745,1473484,4375,4369,58794,44024
ASM000392,EVT003,Kancheepuram,Kancheepuram Response Zone,T+48h,48,1139929,1051741,1771466,1538606,4273,4292,87232,47632
ASM000393,EVT003,Kancheepuram,Kancheepuram Response Zone,T+48h,48,850900,1044829,1563877,1504975,4712,4702,26681,41800
ASM000394,EVT003,Kancheepuram,Kancheepuram Response Zone,T+48h,48,1445735,1173853,1789928,1504621,4370,4352,22864,39167
ASM000395,EVT003,Kancheepuram,Kancheepuram Response Zone,T+48h,48,1236364,1055926,1418065,1448513,4002,4002,31033,34849
ASM000396,EVT003,Kancheepuram,Kancheepuram Response Zone,T+72h,72,1271192,1384274,1414831,1843757,5968,5977,33851,55676
ASM000397,EVT003,Kancheepuram,Kancheepuram Response Zone,T+72h,72,906460,1196353,1962680,1960032,5645,5614,58183,60299
ASM000398,EVT003,Kancheepuram,Kancheepuram Response Zone,T+72h,72,1845082,1668826,2831129,2540402,6011,6024,91353,70015
ASM000399,EVT003,Kancheepuram,Kancheepuram Response Zone,T+72h,72,1280706,1325804,1899225,1886200,5786,5780,75295,53019
ASM000400,EVT003,Kancheepuram,Kancheepuram Response Zone,T+72h,72,1700916,1470080,2459212,2166622,5558,5562,65335,62613
ASM000401,EVT003,Chengalpattu,Chengalpattu Response Zone,T+0h,0,604607,753544,857889,1199427,3653,3658,21621,24000
ASM000402,EVT003,Chengalpattu,Chengalpattu Response Zone,T+0h,0,820630,889014,1285269,1232584,4260,4255,19651,35388
ASM000403,EVT003,Chengalpattu,Chengalpattu Response Zone,T+0h,0,863702,820233,1063109,1218762,3667,3682,38248,36337
ASM000404,EVT003,Chengalpattu,Chengalpattu Response Zone,T+0h,0,796371,790054,1349853,1240246,3374,3354,30712,29821
ASM000405,EVT003,Chengalpattu,Chengalpattu Response Zone,T+0h,0,809387,898096,1196358,1148661,3884,3851,31990,30114
ASM000406,EVT003,Chengalpattu,Chengalpattu Response Zone,T+3h,3,998862,917724,1385979,1303374,3895,3900,20335,27894
ASM000407,EVT003,Chengalpattu,Chengalpattu Response Zone,T+3h,3,709408,855765,1560882,1284503,3536,3629,24420,29139
ASM000408,EVT003,Chengalpattu,Chengalpattu Response Zone,T+3h,3,841287,859341,1368965,1224646,3993,3996,15852,27245
ASM000409,EVT003,Chengalpattu,Chengalpattu Response Zone,T+3h,3,888505,922765,1299171,1248414,3679,3694,17892,33778
ASM000410,EVT003,Chengalpattu,Chengalpattu Response Zone,T+3h,3,863897,833270,830949,1097601,3384,3384,17722,26298
ASM000411,EVT003,Chengalpattu,Chengalpattu Response Zone,T+6h,6,894103,853195,1026253,1158347,3502,3533,13791,21020
ASM000412,EVT003,Chengalpattu,Chengalpattu Response Zone,T+6h,6,591521,710582,889241,1049123,3105,3100,27893,23627
ASM000413,EVT003,Chengalpattu,Chengalpattu Response Zone,T+6h,6,591949,766936,1017301,1174778,3487,3486,25032,32238
ASM000414,EVT003,Chengalpattu,Chengalpattu Response Zone,T+6h,6,1175161,1050484,1082890,1158196,4104,4094,20061,26590
ASM000415,EVT003,Chengalpattu,Chengalpattu Response Zone,T+6h,6,996248,953924,992717,1198380,4242,4236,23011,31097
ASM000416,EVT003,Chengalpattu,Chengalpattu Response Zone,T+12h,12,845582,938307,851716,1131924,4693,4681,16744,44925
ASM000417,EVT003,Chengalpattu,Chengalpattu Response Zone,T+12h,12,1405955,1154239,1235394,1494330,4566,4592,75506,48069
ASM000418,EVT003,Chengalpattu,Chengalpattu Response Zone,T+12h,12,1057535,1061284,1477560,1409518,4583,4622,29748,38629
ASM000419,EVT003,Chengalpattu,Chengalpattu Response Zone,T+12h,12,1204084,1054777,895868,1145721,4204,4206,25654,31946
ASM000420,EVT003,Chengalpattu,Chengalpattu Response Zone,T+12h,12,868636,882365,1194459,1234889,3867,3868,21320,32763
ASM000421,EVT003,Chengalpattu,Chengalpattu Response Zone,T+24h,24,1962213,1529198,3107737,2310856,5705,5675,73809,57098
ASM000422,EVT003,Chengalpattu,Chengalpattu Response Zone,T+24h,24,1995123,1668949,2748366,2368338,5804,5852,66362,63648
ASM000423,EVT003,Chengalpattu,Chengalpattu Response Zone,T+24h,24,1266655,1285950,3066600,2468361,5821,5792,47018,59470
ASM000424,EVT003,Chengalpattu,Chengalpattu Response Zone,T+24h,24,1691683,1469421,2260590,2144482,5959,5979,49358,56407
ASM000425,EVT003,Chengalpattu,Chengalpattu Response Zone,T+24h,24,1353273,1176762,2368946,1988543,5154,5132,79195,48624
ASM000426,EVT003,Chengalpattu,Chengalpattu Response Zone,T+36h,36,1638204,1379162,1576541,1821200,5182,5193,53531,56258
ASM000427,EVT003,Chengalpattu,Chengalpattu Response Zone,T+36h,36,1169016,1311741,1815227,2015113,6041,6042,56503,59379
ASM000428,EVT003,Chengalpattu,Chengalpattu Response Zone,T+36h,36,1456443,1334106,945790,1740938,5395,5388,36599,53225
ASM000429,EVT003,Chengalpattu,Chengalpattu Response Zone,T+36h,36,1647248,1445290,2772225,2379441,5447,5456,36307,62424
ASM000430,EVT003,Chengalpattu,Chengalpattu Response Zone,T+36h,36,883529,1179948,2631401,2158543,5369,5363,37676,43716
ASM000431,EVT003,Chengalpattu,Chengalpattu Response Zone,T+48h,48,1161413,1393491,1940151,2142123,6651,6570,74026,66365
ASM000432,EVT003,Chengalpattu,Chengalpattu Response Zone,T+48h,48,917214,1221997,1844469,1954142,6045,6030,64069,50843
ASM000433,EVT003,Chengalpattu,Chengalpattu Response Zone,T+48h,48,1349958,1509063,1710129,2013406,6319,6325,27340,56167
ASM000434,EVT003,Chengalpattu,Chengalpattu Response Zone,T+48h,48,1654986,1539445,2321821,2361992,5978,6031,42510,59406
ASM000435,EVT003,Chengalpattu,Chengalpattu Response Zone,T+48h,48,2033271,1717400,2971898,2503602,6481,6441,53183,64114
ASM000436,EVT003,Chengalpattu,Chengalpattu Response Zone,T+72h,72,1529640,1510769,1423635,1958553,6483,6478,58614,63585
ASM000437,EVT003,Chengalpattu,Chengalpattu Response Zone,T+72h,72,1916139,1728191,2232422,2085899,5657,5672,49304,61009
ASM000438,EVT003,Chengalpattu,Chengalpattu Response Zone,T+72h,72,1111670,1366233,1973672,2097312,6183,6194,51957,58858
ASM000439,EVT003,Chengalpattu,Chengalpattu Response Zone,T+72h,72,946225,1255279,1972789,1856346,5541,5546,49762,48657
ASM000440,EVT003,Chengalpattu,Chengalpattu Response Zone,T+72h,72,1478897,1505138,2428817,2213219,6452,6438,41901,60359
ASM000441,EVT004,Kanniyakumari,Kanniyakumari Response Zone,T+0h,0,578299,557145,680671,752049,2257,2270,17715,14274
ASM000442,EVT004,Kanniyakumari,Kanniyakumari Response Zone,T+0h,0,596658,625967,812527,851520,2578,2591,24364,22677
ASM000443,EVT004,Kanniyakumari,Kanniyakumari Response Zone,T+0h,0,315455,434894,643511,730662,2014,2006,17957,21961
ASM000444,EVT004,Kanniyakumari,Kanniyakumari Response Zone,T+0h,0,597621,615491,1050352,877143,2645,2645,29988,18957
ASM000445,EVT004,Kanniyakumari,Kanniyakumari Response Zone,T+0h,0,410828,524354,831922,768540,2291,2296,31396,21755
ASM000446,EVT004,Kanniyakumari,Kanniyakumari Response Zone,T+3h,3,612893,557325,783025,733357,2379,2385,26160,19047
ASM000447,EVT004,Kanniyakumari,Kanniyakumari Response Zone,T+3h,3,708908,693564,680588,854718,3094,3078,11357,28178
ASM000448,EVT004,Kanniyakumari,Kanniyakumari Response Zone,T+3h,3,508515,556759,746017,843072,2588,2592,26229,17682
ASM000449,EVT004,Kanniyakumari,Kanniyakumari Response Zone,T+3h,3,538371,597855,998656,850943,2763,2753,22030,16498
ASM000450,EVT004,Kanniyakumari,Kanniyakumari Response Zone,T+3h,3,512324,602123,848758,837028,2853,2856,32429,18272
ASM000451,EVT004,Kanniyakumari,Kanniyakumari Response Zone,T+6h,6,576844,596972,900818,840142,2518,2523,20982,16068
ASM000452,EVT004,Kanniyakumari,Kanniyakumari Response Zone,T+6h,6,702670,646686,1279957,902524,2605,2598,41561,25516
ASM000453,EVT004,Kanniyakumari,Kanniyakumari Response Zone,T+6h,6,501656,586589,1098876,899132,2736,2735,28816,22457
ASM000454,EVT004,Kanniyakumari,Kanniyakumari Response Zone,T+6h,6,692585,664025,897887,849562,2864,2860,37532,26238
ASM000455,EVT004,Kanniyakumari,Kanniyakumari Response Zone,T+6h,6,489299,554069,676928,797059,2493,2487,39934,23025
ASM000456,EVT004,Kanniyakumari,Kanniyakumari Response Zone,T+12h,12,554934,617638,484308,838946,2857,2855,32455,30737
ASM000457,EVT004,Kanniyakumari,Kanniyakumari Response Zone,T+12h,12,700053,729698,906423,857785,3338,3330,14921,26832
ASM000458,EVT004,Kanniyakumari,Kanniyakumari Response Zone,T+12h,12,524552,648972,788620,834665,2800,2794,16740,19569
ASM000459,EVT004,Kanniyakumari,Kanniyakumari Response Zone,T+12h,12,623844,712287,1029420,866549,3188,3202,28393,28276
ASM000460,EVT004,Kanniyakumari,Kanniyakumari Response Zone,T+12h,12,595239,710091,1031244,949183,3635,3641,37137,36312
ASM000461,EVT004,Kanniyakumari,Kanniyakumari Response Zone,T+24h,24,1610047,1234769,1521161,1774498,4838,4847,35924,52669
ASM000462,EVT004,Kanniyakumari,Kanniyakumari Response Zone,T+24h,24,1096049,1109523,1053106,1492174,4883,4882,31604,50782
ASM000463,EVT004,Kanniyakumari,Kanniyakumari Response Zone,T+24h,24,942773,1115282,1256133,1525856,4624,4622,35395,46194
ASM000464,EVT004,Kanniyakumari,Kanniyakumari Response Zone,T+24h,24,1080796,1054037,1765057,1602772,4475,4465,61662,47528
ASM000465,EVT004,Kanniyakumari,Kanniyakumari Response Zone,T+24h,24,1068674,1135658,2436919,1828594,4737,4742,70584,47035
ASM000466,EVT004,Kanniyakumari,Kanniyakumari Response Zone,T+36h,36,858663,940834,1281730,1333291,3994,3990,43534,32952
ASM000467,EVT004,Kanniyakumari,Kanniyakumari Response Zone,T+36h,36,845157,819188,1150045,1057107,3030,3024,27780,21617
ASM000468,EVT004,Kanniyakumari,Kanniyakumari Response Zone,T+36h,36,1077157,957320,1734681,1497006,3787,3797,35363,35579
ASM000469,EVT004,Kanniyakumari,Kanniyakumari Response Zone,T+36h,36,763824,907895,1066249,1244865,3582,3557,23035,38205
ASM000470,EVT004,Kanniyakumari,Kanniyakumari Response Zone,T+36h,36,786684,870637,1403617,1318100,3625,3639,26069,31346
ASM000471,EVT004,Kanniyakumari,Kanniyakumari Response Zone,T+48h,48,984432,1076117,1305638,1515237,4322,4324,43864,46629
ASM000472,EVT004,Kanniyakumari,Kanniyakumari Response Zone,T+48h,48,687399,1012281,2057997,1886727,4578,4606,46131,53559
ASM000473,EVT004,Kanniyakumari,Kanniyakumari Response Zone,T+48h,48,759021,909924,1499575,1539975,4521,4509,33907,33991
ASM000474,EVT004,Kanniyakumari,Kanniyakumari Response Zone,T+48h,48,1367397,1172641,1627050,1555337,4498,4488,43547,40661
ASM000475,EVT004,Kanniyakumari,Kanniyakumari Response Zone,T+48h,48,1516528,1251648,1346607,1511703,4857,4863,65624,48849
ASM000476,EVT004,Kanniyakumari,Kanniyakumari Response Zone,T+72h,72,802076,890673,1432524,1299023,3490,3504,22580,27323
ASM000477,EVT004,Kanniyakumari,Kanniyakumari Response Zone,T+72h,72,1069997,1021989,2338660,1771220,4274,4263,19105,36409
ASM000478,EVT004,Kanniyakumari,Kanniyakumari Response Zone,T+72h,72,908420,893768,1005797,1187553,3604,3594,31367,38506
ASM000479,EVT004,Kanniyakumari,Kanniyakumari Response Zone,T+72h,72,1615308,1259805,1237027,1283846,3627,3625,40954,39549
ASM000480,EVT004,Kanniyakumari,Kanniyakumari Response Zone,T+72h,72,1220185,1042860,1555368,1510667,4089,4111,62098,42658
ASM000481,EVT004,Thoothukudi,Thoothukudi Response Zone,T+0h,0,580454,612274,1011248,852590,2526,2524,19485,25148
ASM000482,EVT004,Thoothukudi,Thoothukudi Response Zone,T+0h,0,496770,582091,694678,820585,2671,2675,19497,17774
ASM000483,EVT004,Thoothukudi,Thoothukudi Response Zone,T+0h,0,402968,504016,386946,795591,2325,2324,24157,26619
ASM000484,EVT004,Thoothukudi,Thoothukudi Response Zone,T+0h,0,609420,612978,1110242,853230,2574,2570,17367,20609
ASM000485,EVT004,Thoothukudi,Thoothukudi Response Zone,T+0h,0,458020,514455,895453,809075,2276,2275,25540,22513
ASM000486,EVT004,Thoothukudi,Thoothukudi Response Zone,T+3h,3,402866,501585,462592,731550,2246,2244,12906,16321
ASM000487,EVT004,Thoothukudi,Thoothukudi Response Zone,T+3h,3,487400,555374,625830,778038,2480,2479,11997,14879
ASM000488,EVT004,Thoothukudi,Thoothukudi Response Zone,T+3h,3,410394,499071,1050468,857977,2220,2221,18841,23220
ASM000489,EVT004,Thoothukudi,Thoothukudi Response Zone,T+3h,3,693249,603090,997525,809597,2060,2055,14712,20223
ASM000490,EVT004,Thoothukudi,Thoothukudi Response Zone,T+3h,3,650820,592987,962501,817943,2421,2419,23753,24062
ASM000491,EVT004,Thoothukudi,Thoothukudi Response Zone,T+6h,6,745366,757938,987509,968918,3390,3392,24644,35712
ASM000492,EVT004,Thoothukudi,Thoothukudi Response Zone,T+6h,6,873776,769673,919574,834540,2967,2970,27442,26065
ASM000493,EVT004,Thoothukudi,Thoothukudi Response Zone,T+6h,6,692742,712090,924698,889390,3139,3146,27307,30700
ASM000494,EVT004,Thoothukudi,Thoothukudi Response Zone,T+6h,6,593455,693871,1365339,1064566,3120,3127,39096,36907
ASM000495,EVT004,Thoothukudi,Thoothukudi Response Zone,T+6h,6,876517,771129,692234,830960,2883,2881,17524,20666
ASM000496,EVT004,Thoothukudi,Thoothukudi Response Zone,T+12h,12,821613,782850,825461,886221,3475,3476,27391,31637
ASM000497,EVT004,Thoothukudi,Thoothukudi Response Zone,T+12h,12,631443,756731,1379757,1261730,3652,3632,34597,37321
ASM000498,EVT004,Thoothukudi,Thoothukudi Response Zone,T+12h,12,681802,741861,906983,866891,3172,3160,21321,22839
ASM000499,EVT004,Thoothukudi,Thoothukudi Response Zone,T+12h,12,676259,791929,1490571,1195603,3808,3801,24753,26680
ASM000500,EVT004,Thoothukudi,Thoothukudi Response Zone,T+12h,12,596915,810679,893901,1094017,3645,3653,47898,29977
ASM000501,EVT004,Thoothukudi,Thoothukudi Response Zone,T+24h,24,1042789,911246,1315201,1352526,3450,3440,30221,43137
ASM000502,EVT004,Thoothukudi,Thoothukudi Response Zone,T+24h,24,1410811,1069362,1172605,1443557,4338,4330,44135,44232
ASM000503,EVT004,Thoothukudi,Thoothukudi Response Zone,T+24h,24,666571,800178,1254266,1301008,3790,3801,16130,29245
ASM000504,EVT004,Thoothukudi,Thoothukudi Response Zone,T+24h,24,1106039,1020913,995256,1324914,4359,4353,41268,38806
ASM000505,EVT004,Thoothukudi,Thoothukudi Response Zone,T+24h,24,847217,952230,1278027,1453027,4354,4344,30191,44254
ASM000506,EVT004,Thoothukudi,Thoothukudi Response Zone,T+36h,36,977985,1079696,1086501,1453140,4544,4560,36553,43499
ASM000507,EVT004,Thoothukudi,Thoothukudi Response Zone,T+36h,36,916803,1047095,1794273,1591042,4389,4379,35599,43040
ASM000508,EVT004,Thoothukudi,Thoothukudi Response Zone,T+36h,36,730664,849158,1477595,1342168,3405,3412,29609,30211
ASM000509,EVT004,Thoothukudi,Thoothukudi Response Zone,T+36h,36,891644,903992,851695,1220673,3748,3749,30705,36853
ASM000510,EVT004,Thoothukudi,Thoothukudi Response Zone,T+36h,36,754204,867050,1895060,1421816,3778,3788,33999,40433
ASM000511,EVT004,Thoothukudi,Thoothukudi Response Zone,T+48h,48,1087133,1075772,2761124,2086962,4414,4421,58665,42132
ASM000512,EVT004,Thoothukudi,Thoothukudi Response Zone,T+48h,48,1002556,1041045,1460560,1471165,4602,4592,37155,37847
ASM000513,EVT004,Thoothukudi,Thoothukudi Response Zone,T+48h,48,1035274,1117382,1376421,1512862,4562,4578,40428,49011
ASM000514,EVT004,Thoothukudi,Thoothukudi Response Zone,T+48h,48,911489,1037499,3280315,2447285,4783,4781,44797,51588
ASM000515,EVT004,Thoothukudi,Thoothukudi Response Zone,T+48h,48,976476,1091426,1099548,1342147,4645,4664,59148,39981
ASM000516,EVT004,Thoothukudi,Thoothukudi Response Zone,T+72h,72,1189518,1073309,1542301,1575461,4326,4342,42950,46464
ASM000517,EVT004,Thoothukudi,Thoothukudi Response Zone,T+72h,72,1192812,1077171,1662543,1612439,4755,4752,36022,47404
ASM000518,EVT004,Thoothukudi,Thoothukudi Response Zone,T+72h,72,852288,1049313,2154336,1699344,4568,4547,34426,45429
ASM000519,EVT004,Thoothukudi,Thoothukudi Response Zone,T+72h,72,1050358,1055610,1660826,1535472,4414,4414,33643,41850
ASM000520,EVT004,Thoothukudi,Thoothukudi Response Zone,T+72h,72,1260138,1141177,1360133,1473974,4724,4724,31529,40886
ASM000521,EVT004,Tirunelveli,Tirunelveli Response Zone,T+0h,0,497924,665282,765114,844208,2958,2948,17570,26944
ASM000522,EVT004,Tirunelveli,Tirunelveli Response Zone,T+0h,0,739969,671459,852844,871193,2845,2867,18174,28126
ASM000523,EVT004,Tirunelveli,Tirunelveli Response Zone,T+0h,0,598357,664281,729984,854930,2902,2904,18128,25112
ASM000524,EVT004,Tirunelveli,Tirunelveli Response Zone,T+0h,0,732742,677114,940190,863295,2990,2976,33944,29779
ASM000525,EVT004,Tirunelveli,Tirunelveli Response Zone,T+0h,0,606358,666458,836637,883634,3154,3159,20357,25533
ASM000526,EVT004,Tirunelveli,Tirunelveli Response Zone,T+3h,3,454665,617402,618115,839109,2798,2797,21382,22402
ASM000527,EVT004,Tirunelveli,Tirunelveli Response Zone,T+3h,3,480233,645028,1266054,891635,2921,2919,36306,25346
ASM000528,EVT004,Tirunelveli,Tirunelveli Response Zone,T+3h,3,673474,671035,813151,848428,2893,2895,36037,24650
ASM000529,EVT004,Tirunelveli,Tirunelveli Response Zone,T+3h,3,713069,677848,706699,880983,2854,2864,29357,31602
ASM000530,EVT004,Tirunelveli,Tirunelveli Response Zone,T+3h,3,566359,680766,890360,868033,2965,2977,19886,26089
ASM000531,EVT004,Tirunelveli,Tirunelveli Response Zone,T+6h,6,861417,785529,1031344,1022779,3382,3370,19856,28398
ASM000532,EVT004,Tirunelveli,Tirunelveli Response Zone,T+6h,6,514895,662983,657976,844749,3327,3313,41638,33586
ASM000533,EVT004,Tirunelveli,Tirunelveli Response Zone,T+6h,6,638676,657614,990808,864437,2819,2817,25304,27678
ASM000534,EVT004,Tirunelveli,Tirunelveli Response Zone,T+6h,6,518398,663040,712927,853666,2912,2908,24798,29448
ASM000535,EVT004,Tirunelveli,Tirunelveli Response Zone,T+6h,6,690947,792413,1655889,1303654,3595,3600,23131,31986
ASM000536,EVT004,Tirunelveli,Tirunelveli Response Zone,T+12h,12,811321,863164,1264663,1219601,3747,3762,28493,36877
ASM000537,EVT004,Tirunelveli,Tirunelveli Response Zone,T+12h,12,706190,837581,1060116,1204018,3949,3937,42661,36979
ASM000538,EVT004,Tirunelveli,Tirunelveli Response Zone,T+12h,12,832513,959363,1070413,1246775,4119,4122,31357,45114
ASM000539,EVT004,Tirunelveli,Tirunelveli Response Zone,T+12h,12,961002,843869,1025098,1151153,3586,3578,38771,29276
ASM000540,EVT004,Tirunelveli,Tirunelveli Response Zone,T+12h,12,841384,986359,1552529,1461074,4200,4185,41009,47332
ASM000541,EVT004,Tirunelveli,Tirunelveli Response Zone,T+24h,24,1260804,1080651,1610100,1556271,4634,4630,44368,47455
ASM000542,EVT004,Tirunelveli,Tirunelveli Response Zone,T+24h,24,753449,914833,1280731,1307028,3956,3952,20141,32886
ASM000543,EVT004,Tirunelveli,Tirunelveli Response Zone,T+24h,24,1057513,949111,1429457,1390131,4098,4099,36504,39421
ASM000544,EVT004,Tirunelveli,Tirunelveli Response Zone,T+24h,24,1158483,950898,1073628,1250076,3677,3671,25456,27462
ASM000545,EVT004,Tirunelveli,Tirunelveli Response Zone,T+24h,24,558133,815152,1240365,1281764,3615,3621,33339,36125
ASM000546,EVT004,Tirunelveli,Tirunelveli Response Zone,T+36h,36,1019029,1147088,1077862,1442748,5036,5069,90530,59026
ASM000547,EVT004,Tirunelveli,Tirunelveli Response Zone,T+36h,36,1167764,1064147,1999709,1716404,4431,4425,49991,48420
ASM000548,EVT004,Tirunelveli,Tirunelveli Response Zone,T+36h,36,1021551,1023201,1695586,1698773,4696,4677,34753,47441
ASM000549,EVT004,Tirunelveli,Tirunelveli Response Zone,T+36h,36,1297593,1175867,1487309,1883767,5351,5341,43965,56947
ASM000550,EVT004,Tirunelveli,Tirunelveli Response Zone,T+36h,36,950724,1033243,2537188,1826320,4530,4547,51585,43827
ASM000551,EVT004,Tirunelveli,Tirunelveli Response Zone,T+48h,48,1082925,1041024,1591441,1603752,4399,4427,60030,40935
ASM000552,EVT004,Tirunelveli,Tirunelveli Response Zone,T+48h,48,1093923,1119429,1258271,1521101,5191,5172,43686,42549
ASM000553,EVT004,Tirunelveli,Tirunelveli Response Zone,T+48h,48,1309579,1081100,1931285,1634957,4465,4453,55374,45276
ASM000554,EVT004,Tirunelveli,Tirunelveli Response Zone,T+48h,48,1151578,1091894,1768269,1637784,4722,4708,49199,41351
ASM000555,EVT004,Tirunelveli,Tirunelveli Response Zone,T+48h,48,1033281,974647,1549707,1456548,4152,4148,52594,34095
ASM000556,EVT004,Tirunelveli,Tirunelveli Response Zone,T+72h,72,1099676,1107073,1549546,1641076,5277,5302,25123,50020
ASM000557,EVT004,Tirunelveli,Tirunelveli Response Zone,T+72h,72,1083398,1224150,1951518,1906699,5051,5074,56405,45826
ASM000558,EVT004,Tirunelveli,Tirunelveli Response Zone,T+72h,72,1024838,1055545,1510723,1528429,4727,4681,54044,41006
ASM000559,EVT004,Tirunelveli,Tirunelveli Response Zone,T+72h,72,1210723,1122340,1842505,1701320,4815,4807,24761,40692
ASM000560,EVT004,Tirunelveli,Tirunelveli Response Zone,T+72h,72,958997,998260,959798,1456571,4264,4265,31168,42888
ASM000561,EVT005,Nagapattinam,Nagapattinam Response Zone,T+0h,0,335137,327230,376263,388886,1346,1343,7425,7645
ASM000562,EVT005,Nagapattinam,Nagapattinam Response Zone,T+0h,0,464235,384032,656414,496198,1355,1357,10417,13451
ASM000563,EVT005,Nagapattinam,Nagapattinam Response Zone,T+0h,0,388659,345145,351271,434665,1417,1401,7704,6795
ASM000564,EVT005,Nagapattinam,Nagapattinam Response Zone,T+0h,0,289035,291787,356336,390240,1387,1385,11131,10748
ASM000565,EVT005,Nagapattinam,Nagapattinam Response Zone,T+0h,0,378347,326075,369766,406822,1280,1275,16081,15924
ASM000566,EVT005,Nagapattinam,Nagapattinam Response Zone,T+3h,3,283612,289524,310163,375937,1293,1294,15206,11901
ASM000567,EVT005,Nagapattinam,Nagapattinam Response Zone,T+3h,3,212141,277110,245853,362286,1434,1432,8481,9735
ASM000568,EVT005,Nagapattinam,Nagapattinam Response Zone,T+3h,3,211364,234343,318579,337273,1126,1114,5503,6088
ASM000569,EVT005,Nagapattinam,Nagapattinam Response Zone,T+3h,3,199153,264000,382414,386793,1187,1196,10553,5805
ASM000570,EVT005,Nagapattinam,Nagapattinam Response Zone,T+3h,3,296976,313240,451122,440943,1486,1465,19473,18871
ASM000571,EVT005,Nagapattinam,Nagapattinam Response Zone,T+6h,6,269832,262447,355412,389985,1130,1121,10008,11277
ASM000572,EVT005,Nagapattinam,Nagapattinam Response Zone,T+6h,6,413011,349226,401084,380654,1233,1229,10928,10257
ASM000573,EVT005,Nagapattinam,Nagapattinam Response Zone,T+6h,6,342148,345648,560390,469153,1312,1314,10913,12166
ASM000574,EVT005,Nagapattinam,Nagapattinam Response Zone,T+6h,6,240651,254301,335859,325419,1058,1057,12113,14036
ASM000575,EVT005,Nagapattinam,Nagapattinam Response Zone,T+6h,6,340166,334827,336148,376086,1307,1307,9302,9351
ASM000576,EVT005,Nagapattinam,Nagapattinam Response Zone,T+12h,12,182242,253132,358127,402534,1270,1289,11924,12996
ASM000577,EVT005,Nagapattinam,Nagapattinam Response Zone,T+12h,12,305140,280279,460148,416796,1253,1265,7473,14664
ASM000578,EVT005,Nagapattinam,Nagapattinam Response Zone,T+12h,12,385035,366627,617693,495925,1514,1507,8256,8654
ASM000579,EVT005,Nagapattinam,Nagapattinam Response Zone,T+12h,12,228418,268340,356069,385855,1321,1311,9346,12938
ASM000580,EVT005,Nagapattinam,Nagapattinam Response Zone,T+12h,12,364337,345218,382112,388393,1267,1267,7171,4175
ASM000581,EVT005,Nagapattinam,Nagapattinam Response Zone,T+24h,24,507990,523950,757888,676120,2030,2019,14885,19046
ASM000582,EVT005,Nagapattinam,Nagapattinam Response Zone,T+24h,24,357739,373643,446524,507811,1482,1486,13117,16594
ASM000583,EVT005,Nagapattinam,Nagapattinam Response Zone,T+24h,24,532071,515250,703435,642193,2034,2023,13522,21367
ASM000584,EVT005,Nagapattinam,Nagapattinam Response Zone,T+24h,24,698725,583962,447962,555145,1834,1842,20067,14431
ASM000585,EVT005,Nagapattinam,Nagapattinam Response Zone,T+24h,24,467191,471303,421713,561946,1777,1777,17349,16926
ASM000586,EVT005,Nagapattinam,Nagapattinam Response Zone,T+36h,36,439264,402753,681697,618595,1690,1693,9906,15268
ASM000587,EVT005,Nagapattinam,Nagapattinam Response Zone,T+36h,36,398901,411175,582795,589122,1719,1718,13306,17375
ASM000588,EVT005,Nagapattinam,Nagapattinam Response Zone,T+36h,36,301500,303026,541539,552801,1379,1380,13070,10638
ASM000589,EVT005,Nagapattinam,Nagapattinam Response Zone,T+36h,36,475895,421973,574169,594467,1682,1677,11322,11201
ASM000590,EVT005,Nagapattinam,Nagapattinam Response Zone,T+36h,36,342463,386472,460569,550772,1683,1676,12252,14391
ASM000591,EVT005,Nagapattinam,Nagapattinam Response Zone,T+48h,48,481825,471839,680416,617622,1943,1958,18548,17320
ASM000592,EVT005,Nagapattinam,Nagapattinam Response Zone,T+48h,48,383398,400189,465219,555087,1677,1683,19951,19818
ASM000593,EVT005,Nagapattinam,Nagapattinam Response Zone,T+48h,48,441487,420878,832613,670384,1698,1672,10328,15096
ASM000594,EVT005,Nagapattinam,Nagapattinam Response Zone,T+48h,48,444370,418837,433831,569570,1788,1755,19130,17084
ASM000595,EVT005,Nagapattinam,Nagapattinam Response Zone,T+48h,48,551790,487573,625976,601153,1822,1824,13752,16485
ASM000596,EVT005,Nagapattinam,Nagapattinam Response Zone,T+72h,72,336848,361090,424725,545260,1499,1484,14300,14918
ASM000597,EVT005,Nagapattinam,Nagapattinam Response Zone,T+72h,72,417054,440334,753786,623056,1821,1821,17923,19753
ASM000598,EVT005,Nagapattinam,Nagapattinam Response Zone,T+72h,72,362088,428516,573734,629805,1804,1801,12364,12643
ASM000599,EVT005,Nagapattinam,Nagapattinam Response Zone,T+72h,72,450263,478868,654174,658886,2034,2024,16602,24286
ASM000600,EVT005,Nagapattinam,Nagapattinam Response Zone,T+72h,72,474676,455690,788369,661785,1933,1893,15657,15462
ASM000601,EVT005,Thiruvarur,Thiruvarur Response Zone,T+0h,0,244400,219350,289373,270741,883,873,10884,9958
ASM000602,EVT005,Thiruvarur,Thiruvarur Response Zone,T+0h,0,200672,243066,368132,332065,1028,1024,4847,8038
ASM000603,EVT005,Thiruvarur,Thiruvarur Response Zone,T+0h,0,265648,248637,240190,252869,933,931,11921,9343
ASM000604,EVT005,Thiruvarur,Thiruvarur Response Zone,T+0h,0,301991,266195,221167,253686,950,951,7006,11333
ASM000605,EVT005,Thiruvarur,Thiruvarur Response Zone,T+0h,0,205498,195669,259585,258124,791,800,4890,6358
ASM000606,EVT005,Thiruvarur,Thiruvarur Response Zone,T+3h,3,492066,403475,423955,450847,1510,1511,8989,14563
ASM000607,EVT005,Thiruvarur,Thiruvarur Response Zone,T+3h,3,288845,345733,529382,455804,1530,1526,9543,11619
ASM000608,EVT005,Thiruvarur,Thiruvarur Response Zone,T+3h,3,267017,309884,456942,444434,1523,1520,11817,15248
ASM000609,EVT005,Thiruvarur,Thiruvarur Response Zone,T+3h,3,253267,323980,526372,502439,1629,1631,11216,17815
ASM000610,EVT005,Thiruvarur,Thiruvarur Response Zone,T+3h,3,431566,360506,284499,385664,1373,1371,10418,11911
ASM000611,EVT005,Thiruvarur,Thiruvarur Response Zone,T+6h,6,327828,316225,610735,459743,1284,1278,7623,8288
ASM000612,EVT005,Thiruvarur,Thiruvarur Response Zone,T+6h,6,278662,296049,349579,368622,1220,1215,12509,4844
ASM000613,EVT005,Thiruvarur,Thiruvarur Response Zone,T+6h,6,306605,316812,448912,411370,1358,1340,5636,6431
ASM000614,EVT005,Thiruvarur,Thiruvarur Response Zone,T+6h,6,234713,269131,324645,375664,1246,1240,10432,12533
ASM000615,EVT005,Thiruvarur,Thiruvarur Response Zone,T+6h,6,458428,385248,410953,383452,1182,1188,10657,11246
ASM000616,EVT005,Thiruvarur,Thiruvarur Response Zone,T+12h,12,389735,392181,367874,470756,1694,1692,11120,16406
ASM000617,EVT005,Thiruvarur,Thiruvarur Response Zone,T+12h,12,384845,388028,553139,501720,1683,1691,16534,13413
ASM000618,EVT005,Thiruvarur,Thiruvarur Response Zone,T+12h,12,408553,383634,454373,461372,1584,1586,15210,19578
ASM000619,EVT005,Thiruvarur,Thiruvarur Response Zone,T+12h,12,337666,315915,411046,416297,1405,1374,5125,11827
ASM000620,EVT005,Thiruvarur,Thiruvarur Response Zone,T+12h,12,394838,392300,607437,517331,1752,1742,18735,16861
ASM000621,EVT005,Thiruvarur,Thiruvarur Response Zone,T+24h,24,413702,455567,515908,592668,2093,2065,14387,18620
ASM000622,EVT005,Thiruvarur,Thiruvarur Response Zone,T+24h,24,523118,518332,583088,597262,2003,2005,14176,19799
ASM000623,EVT005,Thiruvarur,Thiruvarur Response Zone,T+24h,24,758016,667241,854059,877406,2233,2244,27877,21802
ASM000624,EVT005,Thiruvarur,Thiruvarur Response Zone,T+24h,24,677172,609658,1280653,1028620,2314,2292,19963,20527
ASM000625,EVT005,Thiruvarur,Thiruvarur Response Zone,T+24h,24,620197,548200,636349,572777,1807,1809,23899,19290
ASM000626,EVT005,Thiruvarur,Thiruvarur Response Zone,T+36h,36,470899,488481,899318,800372,2258,2260,35327,25127
ASM000627,EVT005,Thiruvarur,Thiruvarur Response Zone,T+36h,36,435787,480191,748677,854122,2357,2323,19491,22407
ASM000628,EVT005,Thiruvarur,Thiruvarur Response Zone,T+36h,36,512938,535351,1229320,1031570,2216,2228,27858,22058
ASM000629,EVT005,Thiruvarur,Thiruvarur Response Zone,T+36h,36,526509,535134,508010,685172,2254,2252,20723,27764
ASM000630,EVT005,Thiruvarur,Thiruvarur Response Zone,T+36h,36,661029,596523,764275,828918,2249,2252,40248,17883
ASM000631,EVT005,Thiruvarur,Thiruvarur Response Zone,T+48h,48,333366,453803,471451,535965,2055,2006,19192,23721
ASM000632,EVT005,Thiruvarur,Thiruvarur Response Zone,T+48h,48,630114,580868,352057,494907,1924,1935,21435,16355
ASM000633,EVT005,Thiruvarur,Thiruvarur Response Zone,T+48h,48,494237,511792,763762,802993,2127,2116,20852,14231
ASM000634,EVT005,Thiruvarur,Thiruvarur Response Zone,T+48h,48,445069,483222,699064,744384,1928,1930,16950,14965
ASM000635,EVT005,Thiruvarur,Thiruvarur Response Zone,T+48h,48,391952,464002,647996,646658,1980,1983,15346,18377
ASM000636,EVT005,Thiruvarur,Thiruvarur Response Zone,T+72h,72,299010,354254,602708,604953,1789,1771,16505,16341
ASM000637,EVT005,Thiruvarur,Thiruvarur Response Zone,T+72h,72,457419,410103,1183658,854592,1552,1537,5850,10030
ASM000638,EVT005,Thiruvarur,Thiruvarur Response Zone,T+72h,72,421848,413441,578433,595175,1733,1726,17684,18846
ASM000639,EVT005,Thiruvarur,Thiruvarur Response Zone,T+72h,72,275011,297029,580501,550269,1481,1462,13538,11738
ASM000640,EVT005,Thiruvarur,Thiruvarur Response Zone,T+72h,72,303504,346163,496308,546927,1644,1639,15469,16710
ASM000641,EVT005,Thanjavur,Thanjavur Response Zone,T+0h,0,391399,420715,611682,567678,1757,1756,5176,13522
ASM000642,EVT005,Thanjavur,Thanjavur Response Zone,T+0h,0,592051,522974,563188,610051,1667,1666,11310,17366
ASM000643,EVT005,Thanjavur,Thanjavur Response Zone,T+0h,0,399497,421904,544468,588993,1744,1750,14087,20222
ASM000644,EVT005,Thanjavur,Thanjavur Response Zone,T+0h,0,326951,428923,959940,717845,1818,1814,16683,17602
ASM000645,EVT005,Thanjavur,Thanjavur Response Zone,T+0h,0,326293,348413,648435,513702,1431,1431,14562,15793
ASM000646,EVT005,Thanjavur,Thanjavur Response Zone,T+3h,3,428307,431854,650713,633906,1933,1940,17011,19625
ASM000647,EVT005,Thanjavur,Thanjavur Response Zone,T+3h,3,301625,461901,400016,688503,2258,2258,23059,21028
ASM000648,EVT005,Thanjavur,Thanjavur Response Zone,T+3h,3,431836,437079,573308,606738,1904,1901,15092,22681
ASM000649,EVT005,Thanjavur,Thanjavur Response Zone,T+3h,3,521392,545499,1374371,981593,2350,2347,16450,12975
ASM000650,EVT005,Thanjavur,Thanjavur Response Zone,T+3h,3,520583,460691,581013,611746,2062,2069,17712,15277
ASM000651,EVT005,Thanjavur,Thanjavur Response Zone,T+6h,6,887282,734488,1081878,867433,2604,2606,25294,24918
ASM000652,EVT005,Thanjavur,Thanjavur Response Zone,T+6h,6,660658,580682,1016966,786845,2296,2301,17536,19996
ASM000653,EVT005,Thanjavur,Thanjavur Response Zone,T+6h,6,431386,451804,645900,610505,2005,1998,27773,15512
ASM000654,EVT005,Thanjavur,Thanjavur Response Zone,T+6h,6,492117,617568,665724,853598,2801,2786,25948,23788
ASM000655,EVT005,Thanjavur,Thanjavur Response Zone,T+6h,6,908384,708153,394153,658299,2375,2373,14127,18510
ASM000656,EVT005,Thanjavur,Thanjavur Response Zone,T+12h,12,573880,594256,899474,814005,2547,2548,22526,19916
ASM000657,EVT005,Thanjavur,Thanjavur Response Zone,T+12h,12,710157,731054,770096,965164,3229,3217,36665,31202
ASM000658,EVT005,Thanjavur,Thanjavur Response Zone,T+12h,12,572731,626314,817323,813805,2706,2701,20673,24540
ASM000659,EVT005,Thanjavur,Thanjavur Response Zone,T+12h,12,605671,618419,546638,800953,2606,2605,22666,16731
ASM000660,EVT005,Thanjavur,Thanjavur Response Zone,T+12h,12,556879,626123,762718,797460,2644,2640,33545,29748
ASM000661,EVT005,Thanjavur,Thanjavur Response Zone,T+24h,24,719048,762403,1230726,1161303,3549,3547,19865,38687
ASM000662,EVT005,Thanjavur,Thanjavur Response Zone,T+24h,24,687176,727599,1207415,1183216,3173,3168,36794,33897
ASM000663,EVT005,Thanjavur,Thanjavur Response Zone,T+24h,24,696940,700924,809374,1060789,2808,2798,29928,34700
ASM000664,EVT005,Thanjavur,Thanjavur Response Zone,T+24h,24,681923,709240,1511784,1165982,3063,3095,37101,32213
ASM000665,EVT005,Thanjavur,Thanjavur Response Zone,T+24h,24,741377,836256,1084429,1194657,3563,3574,49411,37735
ASM000666,EVT005,Thanjavur,Thanjavur Response Zone,T+36h,36,745868,744357,695927,1055098,3045,3037,29259,31325
ASM000667,EVT005,Thanjavur,Thanjavur Response Zone,T+36h,36,690895,681697,1055939,1157379,2967,2977,52279,31535
ASM000668,EVT005,Thanjavur,Thanjavur Response Zone,T+36h,36,898752,745891,1007669,1020555,2751,2758,28479,32562
ASM000669,EVT005,Thanjavur,Thanjavur Response Zone,T+36h,36,401619,613680,999381,974129,2837,2828,25843,20964
ASM000670,EVT005,Thanjavur,Thanjavur Response Zone,T+36h,36,843793,746247,1418075,1138156,2737,2743,35228,29074
ASM000671,EVT005,Thanjavur,Thanjavur Response Zone,T+48h,48,1111634,910212,1227394,1237032,3487,3495,40984,41498
ASM000672,EVT005,Thanjavur,Thanjavur Response Zone,T+48h,48,582410,736945,1301764,1313654,3794,3783,60000,46999
ASM000673,EVT005,Thanjavur,Thanjavur Response Zone,T+48h,48,810991,843050,992398,1247604,3710,3714,35918,43769
ASM000674,EVT005,Thanjavur,Thanjavur Response Zone,T+48h,48,810855,849234,1613802,1474907,3680,3687,38649,44850
ASM000675,EVT005,Thanjavur,Thanjavur Response Zone,T+48h,48,656541,809245,1320887,1242084,3768,3758,24743,35423
ASM000676,EVT005,Thanjavur,Thanjavur Response Zone,T+72h,72,563040,615312,908711,987157,2691,2704,31672,30878
ASM000677,EVT005,Thanjavur,Thanjavur Response Zone,T+72h,72,498131,593864,541596,844317,2537,2547,19240,16477
ASM000678,EVT005,Thanjavur,Thanjavur Response Zone,T+72h,72,872757,710329,1330015,1010048,2521,2522,36360,25240
ASM000679,EVT005,Thanjavur,Thanjavur Response Zone,T+72h,72,904344,848763,775857,1001882,3155,3148,28663,25519
ASM000680,EVT005,Thanjavur,Thanjavur Response Zone,T+72h,72,772425,670153,763575,890989,2537,2535,20585,23955
ASM000681,EVT005,Pudukkottai,Pudukkottai Response Zone,T+0h,0,388805,347337,511938,453104,1463,1453,9119,15473
ASM000682,EVT005,Pudukkottai,Pudukkottai Response Zone,T+0h,0,206876,238730,269885,356330,1095,1094,11064,12703
ASM000683,EVT005,Pudukkottai,Pudukkottai Response Zone,T+0h,0,275981,292598,285864,374328,1307,1308,13011,11531
ASM000684,EVT005,Pudukkottai,Pudukkottai Response Zone,T+0h,0,272222,256035,198336,283404,1075,1070,10249,10885
ASM000685,EVT005,Pudukkottai,Pudukkottai Response Zone,T+0h,0,257521,331979,540004,461722,1384,1382,15531,13923
ASM000686,EVT005,Pudukkottai,Pudukkottai Response Zone,T+3h,3,322552,300431,325501,379823,1126,1136,8368,8737
ASM000687,EVT005,Pudukkottai,Pudukkottai Response Zone,T+3h,3,261949,281160,780241,535932,1173,1176,8386,11556
ASM000688,EVT005,Pudukkottai,Pudukkottai Response Zone,T+3h,3,313829,342840,367092,425504,1407,1411,10824,15146
ASM000689,EVT005,Pudukkottai,Pudukkottai Response Zone,T+3h,3,372520,344455,357223,431604,1389,1389,12227,16437
ASM000690,EVT005,Pudukkottai,Pudukkottai Response Zone,T+3h,3,367940,350114,403427,434466,1413,1414,12662,16412
ASM000691,EVT005,Pudukkottai,Pudukkottai Response Zone,T+6h,6,387877,422457,614899,546669,1775,1771,18974,20153
ASM000692,EVT005,Pudukkottai,Pudukkottai Response Zone,T+6h,6,444002,370891,408768,452318,1583,1590,9623,8977
ASM000693,EVT005,Pudukkottai,Pudukkottai Response Zone,T+6h,6,311971,382556,614570,531955,1696,1702,14299,16726
ASM000694,EVT005,Pudukkottai,Pudukkottai Response Zone,T+6h,6,464313,416446,430042,532843,1865,1873,11272,14651
ASM000695,EVT005,Pudukkottai,Pudukkottai Response Zone,T+6h,6,398630,363125,324979,436291,1558,1578,13642,8458
ASM000696,EVT005,Pudukkottai,Pudukkottai Response Zone,T+12h,12,368003,400687,348616,457699,1807,1800,19275,19601
ASM000697,EVT005,Pudukkottai,Pudukkottai Response Zone,T+12h,12,465801,485319,328027,501238,1912,1908,14709,16359
ASM000698,EVT005,Pudukkottai,Pudukkottai Response Zone,T+12h,12,294238,347465,437638,499589,1649,1656,10232,12463
ASM000699,EVT005,Pudukkottai,Pudukkottai Response Zone,T+12h,12,473892,423518,502869,537551,1808,1803,11109,18067
ASM000700,EVT005,Pudukkottai,Pudukkottai Response Zone,T+12h,12,390944,428295,468170,498418,1840,1835,25514,17592
ASM000701,EVT005,Pudukkottai,Pudukkottai Response Zone,T+24h,24,557794,607641,1170622,1054236,2702,2674,26308,19604
ASM000702,EVT005,Pudukkottai,Pudukkottai Response Zone,T+24h,24,733550,640735,1150149,1032744,2636,2616,14071,20278
ASM000703,EVT005,Pudukkottai,Pudukkottai Response Zone,T+24h,24,471001,496514,723974,786761,2235,2222,28913,21812
ASM000704,EVT005,Pudukkottai,Pudukkottai Response Zone,T+24h,24,462190,551754,563165,834326,2659,2657,33667,26090
ASM000705,EVT005,Pudukkottai,Pudukkottai Response Zone,T+24h,24,445967,539576,763395,860383,2584,2586,26371,24196
ASM000706,EVT005,Pudukkottai,Pudukkottai Response Zone,T+36h,36,621242,579727,708647,791181,2295,2293,42734,27274
ASM000707,EVT005,Pudukkottai,Pudukkottai Response Zone,T+36h,36,468632,556196,708927,876273,2527,2521,20541,18468
ASM000708,EVT005,Pudukkottai,Pudukkottai Response Zone,T+36h,36,829637,711894,695380,844659,2403,2409,13963,20017
ASM000709,EVT005,Pudukkottai,Pudukkottai Response Zone,T+36h,36,382554,502794,712103,867030,2472,2487,25013,21395
ASM000710,EVT005,Pudukkottai,Pudukkottai Response Zone,T+36h,36,785570,654112,718683,789908,2353,2372,21716,18316
ASM000711,EVT005,Pudukkottai,Pudukkottai Response Zone,T+48h,48,633609,603897,726937,876749,2483,2485,17939,21740
ASM000712,EVT005,Pudukkottai,Pudukkottai Response Zone,T+48h,48,596350,588217,885255,963085,2523,2527,23638,20327
ASM000713,EVT005,Pudukkottai,Pudukkottai Response Zone,T+48h,48,499335,543510,927732,865975,2516,2516,16722,28099
ASM000714,EVT005,Pudukkottai,Pudukkottai Response Zone,T+48h,48,646258,598772,711739,923426,2528,2536,38792,30199
ASM000715,EVT005,Pudukkottai,Pudukkottai Response Zone,T+48h,48,581332,585726,1198350,968316,2566,2570,20878,25805
ASM000716,EVT005,Pudukkottai,Pudukkottai Response Zone,T+72h,72,531030,465280,508231,552942,1698,1697,14147,20808
ASM000717,EVT005,Pudukkottai,Pudukkottai Response Zone,T+72h,72,465790,479286,431390,550678,1852,1854,13918,14133
ASM000718,EVT005,Pudukkottai,Pudukkottai Response Zone,T+72h,72,444259,439112,717309,612608,1742,1735,21594,21467
ASM000719,EVT005,Pudukkottai,Pudukkottai Response Zone,T+72h,72,436669,461418,568841,676341,1911,1917,19579,19621
ASM000720,EVT005,Pudukkottai,Pudukkottai Response Zone,T+72h,72,419080,419262,658701,588557,1675,1674,10981,13026
ASM000721,EVT005,Dindigul,Dindigul Response Zone,T+0h,0,403721,380030,294787,493848,1638,1643,14055,17837
ASM000722,EVT005,Dindigul,Dindigul Response Zone,T+0h,0,213945,265046,562203,420116,1226,1227,5211,7597
ASM000723,EVT005,Dindigul,Dindigul Response Zone,T+0h,0,286358,346384,609565,543422,1625,1628,11922,13341
ASM000724,EVT005,Dindigul,Dindigul Response Zone,T+0h,0,428003,389893,356643,448270,1647,1654,21768,19345
ASM000725,EVT005,Dindigul,Dindigul Response Zone,T+0h,0,346437,343097,313114,438346,1445,1441,10111,11994
ASM000726,EVT005,Dindigul,Dindigul Response Zone,T+3h,3,346264,349373,774688,536169,1567,1561,20185,17301
ASM000727,EVT005,Dindigul,Dindigul Response Zone,T+3h,3,361322,358653,408870,472514,1490,1490,20502,13408
ASM000728,EVT005,Dindigul,Dindigul Response Zone,T+3h,3,427399,418720,441218,481062,1741,1749,12344,14959
ASM000729,EVT005,Dindigul,Dindigul Response Zone,T+3h,3,344052,377720,299186,455808,1640,1639,13123,16222
ASM000730,EVT005,Dindigul,Dindigul Response Zone,T+3h,3,284430,336017,424601,439039,1486,1484,24849,15707
ASM000731,EVT005,Dindigul,Dindigul Response Zone,T+6h,6,393478,383598,457047,506976,1689,1687,14723,8162
ASM000732,EVT005,Dindigul,Dindigul Response Zone,T+6h,6,299784,334146,573658,497813,1694,1695,6975,8931
ASM000733,EVT005,Dindigul,Dindigul Response Zone,T+6h,6,419242,404226,384284,487703,1766,1764,20226,19741
ASM000734,EVT005,Dindigul,Dindigul Response Zone,T+6h,6,306916,407054,396134,536201,1989,1977,15035,14266
ASM000735,EVT005,Dindigul,Dindigul Response Zone,T+6h,6,549093,485321,680220,623191,1955,1961,22432,18915
ASM000736,EVT005,Dindigul,Dindigul Response Zone,T+12h,12,358418,341293,555948,457779,1435,1429,8787,9625
ASM000737,EVT005,Dindigul,Dindigul Response Zone,T+12h,12,331021,294464,285182,383344,1429,1413,8498,10969
ASM000738,EVT005,Dindigul,Dindigul Response Zone,T+12h,12,501711,446393,743308,550340,1837,1842,13592,16926
ASM000739,EVT005,Dindigul,Dindigul Response Zone,T+12h,12,557805,459406,530495,501096,1792,1781,10789,12109
ASM000740,EVT005,Dindigul,Dindigul Response Zone,T+12h,12,477944,425508,704138,577598,1694,1694,19500,16744
ASM000741,EVT005,Dindigul,Dindigul Response Zone,T+24h,24,443040,559454,939594,984591,2815,2777,20953,28621
ASM000742,EVT005,Dindigul,Dindigul Response Zone,T+24h,24,534520,642256,514254,859175,2783,2789,20450,22991
ASM000743,EVT005,Dindigul,Dindigul Response Zone,T+24h,24,625027,660277,974987,1019335,3058,3039,17444,30137
ASM000744,EVT005,Dindigul,Dindigul Response Zone,T+24h,24,683017,656981,1327691,1145074,2888,2893,46114,35996
ASM000745,EVT005,Dindigul,Dindigul Response Zone,T+24h,24,776613,694478,801616,951309,2871,2881,41617,27004
ASM000746,EVT005,Dindigul,Dindigul Response Zone,T+36h,36,528553,585429,832805,883224,2598,2583,24352,27187
ASM000747,EVT005,Dindigul,Dindigul Response Zone,T+36h,36,642932,599453,846203,882562,2621,2602,20187,20036
ASM000748,EVT005,Dindigul,Dindigul Response Zone,T+36h,36,455856,474758,375701,596734,2194,2188,24260,21934
ASM000749,EVT005,Dindigul,Dindigul Response Zone,T+36h,36,525066,550445,1280636,966464,2482,2484,31222,19977
ASM000750,EVT005,Dindigul,Dindigul Response Zone,T+36h,36,491880,609895,740442,863086,2676,2676,24702,22150
ASM000751,EVT005,Dindigul,Dindigul Response Zone,T+48h,48,550105,608486,1050677,1038048,2876,2855,18321,21358
ASM000752,EVT005,Dindigul,Dindigul Response Zone,T+48h,48,527814,605347,942174,1022075,3085,3076,14198,21521
ASM000753,EVT005,Dindigul,Dindigul Response Zone,T+48h,48,571220,641292,1349910,1213227,2920,2916,18735,26663
ASM000754,EVT005,Dindigul,Dindigul Response Zone,T+48h,48,862048,693433,1101968,1073686,2971,2996,28124,26380
ASM000755,EVT005,Dindigul,Dindigul Response Zone,T+48h,48,577294,640442,932260,998130,3153,3155,21831,25581
ASM000756,EVT005,Dindigul,Dindigul Response Zone,T+72h,72,804280,678177,576196,633660,1942,1942,20950,19592
ASM000757,EVT005,Dindigul,Dindigul Response Zone,T+72h,72,522824,502110,814360,766392,1836,1840,10658,12180
ASM000758,EVT005,Dindigul,Dindigul Response Zone,T+72h,72,578689,563437,501849,765295,2273,2287,14023,18250
ASM000759,EVT005,Dindigul,Dindigul Response Zone,T+72h,72,478857,557526,1015934,886244,2322,2349,18225,28613
ASM000760,EVT005,Dindigul,Dindigul Response Zone,T+72h,72,555354,510567,532597,689612,1937,1931,25605,16167
ASM000761,EVT006,Cuddalore,Cuddalore Response Zone,T+0h,0,319581,352755,674952,600918,1453,1450,13145,10345
ASM000762,EVT006,Cuddalore,Cuddalore Response Zone,T+0h,0,401257,409346,576019,545765,1683,1679,28932,18180
ASM000763,EVT006,Cuddalore,Cuddalore Response Zone,T+0h,0,565100,444094,542814,491941,1435,1432,11500,10918
ASM000764,EVT006,Cuddalore,Cuddalore Response Zone,T+0h,0,449526,454967,678058,701366,2107,2120,18417,22215
ASM000765,EVT006,Cuddalore,Cuddalore Response Zone,T+0h,0,458253,387142,325354,475608,1513,1517,18904,14709
ASM000766,EVT006,Cuddalore,Cuddalore Response Zone,T+3h,3,409735,438077,510737,636836,2030,2023,14783,16056
ASM000767,EVT006,Cuddalore,Cuddalore Response Zone,T+3h,3,361703,359472,591391,517046,1621,1622,13160,13012
ASM000768,EVT006,Cuddalore,Cuddalore Response Zone,T+3h,3,627847,476844,640449,598129,1890,1895,17578,20076
ASM000769,EVT006,Cuddalore,Cuddalore Response Zone,T+3h,3,394102,435959,806891,645590,1900,1887,5895,14251
ASM000770,EVT006,Cuddalore,Cuddalore Response Zone,T+3h,3,605056,472451,639552,569576,1752,1754,24805,16174
ASM000771,EVT006,Cuddalore,Cuddalore Response Zone,T+6h,6,537545,475712,487665,623972,2045,2053,17701,15341
ASM000772,EVT006,Cuddalore,Cuddalore Response Zone,T+6h,6,402815,422606,500266,572119,1998,1992,17305,15863
ASM000773,EVT006,Cuddalore,Cuddalore Response Zone,T+6h,6,630144,585473,750919,736141,2442,2439,17556,18255
ASM000774,EVT006,Cuddalore,Cuddalore Response Zone,T+6h,6,537671,472421,336415,550217,1983,1978,17686,16341
ASM000775,EVT006,Cuddalore,Cuddalore Response Zone,T+6h,6,598246,562667,1074871,833193,2471,2459,15125,15601
ASM000776,EVT006,Cuddalore,Cuddalore Response Zone,T+12h,12,292937,379790,598451,573325,1821,1823,15711,12450
ASM000777,EVT006,Cuddalore,Cuddalore Response Zone,T+12h,12,364723,411532,774333,670825,1833,1832,9830,15623
ASM000778,EVT006,Cuddalore,Cuddalore Response Zone,T+12h,12,420035,431918,393420,543653,1914,1905,14444,12775
ASM000779,EVT006,Cuddalore,Cuddalore Response Zone,T+12h,12,388388,396647,689779,571032,1740,1736,10890,8471
ASM000780,EVT006,Cuddalore,Cuddalore Response Zone,T+12h,12,531328,489683,1073750,835071,2146,2137,12591,13113
ASM000781,EVT006,Cuddalore,Cuddalore Response Zone,T+24h,24,795114,773065,836122,1061295,3268,3275,41484,36508
ASM000782,EVT006,Cuddalore,Cuddalore Response Zone,T+24h,24,594762,748623,1345660,1165865,3234,3237,21631,30980
ASM000783,EVT006,Cuddalore,Cuddalore Response Zone,T+24h,24,781749,725304,1090358,1101049,2984,2995,25829,34300
ASM000784,EVT006,Cuddalore,Cuddalore Response Zone,T+24h,24,698465,648310,631883,864596,2504,2509,29602,27317
ASM000785,EVT006,Cuddalore,Cuddalore Response Zone,T+24h,24,853199,754195,1245120,1191563,3210,3222,37965,30274
ASM000786,EVT006,Cuddalore,Cuddalore Response Zone,T+36h,36,837109,701441,1218766,1106586,2792,2787,15935,28024
ASM000787,EVT006,Cuddalore,Cuddalore Response Zone,T+36h,36,923043,795219,956838,1104746,3316,3306,34434,30784
ASM000788,EVT006,Cuddalore,Cuddalore Response Zone,T+36h,36,845609,766302,1559702,1240995,3361,3360,31990,37385
ASM000789,EVT006,Cuddalore,Cuddalore Response Zone,T+36h,36,764720,756989,760704,1074835,3375,3368,33147,33369
ASM000790,EVT006,Cuddalore,Cuddalore Response Zone,T+36h,36,554460,649873,768668,1057810,3367,3370,20614,29860
ASM000791,EVT006,Cuddalore,Cuddalore Response Zone,T+48h,48,859888,789266,1182694,1109888,3418,3402,26054,30387
ASM000792,EVT006,Cuddalore,Cuddalore Response Zone,T+48h,48,815901,780172,1146304,1125178,3324,3321,44236,34315
ASM000793,EVT006,Cuddalore,Cuddalore Response Zone,T+48h,48,816965,812366,895424,1064676,3443,3429,24140,23628
ASM000794,EVT006,Cuddalore,Cuddalore Response Zone,T+48h,48,583187,682173,1334496,1172880,3237,3241,26957,30729
ASM000795,EVT006,Cuddalore,Cuddalore Response Zone,T+48h,48,633061,745172,1361280,1199381,3269,3275,38903,39255
ASM000796,EVT006,Cuddalore,Cuddalore Response Zone,T+72h,72,952846,870404,1327330,1224856,3380,3381,29229,26471
ASM000797,EVT006,Cuddalore,Cuddalore Response Zone,T+72h,72,771558,796406,1105528,1123989,3262,3263,37943,31854
ASM000798,EVT006,Cuddalore,Cuddalore Response Zone,T+72h,72,844029,775672,1218850,1212817,3146,3149,25455,26115
ASM000799,EVT006,Cuddalore,Cuddalore Response Zone,T+72h,72,727574,720544,934972,1067413,3006,3016,40553,29623
ASM000800,EVT006,Cuddalore,Cuddalore Response Zone,T+72h,72,771451,780215,1911251,1571868,3249,3248,45143,37148
ASM000801,EVT006,Villupuram,Villupuram Response Zone,T+0h,0,613066,543476,573743,724524,2251,2248,21127,19343
ASM000802,EVT006,Villupuram,Villupuram Response Zone,T+0h,0,463857,512371,1142491,820327,2208,2217,12578,11728
ASM000803,EVT006,Villupuram,Villupuram Response Zone,T+0h,0,519592,503735,723577,779756,2056,2072,24515,22654
ASM000804,EVT006,Villupuram,Villupuram Response Zone,T+0h,0,345245,359669,363141,517491,1624,1621,12829,10535
ASM000805,EVT006,Villupuram,Villupuram Response Zone,T+0h,0,408889,422751,863475,697049,1895,1908,20490,15104
ASM000806,EVT006,Villupuram,Villupuram Response Zone,T+3h,3,543884,590339,795959,823663,2546,2546,22945,19302
ASM000807,EVT006,Villupuram,Villupuram Response Zone,T+3h,3,545309,532825,830352,742961,2335,2328,9742,12075
ASM000808,EVT006,Villupuram,Villupuram Response Zone,T+3h,3,476567,513401,1007454,807537,2204,2212,16340,24320
ASM000809,EVT006,Villupuram,Villupuram Response Zone,T+3h,3,708577,624403,819986,776766,2511,2505,16457,20814
ASM000810,EVT006,Villupuram,Villupuram Response Zone,T+3h,3,400106,451418,559329,687804,2116,2111,23385,18307
ASM000811,EVT006,Villupuram,Villupuram Response Zone,T+6h,6,618892,678102,1099623,891024,2911,2910,14772,24838
ASM000812,EVT006,Villupuram,Villupuram Response Zone,T+6h,6,578238,663192,815839,826408,2828,2858,21458,20289
ASM000813,EVT006,Villupuram,Villupuram Response Zone,T+6h,6,666407,543738,823997,761178,2182,2189,24016,22574
ASM000814,EVT006,Villupuram,Villupuram Response Zone,T+6h,6,655402,662282,518342,815269,2766,2776,43435,32510
ASM000815,EVT006,Villupuram,Villupuram Response Zone,T+6h,6,665945,602068,782713,752732,2356,2356,15683,16604
ASM000816,EVT006,Villupuram,Villupuram Response Zone,T+12h,12,406933,565568,606891,684069,2407,2406,10933,15685
ASM000817,EVT006,Villupuram,Villupuram Response Zone,T+12h,12,701278,691023,1350340,1017672,2935,2937,20049,28982
ASM000818,EVT006,Villupuram,Villupuram Response Zone,T+12h,12,594178,554875,757056,715801,2196,2195,10790,15296
ASM000819,EVT006,Villupuram,Villupuram Response Zone,T+12h,12,602617,613319,877252,849689,2684,2687,23231,28112
ASM000820,EVT006,Villupuram,Villupuram Response Zone,T+12h,12,731015,669458,935972,844540,2753,2754,25766,26223
ASM000821,EVT006,Villupuram,Villupuram Response Zone,T+24h,24,792995,819466,1023248,1251768,3566,3573,30489,44537
ASM000822,EVT006,Villupuram,Villupuram Response Zone,T+24h,24,1146538,971959,1983084,1704916,3628,3615,68968,45418
ASM000823,EVT006,Villupuram,Villupuram Response Zone,T+24h,24,1292378,1049388,1909680,1652792,3546,3515,19462,29583
ASM000824,EVT006,Villupuram,Villupuram Response Zone,T+24h,24,815947,822959,1467565,1396472,3807,3796,68196,44605
ASM000825,EVT006,Villupuram,Villupuram Response Zone,T+24h,24,715027,736188,1706811,1398943,3234,3233,47750,34020
ASM000826,EVT006,Villupuram,Villupuram Response Zone,T+36h,36,866197,717255,821737,924981,2717,2715,31374,25995
ASM000827,EVT006,Villupuram,Villupuram Response Zone,T+36h,36,910179,724777,788633,880030,2860,2843,17768,21411
ASM000828,EVT006,Villupuram,Villupuram Response Zone,T+36h,36,700650,718917,1116593,1243647,3356,3349,29111,27123
ASM000829,EVT006,Villupuram,Villupuram Response Zone,T+36h,36,651134,691876,1172518,1094923,3007,3012,18954,29639
ASM000830,EVT006,Villupuram,Villupuram Response Zone,T+36h,36,628889,644968,877967,913098,2812,2809,30931,24374
ASM000831,EVT006,Villupuram,Villupuram Response Zone,T+48h,48,659650,785465,1479448,1349852,3728,3728,40155,41832
ASM000832,EVT006,Villupuram,Villupuram Response Zone,T+48h,48,727835,776076,1408131,1319211,3757,3756,37167,42393
ASM000833,EVT006,Villupuram,Villupuram Response Zone,T+48h,48,707983,799191,1014764,1223449,3723,3728,28935,42456
ASM000834,EVT006,Villupuram,Villupuram Response Zone,T+48h,48,746841,831177,1365334,1272810,3644,3649,13220,30040
ASM000835,EVT006,Villupuram,Villupuram Response Zone,T+48h,48,853582,899819,1509489,1362775,3685,3697,22056,31259
ASM000836,EVT006,Villupuram,Villupuram Response Zone,T+72h,72,904247,883442,1335406,1342732,3754,3753,53963,39574
ASM000837,EVT006,Villupuram,Villupuram Response Zone,T+72h,72,1100454,1007596,1527397,1444540,3457,3443,23534,29545
ASM000838,EVT006,Villupuram,Villupuram Response Zone,T+72h,72,704236,792706,960412,1209915,3496,3490,39655,41969
ASM000839,EVT006,Villupuram,Villupuram Response Zone,T+72h,72,994742,983297,1283556,1468044,3387,3387,32038,27168
ASM000840,EVT006,Villupuram,Villupuram Response Zone,T+72h,72,827384,827702,942475,1142889,3591,3592,62572,34848
ASM000841,EVT006,Chengalpattu,Chengalpattu Response Zone,T+0h,0,618196,631084,648351,866531,2734,2731,31394,20886
ASM000842,EVT006,Chengalpattu,Chengalpattu Response Zone,T+0h,0,673635,605093,660507,833555,2539,2527,10776,14990
ASM000843,EVT006,Chengalpattu,Chengalpattu Response Zone,T+0h,0,480043,602074,646291,815772,2635,2638,11184,18787
ASM000844,EVT006,Chengalpattu,Chengalpattu Response Zone,T+0h,0,696243,710683,734235,832052,2735,2757,33352,17203
ASM000845,EVT006,Chengalpattu,Chengalpattu Response Zone,T+0h,0,604366,620419,792917,860137,2495,2487,48029,23784
ASM000846,EVT006,Chengalpattu,Chengalpattu Response Zone,T+3h,3,599165,582269,905625,800495,2261,2269,17404,16614
ASM000847,EVT006,Chengalpattu,Chengalpattu Response Zone,T+3h,3,624443,615216,754608,849826,2513,2506,15673,21893
ASM000848,EVT006,Chengalpattu,Chengalpattu Response Zone,T+3h,3,970774,871599,524923,822536,2649,2636,20742,14277
ASM000849,EVT006,Chengalpattu,Chengalpattu Response Zone,T+3h,3,538305,595826,1094246,847793,2569,2568,15654,15072
ASM000850,EVT006,Chengalpattu,Chengalpattu Response Zone,T+3h,3,531275,588960,670468,831850,2477,2476,22424,22103
ASM000851,EVT006,Chengalpattu,Chengalpattu Response Zone,T+6h,6,511969,574799,775783,829932,2391,2391,23838,18080
ASM000852,EVT006,Chengalpattu,Chengalpattu Response Zone,T+6h,6,564376,624792,951557,869680,2718,2718,23899,21588
ASM000853,EVT006,Chengalpattu,Chengalpattu Response Zone,T+6h,6,488174,554909,825001,810408,2384,2385,16705,23622
ASM000854,EVT006,Chengalpattu,Chengalpattu Response Zone,T+6h,6,732402,677040,1043563,900222,2539,2536,19197,22577
ASM000855,EVT006,Chengalpattu,Chengalpattu Response Zone,T+6h,6,660661,570568,786238,803925,2068,2069,22924,18341
ASM000856,EVT006,Chengalpattu,Chengalpattu Response Zone,T+12h,12,625924,738362,767053,866430,3040,3055,31076,24907
ASM000857,EVT006,Chengalpattu,Chengalpattu Response Zone,T+12h,12,655220,777420,1734996,1481474,3483,3474,26446,23476
ASM000858,EVT006,Chengalpattu,Chengalpattu Response Zone,T+12h,12,823261,786007,1038811,1000179,3323,3341,31454,26190
ASM000859,EVT006,Chengalpattu,Chengalpattu Response Zone,T+12h,12,550467,619412,828527,888387,2651,2653,24220,25220
ASM000860,EVT006,Chengalpattu,Chengalpattu Response Zone,T+12h,12,827735,767242,1210037,1071584,3186,3194,21874,22630
ASM000861,EVT006,Chengalpattu,Chengalpattu Response Zone,T+24h,24,1176071,1114078,1762395,1609448,4882,4874,17889,49597
ASM000862,EVT006,Chengalpattu,Chengalpattu Response Zone,T+24h,24,824644,1056956,1819186,1652250,4695,4706,41913,49817
ASM000863,EVT006,Chengalpattu,Chengalpattu Response Zone,T+24h,24,1349239,1132655,2698085,2088008,4380,4378,53506,40899
ASM000864,EVT006,Chengalpattu,Chengalpattu Response Zone,T+24h,24,1593181,1249831,1474099,1526004,4509,4525,36624,43695
ASM000865,EVT006,Chengalpattu,Chengalpattu Response Zone,T+24h,24,969692,1078192,1565545,1678035,4731,4734,50939,56072
ASM000866,EVT006,Chengalpattu,Chengalpattu Response Zone,T+36h,36,1051204,1120543,1660059,1606081,4551,4561,31725,44976
ASM000867,EVT006,Chengalpattu,Chengalpattu Response Zone,T+36h,36,1185478,1182121,2076661,1654591,4656,4663,55990,43030
ASM000868,EVT006,Chengalpattu,Chengalpattu Response Zone,T+36h,36,1211352,1131064,1094478,1435891,4937,4914,48351,42670
ASM000869,EVT006,Chengalpattu,Chengalpattu Response Zone,T+36h,36,1250832,1119956,956286,1415524,4525,4527,49579,40943
ASM000870,EVT006,Chengalpattu,Chengalpattu Response Zone,T+36h,36,1593480,1331635,1320713,1481683,4398,4386,23251,40274
ASM000871,EVT006,Chengalpattu,Chengalpattu Response Zone,T+48h,48,897207,927274,910468,1229069,4015,4006,34211,36435
ASM000872,EVT006,Chengalpattu,Chengalpattu Response Zone,T+48h,48,820047,953008,1245671,1427381,3998,4019,30102,36054
ASM000873,EVT006,Chengalpattu,Chengalpattu Response Zone,T+48h,48,714814,937879,1551134,1438805,3979,4003,31727,34423
ASM000874,EVT006,Chengalpattu,Chengalpattu Response Zone,T+48h,48,843435,921822,1086140,1422009,4061,4067,25375,33186
ASM000875,EVT006,Chengalpattu,Chengalpattu Response Zone,T+48h,48,1033232,1097177,1085345,1521388,4241,4252,40942,47318
ASM000876,EVT006,Chengalpattu,Chengalpattu Response Zone,T+72h,72,1173443,1012786,1210882,1326184,3360,3379,36055,27892
ASM000877,EVT006,Chengalpattu,Chengalpattu Response Zone,T+72h,72,779510,891369,1624436,1493710,3515,3510,21042,37710
ASM000878,EVT006,Chengalpattu,Chengalpattu Response Zone,T+72h,72,923213,907149,887105,1205427,3529,3545,69113,40534
ASM000879,EVT006,Chengalpattu,Chengalpattu Response Zone,T+72h,72,965717,964989,1698892,1519284,4080,4071,35127,31613
ASM000880,EVT006,Chengalpattu,Chengalpattu Response Zone,T+72h,72,1097621,969119,1569429,1421420,3650,3636,33127,33249
ASM000881,EVT006,Kancheepuram,Kancheepuram Response Zone,T+0h,0,905261,727358,977428,834292,2338,2337,29397,22983
ASM000882,EVT006,Kancheepuram,Kancheepuram Response Zone,T+0h,0,420358,426280,851052,716533,1960,1962,8986,13013
ASM000883,EVT006,Kancheepuram,Kancheepuram Response Zone,T+0h,0,468402,510323,1252133,905275,2213,2215,15323,19909
ASM000884,EVT006,Kancheepuram,Kancheepuram Response Zone,T+0h,0,605982,560441,583718,696237,2096,2101,9899,10293
ASM000885,EVT006,Kancheepuram,Kancheepuram Response Zone,T+0h,0,658642,616228,790714,827916,2513,2511,23572,16984
ASM000886,EVT006,Kancheepuram,Kancheepuram Response Zone,T+3h,3,820720,677510,695860,834456,2446,2448,18283,19531
ASM000887,EVT006,Kancheepuram,Kancheepuram Response Zone,T+3h,3,702491,665768,815752,874256,2695,2686,20768,19360
ASM000888,EVT006,Kancheepuram,Kancheepuram Response Zone,T+3h,3,608270,698919,1277120,898715,2993,2993,18194,20349
ASM000889,EVT006,Kancheepuram,Kancheepuram Response Zone,T+3h,3,805146,772991,675094,864898,3355,3342,26881,22880
ASM000890,EVT006,Kancheepuram,Kancheepuram Response Zone,T+3h,3,835564,765372,736958,926888,2920,2914,43395,28215
ASM000891,EVT006,Kancheepuram,Kancheepuram Response Zone,T+6h,6,754696,700055,1268477,1009630,2768,2755,38249,29878
ASM000892,EVT006,Kancheepuram,Kancheepuram Response Zone,T+6h,6,776217,775176,1269611,1061981,3094,3094,30878,32601
ASM000893,EVT006,Kancheepuram,Kancheepuram Response Zone,T+6h,6,824755,748141,844964,900305,2984,2980,35042,28200
ASM000894,EVT006,Kancheepuram,Kancheepuram Response Zone,T+6h,6,944173,832955,1248994,1124710,3250,3279,34643,27805
ASM000895,EVT006,Kancheepuram,Kancheepuram Response Zone,T+6h,6,911560,787654,1036138,978780,2945,2978,33760,31292
ASM000896,EVT006,Kancheepuram,Kancheepuram Response Zone,T+12h,12,674777,645737,1193836,936863,2530,2550,35556,27010
ASM000897,EVT006,Kancheepuram,Kancheepuram Response Zone,T+12h,12,576518,644013,845150,910126,2513,2512,35040,26346
ASM000898,EVT006,Kancheepuram,Kancheepuram Response Zone,T+12h,12,670623,677756,1161526,1047483,2878,2871,26638,28939
ASM000899,EVT006,Kancheepuram,Kancheepuram Response Zone,T+12h,12,803023,764791,1657207,1173198,2786,2794,27762,24114
ASM000900,EVT006,Kancheepuram,Kancheepuram Response Zone,T+12h,12,538861,636630,960923,898444,2701,2710,16497,18854
ASM000901,EVT006,Kancheepuram,Kancheepuram Response Zone,T+24h,24,921557,899096,1302888,1379912,3495,3493,27617,36344
ASM000902,EVT006,Kancheepuram,Kancheepuram Response Zone,T+24h,24,671866,684653,1243039,1134472,2895,2928,21826,23938
ASM000903,EVT006,Kancheepuram,Kancheepuram Response Zone,T+24h,24,957487,959368,1245381,1379562,4110,4119,33573,35780
ASM000904,EVT006,Kancheepuram,Kancheepuram Response Zone,T+24h,24,1041719,930599,2061755,1714842,3023,3074,14147,25742
ASM000905,EVT006,Kancheepuram,Kancheepuram Response Zone,T+24h,24,798169,774083,1176688,1118760,3193,3190,36112,29175
ASM000906,EVT006,Kancheepuram,Kancheepuram Response Zone,T+36h,36,770485,749321,1059424,1083627,3107,3114,13089,30176
ASM000907,EVT006,Kancheepuram,Kancheepuram Response Zone,T+36h,36,562907,654829,845147,993894,3059,3049,50115,23647
ASM000908,EVT006,Kancheepuram,Kancheepuram Response Zone,T+36h,36,1004069,947789,1753963,1532822,3462,3456,65316,42400
ASM000909,EVT006,Kancheepuram,Kancheepuram Response Zone,T+36h,36,912938,884604,1481606,1550793,3193,3184,30048,35229
ASM000910,EVT006,Kancheepuram,Kancheepuram Response Zone,T+36h,36,1269558,1005195,1075590,1185260,3363,3369,30297,30967
ASM000911,EVT006,Kancheepuram,Kancheepuram Response Zone,T+48h,48,861310,914373,1525277,1430644,3816,3838,38393,35663
ASM000912,EVT006,Kancheepuram,Kancheepuram Response Zone,T+48h,48,1094658,1062052,1062131,1465756,4452,4436,40390,50275
ASM000913,EVT006,Kancheepuram,Kancheepuram Response Zone,T+48h,48,1096488,1051622,1610855,1596262,4668,4617,49539,46406
ASM000914,EVT006,Kancheepuram,Kancheepuram Response Zone,T+48h,48,1320652,1061075,1575200,1527635,3914,3929,36434,39672
ASM000915,EVT006,Kancheepuram,Kancheepuram Response Zone,T+48h,48,921692,964134,2107429,1616066,3783,3824,37658,41869
ASM000916,EVT006,Kancheepuram,Kancheepuram Response Zone,T+72h,72,1033385,979254,1155928,1347143,4234,4230,38110,37536
ASM000917,EVT006,Kancheepuram,Kancheepuram Response Zone,T+72h,72,1044266,981884,1031559,1301484,3842,3840,30726,46155
ASM000918,EVT006,Kancheepuram,Kancheepuram Response Zone,T+72h,72,984969,974149,1105371,1413170,4250,4267,38393,37730
ASM000919,EVT006,Kancheepuram,Kancheepuram Response Zone,T+72h,72,826173,938839,979942,1262449,3712,3749,42744,42880
ASM000920,EVT006,Kancheepuram,Kancheepuram Response Zone,T+72h,72,993114,964411,1952424,1478201,4064,4070,38392,35634
ASM000921,EVT006,Tiruvallur,Tiruvallur Response Zone,T+0h,0,612072,556386,970927,775072,2061,2062,12015,10995
ASM000922,EVT006,Tiruvallur,Tiruvallur Response Zone,T+0h,0,413878,493258,746324,751249,2140,2148,20438,15172
ASM000923,EVT006,Tiruvallur,Tiruvallur Response Zone,T+0h,0,564639,543429,978248,852403,2244,2242,10508,11402
ASM000924,EVT006,Tiruvallur,Tiruvallur Response Zone,T+0h,0,486689,552346,805399,829636,2398,2393,20673,19055
ASM000925,EVT006,Tiruvallur,Tiruvallur Response Zone,T+0h,0,728852,635023,765757,823598,2476,2460,24165,14795
ASM000926,EVT006,Tiruvallur,Tiruvallur Response Zone,T+3h,3,451707,587451,754310,853890,2480,2495,17242,19428
ASM000927,EVT006,Tiruvallur,Tiruvallur Response Zone,T+3h,3,557371,605729,772297,867814,2613,2626,19640,17759
ASM000928,EVT006,Tiruvallur,Tiruvallur Response Zone,T+3h,3,634008,657680,567683,831595,2539,2544,23169,24224
ASM000929,EVT006,Tiruvallur,Tiruvallur Response Zone,T+3h,3,895481,750743,968851,874287,2739,2747,32861,24090
ASM000930,EVT006,Tiruvallur,Tiruvallur Response Zone,T+3h,3,704634,713690,953104,906921,3234,3246,19676,21060
ASM000931,EVT006,Tiruvallur,Tiruvallur Response Zone,T+6h,6,759747,856469,1378079,1241850,3856,3857,42106,31558
ASM000932,EVT006,Tiruvallur,Tiruvallur Response Zone,T+6h,6,1308031,1038958,1232883,1273587,3954,3959,28963,33299
ASM000933,EVT006,Tiruvallur,Tiruvallur Response Zone,T+6h,6,498446,642140,833437,876021,3015,3007,14568,21664
ASM000934,EVT006,Tiruvallur,Tiruvallur Response Zone,T+6h,6,535093,802784,886597,1174944,3739,3736,32398,27579
ASM000935,EVT006,Tiruvallur,Tiruvallur Response Zone,T+6h,6,925896,877595,1158066,1226892,3751,3753,27501,31698
ASM000936,EVT006,Tiruvallur,Tiruvallur Response Zone,T+12h,12,894099,1003197,1612650,1496189,4437,4456,47711,44391
ASM000937,EVT006,Tiruvallur,Tiruvallur Response Zone,T+12h,12,701767,833265,864843,1218675,3982,3977,14970,36471
ASM000938,EVT006,Tiruvallur,Tiruvallur Response Zone,T+12h,12,1076826,1007173,1232741,1412485,4309,4309,28349,32694
ASM000939,EVT006,Tiruvallur,Tiruvallur Response Zone,T+12h,12,1039569,1028381,1447046,1442215,4442,4446,38974,43997
ASM000940,EVT006,Tiruvallur,Tiruvallur Response Zone,T+12h,12,836103,953150,1081599,1283508,4039,4045,30227,44373
ASM000941,EVT006,Tiruvallur,Tiruvallur Response Zone,T+24h,24,1002769,1200450,1695078,1910266,5326,5350,54195,62229
ASM000942,EVT006,Tiruvallur,Tiruvallur Response Zone,T+24h,24,1572681,1416446,1994537,2012723,5409,5413,44670,57415
ASM000943,EVT006,Tiruvallur,Tiruvallur Response Zone,T+24h,24,1355065,1266082,1294746,1518581,4902,4904,46741,50491
ASM000944,EVT006,Tiruvallur,Tiruvallur Response Zone,T+24h,24,1306384,1338323,2014700,1955793,5739,5673,31895,55434
ASM000945,EVT006,Tiruvallur,Tiruvallur Response Zone,T+24h,24,1792579,1459190,1373058,1629610,5219,5246,44745,45849
ASM000946,EVT006,Tiruvallur,Tiruvallur Response Zone,T+36h,36,851120,999201,1976173,1669801,4439,4423,53468,35943
ASM000947,EVT006,Tiruvallur,Tiruvallur Response Zone,T+36h,36,707603,891051,2488109,1949864,3891,3916,36471,34331
ASM000948,EVT006,Tiruvallur,Tiruvallur Response Zone,T+36h,36,913776,1037360,1240685,1546736,4163,4178,52365,41397
ASM000949,EVT006,Tiruvallur,Tiruvallur Response Zone,T+36h,36,1132220,1165449,1989547,1831990,4565,4577,74699,54032
ASM000950,EVT006,Tiruvallur,Tiruvallur Response Zone,T+36h,36,1212565,1166520,1447866,1584767,4690,4698,73011,51351
ASM000951,EVT006,Tiruvallur,Tiruvallur Response Zone,T+48h,48,884395,927370,1827853,1607459,3732,3740,67799,40951
ASM000952,EVT006,Tiruvallur,Tiruvallur Response Zone,T+48h,48,980388,917169,997281,1253225,3922,3924,30313,35088
ASM000953,EVT006,Tiruvallur,Tiruvallur Response Zone,T+48h,48,763362,934046,1654027,1586193,4125,4131,33047,44671
ASM000954,EVT006,Tiruvallur,Tiruvallur Response Zone,T+48h,48,1249851,1010409,1071219,1295225,3709,3724,36275,28963
ASM000955,EVT006,Tiruvallur,Tiruvallur Response Zone,T+48h,48,930869,915642,1296330,1406879,3953,3956,37231,30723
ASM000956,EVT006,Tiruvallur,Tiruvallur Response Zone,T+72h,72,1524299,1294198,1336095,1595668,5232,5225,50997,43895
ASM000957,EVT006,Tiruvallur,Tiruvallur Response Zone,T+72h,72,1230773,1193157,2187432,1810970,4629,4645,99807,56434
ASM000958,EVT006,Tiruvallur,Tiruvallur Response Zone,T+72h,72,1221998,1152418,1383550,1676810,4644,4644,52704,52478
ASM000959,EVT006,Tiruvallur,Tiruvallur Response Zone,T+72h,72,1147037,1067382,1737587,1593789,4105,4114,44669,39868
ASM000960,EVT006,Tiruvallur,Tiruvallur Response Zone,T+72h,72,1236984,1174441,1503671,1590245,4775,4759,31519,44241
ASM000961,EVT006,Chennai,Chennai Response Zone,T+0h,0,727686,678359,828402,831757,2596,2605,30808,14414
ASM000962,EVT006,Chennai,Chennai Response Zone,T+0h,0,1035725,940893,1168189,1233229,3659,3650,31836,33213
ASM000963,EVT006,Chennai,Chennai Response Zone,T+0h,0,588254,578477,624683,821282,2431,2432,12754,11440
ASM000964,EVT006,Chennai,Chennai Response Zone,T+0h,0,667936,624943,853855,852314,2339,2340,19022,19726
ASM000965,EVT006,Chennai,Chennai Response Zone,T+0h,0,593914,608342,1221458,1017790,2679,2669,16578,16006
ASM000966,EVT006,Chennai,Chennai Response Zone,T+3h,3,1071355,944284,912222,1233637,3569,3575,25232,31004
ASM000967,EVT006,Chennai,Chennai Response Zone,T+3h,3,635828,690820,1240585,1059478,3197,3209,12436,14245
ASM000968,EVT006,Chennai,Chennai Response Zone,T+3h,3,1180624,992328,1686354,1308997,3353,3370,23141,34831
ASM000969,EVT006,Chennai,Chennai Response Zone,T+3h,3,708140,686247,813517,884380,2988,2976,20700,23470
ASM000970,EVT006,Chennai,Chennai Response Zone,T+3h,3,517287,645578,632975,831552,2928,2923,35469,17470
ASM000971,EVT006,Chennai,Chennai Response Zone,T+6h,6,944773,951199,1370040,1324073,3871,3853,47447,38986
ASM000972,EVT006,Chennai,Chennai Response Zone,T+6h,6,796881,911658,1013854,1220569,4217,4226,30866,25172
ASM000973,EVT006,Chennai,Chennai Response Zone,T+6h,6,1183755,1066086,2103409,1721223,4522,4515,46715,33803
ASM000974,EVT006,Chennai,Chennai Response Zone,T+6h,6,926838,1028185,1439596,1542698,4858,4859,72198,42118
ASM000975,EVT006,Chennai,Chennai Response Zone,T+6h,6,852027,894039,1059409,1297107,4346,4322,24145,40141
ASM000976,EVT006,Chennai,Chennai Response Zone,T+12h,12,695388,894954,1036776,1403674,4442,4471,30754,43629
ASM000977,EVT006,Chennai,Chennai Response Zone,T+12h,12,1035132,1083602,2030834,1901053,5131,5135,39294,48410
ASM000978,EVT006,Chennai,Chennai Response Zone,T+12h,12,750059,1039479,1377362,1679607,5622,5612,37187,46444
ASM000979,EVT006,Chennai,Chennai Response Zone,T+12h,12,835326,1026452,1616863,1794233,5469,5454,53144,55827
ASM000980,EVT006,Chennai,Chennai Response Zone,T+12h,12,1176678,1075349,1780082,1674052,4494,4503,43135,45684
ASM000981,EVT006,Chennai,Chennai Response Zone,T+24h,24,1229924,1063717,1448647,1534471,4394,4389,56739,47654
ASM000982,EVT006,Chennai,Chennai Response Zone,T+24h,24,1111130,1010762,1425923,1484351,4072,4088,30260,30851
ASM000983,EVT006,Chennai,Chennai Response Zone,T+24h,24,1003413,1131178,1844028,1903868,5135,5150,44884,52897
ASM000984,EVT006,Chennai,Chennai Response Zone,T+24h,24,1154969,1123769,2029442,1788088,4962,4993,23128,44168
ASM000985,EVT006,Chennai,Chennai Response Zone,T+24h,24,1260372,1252685,2062364,1917742,5262,5262,28139,42484
ASM000986,EVT006,Chennai,Chennai Response Zone,T+36h,36,1120770,1244706,1974967,2043714,6205,6184,57000,66438
ASM000987,EVT006,Chennai,Chennai Response Zone,T+36h,36,1868853,1474702,1979516,2007593,5993,5994,45003,54004
ASM000988,EVT006,Chennai,Chennai Response Zone,T+36h,36,1616994,1417932,1812640,2016029,5851,5867,40759,56048
ASM000989,EVT006,Chennai,Chennai Response Zone,T+36h,36,1350907,1280534,1367994,1855887,6123,6114,45458,55234
ASM000990,EVT006,Chennai,Chennai Response Zone,T+36h,36,1393099,1356371,2069901,2017096,6092,6055,35723,55226
ASM000991,EVT006,Chennai,Chennai Response Zone,T+48h,48,1437119,1357673,3184720,2436286,5863,5872,51382,52759
ASM000992,EVT006,Chennai,Chennai Response Zone,T+48h,48,921407,1047974,1644848,1889874,5950,5953,45258,62358
ASM000993,EVT006,Chennai,Chennai Response Zone,T+48h,48,1323457,1327728,1688064,1899272,5900,5905,48033,60546
ASM000994,EVT006,Chennai,Chennai Response Zone,T+48h,48,1213029,1273242,1660689,2006790,6072,6077,43362,65180
ASM000995,EVT006,Chennai,Chennai Response Zone,T+48h,48,1147656,1275711,2326104,2107726,5848,5856,45305,54367
ASM000996,EVT006,Chennai,Chennai Response Zone,T+72h,72,970889,931641,1670073,1579849,4008,4013,24253,33829
ASM000997,EVT006,Chennai,Chennai Response Zone,T+72h,72,1238668,1076632,1205430,1347513,3315,3345,37087,26887
ASM000998,EVT006,Chennai,Chennai Response Zone,T+72h,72,1051573,943144,1112513,1297314,3692,3693,41202,35682
ASM000999,EVT006,Chennai,Chennai Response Zone,T+72h,72,866591,948491,1470401,1439205,3803,3812,34328,35585
ASM001000,EVT006,Chennai,Chennai Response Zone,T+72h,72,1289544,1159840,1200633,1525348,4785,4805,42383,50986
ASM001001,EVT007,Thoothukudi,Thoothukudi Response Zone,T+0h,0,718345,579536,789121,761975,2334,2344,24682,25985
ASM001002,EVT007,Thoothukudi,Thoothukudi Response Zone,T+0h,0,657913,580774,980702,833834,2317,2317,30374,28386
ASM001003,EVT007,Thoothukudi,Thoothukudi Response Zone,T+0h,0,509908,526771,526112,726631,2123,2127,21281,23843
ASM001004,EVT007,Thoothukudi,Thoothukudi Response Zone,T+0h,0,503462,575547,544012,812632,2476,2485,35007,25211
ASM001005,EVT007,Thoothukudi,Thoothukudi Response Zone,T+0h,0,600248,533908,1093193,834492,2228,2233,23513,23031
ASM001006,EVT007,Thoothukudi,Thoothukudi Response Zone,T+3h,3,620755,622845,694800,824102,2455,2465,31849,28568
ASM001007,EVT007,Thoothukudi,Thoothukudi Response Zone,T+3h,3,823690,765272,1280054,965249,3156,3151,29675,30693
ASM001008,EVT007,Thoothukudi,Thoothukudi Response Zone,T+3h,3,671477,626398,796564,833754,2641,2633,32186,27649
ASM001009,EVT007,Thoothukudi,Thoothukudi Response Zone,T+3h,3,755041,680044,773415,829655,2620,2630,13752,20286
ASM001010,EVT007,Thoothukudi,Thoothukudi Response Zone,T+3h,3,511219,562662,850874,805958,2476,2484,15343,19376
ASM001011,EVT007,Thoothukudi,Thoothukudi Response Zone,T+6h,6,815870,691434,680760,846234,2771,2774,24832,23977
ASM001012,EVT007,Thoothukudi,Thoothukudi Response Zone,T+6h,6,550868,576470,738883,750035,2286,2282,17700,19454
ASM001013,EVT007,Thoothukudi,Thoothukudi Response Zone,T+6h,6,949337,799871,740792,838847,2841,2842,18557,18440
ASM001014,EVT007,Thoothukudi,Thoothukudi Response Zone,T+6h,6,570646,679672,634563,807163,3136,3111,33569,25898
ASM001015,EVT007,Thoothukudi,Thoothukudi Response Zone,T+6h,6,876128,773944,936778,882406,2782,2785,17326,30394
ASM001016,EVT007,Thoothukudi,Thoothukudi Response Zone,T+12h,12,697104,756092,826118,837946,3184,3169,15543,23294
ASM001017,EVT007,Thoothukudi,Thoothukudi Response Zone,T+12h,12,530828,604997,773108,844099,2513,2537,21881,21388
ASM001018,EVT007,Thoothukudi,Thoothukudi Response Zone,T+12h,12,570660,648775,631292,824401,2775,2786,20235,26947
ASM001019,EVT007,Thoothukudi,Thoothukudi Response Zone,T+12h,12,578353,638780,1278823,869237,2720,2738,71084,29611
ASM001020,EVT007,Thoothukudi,Thoothukudi Response Zone,T+12h,12,621638,608366,987391,854334,2538,2541,28269,26538
ASM001021,EVT007,Thoothukudi,Thoothukudi Response Zone,T+24h,24,1119950,1045298,1883013,1571092,4391,4379,43281,44172
ASM001022,EVT007,Thoothukudi,Thoothukudi Response Zone,T+24h,24,865426,959353,1361099,1411688,4274,4284,38143,44564
ASM001023,EVT007,Thoothukudi,Thoothukudi Response Zone,T+24h,24,1001772,1007671,984102,1379224,4442,4423,42657,49987
ASM001024,EVT007,Thoothukudi,Thoothukudi Response Zone,T+24h,24,1541352,1217152,2492252,1857488,4441,4423,51522,52070
ASM001025,EVT007,Thoothukudi,Thoothukudi Response Zone,T+24h,24,1371581,1059057,1354866,1400332,4154,4166,33458,35819
ASM001026,EVT007,Thoothukudi,Thoothukudi Response Zone,T+36h,36,835706,787287,938893,1066764,3127,3130,26031,33054
ASM001027,EVT007,Thoothukudi,Thoothukudi Response Zone,T+36h,36,870852,911392,1372694,1320444,3649,3657,26756,32356
ASM001028,EVT007,Thoothukudi,Thoothukudi Response Zone,T+36h,36,864652,836734,1736218,1466391,3396,3416,60120,41669
ASM001029,EVT007,Thoothukudi,Thoothukudi Response Zone,T+36h,36,975503,902359,1336950,1386808,3560,3552,66238,44928
ASM001030,EVT007,Thoothukudi,Thoothukudi Response Zone,T+36h,36,648451,761020,1645446,1376537,3343,3324,37230,35805
ASM001031,EVT007,Thoothukudi,Thoothukudi Response Zone,T+48h,48,952318,1007645,1892418,1624626,4353,4347,26358,41073
ASM001032,EVT007,Thoothukudi,Thoothukudi Response Zone,T+48h,48,698578,934808,1125862,1418623,4168,4162,53893,46619
ASM001033,EVT007,Thoothukudi,Thoothukudi Response Zone,T+48h,48,988927,977368,1179601,1363165,4079,4100,72367,47673
ASM001034,EVT007,Thoothukudi,Thoothukudi Response Zone,T+48h,48,1126078,1058822,1876503,1601639,4230,4229,66283,46205
ASM001035,EVT007,Thoothukudi,Thoothukudi Response Zone,T+48h,48,905691,977951,732211,1372489,4088,4121,48976,42320
ASM001036,EVT007,Thoothukudi,Thoothukudi Response Zone,T+72h,72,1073167,953089,1107909,1147886,3162,3159,43237,31077
ASM001037,EVT007,Thoothukudi,Thoothukudi Response Zone,T+72h,72,558122,628735,735750,977147,2915,2903,25549,26456
ASM001038,EVT007,Thoothukudi,Thoothukudi Response Zone,T+72h,72,644291,833983,1199381,1299289,3562,3568,52404,46037
ASM001039,EVT007,Thoothukudi,Thoothukudi Response Zone,T+72h,72,810812,781991,1069257,1104566,3169,3171,23608,31424
ASM001040,EVT007,Thoothukudi,Thoothukudi Response Zone,T+72h,72,988007,922370,1119392,1216762,3346,3342,38575,37496
ASM001041,EVT007,Tirunelveli,Tirunelveli Response Zone,T+0h,0,802265,651842,682187,814596,2519,2521,26225,19011
ASM001042,EVT007,Tirunelveli,Tirunelveli Response Zone,T+0h,0,445866,507488,516042,693294,2023,2026,13237,16271
ASM001043,EVT007,Tirunelveli,Tirunelveli Response Zone,T+0h,0,608251,528792,1244594,901439,2119,2105,14958,21717
ASM001044,EVT007,Tirunelveli,Tirunelveli Response Zone,T+0h,0,498869,531474,1102690,857972,2155,2154,16734,17228
ASM001045,EVT007,Tirunelveli,Tirunelveli Response Zone,T+0h,0,457086,502715,489898,692937,2084,2075,14794,16343
ASM001046,EVT007,Tirunelveli,Tirunelveli Response Zone,T+3h,3,863510,756729,1517807,1129674,3159,3172,39237,33417
ASM001047,EVT007,Tirunelveli,Tirunelveli Response Zone,T+3h,3,750888,684872,780642,848566,2902,2888,15353,19098
ASM001048,EVT007,Tirunelveli,Tirunelveli Response Zone,T+3h,3,510705,650714,979678,882405,3028,3039,40156,25664
ASM001049,EVT007,Tirunelveli,Tirunelveli Response Zone,T+3h,3,863663,714009,846954,846180,2918,2911,13556,18542
ASM001050,EVT007,Tirunelveli,Tirunelveli Response Zone,T+3h,3,941219,773183,835031,856605,3187,3204,39578,29064
ASM001051,EVT007,Tirunelveli,Tirunelveli Response Zone,T+6h,6,498630,563400,1003482,830728,2291,2295,16370,22032
ASM001052,EVT007,Tirunelveli,Tirunelveli Response Zone,T+6h,6,687976,670209,894804,844180,2915,2923,12679,21591
ASM001053,EVT007,Tirunelveli,Tirunelveli Response Zone,T+6h,6,615902,577626,686678,814809,2328,2330,20648,23284
ASM001054,EVT007,Tirunelveli,Tirunelveli Response Zone,T+6h,6,587727,564049,555532,815885,2523,2521,17166,18276
ASM001055,EVT007,Tirunelveli,Tirunelveli Response Zone,T+6h,6,552700,591087,651497,822917,2498,2509,11160,16377
ASM001056,EVT007,Tirunelveli,Tirunelveli Response Zone,T+12h,12,563176,628008,561638,844833,2821,2831,11493,21197
ASM001057,EVT007,Tirunelveli,Tirunelveli Response Zone,T+12h,12,737454,757443,1003207,949693,3298,3305,28140,28957
ASM001058,EVT007,Tirunelveli,Tirunelveli Response Zone,T+12h,12,919218,792920,711359,829432,3066,3083,31769,24547
ASM001059,EVT007,Tirunelveli,Tirunelveli Response Zone,T+12h,12,811732,722421,958931,921406,3123,3151,40958,36116
ASM001060,EVT007,Tirunelveli,Tirunelveli Response Zone,T+12h,12,712148,789381,1429498,1242776,3407,3406,27204,27663
ASM001061,EVT007,Tirunelveli,Tirunelveli Response Zone,T+24h,24,1194067,1055710,2060713,1609572,4429,4432,50713,45846
ASM001062,EVT007,Tirunelveli,Tirunelveli Response Zone,T+24h,24,520121,809466,1393542,1390416,3842,3836,42269,41972
ASM001063,EVT007,Tirunelveli,Tirunelveli Response Zone,T+24h,24,1265104,1045059,1448386,1475435,4271,4279,26953,42107
ASM001064,EVT007,Tirunelveli,Tirunelveli Response Zone,T+24h,24,728901,882074,2308444,1807956,4215,4230,19756,33771
ASM001065,EVT007,Tirunelveli,Tirunelveli Response Zone,T+24h,24,930354,983458,1710043,1589927,4011,4041,39572,44249
ASM001066,EVT007,Tirunelveli,Tirunelveli Response Zone,T+36h,36,846161,985912,1540809,1592167,4543,4531,55329,53662
ASM001067,EVT007,Tirunelveli,Tirunelveli Response Zone,T+36h,36,866368,1061180,1150746,1502286,5076,5069,63472,50758
ASM001068,EVT007,Tirunelveli,Tirunelveli Response Zone,T+36h,36,1391261,1207439,1775009,1651390,4941,4931,55750,49582
ASM001069,EVT007,Tirunelveli,Tirunelveli Response Zone,T+36h,36,1006271,1105225,1922305,1650221,4879,4866,45760,41070
ASM001070,EVT007,Tirunelveli,Tirunelveli Response Zone,T+36h,36,1098932,1021268,1290387,1477256,4234,4251,38292,45448
ASM001071,EVT007,Tirunelveli,Tirunelveli Response Zone,T+48h,48,1022959,1047051,1613657,1589519,4426,4420,25669,39882
ASM001072,EVT007,Tirunelveli,Tirunelveli Response Zone,T+48h,48,1215931,1102827,1513697,1690580,4733,4721,57800,50074
ASM001073,EVT007,Tirunelveli,Tirunelveli Response Zone,T+48h,48,1120338,1091415,1461574,1556096,4924,4918,40029,37922
ASM001074,EVT007,Tirunelveli,Tirunelveli Response Zone,T+48h,48,797284,933785,771323,1297461,4355,4348,14875,34461
ASM001075,EVT007,Tirunelveli,Tirunelveli Response Zone,T+48h,48,1261641,1114343,1420038,1482986,4428,4417,30021,43022
ASM001076,EVT007,Tirunelveli,Tirunelveli Response Zone,T+72h,72,746474,832358,1562529,1364097,3340,3336,24908,30721
ASM001077,EVT007,Tirunelveli,Tirunelveli Response Zone,T+72h,72,595198,763257,1032315,1160380,3226,3242,31253,32923
ASM001078,EVT007,Tirunelveli,Tirunelveli Response Zone,T+72h,72,725157,811681,1204311,1208657,3207,3194,24296,33153
ASM001079,EVT007,Tirunelveli,Tirunelveli Response Zone,T+72h,72,1084690,922605,1007578,1111116,3344,3348,32628,35106
ASM001080,EVT007,Tirunelveli,Tirunelveli Response Zone,T+72h,72,972170,893830,1277302,1299040,3288,3299,21816,26909
ASM001081,EVT007,Kanniyakumari,Kanniyakumari Response Zone,T+0h,0,454673,490280,656422,728598,2095,2092,17904,20294
ASM001082,EVT007,Kanniyakumari,Kanniyakumari Response Zone,T+0h,0,476352,515527,558943,715172,2211,2219,14311,18197
ASM001083,EVT007,Kanniyakumari,Kanniyakumari Response Zone,T+0h,0,420194,452744,879641,761291,1854,1860,13897,17558
ASM001084,EVT007,Kanniyakumari,Kanniyakumari Response Zone,T+0h,0,749453,605096,857398,802874,2059,2063,11683,15751
ASM001085,EVT007,Kanniyakumari,Kanniyakumari Response Zone,T+0h,0,414476,386283,434250,534680,1703,1703,9201,7882
ASM001086,EVT007,Kanniyakumari,Kanniyakumari Response Zone,T+3h,3,687666,657843,983169,856934,2811,2816,28226,23624
ASM001087,EVT007,Kanniyakumari,Kanniyakumari Response Zone,T+3h,3,728798,637164,914469,844021,2657,2638,14818,20164
ASM001088,EVT007,Kanniyakumari,Kanniyakumari Response Zone,T+3h,3,632279,630755,968680,846467,2638,2631,34628,21327
ASM001089,EVT007,Kanniyakumari,Kanniyakumari Response Zone,T+3h,3,606168,629258,568411,833917,2904,2900,19818,22063
ASM001090,EVT007,Kanniyakumari,Kanniyakumari Response Zone,T+3h,3,588442,638406,1107456,867394,2651,2654,40861,28035
ASM001091,EVT007,Kanniyakumari,Kanniyakumari Response Zone,T+6h,6,622692,638045,726285,837960,2944,2934,15668,19928
ASM001092,EVT007,Kanniyakumari,Kanniyakumari Response Zone,T+6h,6,603756,623904,768973,842261,2709,2714,12931,21002
ASM001093,EVT007,Kanniyakumari,Kanniyakumari Response Zone,T+6h,6,642565,573101,1425840,893448,2435,2431,18790,16509
ASM001094,EVT007,Kanniyakumari,Kanniyakumari Response Zone,T+6h,6,673869,689970,1040157,924270,3028,3019,35364,31574
ASM001095,EVT007,Kanniyakumari,Kanniyakumari Response Zone,T+6h,6,802920,727078,855141,851970,2966,2960,23912,24994
ASM001096,EVT007,Kanniyakumari,Kanniyakumari Response Zone,T+12h,12,676888,708542,551047,851685,2806,2864,25599,30758
ASM001097,EVT007,Kanniyakumari,Kanniyakumari Response Zone,T+12h,12,704711,719514,1290852,893997,3071,3083,20669,22313
ASM001098,EVT007,Kanniyakumari,Kanniyakumari Response Zone,T+12h,12,485356,680562,737070,905011,3245,3235,29669,34655
ASM001099,EVT007,Kanniyakumari,Kanniyakumari Response Zone,T+12h,12,710925,657951,639707,846837,2681,2681,23043,26453
ASM001100,EVT007,Kanniyakumari,Kanniyakumari Response Zone,T+12h,12,700813,703325,830143,853416,2850,2862,34588,26687
ASM001101,EVT007,Kanniyakumari,Kanniyakumari Response Zone,T+24h,24,862743,736500,1557927,1231932,2881,2902,34972,33521
ASM001102,EVT007,Kanniyakumari,Kanniyakumari Response Zone,T+24h,24,492397,797748,1594411,1364335,3790,3789,42717,36676
ASM001103,EVT007,Kanniyakumari,Kanniyakumari Response Zone,T+24h,24,1038779,810933,985958,1032662,2807,2802,25153,25810
ASM001104,EVT007,Kanniyakumari,Kanniyakumari Response Zone,T+24h,24,857799,860353,1370890,1318887,3508,3493,27448,30000
ASM001105,EVT007,Kanniyakumari,Kanniyakumari Response Zone,T+24h,24,997592,840485,1026101,1204811,3477,3451,23811,31672
ASM001106,EVT007,Kanniyakumari,Kanniyakumari Response Zone,T+36h,36,631934,719361,1171852,1101696,3316,3318,24690,26219
ASM001107,EVT007,Kanniyakumari,Kanniyakumari Response Zone,T+36h,36,913943,872085,1234474,1229611,3451,3435,12475,33600
ASM001108,EVT007,Kanniyakumari,Kanniyakumari Response Zone,T+36h,36,575332,650768,1364412,1155988,2946,2971,24768,30660
ASM001109,EVT007,Kanniyakumari,Kanniyakumari Response Zone,T+36h,36,625149,665351,1367476,1134266,2834,2854,28441,28363
ASM001110,EVT007,Kanniyakumari,Kanniyakumari Response Zone,T+36h,36,1264993,1071739,1363199,1355480,3682,3678,30236,27107
ASM001111,EVT007,Kanniyakumari,Kanniyakumari Response Zone,T+48h,48,894447,944607,1276077,1393238,3829,3847,39182,42624
ASM001112,EVT007,Kanniyakumari,Kanniyakumari Response Zone,T+48h,48,1025406,1015202,1811790,1567990,4273,4279,53686,48684
ASM001113,EVT007,Kanniyakumari,Kanniyakumari Response Zone,T+48h,48,1115050,1002894,1316302,1408469,4167,4171,18258,35400
ASM001114,EVT007,Kanniyakumari,Kanniyakumari Response Zone,T+48h,48,945026,908674,961327,1193452,3685,3672,33554,35852
ASM001115,EVT007,Kanniyakumari,Kanniyakumari Response Zone,T+48h,48,1025895,973548,1302896,1440606,4267,4266,23615,37526
ASM001116,EVT007,Kanniyakumari,Kanniyakumari Response Zone,T+72h,72,750559,723334,1113406,1056865,2860,2858,22128,32469
ASM001117,EVT007,Kanniyakumari,Kanniyakumari Response Zone,T+72h,72,1317261,1101612,1522356,1344189,3567,3573,29757,34232
ASM001118,EVT007,Kanniyakumari,Kanniyakumari Response Zone,T+72h,72,771565,831242,1131892,1095433,3277,3286,49129,31361
ASM001119,EVT007,Kanniyakumari,Kanniyakumari Response Zone,T+72h,72,798239,778189,868510,1021811,3271,3250,37881,35562
ASM001120,EVT007,Kanniyakumari,Kanniyakumari Response Zone,T+72h,72,870095,785849,1041422,1032081,2856,2852,23242,26836
ASM001121,EVT007,Ramanathapuram,Ramanathapuram Response Zone,T+0h,0,352292,318384,402518,388505,1227,1231,9225,13028
ASM001122,EVT007,Ramanathapuram,Ramanathapuram Response Zone,T+0h,0,386811,345263,434329,451427,1236,1234,6501,11573
ASM001123,EVT007,Ramanathapuram,Ramanathapuram Response Zone,T+0h,0,332381,298984,530092,438879,1202,1209,10366,18990
ASM001124,EVT007,Ramanathapuram,Ramanathapuram Response Zone,T+0h,0,265127,320572,576546,520774,1383,1381,8259,9679
ASM001125,EVT007,Ramanathapuram,Ramanathapuram Response Zone,T+0h,0,399378,349364,327741,382368,1226,1225,4651,7540
ASM001126,EVT007,Ramanathapuram,Ramanathapuram Response Zone,T+3h,3,261595,312982,388369,448520,1448,1446,13059,14687
ASM001127,EVT007,Ramanathapuram,Ramanathapuram Response Zone,T+3h,3,334274,333331,327697,420647,1335,1328,8153,10855
ASM001128,EVT007,Ramanathapuram,Ramanathapuram Response Zone,T+3h,3,266154,304055,498171,428285,1310,1312,11954,11978
ASM001129,EVT007,Ramanathapuram,Ramanathapuram Response Zone,T+3h,3,357846,347849,704909,532928,1594,1588,14955,14712
ASM001130,EVT007,Ramanathapuram,Ramanathapuram Response Zone,T+3h,3,345364,338748,405007,435115,1420,1422,6146,12661
ASM001131,EVT007,Ramanathapuram,Ramanathapuram Response Zone,T+6h,6,511809,489374,642502,703231,2164,2162,19636,25551
ASM001132,EVT007,Ramanathapuram,Ramanathapuram Response Zone,T+6h,6,496563,487844,924258,744667,1929,1921,16103,26894
ASM001133,EVT007,Ramanathapuram,Ramanathapuram Response Zone,T+6h,6,583024,483513,610917,547878,1873,1868,5058,10322
ASM001134,EVT007,Ramanathapuram,Ramanathapuram Response Zone,T+6h,6,426034,410441,590537,551844,1699,1694,10031,16383
ASM001135,EVT007,Ramanathapuram,Ramanathapuram Response Zone,T+6h,6,408264,430009,418195,545985,1975,1969,24917,11894
ASM001136,EVT007,Ramanathapuram,Ramanathapuram Response Zone,T+12h,12,482767,430065,640143,556851,1786,1784,17488,16752
ASM001137,EVT007,Ramanathapuram,Ramanathapuram Response Zone,T+12h,12,512864,449259,443892,541362,1691,1690,29634,19365
ASM001138,EVT007,Ramanathapuram,Ramanathapuram Response Zone,T+12h,12,324256,391390,410930,515255,1858,1859,16773,13806
ASM001139,EVT007,Ramanathapuram,Ramanathapuram Response Zone,T+12h,12,544985,520119,594375,688793,2161,2160,14435,19204
ASM001140,EVT007,Ramanathapuram,Ramanathapuram Response Zone,T+12h,12,510545,477226,528189,626062,1948,1956,16044,22887
ASM001141,EVT007,Ramanathapuram,Ramanathapuram Response Zone,T+24h,24,571313,587959,822102,828075,2608,2607,25774,22393
ASM001142,EVT007,Ramanathapuram,Ramanathapuram Response Zone,T+24h,24,822952,710980,663567,858316,2725,2735,32569,30176
ASM001143,EVT007,Ramanathapuram,Ramanathapuram Response Zone,T+24h,24,581546,611462,1095168,952512,2551,2563,18252,20910
ASM001144,EVT007,Ramanathapuram,Ramanathapuram Response Zone,T+24h,24,590784,608380,1165939,953981,2466,2458,16500,28391
ASM001145,EVT007,Ramanathapuram,Ramanathapuram Response Zone,T+24h,24,626476,635582,599092,884942,2897,2876,79197,30720
ASM001146,EVT007,Ramanathapuram,Ramanathapuram Response Zone,T+36h,36,478576,497910,913007,790964,1832,1838,18246,22130
ASM001147,EVT007,Ramanathapuram,Ramanathapuram Response Zone,T+36h,36,419691,468266,648386,723333,2168,2162,21426,25711
ASM001148,EVT007,Ramanathapuram,Ramanathapuram Response Zone,T+36h,36,388469,455873,953556,867662,2151,2158,19938,21150
ASM001149,EVT007,Ramanathapuram,Ramanathapuram Response Zone,T+36h,36,627664,546060,652213,610947,1898,1900,14142,15566
ASM001150,EVT007,Ramanathapuram,Ramanathapuram Response Zone,T+36h,36,454925,493540,806780,843758,2213,2224,22076,22636
ASM001151,EVT007,Ramanathapuram,Ramanathapuram Response Zone,T+48h,48,452481,503471,800938,806023,2347,2354,36546,28086
ASM001152,EVT007,Ramanathapuram,Ramanathapuram Response Zone,T+48h,48,409575,585311,1233896,1045625,2795,2788,22802,24466
ASM001153,EVT007,Ramanathapuram,Ramanathapuram Response Zone,T+48h,48,568914,641973,697845,869244,2764,2758,18255,26877
ASM001154,EVT007,Ramanathapuram,Ramanathapuram Response Zone,T+48h,48,475442,579270,1050857,952317,2560,2567,23493,25401
ASM001155,EVT007,Ramanathapuram,Ramanathapuram Response Zone,T+48h,48,865053,658661,1184376,1020923,2620,2604,20475,23830
ASM001156,EVT007,Ramanathapuram,Ramanathapuram Response Zone,T+72h,72,696356,618985,981150,874841,2380,2381,28128,19908
ASM001157,EVT007,Ramanathapuram,Ramanathapuram Response Zone,T+72h,72,497233,573904,1531928,1170960,2354,2373,34228,26634
ASM001158,EVT007,Ramanathapuram,Ramanathapuram Response Zone,T+72h,72,874376,745131,692326,791591,2235,2236,17212,17802
ASM001159,EVT007,Ramanathapuram,Ramanathapuram Response Zone,T+72h,72,751134,668827,1169637,981387,2583,2598,16586,25953
ASM001160,EVT007,Ramanathapuram,Ramanathapuram Response Zone,T+72h,72,570195,594933,875835,916928,2712,2716,17807,26337
ASM001161,EVT008,Chengalpattu,Chengalpattu Response Zone,T+0h,0,676216,967748,2013685,1782272,4781,4790,32103,36583
ASM001162,EVT008,Chengalpattu,Chengalpattu Response Zone,T+0h,0,1394466,1159918,1212522,1179097,3805,3795,34135,33088
ASM001163,EVT008,Chengalpattu,Chengalpattu Response Zone,T+0h,0,703706,928597,1168154,1173997,4138,4140,29453,36295
ASM001164,EVT008,Chengalpattu,Chengalpattu Response Zone,T+0h,0,750896,972197,2093382,1760351,4704,4720,41722,43829
ASM001165,EVT008,Chengalpattu,Chengalpattu Response Zone,T+0h,0,1174692,1035113,1197487,1236109,4261,4283,32931,39792
ASM001166,EVT008,Chengalpattu,Chengalpattu Response Zone,T+3h,3,1633766,1236129,1017178,1238659,4566,4576,49019,46144
ASM001167,EVT008,Chengalpattu,Chengalpattu Response Zone,T+3h,3,1399580,1156739,1284856,1475270,4979,4933,20292,43768
ASM001168,EVT008,Chengalpattu,Chengalpattu Response Zone,T+3h,3,1112392,1075016,1660224,1486736,4282,4316,31454,43505
ASM001169,EVT008,Chengalpattu,Chengalpattu Response Zone,T+3h,3,1205910,1117786,2049721,1705735,5004,4992,30963,39673
ASM001170,EVT008,Chengalpattu,Chengalpattu Response Zone,T+3h,3,1273896,1116523,1500604,1460235,4980,4999,56120,40856
ASM001171,EVT008,Chengalpattu,Chengalpattu Response Zone,T+6h,6,1209836,1131243,2013483,1652792,4615,4615,30961,41927
ASM001172,EVT008,Chengalpattu,Chengalpattu Response Zone,T+6h,6,1060029,1098709,964386,1209048,4575,4579,36553,35958
ASM001173,EVT008,Chengalpattu,Chengalpattu Response Zone,T+6h,6,1028578,1071140,1306505,1437623,4674,4671,53631,45716
ASM001174,EVT008,Chengalpattu,Chengalpattu Response Zone,T+6h,6,1009891,1047448,1321877,1433349,4714,4723,61233,43053
ASM001175,EVT008,Chengalpattu,Chengalpattu Response Zone,T+6h,6,784956,877589,1215223,1239785,4102,4108,46249,34072
ASM001176,EVT008,Chengalpattu,Chengalpattu Response Zone,T+12h,12,1174190,1316954,1785287,1885430,5835,5848,56825,55711
ASM001177,EVT008,Chengalpattu,Chengalpattu Response Zone,T+12h,12,770820,1001832,1770790,1599961,4830,4876,37950,43138
ASM001178,EVT008,Chengalpattu,Chengalpattu Response Zone,T+12h,12,1052440,1066998,1299850,1484453,4869,4868,31853,42511
ASM001179,EVT008,Chengalpattu,Chengalpattu Response Zone,T+12h,12,960829,1107864,1738784,1758417,5328,5316,53674,54505
ASM001180,EVT008,Chengalpattu,Chengalpattu Response Zone,T+12h,12,961742,1086303,1646661,1793795,5656,5649,47473,54423
ASM001181,EVT008,Chengalpattu,Chengalpattu Response Zone,T+24h,24,1677935,1546088,1852177,2207492,6895,6930,72089,65841
ASM001182,EVT008,Chengalpattu,Chengalpattu Response Zone,T+24h,24,2259743,2128520,2591688,2555486,7551,7463,101416,85289
ASM001183,EVT008,Chengalpattu,Chengalpattu Response Zone,T+24h,24,2069795,1912331,2489089,2500165,7636,7536,94725,79111
ASM001184,EVT008,Chengalpattu,Chengalpattu Response Zone,T+24h,24,1227094,1486830,2330516,2305187,7324,7272,94146,66816
ASM001185,EVT008,Chengalpattu,Chengalpattu Response Zone,T+24h,24,1341152,1467121,2429179,2299303,7093,7105,118764,71462
ASM001186,EVT008,Chengalpattu,Chengalpattu Response Zone,T+36h,36,1698434,1536338,2245166,2193175,6010,6034,76619,70670
ASM001187,EVT008,Chengalpattu,Chengalpattu Response Zone,T+36h,36,1245926,1460409,2038263,2093628,6751,6713,86082,64387
ASM001188,EVT008,Chengalpattu,Chengalpattu Response Zone,T+36h,36,1313369,1348494,2953664,2490684,6030,6041,59114,64169
ASM001189,EVT008,Chengalpattu,Chengalpattu Response Zone,T+36h,36,1450084,1351410,1425346,1720830,5605,5596,67972,49998
ASM001190,EVT008,Chengalpattu,Chengalpattu Response Zone,T+36h,36,1072829,1241383,1612106,1711918,5463,5464,66997,52165
ASM001191,EVT008,Chengalpattu,Chengalpattu Response Zone,T+48h,48,1530070,1537559,4298198,3512073,6161,6167,65496,55505
ASM001192,EVT008,Chengalpattu,Chengalpattu Response Zone,T+48h,48,1164926,1489124,1773655,2035641,6900,6824,68117,63725
ASM001193,EVT008,Chengalpattu,Chengalpattu Response Zone,T+48h,48,1216862,1343234,1476215,1906457,5659,5712,46718,58251
ASM001194,EVT008,Chengalpattu,Chengalpattu Response Zone,T+48h,48,1692102,1588708,2881276,2631671,6784,6779,47165,73523
ASM001195,EVT008,Chengalpattu,Chengalpattu Response Zone,T+48h,48,1042504,1323452,1298573,1927479,6045,6055,66094,68760
ASM001196,EVT008,Chengalpattu,Chengalpattu Response Zone,T+72h,72,1329213,1250441,1765609,1830136,5156,5180,79773,51687
ASM001197,EVT008,Chengalpattu,Chengalpattu Response Zone,T+72h,72,1312741,1332260,3444892,2802029,5634,5586,49312,53403
ASM001198,EVT008,Chengalpattu,Chengalpattu Response Zone,T+72h,72,1423968,1320564,1323430,1768011,5590,5556,67251,54440
ASM001199,EVT008,Chengalpattu,Chengalpattu Response Zone,T+72h,72,1258352,1148225,1084179,1446024,5124,5120,55011,43598
ASM001200,EVT008,Chengalpattu,Chengalpattu Response Zone,T+72h,72,1682250,1416965,1336668,1677145,5481,5477,47906,50594
ASM001201,EVT008,Chennai,Chennai Response Zone,T+0h,0,1063955,1041502,1851103,1689424,4635,4624,64794,42421
ASM001202,EVT008,Chennai,Chennai Response Zone,T+0h,0,1062320,1135712,2164623,1920366,5030,5030,19175,46151
ASM001203,EVT008,Chennai,Chennai Response Zone,T+0h,0,1098899,1129560,1323554,1457043,4745,4753,27753,39816
ASM001204,EVT008,Chennai,Chennai Response Zone,T+0h,0,1325500,1316020,1879853,1837706,5202,5222,23781,37183
ASM001205,EVT008,Chennai,Chennai Response Zone,T+0h,0,1105530,1104353,2163745,1822417,4852,4834,30742,38642
ASM001206,EVT008,Chennai,Chennai Response Zone,T+3h,3,1209675,1256213,2550504,2137166,5113,5167,44817,40431
ASM001207,EVT008,Chennai,Chennai Response Zone,T+3h,3,902054,1027648,1345529,1443633,4600,4609,38039,34473
ASM001208,EVT008,Chennai,Chennai Response Zone,T+3h,3,993250,1100086,861880,1287354,4991,4982,40438,39075
ASM001209,EVT008,Chennai,Chennai Response Zone,T+3h,3,856163,1015275,1305327,1436704,5088,5061,51506,40946
ASM001210,EVT008,Chennai,Chennai Response Zone,T+3h,3,1441865,1273488,1248968,1412279,3971,4088,24544,32768
ASM001211,EVT008,Chennai,Chennai Response Zone,T+6h,6,1001034,1217000,1583316,1681051,5411,5480,24323,38571
ASM001212,EVT008,Chennai,Chennai Response Zone,T+6h,6,1116860,1363405,1664669,1732939,5687,5633,48690,44211
ASM001213,EVT008,Chennai,Chennai Response Zone,T+6h,6,1100583,1263604,2358204,2128503,5952,5951,45428,53199
ASM001214,EVT008,Chennai,Chennai Response Zone,T+6h,6,1614864,1539050,2669678,2262896,6174,6178,40529,61086
ASM001215,EVT008,Chennai,Chennai Response Zone,T+6h,6,1344769,1523396,1891210,1918597,6501,6452,78764,56444
ASM001216,EVT008,Chennai,Chennai Response Zone,T+12h,12,1756390,1715875,2361530,2106304,6080,6097,65923,50092
ASM001217,EVT008,Chennai,Chennai Response Zone,T+12h,12,1171849,1386942,1958422,1916229,6152,6171,71639,45248
ASM001218,EVT008,Chennai,Chennai Response Zone,T+12h,12,1399674,1558591,1826133,1873581,5871,5878,47935,46640
ASM001219,EVT008,Chennai,Chennai Response Zone,T+12h,12,1248944,1521492,2474995,2175842,6822,6744,65590,55695
ASM001220,EVT008,Chennai,Chennai Response Zone,T+12h,12,1944733,1702992,1727609,1832064,5484,5522,67309,46680
ASM001221,EVT008,Chennai,Chennai Response Zone,T+24h,24,1474929,1700917,4647311,3865579,7915,7847,60901,76203
ASM001222,EVT008,Chennai,Chennai Response Zone,T+24h,24,1875771,1727990,1820508,2207974,7451,7492,98527,75294
ASM001223,EVT008,Chennai,Chennai Response Zone,T+24h,24,2056747,1955878,2352907,2635901,8095,8033,77746,75269
ASM001224,EVT008,Chennai,Chennai Response Zone,T+24h,24,1853064,1842028,2481918,2447005,7272,7262,93937,69958
ASM001225,EVT008,Chennai,Chennai Response Zone,T+24h,24,1830178,1905927,3066040,2797725,8669,8615,77752,79981
ASM001226,EVT008,Chennai,Chennai Response Zone,T+36h,36,1547761,1648377,3362037,2886456,6721,6733,107456,65972
ASM001227,EVT008,Chennai,Chennai Response Zone,T+36h,36,1578690,1560586,2170786,2069437,6489,6519,43087,50121
ASM001228,EVT008,Chennai,Chennai Response Zone,T+36h,36,1545189,1625471,1715727,2215635,6519,6560,47112,71494
ASM001229,EVT008,Chennai,Chennai Response Zone,T+36h,36,1931348,1862174,2933993,2597745,6424,6483,95896,62284
ASM001230,EVT008,Chennai,Chennai Response Zone,T+36h,36,2622529,2129927,2994071,2709666,7131,7086,46814,64514
ASM001231,EVT008,Chennai,Chennai Response Zone,T+48h,48,1929094,1973262,2004682,2577980,9618,9486,146937,99996
ASM001232,EVT008,Chennai,Chennai Response Zone,T+48h,48,1654241,1968952,3198524,2938809,10129,9859,89877,90980
ASM001233,EVT008,Chennai,Chennai Response Zone,T+48h,48,1961737,2036863,2021535,2444745,8576,8505,127352,93334
ASM001234,EVT008,Chennai,Chennai Response Zone,T+48h,48,3674714,3263674,2791926,3018601,9438,9397,147883,111440
ASM001235,EVT008,Chennai,Chennai Response Zone,T+48h,48,1830389,1963452,2585028,2673444,9327,9255,110916,98740
ASM001236,EVT008,Chennai,Chennai Response Zone,T+72h,72,2138064,1926701,2819046,2492848,6244,6270,66228,56809
ASM001237,EVT008,Chennai,Chennai Response Zone,T+72h,72,2230267,2027722,2428602,2403594,6834,6805,67915,64218
ASM001238,EVT008,Chennai,Chennai Response Zone,T+72h,72,1450324,1576375,1667771,1868397,6696,6668,25268,55576
ASM001239,EVT008,Chennai,Chennai Response Zone,T+72h,72,1875159,1747142,2985601,2638949,7215,7131,52349,57709
ASM001240,EVT008,Chennai,Chennai Response Zone,T+72h,72,2029056,1767170,1481668,1891687,5990,5986,31844,49290
ASM001241,EVT008,Kancheepuram,Kancheepuram Response Zone,T+0h,0,807260,850809,1272669,1194698,3878,3871,27304,29345
ASM001242,EVT008,Kancheepuram,Kancheepuram Response Zone,T+0h,0,848116,917509,1000788,1175209,3697,3708,22687,32253
ASM001243,EVT008,Kancheepuram,Kancheepuram Response Zone,T+0h,0,757316,799861,1065495,1156614,3893,3889,19241,32466
ASM001244,EVT008,Kancheepuram,Kancheepuram Response Zone,T+0h,0,639677,752926,1247748,1188772,3361,3362,46165,29609
ASM001245,EVT008,Kancheepuram,Kancheepuram Response Zone,T+0h,0,765544,858530,1391124,1264951,3840,3840,47778,35405
ASM001246,EVT008,Kancheepuram,Kancheepuram Response Zone,T+3h,3,672811,781796,1693981,1359299,3716,3724,34689,36580
ASM001247,EVT008,Kancheepuram,Kancheepuram Response Zone,T+3h,3,1060062,1095413,1430046,1442187,4674,4673,45193,46009
ASM001248,EVT008,Kancheepuram,Kancheepuram Response Zone,T+3h,3,826312,962936,1406740,1284590,4265,4264,31771,35535
ASM001249,EVT008,Kancheepuram,Kancheepuram Response Zone,T+3h,3,1036830,1032049,1177360,1234956,4260,4263,34636,33691
ASM001250,EVT008,Kancheepuram,Kancheepuram Response Zone,T+3h,3,680548,860992,1334240,1298299,4291,4300,26488,34523
ASM001251,EVT008,Kancheepuram,Kancheepuram Response Zone,T+6h,6,880895,836252,1237993,1173308,3567,3560,34444,26841
ASM001252,EVT008,Kancheepuram,Kancheepuram Response Zone,T+6h,6,1011028,926544,1141354,1176668,3860,3861,28300,32165
ASM001253,EVT008,Kancheepuram,Kancheepuram Response Zone,T+6h,6,650222,842611,875185,1193761,4270,4282,38086,43454
ASM001254,EVT008,Kancheepuram,Kancheepuram Response Zone,T+6h,6,879911,838606,1269042,1210835,3592,3574,35928,36642
ASM001255,EVT008,Kancheepuram,Kancheepuram Response Zone,T+6h,6,1170590,1038432,1426554,1313862,3993,4008,34127,42301
ASM001256,EVT008,Kancheepuram,Kancheepuram Response Zone,T+12h,12,790289,942277,1142578,1311712,4521,4492,38355,38095
ASM001257,EVT008,Kancheepuram,Kancheepuram Response Zone,T+12h,12,1268165,1056884,868693,1127991,4158,4151,21605,29316
ASM001258,EVT008,Kancheepuram,Kancheepuram Response Zone,T+12h,12,966432,931924,1789364,1387217,4047,4046,42495,38005
ASM001259,EVT008,Kancheepuram,Kancheepuram Response Zone,T+12h,12,866936,1009415,1514308,1327030,4415,4387,48288,38145
ASM001260,EVT008,Kancheepuram,Kancheepuram Response Zone,T+12h,12,979202,1020490,1224321,1250870,4242,4259,22867,32698
ASM001261,EVT008,Kancheepuram,Kancheepuram Response Zone,T+24h,24,1837223,1691485,1851786,2101698,7718,7637,74553,75138
ASM001262,EVT008,Kancheepuram,Kancheepuram Response Zone,T+24h,24,1667809,1660417,2012650,2261704,7585,7545,90505,78268
ASM001263,EVT008,Kancheepuram,Kancheepuram Response Zone,T+24h,24,1772252,1568751,3365246,2801796,7164,7164,68363,76380
ASM001264,EVT008,Kancheepuram,Kancheepuram Response Zone,T+24h,24,1368436,1528069,2393166,2264658,7061,7073,65760,68132
ASM001265,EVT008,Kancheepuram,Kancheepuram Response Zone,T+24h,24,1643424,1583515,2064520,2185120,6889,6929,86063,74317
ASM001266,EVT008,Kancheepuram,Kancheepuram Response Zone,T+36h,36,1198675,1469694,2719793,2576151,7056,7067,104648,77748
ASM001267,EVT008,Kancheepuram,Kancheepuram Response Zone,T+36h,36,1594323,1551260,1910294,2129559,7257,7223,52164,66672
ASM001268,EVT008,Kancheepuram,Kancheepuram Response Zone,T+36h,36,1316427,1527551,3546294,2856450,6620,6678,59705,77179
ASM001269,EVT008,Kancheepuram,Kancheepuram Response Zone,T+36h,36,1414338,1527117,3267492,2662381,6857,6868,54351,68199
ASM001270,EVT008,Kancheepuram,Kancheepuram Response Zone,T+36h,36,2055369,1808227,2155356,2337812,7180,7147,55495,77974
ASM001271,EVT008,Kancheepuram,Kancheepuram Response Zone,T+48h,48,1886139,1677723,1904041,2141952,6476,6441,72073,65353
ASM001272,EVT008,Kancheepuram,Kancheepuram Response Zone,T+48h,48,1660239,1531399,1141201,1818437,6116,6118,43984,65897
ASM001273,EVT008,Kancheepuram,Kancheepuram Response Zone,T+48h,48,1262090,1476265,1592115,2057916,6686,6723,128247,68679
ASM001274,EVT008,Kancheepuram,Kancheepuram Response Zone,T+48h,48,1262073,1353826,1396252,1763693,5650,5654,71555,51791
ASM001275,EVT008,Kancheepuram,Kancheepuram Response Zone,T+48h,48,1996901,1778854,2415567,2354230,6854,6893,71376,73596
ASM001276,EVT008,Kancheepuram,Kancheepuram Response Zone,T+72h,72,1393212,1345270,1830563,1990923,5904,5882,66662,54238
ASM001277,EVT008,Kancheepuram,Kancheepuram Response Zone,T+72h,72,2268794,1798536,1516569,1914484,6467,6431,36600,59766
ASM001278,EVT008,Kancheepuram,Kancheepuram Response Zone,T+72h,72,1359586,1337020,1800464,1861866,5331,5346,117360,56242
ASM001279,EVT008,Kancheepuram,Kancheepuram Response Zone,T+72h,72,1297290,1368588,2095336,1869483,5173,5201,41354,52557
ASM001280,EVT008,Kancheepuram,Kancheepuram Response Zone,T+72h,72,1281584,1323734,2278599,2084102,5673,5647,49656,55320
ASM001281,EVT008,Tiruvallur,Tiruvallur Response Zone,T+0h,0,1187868,1201680,1007070,1322101,5345,5328,25988,44370
ASM001282,EVT008,Tiruvallur,Tiruvallur Response Zone,T+0h,0,1058294,1067411,1506926,1503142,4819,4820,54770,46991
ASM001283,EVT008,Tiruvallur,Tiruvallur Response Zone,T+0h,0,1305222,1262407,1055481,1320189,5084,5086,20644,36076
ASM001284,EVT008,Tiruvallur,Tiruvallur Response Zone,T+0h,0,1307360,1099792,1850277,1592535,4857,4895,37607,39476
ASM001285,EVT008,Tiruvallur,Tiruvallur Response Zone,T+0h,0,952302,1072466,1900384,1731120,4762,4812,34326,42195
ASM001286,EVT008,Tiruvallur,Tiruvallur Response Zone,T+3h,3,835426,1038979,1181804,1368840,4790,4785,25415,38278
ASM001287,EVT008,Tiruvallur,Tiruvallur Response Zone,T+3h,3,762896,954572,1320650,1494063,4870,4856,41352,51080
ASM001288,EVT008,Tiruvallur,Tiruvallur Response Zone,T+3h,3,1364980,1309431,1486971,1624323,5398,5430,46010,47775
ASM001289,EVT008,Tiruvallur,Tiruvallur Response Zone,T+3h,3,871318,1009044,867592,1286936,4764,4787,29574,43742
ASM001290,EVT008,Tiruvallur,Tiruvallur Response Zone,T+3h,3,670686,919550,1551468,1505473,4797,4781,29961,39725
ASM001291,EVT008,Tiruvallur,Tiruvallur Response Zone,T+6h,6,1485864,1490816,1710438,1777737,6242,6262,57076,53065
ASM001292,EVT008,Tiruvallur,Tiruvallur Response Zone,T+6h,6,2210197,1857022,2219541,1961388,6053,6087,79667,47249
ASM001293,EVT008,Tiruvallur,Tiruvallur Response Zone,T+6h,6,1159334,1189916,1201105,1429605,5034,5018,48338,45983
ASM001294,EVT008,Tiruvallur,Tiruvallur Response Zone,T+6h,6,1581664,1550545,1591547,1645291,5984,6022,41353,54956
ASM001295,EVT008,Tiruvallur,Tiruvallur Response Zone,T+6h,6,1325035,1402861,1271805,1537537,5759,5745,54974,59412
ASM001296,EVT008,Tiruvallur,Tiruvallur Response Zone,T+12h,12,1352891,1457763,1500791,1765846,6531,6505,60185,61113
ASM001297,EVT008,Tiruvallur,Tiruvallur Response Zone,T+12h,12,1545816,1497110,1340679,1716945,5955,5949,54518,62250
ASM001298,EVT008,Tiruvallur,Tiruvallur Response Zone,T+12h,12,1058899,1086686,1972381,1693576,4907,4883,54812,46801
ASM001299,EVT008,Tiruvallur,Tiruvallur Response Zone,T+12h,12,1410119,1509262,1478508,1702060,6244,6213,45551,50771
ASM001300,EVT008,Tiruvallur,Tiruvallur Response Zone,T+12h,12,1227501,1214487,1629099,1587617,4968,4962,58346,45374
ASM001301,EVT008,Tiruvallur,Tiruvallur Response Zone,T+24h,24,1792272,1894947,2830219,2838837,8853,8903,92506,104250
ASM001302,EVT008,Tiruvallur,Tiruvallur Response Zone,T+24h,24,2533281,2375856,2208307,2514218,8973,8982,135226,101310
ASM001303,EVT008,Tiruvallur,Tiruvallur Response Zone,T+24h,24,2007873,2099300,2853070,2847677,9708,9592,79031,93616
ASM001304,EVT008,Tiruvallur,Tiruvallur Response Zone,T+24h,24,1781900,1928438,3638876,3300369,9319,9254,77971,106795
ASM001305,EVT008,Tiruvallur,Tiruvallur Response Zone,T+24h,24,2335302,2263960,2315643,2647961,9468,9490,200294,108496
ASM001306,EVT008,Tiruvallur,Tiruvallur Response Zone,T+36h,36,1730535,1943217,3767478,3419270,8961,8979,56030,103955
ASM001307,EVT008,Tiruvallur,Tiruvallur Response Zone,T+36h,36,1981188,1963411,2460100,2569273,8573,8589,81513,98988
ASM001308,EVT008,Tiruvallur,Tiruvallur Response Zone,T+36h,36,1929956,1885781,2508135,2563618,8040,8131,63682,84100
ASM001309,EVT008,Tiruvallur,Tiruvallur Response Zone,T+36h,36,2592905,2475498,3463012,3133284,8697,8859,192718,106051
ASM001310,EVT008,Tiruvallur,Tiruvallur Response Zone,T+36h,36,2233859,2163731,2480386,2567878,8994,8981,131724,84535
ASM001311,EVT008,Tiruvallur,Tiruvallur Response Zone,T+48h,48,1886685,1879898,2928879,2844014,8451,8409,146070,94272
ASM001312,EVT008,Tiruvallur,Tiruvallur Response Zone,T+48h,48,2412595,2202407,2707397,2684701,8916,8958,69509,87220
ASM001313,EVT008,Tiruvallur,Tiruvallur Response Zone,T+48h,48,2452818,2199016,2800572,2756264,8502,8317,150398,77431
ASM001314,EVT008,Tiruvallur,Tiruvallur Response Zone,T+48h,48,2261497,2074886,1727932,2246026,9268,9070,116636,101892
ASM001315,EVT008,Tiruvallur,Tiruvallur Response Zone,T+48h,48,1822455,1964071,1694347,2223439,7970,7922,99037,78541
ASM001316,EVT008,Tiruvallur,Tiruvallur Response Zone,T+72h,72,1551808,1798948,3487380,2979352,8904,8842,89679,90677
ASM001317,EVT008,Tiruvallur,Tiruvallur Response Zone,T+72h,72,1504251,1800570,3457707,2967448,7772,7871,65039,75421
ASM001318,EVT008,Tiruvallur,Tiruvallur Response Zone,T+72h,72,1857248,1906582,2317599,2415515,8398,8348,74169,86865
ASM001319,EVT008,Tiruvallur,Tiruvallur Response Zone,T+72h,72,1587150,1708920,2519331,2549080,7514,7553,74961,82858
ASM001320,EVT008,Tiruvallur,Tiruvallur Response Zone,T+72h,72,1879218,1891750,3084696,2820391,8312,8419,97757,91369
ASM001321,EVT009,Chennai,Chennai Response Zone,T+0h,0,641596,725725,1053305,883971,2624,2643,22369,19768
ASM001322,EVT009,Chennai,Chennai Response Zone,T+0h,0,563319,532979,430483,673918,2014,2036,16250,15152
ASM001323,EVT009,Chennai,Chennai Response Zone,T+0h,0,471126,489369,543920,711934,1960,1942,25536,15907
ASM001324,EVT009,Chennai,Chennai Response Zone,T+0h,0,505240,503269,571912,675448,1831,1848,4293,7928
ASM001325,EVT009,Chennai,Chennai Response Zone,T+0h,0,698969,696380,1176922,987025,2909,2899,31016,24690
ASM001326,EVT009,Chennai,Chennai Response Zone,T+3h,3,507969,693873,1933661,1454564,3102,3135,31941,25623
ASM001327,EVT009,Chennai,Chennai Response Zone,T+3h,3,617747,790753,939310,1183128,2964,3034,24060,16788
ASM001328,EVT009,Chennai,Chennai Response Zone,T+3h,3,829427,851578,837475,1176621,3668,3687,32340,31925
ASM001329,EVT009,Chennai,Chennai Response Zone,T+3h,3,562647,638014,1075559,982830,3104,3084,23029,19206
ASM001330,EVT009,Chennai,Chennai Response Zone,T+3h,3,923496,887186,1501622,1280074,3489,3517,26105,20299
ASM001331,EVT009,Chennai,Chennai Response Zone,T+6h,6,1054975,922873,1063407,1180573,3439,3430,33838,21493
ASM001332,EVT009,Chennai,Chennai Response Zone,T+6h,6,879554,734478,777907,867205,2965,2962,23388,24288
ASM001333,EVT009,Chennai,Chennai Response Zone,T+6h,6,721936,733238,1331456,1229893,3418,3415,29429,23863
ASM001334,EVT009,Chennai,Chennai Response Zone,T+6h,6,1025442,869064,1237216,1251596,3217,3230,39738,22331
ASM001335,EVT009,Chennai,Chennai Response Zone,T+6h,6,776058,745732,784213,1082841,3303,3298,11924,22338
ASM001336,EVT009,Chennai,Chennai Response Zone,T+12h,12,982699,1030455,1599936,1531339,4826,4842,39315,48867
ASM001337,EVT009,Chennai,Chennai Response Zone,T+12h,12,832772,899085,1613227,1476133,4373,4381,48296,31157
ASM001338,EVT009,Chennai,Chennai Response Zone,T+12h,12,866316,922176,1741647,1430996,3992,3993,59771,39223
ASM001339,EVT009,Chennai,Chennai Response Zone,T+12h,12,1037040,1083318,1452908,1566967,5256,5220,43379,40437
ASM001340,EVT009,Chennai,Chennai Response Zone,T+12h,12,1105124,1061196,1311807,1453334,4805,4805,32392,37226
ASM001341,EVT009,Chennai,Chennai Response Zone,T+24h,24,1378542,1298427,2571941,2145084,5560,5570,32328,46790
ASM001342,EVT009,Chennai,Chennai Response Zone,T+24h,24,1346263,1317096,1413601,1787186,5790,5776,37611,49942
ASM001343,EVT009,Chennai,Chennai Response Zone,T+24h,24,1455495,1330309,2153756,1996971,5452,5463,75135,50248
ASM001344,EVT009,Chennai,Chennai Response Zone,T+24h,24,1686711,1536617,1427200,1847615,5356,5385,48090,58225
ASM001345,EVT009,Chennai,Chennai Response Zone,T+24h,24,1594848,1377721,2410149,2092822,5695,5662,37026,41858
ASM001346,EVT009,Chennai,Chennai Response Zone,T+36h,36,1001077,1147302,1874567,1984983,5875,5864,45161,52329
ASM001347,EVT009,Chennai,Chennai Response Zone,T+36h,36,801056,980505,2707391,2232679,5868,5834,68043,55884
ASM001348,EVT009,Chennai,Chennai Response Zone,T+36h,36,1517205,1389518,2103353,2015412,5293,5288,43409,52239
ASM001349,EVT009,Chennai,Chennai Response Zone,T+36h,36,1023697,1242162,1437319,1798559,5562,5585,48672,50678
ASM001350,EVT009,Chennai,Chennai Response Zone,T+36h,36,1297245,1291268,2841469,2307711,5519,5530,33400,57166
ASM001351,EVT009,Chennai,Chennai Response Zone,T+48h,48,846901,935973,2323524,1884915,4496,4510,21875,37603
ASM001352,EVT009,Chennai,Chennai Response Zone,T+48h,48,829443,1085308,2323075,2019188,4881,4875,58013,53524
ASM001353,EVT009,Chennai,Chennai Response Zone,T+48h,48,990129,924581,1085345,1255580,3488,3468,20187,29768
ASM001354,EVT009,Chennai,Chennai Response Zone,T+48h,48,986489,922832,1186411,1247296,3289,3290,59520,30588
ASM001355,EVT009,Chennai,Chennai Response Zone,T+48h,48,838326,885251,1392776,1381889,3673,3684,14005,26532
ASM001356,EVT009,Chennai,Chennai Response Zone,T+72h,72,625028,853391,1294043,1461923,4153,4153,26241,34260
ASM001357,EVT009,Chennai,Chennai Response Zone,T+72h,72,848321,923391,2217987,1702101,3711,3730,39788,37052
ASM001358,EVT009,Chennai,Chennai Response Zone,T+72h,72,1271164,1137487,1867677,1748136,4765,4781,45704,50309
ASM001359,EVT009,Chennai,Chennai Response Zone,T+72h,72,959146,1245023,993389,1556712,5309,5314,37661,53567
ASM001360,EVT009,Chennai,Chennai Response Zone,T+72h,72,1240380,1119657,1848924,1805211,4850,4841,26994,40931
ASM001361,EVT009,Tiruvallur,Tiruvallur Response Zone,T+0h,0,604182,649397,755470,864718,2476,2487,12197,19474
ASM001362,EVT009,Tiruvallur,Tiruvallur Response Zone,T+0h,0,795907,711163,961191,960814,3051,3051,20669,23329
ASM001363,EVT009,Tiruvallur,Tiruvallur Response Zone,T+0h,0,758279,740275,953758,1146222,3027,3043,50439,29948
ASM001364,EVT009,Tiruvallur,Tiruvallur Response Zone,T+0h,0,534086,645455,1086844,915414,2896,2889,19771,21415
ASM001365,EVT009,Tiruvallur,Tiruvallur Response Zone,T+0h,0,766136,638975,1096570,884234,2637,2642,27850,19450
ASM001366,EVT009,Tiruvallur,Tiruvallur Response Zone,T+3h,3,691885,700163,1075585,952225,3185,3178,30985,27021
ASM001367,EVT009,Tiruvallur,Tiruvallur Response Zone,T+3h,3,714676,714631,909302,947035,3033,3007,36509,26168
ASM001368,EVT009,Tiruvallur,Tiruvallur Response Zone,T+3h,3,578021,685216,954870,898854,2868,2888,11164,26810
ASM001369,EVT009,Tiruvallur,Tiruvallur Response Zone,T+3h,3,714800,775004,1038614,1191888,3375,3371,17486,20482
ASM001370,EVT009,Tiruvallur,Tiruvallur Response Zone,T+3h,3,580110,653834,786516,883604,3093,3083,35407,22478
ASM001371,EVT009,Tiruvallur,Tiruvallur Response Zone,T+6h,6,525420,558892,846615,816084,2232,2236,12518,15801
ASM001372,EVT009,Tiruvallur,Tiruvallur Response Zone,T+6h,6,875380,721732,948161,892482,2599,2592,31168,20294
ASM001373,EVT009,Tiruvallur,Tiruvallur Response Zone,T+6h,6,491455,631463,1333704,938875,2742,2740,38351,23643
ASM001374,EVT009,Tiruvallur,Tiruvallur Response Zone,T+6h,6,492984,631119,1299564,948491,2874,2897,21401,23527
ASM001375,EVT009,Tiruvallur,Tiruvallur Response Zone,T+6h,6,787747,673552,695096,836503,2474,2484,18816,22003
ASM001376,EVT009,Tiruvallur,Tiruvallur Response Zone,T+12h,12,689287,728186,1198011,1040336,3169,3180,18216,25249
ASM001377,EVT009,Tiruvallur,Tiruvallur Response Zone,T+12h,12,568529,624413,699089,852384,2783,2786,17123,19058
ASM001378,EVT009,Tiruvallur,Tiruvallur Response Zone,T+12h,12,976831,890700,1258269,1204406,3384,3398,17078,26122
ASM001379,EVT009,Tiruvallur,Tiruvallur Response Zone,T+12h,12,615512,674737,799778,845861,3033,3023,18894,17759
ASM001380,EVT009,Tiruvallur,Tiruvallur Response Zone,T+12h,12,970475,731236,711388,872648,2856,2884,14653,23254
ASM001381,EVT009,Tiruvallur,Tiruvallur Response Zone,T+24h,24,1176258,1086350,1686888,1587394,4116,4111,54297,45963
ASM001382,EVT009,Tiruvallur,Tiruvallur Response Zone,T+24h,24,1059565,1148768,928852,1481166,5111,5129,69316,55576
ASM001383,EVT009,Tiruvallur,Tiruvallur Response Zone,T+24h,24,1741443,1356172,1102233,1480750,4922,4882,28469,49322
ASM001384,EVT009,Tiruvallur,Tiruvallur Response Zone,T+24h,24,960989,1044397,1522179,1521407,4456,4450,63188,43182
ASM001385,EVT009,Tiruvallur,Tiruvallur Response Zone,T+24h,24,1246306,1094590,1677380,1625815,4358,4367,54999,47340
ASM001386,EVT009,Tiruvallur,Tiruvallur Response Zone,T+36h,36,1146952,1058736,1442721,1561342,4601,4596,49666,43482
ASM001387,EVT009,Tiruvallur,Tiruvallur Response Zone,T+36h,36,1343009,1113857,1032837,1434237,4215,4210,31324,39877
ASM001388,EVT009,Tiruvallur,Tiruvallur Response Zone,T+36h,36,1565865,1327419,1372641,1520011,4802,4789,51731,44565
ASM001389,EVT009,Tiruvallur,Tiruvallur Response Zone,T+36h,36,1115774,1105485,1835483,1624676,4323,4346,63655,49554
ASM001390,EVT009,Tiruvallur,Tiruvallur Response Zone,T+36h,36,956815,1087473,1887781,1653052,4466,4485,39053,44040
ASM001391,EVT009,Tiruvallur,Tiruvallur Response Zone,T+48h,48,1351784,1328354,1794341,1774146,5274,5253,78782,47299
ASM001392,EVT009,Tiruvallur,Tiruvallur Response Zone,T+48h,48,794798,896732,1853842,1525979,3765,3768,39749,39479
ASM001393,EVT009,Tiruvallur,Tiruvallur Response Zone,T+48h,48,1682263,1395570,1819009,1631585,4288,4319,55026,43235
ASM001394,EVT009,Tiruvallur,Tiruvallur Response Zone,T+48h,48,1152541,1152120,1368865,1538506,4814,4820,46848,44216
ASM001395,EVT009,Tiruvallur,Tiruvallur Response Zone,T+48h,48,1101664,1184234,1615261,1705715,4714,4750,50944,43905
ASM001396,EVT009,Tiruvallur,Tiruvallur Response Zone,T+72h,72,1061276,1028184,1081630,1451713,3871,3910,22447,40492
ASM001397,EVT009,Tiruvallur,Tiruvallur Response Zone,T+72h,72,747788,910469,1446915,1523680,4024,4023,44580,43552
ASM001398,EVT009,Tiruvallur,Tiruvallur Response Zone,T+72h,72,782234,924509,1885953,1487469,3818,3820,27895,35305
ASM001399,EVT009,Tiruvallur,Tiruvallur Response Zone,T+72h,72,1255739,1050860,1741506,1501101,4006,4006,26321,37845
ASM001400,EVT009,Tiruvallur,Tiruvallur Response Zone,T+72h,72,921978,994856,2235299,1705311,4217,4219,66778,42069
ASM001401,EVT009,Chengalpattu,Chengalpattu Response Zone,T+0h,0,462937,540960,705151,828277,2447,2443,13369,13154
ASM001402,EVT009,Chengalpattu,Chengalpattu Response Zone,T+0h,0,670541,635471,1221919,879288,2551,2576,20560,27141
ASM001403,EVT009,Chengalpattu,Chengalpattu Response Zone,T+0h,0,609722,544514,617915,689560,1931,1918,10948,12632
ASM001404,EVT009,Chengalpattu,Chengalpattu Response Zone,T+0h,0,748345,717243,1243982,884518,2806,2800,11909,18468
ASM001405,EVT009,Chengalpattu,Chengalpattu Response Zone,T+0h,0,793461,737823,897369,855886,2731,2727,35085,21937
ASM001406,EVT009,Chengalpattu,Chengalpattu Response Zone,T+3h,3,501345,573640,998106,890660,2440,2433,19877,23786
ASM001407,EVT009,Chengalpattu,Chengalpattu Response Zone,T+3h,3,414695,530084,1061206,821286,2243,2239,15770,13589
ASM001408,EVT009,Chengalpattu,Chengalpattu Response Zone,T+3h,3,810267,674844,771286,841494,2602,2602,24399,14359
ASM001409,EVT009,Chengalpattu,Chengalpattu Response Zone,T+3h,3,519396,563611,782782,797388,2369,2354,13244,16241
ASM001410,EVT009,Chengalpattu,Chengalpattu Response Zone,T+3h,3,552277,594166,1117287,897938,2573,2567,23614,19826
ASM001411,EVT009,Chengalpattu,Chengalpattu Response Zone,T+6h,6,826076,735246,834242,895862,2672,2664,14718,21977
ASM001412,EVT009,Chengalpattu,Chengalpattu Response Zone,T+6h,6,725303,720062,643907,855213,2873,2875,50989,24621
ASM001413,EVT009,Chengalpattu,Chengalpattu Response Zone,T+6h,6,829070,774140,1838478,1417940,3105,3098,45715,33706
ASM001414,EVT009,Chengalpattu,Chengalpattu Response Zone,T+6h,6,938001,768783,758836,875916,2524,2541,21684,24826
ASM001415,EVT009,Chengalpattu,Chengalpattu Response Zone,T+6h,6,620332,726217,995143,923096,2959,2953,18607,24841
ASM001416,EVT009,Chengalpattu,Chengalpattu Response Zone,T+12h,12,822529,755402,1291934,950098,2905,2910,28999,28432
ASM001417,EVT009,Chengalpattu,Chengalpattu Response Zone,T+12h,12,678730,731296,759855,821586,2980,2991,15057,16892
ASM001418,EVT009,Chengalpattu,Chengalpattu Response Zone,T+12h,12,693690,729919,695765,868489,2704,2698,42797,23542
ASM001419,EVT009,Chengalpattu,Chengalpattu Response Zone,T+12h,12,920810,765014,949369,845765,2873,2876,12212,18694
ASM001420,EVT009,Chengalpattu,Chengalpattu Response Zone,T+12h,12,699757,643703,522891,844445,2833,2834,14908,14272
ASM001421,EVT009,Chengalpattu,Chengalpattu Response Zone,T+24h,24,1205402,1087121,1491419,1564928,4601,4622,45529,48932
ASM001422,EVT009,Chengalpattu,Chengalpattu Response Zone,T+24h,24,1366564,1172202,1645144,1522546,4702,4691,34320,37366
ASM001423,EVT009,Chengalpattu,Chengalpattu Response Zone,T+24h,24,1017062,1031837,1503620,1533871,4514,4522,42434,45013
ASM001424,EVT009,Chengalpattu,Chengalpattu Response Zone,T+24h,24,909880,1023717,1103027,1477228,4390,4405,44147,45765
ASM001425,EVT009,Chengalpattu,Chengalpattu Response Zone,T+24h,24,888234,1062776,2320309,1779386,4439,4466,47994,40042
ASM001426,EVT009,Chengalpattu,Chengalpattu Response Zone,T+36h,36,738886,1004169,1581582,1567382,4519,4515,41665,37972
ASM001427,EVT009,Chengalpattu,Chengalpattu Response Zone,T+36h,36,1545148,1151357,2144417,1542019,4121,4135,42851,38150
ASM001428,EVT009,Chengalpattu,Chengalpattu Response Zone,T+36h,36,799468,951834,1329525,1461128,4224,4218,13035,34819
ASM001429,EVT009,Chengalpattu,Chengalpattu Response Zone,T+36h,36,1051736,1076548,1280574,1580954,4446,4465,46053,45531
ASM001430,EVT009,Chengalpattu,Chengalpattu Response Zone,T+36h,36,989372,1057082,1691762,1565037,4403,4385,27151,45965
ASM001431,EVT009,Chengalpattu,Chengalpattu Response Zone,T+48h,48,1106263,1058980,1474203,1465410,4180,4181,51633,43264
ASM001432,EVT009,Chengalpattu,Chengalpattu Response Zone,T+48h,48,1162485,996624,1059264,1364157,4097,4085,48490,34440
ASM001433,EVT009,Chengalpattu,Chengalpattu Response Zone,T+48h,48,1171604,999274,2085898,1540821,4002,4004,26795,37825
ASM001434,EVT009,Chengalpattu,Chengalpattu Response Zone,T+48h,48,880090,973435,1291604,1464818,3856,3863,40368,44102
ASM001435,EVT009,Chengalpattu,Chengalpattu Response Zone,T+48h,48,1002173,1065994,1006192,1463665,4435,4420,41302,49557
ASM001436,EVT009,Chengalpattu,Chengalpattu Response Zone,T+72h,72,994087,940694,1980708,1618021,4048,4044,55376,40009
ASM001437,EVT009,Chengalpattu,Chengalpattu Response Zone,T+72h,72,860228,915306,1190568,1322994,3715,3703,36063,37057
ASM001438,EVT009,Chengalpattu,Chengalpattu Response Zone,T+72h,72,1225025,1012493,1119603,1294041,3782,3786,53867,32179
ASM001439,EVT009,Chengalpattu,Chengalpattu Response Zone,T+72h,72,1007883,924650,843281,1187690,3464,3466,29272,26344
ASM001440,EVT009,Chengalpattu,Chengalpattu Response Zone,T+72h,72,1056955,975018,2159771,1664127,3795,3814,42420,40296
ASM001441,EVT009,Kancheepuram,Kancheepuram Response Zone,T+0h,0,600617,578187,505938,693273,2281,2278,11697,13685
ASM001442,EVT009,Kancheepuram,Kancheepuram Response Zone,T+0h,0,815650,727202,892847,854409,2794,2790,25305,21445
ASM001443,EVT009,Kancheepuram,Kancheepuram Response Zone,T+0h,0,582809,578679,948508,856481,2417,2410,9225,15784
ASM001444,EVT009,Kancheepuram,Kancheepuram Response Zone,T+0h,0,355254,414895,714288,734405,1849,1863,16789,19980
ASM001445,EVT009,Kancheepuram,Kancheepuram Response Zone,T+0h,0,584284,582916,709341,757155,2358,2355,14460,13644
ASM001446,EVT009,Kancheepuram,Kancheepuram Response Zone,T+3h,3,338817,362605,356372,521232,1651,1651,17818,14817
ASM001447,EVT009,Kancheepuram,Kancheepuram Response Zone,T+3h,3,469163,522893,573959,681927,2226,2232,12883,13987
ASM001448,EVT009,Kancheepuram,Kancheepuram Response Zone,T+3h,3,625567,621021,785483,825987,2313,2315,10823,16954
ASM001449,EVT009,Kancheepuram,Kancheepuram Response Zone,T+3h,3,631158,571910,559361,738081,2149,2147,16257,18782
ASM001450,EVT009,Kancheepuram,Kancheepuram Response Zone,T+3h,3,445393,421714,649938,668995,1910,1922,10171,13326
ASM001451,EVT009,Kancheepuram,Kancheepuram Response Zone,T+6h,6,622899,623199,911487,848091,2428,2433,7282,14558
ASM001452,EVT009,Kancheepuram,Kancheepuram Response Zone,T+6h,6,729935,616065,924067,811553,2210,2218,24389,20927
ASM001453,EVT009,Kancheepuram,Kancheepuram Response Zone,T+6h,6,545170,558270,516822,712325,2185,2184,17176,15388
ASM001454,EVT009,Kancheepuram,Kancheepuram Response Zone,T+6h,6,1099009,847477,1611939,1111235,2768,2780,32071,28739
ASM001455,EVT009,Kancheepuram,Kancheepuram Response Zone,T+6h,6,594488,566385,856411,749532,2158,2177,20182,13715
ASM001456,EVT009,Kancheepuram,Kancheepuram Response Zone,T+12h,12,371408,502361,693189,706618,2307,2316,12432,15219
ASM001457,EVT009,Kancheepuram,Kancheepuram Response Zone,T+12h,12,621936,621110,975032,896588,2274,2271,12667,23451
ASM001458,EVT009,Kancheepuram,Kancheepuram Response Zone,T+12h,12,666221,645222,1468928,972850,2566,2577,16224,19243
ASM001459,EVT009,Kancheepuram,Kancheepuram Response Zone,T+12h,12,857646,767612,613905,897442,2792,2794,16923,21188
ASM001460,EVT009,Kancheepuram,Kancheepuram Response Zone,T+12h,12,722903,668247,791147,848956,2741,2744,13359,18364
ASM001461,EVT009,Kancheepuram,Kancheepuram Response Zone,T+24h,24,930720,981233,796553,1271023,4105,4096,41330,41577
ASM001462,EVT009,Kancheepuram,Kancheepuram Response Zone,T+24h,24,788411,911332,1475386,1431224,4297,4296,24796,32976
ASM001463,EVT009,Kancheepuram,Kancheepuram Response Zone,T+24h,24,826108,870416,1334757,1350291,3529,3528,14701,29032
ASM001464,EVT009,Kancheepuram,Kancheepuram Response Zone,T+24h,24,839916,958333,1464658,1463296,4180,4189,36537,42490
ASM001465,EVT009,Kancheepuram,Kancheepuram Response Zone,T+24h,24,878082,934541,1200143,1298288,3961,3959,21906,32607
ASM001466,EVT009,Kancheepuram,Kancheepuram Response Zone,T+36h,36,1047623,1002313,848264,1230011,3648,3655,43994,43345
ASM001467,EVT009,Kancheepuram,Kancheepuram Response Zone,T+36h,36,1222316,994624,1451718,1337401,3415,3456,29074,36902
ASM001468,EVT009,Kancheepuram,Kancheepuram Response Zone,T+36h,36,1051268,989917,2074782,1626569,4124,4134,57199,43390
ASM001469,EVT009,Kancheepuram,Kancheepuram Response Zone,T+36h,36,676172,825462,1113558,1272479,3666,3669,56246,34614
ASM001470,EVT009,Kancheepuram,Kancheepuram Response Zone,T+36h,36,1054926,1012309,1637503,1476257,3653,3756,52429,45285
ASM001471,EVT009,Kancheepuram,Kancheepuram Response Zone,T+48h,48,960166,867596,748316,957727,3060,3062,14219,23352
ASM001472,EVT009,Kancheepuram,Kancheepuram Response Zone,T+48h,48,699358,830843,1284898,1251117,3254,3222,39233,26883
ASM001473,EVT009,Kancheepuram,Kancheepuram Response Zone,T+48h,48,761492,803863,1040387,1104495,3211,3197,40338,26604
ASM001474,EVT009,Kancheepuram,Kancheepuram Response Zone,T+48h,48,809857,875181,1002084,1111174,3361,3375,32045,33441
ASM001475,EVT009,Kancheepuram,Kancheepuram Response Zone,T+48h,48,655396,752599,955113,1021479,3155,3161,42806,31901
ASM001476,EVT009,Kancheepuram,Kancheepuram Response Zone,T+72h,72,1081708,983993,1283560,1375306,3815,3840,32223,39274
ASM001477,EVT009,Kancheepuram,Kancheepuram Response Zone,T+72h,72,794822,825462,1284710,1253289,3443,3446,14620,26086
ASM001478,EVT009,Kancheepuram,Kancheepuram Response Zone,T+72h,72,1022676,962087,992370,1265925,3933,3924,26956,37549
ASM001479,EVT009,Kancheepuram,Kancheepuram Response Zone,T+72h,72,773721,880286,1213010,1314281,3918,3923,52425,32936
ASM001480,EVT009,Kancheepuram,Kancheepuram Response Zone,T+72h,72,913992,934775,1387894,1407410,4411,4405,18729,33063
ASM001481,EVT010,Chennai,Chennai Response Zone,T+0h,0,1378307,1348521,1274856,1454995,5199,5248,45189,46659
ASM001482,EVT010,Chennai,Chennai Response Zone,T+0h,0,943657,974808,2184118,1964972,4316,4342,30928,30415
ASM001483,EVT010,Chennai,Chennai Response Zone,T+0h,0,1523856,1351107,1147327,1444982,4642,4688,22148,31841
ASM001484,EVT010,Chennai,Chennai Response Zone,T+0h,0,999442,1085176,1241549,1369157,5008,4985,28476,30814
ASM001485,EVT010,Chennai,Chennai Response Zone,T+0h,0,1185143,1141357,1225582,1410190,4882,4914,39685,37187
ASM001486,EVT010,Chennai,Chennai Response Zone,T+3h,3,1278599,1128705,2379405,1970192,4737,4736,36258,38423
ASM001487,EVT010,Chennai,Chennai Response Zone,T+3h,3,733992,917589,1536164,1533915,4274,4272,19623,30658
ASM001488,EVT010,Chennai,Chennai Response Zone,T+3h,3,609248,780899,938200,1229616,3648,3666,28299,25244
ASM001489,EVT010,Chennai,Chennai Response Zone,T+3h,3,718393,925739,1729584,1363887,4230,4235,40368,28588
ASM001490,EVT010,Chennai,Chennai Response Zone,T+3h,3,1118499,983260,1250369,1227028,3752,3724,34255,27636
ASM001491,EVT010,Chennai,Chennai Response Zone,T+6h,6,939525,1002177,1528592,1447054,4624,4650,27547,35043
ASM001492,EVT010,Chennai,Chennai Response Zone,T+6h,6,1875788,1609512,1384115,1405268,4819,4833,22925,33547
ASM001493,EVT010,Chennai,Chennai Response Zone,T+6h,6,978045,1024477,1283793,1478261,4704,4720,38333,40243
ASM001494,EVT010,Chennai,Chennai Response Zone,T+6h,6,1121993,1067166,1642936,1570278,4887,4912,66603,39605
ASM001495,EVT010,Chennai,Chennai Response Zone,T+6h,6,1407994,1215213,1271654,1429055,4491,4490,49513,39905
ASM001496,EVT010,Chennai,Chennai Response Zone,T+12h,12,1672704,1290581,2454392,1961714,5128,5099,51305,40461
ASM001497,EVT010,Chennai,Chennai Response Zone,T+12h,12,1795290,1499096,1208157,1483494,5246,5207,60635,46916
ASM001498,EVT010,Chennai,Chennai Response Zone,T+12h,12,1480390,1263893,2414065,2013557,5297,5297,58963,50167
ASM001499,EVT010,Chennai,Chennai Response Zone,T+12h,12,1543861,1472366,1647568,1656466,5697,5690,42701,43058
ASM001500,EVT010,Chennai,Chennai Response Zone,T+12h,12,1306373,1220637,1717223,1745848,4870,4895,50824,44832
ASM001501,EVT010,Chennai,Chennai Response Zone,T+24h,24,2139700,2060979,3267608,2929173,8050,8057,59117,74825
ASM001502,EVT010,Chennai,Chennai Response Zone,T+24h,24,1752717,1843556,2492650,2809944,8810,8869,59735,92448
ASM001503,EVT010,Chennai,Chennai Response Zone,T+24h,24,1644913,1772264,3483668,3033661,8651,8613,94706,82375
ASM001504,EVT010,Chennai,Chennai Response Zone,T+24h,24,1789153,1762150,1352091,1949564,7601,7597,106811,77261
ASM001505,EVT010,Chennai,Chennai Response Zone,T+24h,24,1882683,1898370,2256833,2453063,8946,8915,44362,74398
ASM001506,EVT010,Chennai,Chennai Response Zone,T+36h,36,1554605,1626059,2019352,2362030,7073,7063,88059,71442
ASM001507,EVT010,Chennai,Chennai Response Zone,T+36h,36,1974816,1806442,1825455,2196738,7399,7350,102842,65877
ASM001508,EVT010,Chennai,Chennai Response Zone,T+36h,36,2099235,1847456,2545244,2489950,7528,7451,83942,79399
ASM001509,EVT010,Chennai,Chennai Response Zone,T+36h,36,1674086,1672230,2707036,2552245,6957,6961,52739,70607
ASM001510,EVT010,Chennai,Chennai Response Zone,T+36h,36,2401101,2141944,3174397,2702165,7578,7575,75580,73285
ASM001511,EVT010,Chennai,Chennai Response Zone,T+48h,48,1213099,1472103,2345760,2088035,6339,6286,40290,50435
ASM001512,EVT010,Chennai,Chennai Response Zone,T+48h,48,1506733,1542442,1940155,1993453,6391,6393,44022,55420
ASM001513,EVT010,Chennai,Chennai Response Zone,T+48h,48,1531571,1665015,2867020,2570232,7570,7550,77936,70332
ASM001514,EVT010,Chennai,Chennai Response Zone,T+48h,48,1076457,1424324,2412320,2208232,6691,6684,37848,58509
ASM001515,EVT010,Chennai,Chennai Response Zone,T+48h,48,1668307,1671995,3189154,2820181,7185,7142,43759,70057
ASM001516,EVT010,Chennai,Chennai Response Zone,T+72h,72,1590351,1637026,2993811,2798508,6527,6579,68703,71448
ASM001517,EVT010,Chennai,Chennai Response Zone,T+72h,72,2438304,2068603,2589306,2518279,7481,7519,60940,70141
ASM001518,EVT010,Chennai,Chennai Response Zone,T+72h,72,1738513,1681683,1872625,2152544,6195,6242,71946,65285
ASM001519,EVT010,Chennai,Chennai Response Zone,T+72h,72,1456449,1647443,2201177,2320554,7896,7876,112935,70762
ASM001520,EVT010,Chennai,Chennai Response Zone,T+72h,72,2289163,2036480,2110852,2402615,6527,6529,72931,68878
ASM001521,EVT010,Tiruvallur,Tiruvallur Response Zone,T+0h,0,1211046,1085490,1182274,1224608,3964,4003,30623,29478
ASM001522,EVT010,Tiruvallur,Tiruvallur Response Zone,T+0h,0,1061188,983509,1438046,1298137,4040,4053,29894,40507
ASM001523,EVT010,Tiruvallur,Tiruvallur Response Zone,T+0h,0,973671,1052812,1721500,1698131,4313,4340,48403,40031
ASM001524,EVT010,Tiruvallur,Tiruvallur Response Zone,T+0h,0,665279,765026,1089219,1161836,3349,3372,21469,28115
ASM001525,EVT010,Tiruvallur,Tiruvallur Response Zone,T+0h,0,940551,1029233,1365439,1427399,4382,4364,29272,32043
ASM001526,EVT010,Tiruvallur,Tiruvallur Response Zone,T+3h,3,1363201,1183857,1544138,1446382,4672,4704,35027,40993
ASM001527,EVT010,Tiruvallur,Tiruvallur Response Zone,T+3h,3,1685954,1466865,1342343,1500647,4996,4991,44311,37974
ASM001528,EVT010,Tiruvallur,Tiruvallur Response Zone,T+3h,3,1417477,1161746,1165207,1380179,4616,4610,28216,43340
ASM001529,EVT010,Tiruvallur,Tiruvallur Response Zone,T+3h,3,914431,1045952,891484,1296862,4478,4491,17209,35867
ASM001530,EVT010,Tiruvallur,Tiruvallur Response Zone,T+3h,3,787269,964382,1164699,1269738,4344,4357,36212,37467
ASM001531,EVT010,Tiruvallur,Tiruvallur Response Zone,T+6h,6,1118651,1101597,1623861,1521351,4779,4834,37960,38349
ASM001532,EVT010,Tiruvallur,Tiruvallur Response Zone,T+6h,6,777284,977909,1234582,1354026,5186,5186,35212,37946
ASM001533,EVT010,Tiruvallur,Tiruvallur Response Zone,T+6h,6,1182422,1129720,1449477,1509212,4655,4691,62578,47541
ASM001534,EVT010,Tiruvallur,Tiruvallur Response Zone,T+6h,6,1024880,1006641,1657889,1500553,4615,4611,48781,45420
ASM001535,EVT010,Tiruvallur,Tiruvallur Response Zone,T+6h,6,943473,1058178,1671301,1533417,4474,4479,36344,43893
ASM001536,EVT010,Tiruvallur,Tiruvallur Response Zone,T+12h,12,726062,884117,1067383,1272813,4382,4373,20834,43311
ASM001537,EVT010,Tiruvallur,Tiruvallur Response Zone,T+12h,12,1331204,1351330,2026659,1859529,5235,5234,32557,42950
ASM001538,EVT010,Tiruvallur,Tiruvallur Response Zone,T+12h,12,1038643,1121600,2145902,1788724,5429,5373,63783,48385
ASM001539,EVT010,Tiruvallur,Tiruvallur Response Zone,T+12h,12,789910,930558,1078834,1259645,4336,4353,41261,46317
ASM001540,EVT010,Tiruvallur,Tiruvallur Response Zone,T+12h,12,592167,872666,1153087,1392434,4796,4790,35845,36553
ASM001541,EVT010,Tiruvallur,Tiruvallur Response Zone,T+24h,24,1521205,1493284,2940418,2580006,6617,6595,58085,57726
ASM001542,EVT010,Tiruvallur,Tiruvallur Response Zone,T+24h,24,2374372,2188028,2474538,2592453,7055,7060,59188,80275
ASM001543,EVT010,Tiruvallur,Tiruvallur Response Zone,T+24h,24,2488074,2158278,1439551,1954382,7572,7558,68795,67538
ASM001544,EVT010,Tiruvallur,Tiruvallur Response Zone,T+24h,24,1664604,1697831,1901901,2291614,8273,8377,131716,89025
ASM001545,EVT010,Tiruvallur,Tiruvallur Response Zone,T+24h,24,1462329,1557431,2274729,2262269,7199,7138,60573,68846
ASM001546,EVT010,Tiruvallur,Tiruvallur Response Zone,T+36h,36,1651257,1517533,1677953,1877229,6365,6386,41280,62950
ASM001547,EVT010,Tiruvallur,Tiruvallur Response Zone,T+36h,36,1187825,1345402,1937121,1980773,5938,5965,52370,60177
ASM001548,EVT010,Tiruvallur,Tiruvallur Response Zone,T+36h,36,1488139,1459794,2025637,2011270,5650,5714,22227,52192
ASM001549,EVT010,Tiruvallur,Tiruvallur Response Zone,T+36h,36,1495529,1301808,2715659,2329626,5212,5206,46583,45810
ASM001550,EVT010,Tiruvallur,Tiruvallur Response Zone,T+36h,36,1882943,1580497,1998533,1956436,6111,6088,58265,58656
ASM001551,EVT010,Tiruvallur,Tiruvallur Response Zone,T+48h,48,1353227,1356276,2765428,2315714,6089,6049,98298,59548
ASM001552,EVT010,Tiruvallur,Tiruvallur Response Zone,T+48h,48,1373071,1392449,3078215,2705267,5970,5965,52104,55884
ASM001553,EVT010,Tiruvallur,Tiruvallur Response Zone,T+48h,48,1171347,1332607,3071243,2648064,5801,5821,67346,58530
ASM001554,EVT010,Tiruvallur,Tiruvallur Response Zone,T+48h,48,1224530,1316583,2263886,1975790,5986,5990,37929,53594
ASM001555,EVT010,Tiruvallur,Tiruvallur Response Zone,T+48h,48,1399220,1457105,1304245,1654912,6016,6005,42974,52704
ASM001556,EVT010,Tiruvallur,Tiruvallur Response Zone,T+72h,72,1333839,1423556,2018288,1891997,4825,4851,24309,41544
ASM001557,EVT010,Tiruvallur,Tiruvallur Response Zone,T+72h,72,1458323,1317156,2337993,2016092,5111,5112,39160,45231
ASM001558,EVT010,Tiruvallur,Tiruvallur Response Zone,T+72h,72,1078606,1230635,1822747,1838804,5282,5280,36619,42149
ASM001559,EVT010,Tiruvallur,Tiruvallur Response Zone,T+72h,72,1907787,1607438,3378485,2949919,5973,5961,66571,60668
ASM001560,EVT010,Tiruvallur,Tiruvallur Response Zone,T+72h,72,1060677,1133261,2040095,1753957,4416,4450,28467,37741
ASM001561,EVT010,Kancheepuram,Kancheepuram Response Zone,T+0h,0,773047,807575,1188000,1172326,3207,3213,20040,23078
ASM001562,EVT010,Kancheepuram,Kancheepuram Response Zone,T+0h,0,649357,720717,1408389,1258934,3285,3293,26890,30395
ASM001563,EVT010,Kancheepuram,Kancheepuram Response Zone,T+0h,0,446530,632487,1111462,1133897,3000,3027,22584,27487
ASM001564,EVT010,Kancheepuram,Kancheepuram Response Zone,T+0h,0,839358,733240,543704,835966,2873,2888,29886,29435
ASM001565,EVT010,Kancheepuram,Kancheepuram Response Zone,T+0h,0,812548,742130,885286,972349,2925,2907,29233,30081
ASM001566,EVT010,Kancheepuram,Kancheepuram Response Zone,T+3h,3,693393,723341,1378462,1229946,3320,3322,31457,27013
ASM001567,EVT010,Kancheepuram,Kancheepuram Response Zone,T+3h,3,722554,733534,766099,920078,3040,3021,16256,18743
ASM001568,EVT010,Kancheepuram,Kancheepuram Response Zone,T+3h,3,872143,853112,1000433,1136896,3431,3431,19672,24038
ASM001569,EVT010,Kancheepuram,Kancheepuram Response Zone,T+3h,3,628786,794575,928826,1154795,3703,3718,31648,35604
ASM001570,EVT010,Kancheepuram,Kancheepuram Response Zone,T+3h,3,635690,670462,1493864,1179382,2881,2913,15460,21102
ASM001571,EVT010,Kancheepuram,Kancheepuram Response Zone,T+6h,6,1151707,1066354,2051133,1519203,4535,4534,33442,37831
ASM001572,EVT010,Kancheepuram,Kancheepuram Response Zone,T+6h,6,653006,837002,946122,1177493,3890,3896,63316,33931
ASM001573,EVT010,Kancheepuram,Kancheepuram Response Zone,T+6h,6,920694,894616,1287904,1277618,3834,3829,29651,39282
ASM001574,EVT010,Kancheepuram,Kancheepuram Response Zone,T+6h,6,694779,910053,1021543,1156339,4051,4040,25758,31075
ASM001575,EVT010,Kancheepuram,Kancheepuram Response Zone,T+6h,6,937395,874898,1365360,1146922,3854,3854,26370,30334
ASM001576,EVT010,Kancheepuram,Kancheepuram Response Zone,T+12h,12,866990,925224,1430707,1327613,3878,3879,39641,41911
ASM001577,EVT010,Kancheepuram,Kancheepuram Response Zone,T+12h,12,611679,803430,1379258,1296063,3672,3683,23139,27445
ASM001578,EVT010,Kancheepuram,Kancheepuram Response Zone,T+12h,12,1022360,905116,1177335,1203318,3393,3406,25695,29118
ASM001579,EVT010,Kancheepuram,Kancheepuram Response Zone,T+12h,12,675399,776251,2209738,1632160,3277,3287,14692,26833
ASM001580,EVT010,Kancheepuram,Kancheepuram Response Zone,T+12h,12,729937,844171,945674,1207218,3841,3847,52700,38946
ASM001581,EVT010,Kancheepuram,Kancheepuram Response Zone,T+24h,24,1399055,1370574,1344836,1838284,5734,5716,75917,63898
ASM001582,EVT010,Kancheepuram,Kancheepuram Response Zone,T+24h,24,1320190,1115124,1389377,1494248,4447,4458,25342,38748
ASM001583,EVT010,Kancheepuram,Kancheepuram Response Zone,T+24h,24,991112,1091682,1235952,1729806,5083,5083,26413,53258
ASM001584,EVT010,Kancheepuram,Kancheepuram Response Zone,T+24h,24,1254315,1260943,1242461,1585304,5128,5140,31916,45396
ASM001585,EVT010,Kancheepuram,Kancheepuram Response Zone,T+24h,24,1444283,1344533,1508858,1772162,5658,5646,45500,51375
ASM001586,EVT010,Kancheepuram,Kancheepuram Response Zone,T+36h,36,1675287,1502898,1651094,2022885,6432,6462,116410,59827
ASM001587,EVT010,Kancheepuram,Kancheepuram Response Zone,T+36h,36,1454028,1402298,1585625,1836203,6174,6183,57313,53654
ASM001588,EVT010,Kancheepuram,Kancheepuram Response Zone,T+36h,36,1295857,1417053,2408855,2234414,6042,6062,36969,64347
ASM001589,EVT010,Kancheepuram,Kancheepuram Response Zone,T+36h,36,1206416,1334282,1755649,1894487,6526,6486,36504,52665
ASM001590,EVT010,Kancheepuram,Kancheepuram Response Zone,T+36h,36,1414175,1394409,1961211,2055268,5983,5967,57240,63787
ASM001591,EVT010,Kancheepuram,Kancheepuram Response Zone,T+48h,48,885612,1051204,2093006,1706145,4777,4753,48116,44839
ASM001592,EVT010,Kancheepuram,Kancheepuram Response Zone,T+48h,48,588265,947271,1311576,1496435,4515,4518,28788,43439
ASM001593,EVT010,Kancheepuram,Kancheepuram Response Zone,T+48h,48,1135209,1055320,1437090,1446189,4170,4176,35049,39511
ASM001594,EVT010,Kancheepuram,Kancheepuram Response Zone,T+48h,48,1510883,1404720,2125079,2025375,5299,5308,45365,55229
ASM001595,EVT010,Kancheepuram,Kancheepuram Response Zone,T+48h,48,755586,1049159,1104656,1488165,5152,5134,32638,47689
ASM001596,EVT010,Kancheepuram,Kancheepuram Response Zone,T+72h,72,946452,1085617,935207,1366156,4914,4941,44626,44476
ASM001597,EVT010,Kancheepuram,Kancheepuram Response Zone,T+72h,72,1425549,1352502,2083237,1950402,5156,5168,67773,56449
ASM001598,EVT010,Kancheepuram,Kancheepuram Response Zone,T+72h,72,1929852,1697162,2070295,1943600,5492,5482,49072,42100
ASM001599,EVT010,Kancheepuram,Kancheepuram Response Zone,T+72h,72,1306507,1337696,3160805,2403588,5333,5337,53923,51788
ASM001600,EVT010,Kancheepuram,Kancheepuram Response Zone,T+72h,72,1075178,1191303,1937016,1941046,5130,5138,41907,52162
ASM001601,EVT010,Chengalpattu,Chengalpattu Response Zone,T+0h,0,899436,909038,1543842,1263941,4348,4355,34841,28812
ASM001602,EVT010,Chengalpattu,Chengalpattu Response Zone,T+0h,0,1011676,856484,1021466,1131738,3182,3195,29642,27073
ASM001603,EVT010,Chengalpattu,Chengalpattu Response Zone,T+0h,0,682831,750879,1176601,1176233,3159,3186,30514,28715
ASM001604,EVT010,Chengalpattu,Chengalpattu Response Zone,T+0h,0,775917,856207,1878411,1494144,4058,4089,22051,25375
ASM001605,EVT010,Chengalpattu,Chengalpattu Response Zone,T+0h,0,816100,861833,731143,1082541,3991,3989,28058,33024
ASM001606,EVT010,Chengalpattu,Chengalpattu Response Zone,T+3h,3,867745,996277,1539972,1545865,4555,4566,30136,31821
ASM001607,EVT010,Chengalpattu,Chengalpattu Response Zone,T+3h,3,943104,909480,2101456,1695674,4156,4155,58074,28528
ASM001608,EVT010,Chengalpattu,Chengalpattu Response Zone,T+3h,3,1411529,1233841,1512659,1449196,4369,4369,39935,36981
ASM001609,EVT010,Chengalpattu,Chengalpattu Response Zone,T+3h,3,898308,852786,1713536,1274217,3781,3793,21076,25801
ASM001610,EVT010,Chengalpattu,Chengalpattu Response Zone,T+3h,3,909514,964998,1125638,1148425,4261,4265,25602,34089
ASM001611,EVT010,Chengalpattu,Chengalpattu Response Zone,T+6h,6,732394,760285,1108875,1158283,3445,3434,28799,31049
ASM001612,EVT010,Chengalpattu,Chengalpattu Response Zone,T+6h,6,559567,698436,1091845,1215355,3262,3271,55824,30402
ASM001613,EVT010,Chengalpattu,Chengalpattu Response Zone,T+6h,6,794955,755227,530776,875486,2811,2831,20024,22796
ASM001614,EVT010,Chengalpattu,Chengalpattu Response Zone,T+6h,6,878568,886515,905931,1152419,4025,4016,36094,30511
ASM001615,EVT010,Chengalpattu,Chengalpattu Response Zone,T+6h,6,677883,707554,756826,908221,3111,3073,24173,26968
ASM001616,EVT010,Chengalpattu,Chengalpattu Response Zone,T+12h,12,1715069,1394111,1572383,1359008,4018,4025,39791,37808
ASM001617,EVT010,Chengalpattu,Chengalpattu Response Zone,T+12h,12,912137,870532,1469811,1290468,3727,3716,40204,31797
ASM001618,EVT010,Chengalpattu,Chengalpattu Response Zone,T+12h,12,698101,782317,1226987,1221043,3608,3608,26973,33538
ASM001619,EVT010,Chengalpattu,Chengalpattu Response Zone,T+12h,12,874809,978431,1642415,1341508,4282,4301,34539,42348
ASM001620,EVT010,Chengalpattu,Chengalpattu Response Zone,T+12h,12,1255413,1080499,1300008,1250825,4318,4336,56788,36229
ASM001621,EVT010,Chengalpattu,Chengalpattu Response Zone,T+24h,24,1333556,1335474,2660757,2243797,5489,5482,71042,55636
ASM001622,EVT010,Chengalpattu,Chengalpattu Response Zone,T+24h,24,1048462,1327588,2023414,2027158,6032,6034,61397,53987
ASM001623,EVT010,Chengalpattu,Chengalpattu Response Zone,T+24h,24,1697662,1497292,2200201,2155505,6072,6071,83301,65663
ASM001624,EVT010,Chengalpattu,Chengalpattu Response Zone,T+24h,24,1131182,1310068,1838879,2003090,5547,5552,64361,56046
ASM001625,EVT010,Chengalpattu,Chengalpattu Response Zone,T+24h,24,1741375,1344835,2161531,1894469,5112,5083,93004,50861
ASM001626,EVT010,Chengalpattu,Chengalpattu Response Zone,T+36h,36,1747444,1537406,1864620,1889539,6049,6036,53034,56445
ASM001627,EVT010,Chengalpattu,Chengalpattu Response Zone,T+36h,36,1165335,1292542,2476682,2084812,5619,5611,64994,55718
ASM001628,EVT010,Chengalpattu,Chengalpattu Response Zone,T+36h,36,1643586,1363862,1385666,1730664,5500,5489,27295,46397
ASM001629,EVT010,Chengalpattu,Chengalpattu Response Zone,T+36h,36,1467269,1506910,1577703,1770692,5894,5906,35746,50565
ASM001630,EVT010,Chengalpattu,Chengalpattu Response Zone,T+36h,36,1666379,1502266,2572743,2300729,6123,6124,47750,66687
ASM001631,EVT010,Chengalpattu,Chengalpattu Response Zone,T+48h,48,1704216,1584164,2174546,2206708,6619,6649,82527,58829
ASM001632,EVT010,Chengalpattu,Chengalpattu Response Zone,T+48h,48,1211121,1438485,1965703,2081176,6133,6129,31985,66248
ASM001633,EVT010,Chengalpattu,Chengalpattu Response Zone,T+48h,48,1358876,1476260,2820291,2471268,6648,6666,52162,61973
ASM001634,EVT010,Chengalpattu,Chengalpattu Response Zone,T+48h,48,1800474,1531205,1852375,2059299,6203,6213,23828,61939
ASM001635,EVT010,Chengalpattu,Chengalpattu Response Zone,T+48h,48,1369725,1475117,2126719,2211501,6152,6157,51024,67659
ASM001636,EVT010,Chengalpattu,Chengalpattu Response Zone,T+72h,72,1131458,1308356,2522511,2134137,5284,5254,32291,43856
ASM001637,EVT010,Chengalpattu,Chengalpattu Response Zone,T+72h,72,1039167,1282175,2761289,2238097,5247,5253,73004,51084
ASM001638,EVT010,Chengalpattu,Chengalpattu Response Zone,T+72h,72,1400798,1345028,2873113,2394315,5379,5363,57165,50904
ASM001639,EVT010,Chengalpattu,Chengalpattu Response Zone,T+72h,72,1851131,1533496,1735827,1783660,5242,5223,39862,52789
ASM001640,EVT010,Chengalpattu,Chengalpattu Response Zone,T+72h,72,1053735,1196225,2721831,2350515,5534,5531,82046,58322
ASM001641,EVT010,Villupuram,Villupuram Response Zone,T+0h,0,637221,671818,686024,847094,2765,2768,19365,20208
ASM001642,EVT010,Villupuram,Villupuram Response Zone,T+0h,0,914002,760049,758595,844061,2973,2967,25288,24156
ASM001643,EVT010,Villupuram,Villupuram Response Zone,T+0h,0,703905,734951,553185,844101,3190,3191,17882,26432
ASM001644,EVT010,Villupuram,Villupuram Response Zone,T+0h,0,703270,698114,1319134,933457,2753,2744,12991,18970
ASM001645,EVT010,Villupuram,Villupuram Response Zone,T+0h,0,553881,642815,750184,834451,2901,2915,17242,24483
ASM001646,EVT010,Villupuram,Villupuram Response Zone,T+3h,3,803901,790119,977334,1021737,3279,3289,25337,26310
ASM001647,EVT010,Villupuram,Villupuram Response Zone,T+3h,3,668610,684034,763132,823814,3040,3032,24937,24397
ASM001648,EVT010,Villupuram,Villupuram Response Zone,T+3h,3,907106,806271,1204346,1043536,3276,3276,41551,27370
ASM001649,EVT010,Villupuram,Villupuram Response Zone,T+3h,3,968708,866024,966461,1042675,3418,3429,32788,29351
ASM001650,EVT010,Villupuram,Villupuram Response Zone,T+3h,3,1272118,1017323,759114,1027099,3194,3212,12573,29774
ASM001651,EVT010,Villupuram,Villupuram Response Zone,T+6h,6,760497,713487,1067267,919847,3032,3044,31247,31120
ASM001652,EVT010,Villupuram,Villupuram Response Zone,T+6h,6,775826,744815,679377,905346,3399,3383,13720,21483
ASM001653,EVT010,Villupuram,Villupuram Response Zone,T+6h,6,671477,672209,700698,830391,2699,2695,13494,19108
ASM001654,EVT010,Villupuram,Villupuram Response Zone,T+6h,6,645296,680473,549152,822602,3001,2999,16273,23418
ASM001655,EVT010,Villupuram,Villupuram Response Zone,T+6h,6,720952,686323,621232,852168,2954,2966,13872,19993
ASM001656,EVT010,Villupuram,Villupuram Response Zone,T+12h,12,828186,888248,1240285,1152765,4095,4086,20735,30500
ASM001657,EVT010,Villupuram,Villupuram Response Zone,T+12h,12,883514,892351,701763,1047758,4011,4008,33584,34459
ASM001658,EVT010,Villupuram,Villupuram Response Zone,T+12h,12,1118585,998669,844585,1169031,3999,3986,27388,42186
ASM001659,EVT010,Villupuram,Villupuram Response Zone,T+12h,12,699997,879904,1182387,1177806,3962,3952,39510,37508
ASM001660,EVT010,Villupuram,Villupuram Response Zone,T+12h,12,1112693,944064,1042711,1141208,3768,3764,64750,35625
ASM001661,EVT010,Villupuram,Villupuram Response Zone,T+24h,24,1568549,1245241,2971096,2358492,5388,5381,36653,54724
ASM001662,EVT010,Villupuram,Villupuram Response Zone,T+24h,24,1169528,1173986,2873691,2514259,5246,5260,51618,54299
ASM001663,EVT010,Villupuram,Villupuram Response Zone,T+24h,24,776899,1109669,1360006,1702246,5090,5095,18493,41610
ASM001664,EVT010,Villupuram,Villupuram Response Zone,T+24h,24,1030928,1123041,1986723,1821872,5166,5109,46366,53279
ASM001665,EVT010,Villupuram,Villupuram Response Zone,T+24h,24,1483784,1238465,2092738,1772496,4803,4796,61769,52240
ASM001666,EVT010,Villupuram,Villupuram Response Zone,T+36h,36,971549,964385,1224041,1304343,3932,3931,41489,34296
ASM001667,EVT010,Villupuram,Villupuram Response Zone,T+36h,36,762216,907699,952957,1257347,3809,3821,35884,39196
ASM001668,EVT010,Villupuram,Villupuram Response Zone,T+36h,36,899680,1000170,1511444,1429752,4225,4218,54918,43819
ASM001669,EVT010,Villupuram,Villupuram Response Zone,T+36h,36,1210030,1095541,1432198,1406789,4141,4136,74032,37945
ASM001670,EVT010,Villupuram,Villupuram Response Zone,T+36h,36,1102857,1003242,1294660,1378334,4203,4193,60296,39389
ASM001671,EVT010,Villupuram,Villupuram Response Zone,T+48h,48,835714,909024,1529257,1387616,3421,3427,33698,39347
ASM001672,EVT010,Villupuram,Villupuram Response Zone,T+48h,48,852988,885349,1090236,1208312,3828,3837,17305,28395
ASM001673,EVT010,Villupuram,Villupuram Response Zone,T+48h,48,894033,967177,1097627,1290444,4138,4102,34283,37848
ASM001674,EVT010,Villupuram,Villupuram Response Zone,T+48h,48,789193,890720,1368994,1280479,3879,3897,18255,28307
ASM001675,EVT010,Villupuram,Villupuram Response Zone,T+48h,48,1107683,928656,1302800,1228921,3291,3278,28896,26743
ASM001676,EVT010,Villupuram,Villupuram Response Zone,T+72h,72,909766,955374,1089423,1325434,3758,3761,26853,40964
ASM001677,EVT010,Villupuram,Villupuram Response Zone,T+72h,72,1252870,1034159,1774141,1471123,4031,4040,30320,34660
ASM001678,EVT010,Villupuram,Villupuram Response Zone,T+72h,72,1315997,1057892,924117,1299003,3945,3953,47357,38478
ASM001679,EVT010,Villupuram,Villupuram Response Zone,T+72h,72,1235509,1128401,1293332,1409973,4197,4207,34553,38308
ASM001680,EVT010,Villupuram,Villupuram Response Zone,T+72h,72,946714,979366,1465500,1514184,4019,4022,30490,43957
ASM001681,EVT010,Kallakurichi,Kallakurichi Response Zone,T+0h,0,395769,368783,451435,506006,1537,1536,22794,19417
ASM001682,EVT010,Kallakurichi,Kallakurichi Response Zone,T+0h,0,342017,344356,421430,493438,1408,1408,6728,15637
ASM001683,EVT010,Kallakurichi,Kallakurichi Response Zone,T+0h,0,296167,339766,794431,587103,1473,1470,11199,14874
ASM001684,EVT010,Kallakurichi,Kallakurichi Response Zone,T+0h,0,340957,335964,358772,477650,1344,1350,9275,12350
ASM001685,EVT010,Kallakurichi,Kallakurichi Response Zone,T+0h,0,237019,281767,781031,601110,1253,1251,10810,13461
ASM001686,EVT010,Kallakurichi,Kallakurichi Response Zone,T+3h,3,577987,488061,687168,658723,1989,1994,14406,14212
ASM001687,EVT010,Kallakurichi,Kallakurichi Response Zone,T+3h,3,427529,454919,681230,707075,2141,2142,24036,21300
ASM001688,EVT010,Kallakurichi,Kallakurichi Response Zone,T+3h,3,435104,430260,618037,571345,1830,1826,10254,8946
ASM001689,EVT010,Kallakurichi,Kallakurichi Response Zone,T+3h,3,471475,451834,1224684,948254,2010,2017,19493,24276
ASM001690,EVT010,Kallakurichi,Kallakurichi Response Zone,T+3h,3,440063,448791,484673,665966,2004,2008,11562,16305
ASM001691,EVT010,Kallakurichi,Kallakurichi Response Zone,T+6h,6,473073,426319,417443,529707,1874,1868,8638,9603
ASM001692,EVT010,Kallakurichi,Kallakurichi Response Zone,T+6h,6,419829,446195,511016,650125,2041,2055,17489,14600
ASM001693,EVT010,Kallakurichi,Kallakurichi Response Zone,T+6h,6,605228,565694,729556,745884,2231,2229,19567,25861
ASM001694,EVT010,Kallakurichi,Kallakurichi Response Zone,T+6h,6,316855,391908,380215,543564,1843,1840,21799,17953
ASM001695,EVT010,Kallakurichi,Kallakurichi Response Zone,T+6h,6,482316,465295,641568,693944,2100,2106,16656,17377
ASM001696,EVT010,Kallakurichi,Kallakurichi Response Zone,T+12h,12,581842,453689,852522,654038,1662,1663,14343,19081
ASM001697,EVT010,Kallakurichi,Kallakurichi Response Zone,T+12h,12,315453,360218,549549,548986,1674,1674,15617,14615
ASM001698,EVT010,Kallakurichi,Kallakurichi Response Zone,T+12h,12,381583,433542,568356,596606,1970,1973,14898,20633
ASM001699,EVT010,Kallakurichi,Kallakurichi Response Zone,T+12h,12,485475,457740,523849,603817,1896,1893,19818,16395
ASM001700,EVT010,Kallakurichi,Kallakurichi Response Zone,T+12h,12,454922,445677,746130,603724,1855,1863,16597,16125
ASM001701,EVT010,Kallakurichi,Kallakurichi Response Zone,T+24h,24,682735,651732,775145,987944,2581,2588,20404,24563
ASM001702,EVT010,Kallakurichi,Kallakurichi Response Zone,T+24h,24,738005,715276,1565619,1296529,2800,2797,27946,24877
ASM001703,EVT010,Kallakurichi,Kallakurichi Response Zone,T+24h,24,769987,711064,1672490,1335551,2819,2803,34433,30243
ASM001704,EVT010,Kallakurichi,Kallakurichi Response Zone,T+24h,24,711226,590289,883734,869401,2421,2420,26529,17328
ASM001705,EVT010,Kallakurichi,Kallakurichi Response Zone,T+24h,24,608222,601387,811384,803981,2276,2286,24421,17365
ASM001706,EVT010,Kallakurichi,Kallakurichi Response Zone,T+36h,36,616672,644354,1266044,991913,2696,2698,32700,29475
ASM001707,EVT010,Kallakurichi,Kallakurichi Response Zone,T+36h,36,718845,673753,1192135,938781,2683,2679,15145,20675
ASM001708,EVT010,Kallakurichi,Kallakurichi Response Zone,T+36h,36,910614,751360,723780,824489,2620,2621,38790,18174
ASM001709,EVT010,Kallakurichi,Kallakurichi Response Zone,T+36h,36,584560,603840,768827,885811,2471,2462,13254,20231
ASM001710,EVT010,Kallakurichi,Kallakurichi Response Zone,T+36h,36,486211,561757,659025,849183,2565,2549,34782,27721
ASM001711,EVT010,Kallakurichi,Kallakurichi Response Zone,T+48h,48,857016,711511,1102998,1087952,2740,2730,28123,24610
ASM001712,EVT010,Kallakurichi,Kallakurichi Response Zone,T+48h,48,700626,707726,1248501,1100710,3095,3107,19659,26359
ASM001713,EVT010,Kallakurichi,Kallakurichi Response Zone,T+48h,48,461148,589614,750323,929584,3086,3100,26322,29099
ASM001714,EVT010,Kallakurichi,Kallakurichi Response Zone,T+48h,48,908772,812264,1024168,1108353,3532,3507,33079,34273
ASM001715,EVT010,Kallakurichi,Kallakurichi Response Zone,T+48h,48,581364,633102,707990,900987,2764,2762,43434,31552
ASM001716,EVT010,Kallakurichi,Kallakurichi Response Zone,T+72h,72,523852,507302,651130,813731,2170,2165,16635,22552
ASM001717,EVT010,Kallakurichi,Kallakurichi Response Zone,T+72h,72,607930,577413,977547,854358,2462,2457,20059,22864
ASM001718,EVT010,Kallakurichi,Kallakurichi Response Zone,T+72h,72,595348,597758,717817,844813,2278,2276,10912,23398
ASM001719,EVT010,Kallakurichi,Kallakurichi Response Zone,T+72h,72,677855,617332,784070,851756,2314,2327,29571,18657
ASM001720,EVT010,Kallakurichi,Kallakurichi Response Zone,T+72h,72,491638,484975,525751,781762,2157,2154,12202,17344
ASM001721,EVT010,Cuddalore,Cuddalore Response Zone,T+0h,0,618329,571169,766824,838065,2281,2286,12820,12682
ASM001722,EVT010,Cuddalore,Cuddalore Response Zone,T+0h,0,531211,573443,767294,808563,2420,2409,18936,20666
ASM001723,EVT010,Cuddalore,Cuddalore Response Zone,T+0h,0,567311,533026,546527,681623,2080,2072,11047,13306
ASM001724,EVT010,Cuddalore,Cuddalore Response Zone,T+0h,0,551481,526314,669554,742629,2068,2075,25645,22559
ASM001725,EVT010,Cuddalore,Cuddalore Response Zone,T+0h,0,424701,502200,719488,713345,2091,2101,19422,13711
ASM001726,EVT010,Cuddalore,Cuddalore Response Zone,T+3h,3,529445,473634,472924,571598,1761,1761,12785,12739
ASM001727,EVT010,Cuddalore,Cuddalore Response Zone,T+3h,3,389768,437860,396202,567268,1812,1808,11291,10496
ASM001728,EVT010,Cuddalore,Cuddalore Response Zone,T+3h,3,566863,533551,1055427,783189,2088,2083,17354,17237
ASM001729,EVT010,Cuddalore,Cuddalore Response Zone,T+3h,3,557125,552614,600386,709699,2131,2147,20516,15875
ASM001730,EVT010,Cuddalore,Cuddalore Response Zone,T+3h,3,669131,539808,630147,696877,1941,1937,13609,17465
ASM001731,EVT010,Cuddalore,Cuddalore Response Zone,T+6h,6,571510,598776,1064855,870857,2730,2737,29002,23958
ASM001732,EVT010,Cuddalore,Cuddalore Response Zone,T+6h,6,555565,618053,1968390,1262343,2563,2563,28721,22262
ASM001733,EVT010,Cuddalore,Cuddalore Response Zone,T+6h,6,645751,685603,690173,933488,2873,2862,43340,33017
ASM001734,EVT010,Cuddalore,Cuddalore Response Zone,T+6h,6,586825,638451,992552,867755,2705,2713,21544,28012
ASM001735,EVT010,Cuddalore,Cuddalore Response Zone,T+6h,6,718409,640732,724479,853507,2728,2727,23436,26259
ASM001736,EVT010,Cuddalore,Cuddalore Response Zone,T+12h,12,587034,791045,949798,1175302,3786,3794,32422,31174
ASM001737,EVT010,Cuddalore,Cuddalore Response Zone,T+12h,12,701290,831589,956243,1177669,4085,4092,21155,31728
ASM001738,EVT010,Cuddalore,Cuddalore Response Zone,T+12h,12,698554,857425,888870,1141457,4161,4156,57821,37246
ASM001739,EVT010,Cuddalore,Cuddalore Response Zone,T+12h,12,940328,830673,1071039,1174335,3391,3386,35278,35728
ASM001740,EVT010,Cuddalore,Cuddalore Response Zone,T+12h,12,1191069,1023370,833846,1094628,3960,3952,46051,41999
ASM001741,EVT010,Cuddalore,Cuddalore Response Zone,T+24h,24,971271,954591,1856460,1569542,4291,4293,32963,39733
ASM001742,EVT010,Cuddalore,Cuddalore Response Zone,T+24h,24,1037955,1040332,1588979,1684173,4776,4768,27755,43204
ASM001743,EVT010,Cuddalore,Cuddalore Response Zone,T+24h,24,935998,914127,1457049,1339683,3873,3875,23278,28455
ASM001744,EVT010,Cuddalore,Cuddalore Response Zone,T+24h,24,1351653,1146318,1383975,1447228,4417,4414,43866,41788
ASM001745,EVT010,Cuddalore,Cuddalore Response Zone,T+24h,24,891853,1030455,1471580,1584032,4788,4782,58167,47642
ASM001746,EVT010,Cuddalore,Cuddalore Response Zone,T+36h,36,1022854,981586,1552677,1496018,4184,4175,39488,36582
ASM001747,EVT010,Cuddalore,Cuddalore Response Zone,T+36h,36,1134528,956050,1010912,1261798,4177,4162,35401,31576
ASM001748,EVT010,Cuddalore,Cuddalore Response Zone,T+36h,36,1121191,1023246,1338979,1459521,4458,4464,32531,39715
ASM001749,EVT010,Cuddalore,Cuddalore Response Zone,T+36h,36,1057526,1020576,1210170,1402756,4310,4307,44797,39725
ASM001750,EVT010,Cuddalore,Cuddalore Response Zone,T+36h,36,1094744,982878,1090494,1258314,3767,3775,61099,40792
ASM001751,EVT010,Cuddalore,Cuddalore Response Zone,T+48h,48,564124,876485,844349,1310888,4208,4209,46612,39772
ASM001752,EVT010,Cuddalore,Cuddalore Response Zone,T+48h,48,1095672,989722,1980708,1609320,4109,4115,49225,38542
ASM001753,EVT010,Cuddalore,Cuddalore Response Zone,T+48h,48,934897,1022365,1330346,1516171,4351,4389,46936,44199
ASM001754,EVT010,Cuddalore,Cuddalore Response Zone,T+48h,48,604276,796992,1672298,1402488,3583,3584,16862,28096
ASM001755,EVT010,Cuddalore,Cuddalore Response Zone,T+48h,48,1055250,985685,1873280,1510095,3983,3984,29054,41067
ASM001756,EVT010,Cuddalore,Cuddalore Response Zone,T+72h,72,965301,878392,778675,969943,3086,3091,27182,26934
ASM001757,EVT010,Cuddalore,Cuddalore Response Zone,T+72h,72,802915,837603,955503,1182646,3507,3504,33586,34003
ASM001758,EVT010,Cuddalore,Cuddalore Response Zone,T+72h,72,933556,894966,2143990,1799928,3063,3073,25932,24896
ASM001759,EVT010,Cuddalore,Cuddalore Response Zone,T+72h,72,1086056,961828,1788502,1643494,3140,3128,43286,26295
ASM001760,EVT010,Cuddalore,Cuddalore Response Zone,T+72h,72,961876,904189,1049641,1040086,3081,3070,25249,22125
ASM001761,EVT010,Tiruvannamalai,Tiruvannamalai Response Zone,T+0h,0,888121,776277,944243,891655,2824,2811,29982,20833
ASM001762,EVT010,Tiruvannamalai,Tiruvannamalai Response Zone,T+0h,0,713321,697985,724175,891612,2639,2632,19649,21722
ASM001763,EVT010,Tiruvannamalai,Tiruvannamalai Response Zone,T+0h,0,522828,573732,806344,755044,2123,2138,13906,20379
ASM001764,EVT010,Tiruvannamalai,Tiruvannamalai Response Zone,T+0h,0,511274,633610,841389,936018,2897,2904,27323,30319
ASM001765,EVT010,Tiruvannamalai,Tiruvannamalai Response Zone,T+0h,0,541255,607222,457184,790681,2486,2479,10970,15421
ASM001766,EVT010,Tiruvannamalai,Tiruvannamalai Response Zone,T+3h,3,639527,735664,737550,989549,3271,3269,41189,27214
ASM001767,EVT010,Tiruvannamalai,Tiruvannamalai Response Zone,T+3h,3,1197237,951556,1068168,1100890,3206,3210,31314,27043
ASM001768,EVT010,Tiruvannamalai,Tiruvannamalai Response Zone,T+3h,3,815354,839603,865437,1052818,3756,3757,30216,27138
ASM001769,EVT010,Tiruvannamalai,Tiruvannamalai Response Zone,T+3h,3,747354,746888,983140,969133,3182,3173,38135,27047
ASM001770,EVT010,Tiruvannamalai,Tiruvannamalai Response Zone,T+3h,3,852218,798585,802841,995320,3402,3407,14160,26368
ASM001771,EVT010,Tiruvannamalai,Tiruvannamalai Response Zone,T+6h,6,698552,714214,757188,851830,2978,2972,22795,21667
ASM001772,EVT010,Tiruvannamalai,Tiruvannamalai Response Zone,T+6h,6,991087,793628,1180692,999024,2995,2983,14336,22186
ASM001773,EVT010,Tiruvannamalai,Tiruvannamalai Response Zone,T+6h,6,640069,690685,1084057,1025169,3127,3127,27639,30721
ASM001774,EVT010,Tiruvannamalai,Tiruvannamalai Response Zone,T+6h,6,765676,745102,1040275,1035410,3232,3229,27750,31299
ASM001775,EVT010,Tiruvannamalai,Tiruvannamalai Response Zone,T+6h,6,637642,732519,1290922,1222863,3250,3243,35491,30648
ASM001776,EVT010,Tiruvannamalai,Tiruvannamalai Response Zone,T+12h,12,719264,911303,1475939,1325549,4359,4365,42877,41131
ASM001777,EVT010,Tiruvannamalai,Tiruvannamalai Response Zone,T+12h,12,822623,956645,1818963,1415975,4372,4363,54091,39147
ASM001778,EVT010,Tiruvannamalai,Tiruvannamalai Response Zone,T+12h,12,890945,939134,1060018,1137483,3975,3970,23028,30098
ASM001779,EVT010,Tiruvannamalai,Tiruvannamalai Response Zone,T+12h,12,848942,970547,1117878,1215604,4258,4260,40025,32656
ASM001780,EVT010,Tiruvannamalai,Tiruvannamalai Response Zone,T+12h,12,688657,801037,766321,1046975,3544,3552,27339,28118
ASM001781,EVT010,Tiruvannamalai,Tiruvannamalai Response Zone,T+24h,24,913447,1063977,1551657,1717039,5266,5268,26002,45727
ASM001782,EVT010,Tiruvannamalai,Tiruvannamalai Response Zone,T+24h,24,1158822,1137871,2183598,1972708,5009,5046,32229,47194
ASM001783,EVT010,Tiruvannamalai,Tiruvannamalai Response Zone,T+24h,24,915208,1071112,2543049,2165784,5401,5386,51161,56907
ASM001784,EVT010,Tiruvannamalai,Tiruvannamalai Response Zone,T+24h,24,1434167,1358559,2318967,2112202,5311,5303,65446,51838
ASM001785,EVT010,Tiruvannamalai,Tiruvannamalai Response Zone,T+24h,24,1266510,1168635,1201156,1697394,5183,5194,65296,59088
ASM001786,EVT010,Tiruvannamalai,Tiruvannamalai Response Zone,T+36h,36,882580,1063847,2319800,2072775,5034,5037,33685,50632
ASM001787,EVT010,Tiruvannamalai,Tiruvannamalai Response Zone,T+36h,36,1141984,1129108,1104003,1665354,5288,5292,42045,49010
ASM001788,EVT010,Tiruvannamalai,Tiruvannamalai Response Zone,T+36h,36,983242,1083077,2110102,1710773,4821,4806,79023,45253
ASM001789,EVT010,Tiruvannamalai,Tiruvannamalai Response Zone,T+36h,36,1208691,1118518,1527182,1560689,4824,4817,44143,44219
ASM001790,EVT010,Tiruvannamalai,Tiruvannamalai Response Zone,T+36h,36,1635067,1429736,2189014,2024670,5786,5727,42361,49173
ASM001791,EVT010,Tiruvannamalai,Tiruvannamalai Response Zone,T+48h,48,847021,1036227,1340691,1708893,5094,5125,62874,56246
ASM001792,EVT010,Tiruvannamalai,Tiruvannamalai Response Zone,T+48h,48,1126935,1118496,2173857,1801836,4683,4686,52002,42713
ASM001793,EVT010,Tiruvannamalai,Tiruvannamalai Response Zone,T+48h,48,1094591,1095806,1171562,1420385,4704,4704,38369,46702
ASM001794,EVT010,Tiruvannamalai,Tiruvannamalai Response Zone,T+48h,48,1182967,1059846,1319430,1428549,4372,4368,47969,41770
ASM001795,EVT010,Tiruvannamalai,Tiruvannamalai Response Zone,T+48h,48,1063744,1071055,1219515,1502802,4256,4244,40473,46588
ASM001796,EVT010,Tiruvannamalai,Tiruvannamalai Response Zone,T+72h,72,982762,1066560,1097179,1462103,5141,5110,54774,46192
ASM001797,EVT010,Tiruvannamalai,Tiruvannamalai Response Zone,T+72h,72,987289,993857,1640671,1638706,4568,4554,44274,44512
ASM001798,EVT010,Tiruvannamalai,Tiruvannamalai Response Zone,T+72h,72,925131,1052268,2593056,2041439,4569,4564,53092,48469
ASM001799,EVT010,Tiruvannamalai,Tiruvannamalai Response Zone,T+72h,72,1285296,1107354,3075046,2522991,4369,4354,35879,48828
ASM001800,EVT010,Tiruvannamalai,Tiruvannamalai Response Zone,T+72h,72,1048722,1068996,1570933,1523342,4351,4355,27533,38626
ASM001801,EVT010,Dharmapuri,Dharmapuri Response Zone,T+0h,0,538127,430225,666268,572501,1541,1538,13456,13307
ASM001802,EVT010,Dharmapuri,Dharmapuri Response Zone,T+0h,0,347535,341124,525133,536296,1416,1421,11280,15323
ASM001803,EVT010,Dharmapuri,Dharmapuri Response Zone,T+0h,0,316624,369150,565888,577965,1556,1562,10250,12536
ASM001804,EVT010,Dharmapuri,Dharmapuri Response Zone,T+0h,0,250130,325811,419609,478925,1407,1402,7981,10249
ASM001805,EVT010,Dharmapuri,Dharmapuri Response Zone,T+0h,0,248816,321723,501697,510774,1537,1535,11332,9713
ASM001806,EVT010,Dharmapuri,Dharmapuri Response Zone,T+3h,3,347879,432507,753936,702953,2080,2078,14657,20226
ASM001807,EVT010,Dharmapuri,Dharmapuri Response Zone,T+3h,3,434330,415903,517615,548996,1743,1751,18182,21285
ASM001808,EVT010,Dharmapuri,Dharmapuri Response Zone,T+3h,3,513694,467325,636831,684641,2018,2025,23279,18368
ASM001809,EVT010,Dharmapuri,Dharmapuri Response Zone,T+3h,3,332956,431840,625713,658038,1972,1972,24420,18194
ASM001810,EVT010,Dharmapuri,Dharmapuri Response Zone,T+3h,3,577593,549205,815553,735427,2080,2087,12780,16980
ASM001811,EVT010,Dharmapuri,Dharmapuri Response Zone,T+6h,6,389236,432255,469947,609618,1836,1829,33927,21796
ASM001812,EVT010,Dharmapuri,Dharmapuri Response Zone,T+6h,6,448090,431723,596121,611317,1812,1814,17183,18182
ASM001813,EVT010,Dharmapuri,Dharmapuri Response Zone,T+6h,6,656213,579387,1110059,832669,2140,2148,15493,25258
ASM001814,EVT010,Dharmapuri,Dharmapuri Response Zone,T+6h,6,509081,460955,820768,658140,1728,1739,21069,23013
ASM001815,EVT010,Dharmapuri,Dharmapuri Response Zone,T+6h,6,369666,377716,737456,590942,1630,1639,9250,10237
ASM001816,EVT010,Dharmapuri,Dharmapuri Response Zone,T+12h,12,419643,489658,665119,691303,2224,2227,16108,14139
ASM001817,EVT010,Dharmapuri,Dharmapuri Response Zone,T+12h,12,308248,424928,681531,651244,2094,2096,13647,14180
ASM001818,EVT010,Dharmapuri,Dharmapuri Response Zone,T+12h,12,443889,515847,913993,766888,2319,2310,21024,22020
ASM001819,EVT010,Dharmapuri,Dharmapuri Response Zone,T+12h,12,366092,370115,761456,578816,1707,1705,8689,11266
ASM001820,EVT010,Dharmapuri,Dharmapuri Response Zone,T+12h,12,365341,423411,357047,535273,1844,1858,13818,12155
ASM001821,EVT010,Dharmapuri,Dharmapuri Response Zone,T+24h,24,774406,820198,822011,1167123,3405,3391,18188,26455
ASM001822,EVT010,Dharmapuri,Dharmapuri Response Zone,T+24h,24,839185,850842,1761109,1504805,3496,3469,30425,41419
ASM001823,EVT010,Dharmapuri,Dharmapuri Response Zone,T+24h,24,754994,772783,1119464,1079154,3345,3354,40094,35704
ASM001824,EVT010,Dharmapuri,Dharmapuri Response Zone,T+24h,24,660767,723264,927639,1025447,3265,3259,43384,27789
ASM001825,EVT010,Dharmapuri,Dharmapuri Response Zone,T+24h,24,863353,850859,886602,1155384,3583,3594,28199,30096
ASM001826,EVT010,Dharmapuri,Dharmapuri Response Zone,T+36h,36,713992,660656,807700,948504,2649,2645,22081,17832
ASM001827,EVT010,Dharmapuri,Dharmapuri Response Zone,T+36h,36,529190,615161,658121,906556,2756,2764,26113,17642
ASM001828,EVT010,Dharmapuri,Dharmapuri Response Zone,T+36h,36,901576,740782,1666755,1237362,2942,2927,29961,22628
ASM001829,EVT010,Dharmapuri,Dharmapuri Response Zone,T+36h,36,676954,709695,1046240,1044484,2974,2975,26776,29785
ASM001830,EVT010,Dharmapuri,Dharmapuri Response Zone,T+36h,36,692498,705108,1021612,1056359,2889,2902,19733,27709
ASM001831,EVT010,Dharmapuri,Dharmapuri Response Zone,T+48h,48,789308,705296,1145258,1046953,2889,2859,11593,22765
ASM001832,EVT010,Dharmapuri,Dharmapuri Response Zone,T+48h,48,677256,637577,1261707,1061756,2715,2715,25493,28661
ASM001833,EVT010,Dharmapuri,Dharmapuri Response Zone,T+48h,48,752297,646385,1152610,950645,2582,2574,26884,19744
ASM001834,EVT010,Dharmapuri,Dharmapuri Response Zone,T+48h,48,683789,662610,1300343,1054385,2607,2601,20022,29701
ASM001835,EVT010,Dharmapuri,Dharmapuri Response Zone,T+48h,48,584724,656610,891333,1045729,2689,2680,39543,33457
ASM001836,EVT010,Dharmapuri,Dharmapuri Response Zone,T+72h,72,763920,732076,985740,1049208,3003,3001,20913,28162
ASM001837,EVT010,Dharmapuri,Dharmapuri Response Zone,T+72h,72,568795,644176,1259929,1135956,2959,2968,25027,25505
ASM001838,EVT010,Dharmapuri,Dharmapuri Response Zone,T+72h,72,673977,665636,847390,938717,2774,2772,27845,24183
ASM001839,EVT010,Dharmapuri,Dharmapuri Response Zone,T+72h,72,675501,675243,1010102,972386,2980,2960,21141,25607
ASM001840,EVT010,Dharmapuri,Dharmapuri Response Zone,T+72h,72,702989,735318,1256820,1151346,2959,2976,35884,37063
ASM001841,EVT010,Krishnagiri,Krishnagiri Response Zone,T+0h,0,454044,431816,791917,721556,2065,2058,14006,18253
ASM001842,EVT010,Krishnagiri,Krishnagiri Response Zone,T+0h,0,329312,449099,426509,678634,2054,2057,19845,18692
ASM001843,EVT010,Krishnagiri,Krishnagiri Response Zone,T+0h,0,410619,441442,756016,697449,1982,1991,15196,14726
ASM001844,EVT010,Krishnagiri,Krishnagiri Response Zone,T+0h,0,433856,424976,545875,614840,1806,1807,12554,13925
ASM001845,EVT010,Krishnagiri,Krishnagiri Response Zone,T+0h,0,445403,445815,706331,677075,1834,1829,22186,15227
ASM001846,EVT010,Krishnagiri,Krishnagiri Response Zone,T+3h,3,385600,434367,765236,688130,2046,2044,15416,13112
ASM001847,EVT010,Krishnagiri,Krishnagiri Response Zone,T+3h,3,561386,500229,947977,812759,1778,1775,16119,23700
ASM001848,EVT010,Krishnagiri,Krishnagiri Response Zone,T+3h,3,357786,421995,805333,690837,1809,1809,10903,12995
ASM001849,EVT010,Krishnagiri,Krishnagiri Response Zone,T+3h,3,541442,460769,863744,717909,1902,1911,13926,16551
ASM001850,EVT010,Krishnagiri,Krishnagiri Response Zone,T+3h,3,489036,450238,898924,742979,1893,1900,16078,18024
ASM001851,EVT010,Krishnagiri,Krishnagiri Response Zone,T+6h,6,409548,440319,665777,697438,2024,2023,24947,12310
ASM001852,EVT010,Krishnagiri,Krishnagiri Response Zone,T+6h,6,738143,608482,708764,720777,2281,2282,17190,15637
ASM001853,EVT010,Krishnagiri,Krishnagiri Response Zone,T+6h,6,367930,432843,805962,731858,2122,2113,9060,19148
ASM001854,EVT010,Krishnagiri,Krishnagiri Response Zone,T+6h,6,562834,495310,802657,759494,1986,1998,16782,20651
ASM001855,EVT010,Krishnagiri,Krishnagiri Response Zone,T+6h,6,606342,574076,662494,728294,2280,2279,12532,25505
ASM001856,EVT010,Krishnagiri,Krishnagiri Response Zone,T+12h,12,435161,536797,782873,732664,2129,2134,19236,20996
ASM001857,EVT010,Krishnagiri,Krishnagiri Response Zone,T+12h,12,752083,659180,771486,833902,2518,2524,11504,21306
ASM001858,EVT010,Krishnagiri,Krishnagiri Response Zone,T+12h,12,466572,505450,546813,691169,2162,2171,14273,20458
ASM001859,EVT010,Krishnagiri,Krishnagiri Response Zone,T+12h,12,665445,663308,1201996,934609,2812,2812,15782,25760
ASM001860,EVT010,Krishnagiri,Krishnagiri Response Zone,T+12h,12,557527,564859,725364,743183,2317,2317,20995,18125
ASM001861,EVT010,Krishnagiri,Krishnagiri Response Zone,T+24h,24,903112,964084,2287833,1668947,3971,4006,41318,42597
ASM001862,EVT010,Krishnagiri,Krishnagiri Response Zone,T+24h,24,1086575,992068,932859,1252197,4117,4156,49649,43990
ASM001863,EVT010,Krishnagiri,Krishnagiri Response Zone,T+24h,24,1080963,1001240,1194979,1340858,4313,4290,40377,40653
ASM001864,EVT010,Krishnagiri,Krishnagiri Response Zone,T+24h,24,619610,820292,1346561,1347049,3826,3798,26139,39865
ASM001865,EVT010,Krishnagiri,Krishnagiri Response Zone,T+24h,24,1171535,1050390,1750267,1453957,4020,4020,39700,33888
ASM001866,EVT010,Krishnagiri,Krishnagiri Response Zone,T+36h,36,565962,728916,1293731,1236964,3549,3543,54821,33129
ASM001867,EVT010,Krishnagiri,Krishnagiri Response Zone,T+36h,36,1090037,966020,1469773,1417858,3793,3780,48641,42183
ASM001868,EVT010,Krishnagiri,Krishnagiri Response Zone,T+36h,36,1141935,1033315,1030710,1330281,3965,3979,35807,40750
ASM001869,EVT010,Krishnagiri,Krishnagiri Response Zone,T+36h,36,732111,924255,998446,1243597,4026,4028,23606,35465
ASM001870,EVT010,Krishnagiri,Krishnagiri Response Zone,T+36h,36,815312,915525,1430183,1413541,3723,3711,29647,41768
ASM001871,EVT010,Krishnagiri,Krishnagiri Response Zone,T+48h,48,687683,822546,844924,1154884,3922,3909,28926,25369
ASM001872,EVT010,Krishnagiri,Krishnagiri Response Zone,T+48h,48,738383,734009,978608,1044158,3097,3104,36099,27794
ASM001873,EVT010,Krishnagiri,Krishnagiri Response Zone,T+48h,48,701973,711788,1322788,1119642,3026,3038,39226,38227
ASM001874,EVT010,Krishnagiri,Krishnagiri Response Zone,T+48h,48,876745,820679,865880,995255,3242,3250,37679,28810
ASM001875,EVT010,Krishnagiri,Krishnagiri Response Zone,T+48h,48,1132778,973793,2000632,1585227,3671,3676,51235,41836
ASM001876,EVT010,Krishnagiri,Krishnagiri Response Zone,T+72h,72,919957,744278,1366853,1107865,2900,2907,24031,20959
ASM001877,EVT010,Krishnagiri,Krishnagiri Response Zone,T+72h,72,650983,727913,761453,908204,3128,3125,26401,33406
ASM001878,EVT010,Krishnagiri,Krishnagiri Response Zone,T+72h,72,615402,636696,796999,948356,2614,2613,31637,29377
ASM001879,EVT010,Krishnagiri,Krishnagiri Response Zone,T+72h,72,515889,636979,588763,940748,3027,3016,17628,22974
ASM001880,EVT010,Krishnagiri,Krishnagiri Response Zone,T+72h,72,613018,653241,922667,1007556,3037,3030,35472,34996
ASM001881,EVT010,Ranipet,Ranipet Response Zone,T+0h,0,384152,342557,516448,459539,1354,1363,8762,10310
ASM001882,EVT010,Ranipet,Ranipet Response Zone,T+0h,0,415358,350300,378739,436444,1265,1263,15588,13702
ASM001883,EVT010,Ranipet,Ranipet Response Zone,T+0h,0,292424,356214,610517,580126,1563,1577,10668,20626
ASM001884,EVT010,Ranipet,Ranipet Response Zone,T+0h,0,286210,328875,305930,444028,1347,1350,11298,12981
ASM001885,EVT010,Ranipet,Ranipet Response Zone,T+0h,0,341831,339606,576904,509052,1564,1563,15762,11527
ASM001886,EVT010,Ranipet,Ranipet Response Zone,T+3h,3,423672,408865,498270,555336,1792,1798,19823,19606
ASM001887,EVT010,Ranipet,Ranipet Response Zone,T+3h,3,317171,355571,523829,547792,1674,1672,17458,16836
ASM001888,EVT010,Ranipet,Ranipet Response Zone,T+3h,3,419287,375067,519077,549252,1656,1656,15933,15087
ASM001889,EVT010,Ranipet,Ranipet Response Zone,T+3h,3,319016,335785,345407,499413,1446,1446,14274,9750
ASM001890,EVT010,Ranipet,Ranipet Response Zone,T+3h,3,291224,287502,305854,391287,1221,1217,7082,12264
ASM001891,EVT010,Ranipet,Ranipet Response Zone,T+6h,6,397533,346199,604659,523329,1511,1509,6024,11191
ASM001892,EVT010,Ranipet,Ranipet Response Zone,T+6h,6,345420,343452,532460,498756,1497,1496,12550,16851
ASM001893,EVT010,Ranipet,Ranipet Response Zone,T+6h,6,311330,335548,604190,520374,1350,1355,5260,12243
ASM001894,EVT010,Ranipet,Ranipet Response Zone,T+6h,6,334185,330976,516542,495743,1515,1508,18030,13816
ASM001895,EVT010,Ranipet,Ranipet Response Zone,T+6h,6,343094,341904,495236,504174,1459,1462,16158,13966
ASM001896,EVT010,Ranipet,Ranipet Response Zone,T+12h,12,497863,570747,467065,682994,2498,2476,15587,19630
ASM001897,EVT010,Ranipet,Ranipet Response Zone,T+12h,12,504955,578939,666153,735113,2385,2386,17084,19683
ASM001898,EVT010,Ranipet,Ranipet Response Zone,T+12h,12,745229,640649,737376,797332,2437,2448,22269,22418
ASM001899,EVT010,Ranipet,Ranipet Response Zone,T+12h,12,592139,562435,1198091,917837,2386,2382,23422,25344
ASM001900,EVT010,Ranipet,Ranipet Response Zone,T+12h,12,445902,463296,739890,667273,2088,2092,14576,15188
ASM001901,EVT010,Ranipet,Ranipet Response Zone,T+24h,24,599873,508924,1182107,905417,2153,2155,26643,23560
ASM001902,EVT010,Ranipet,Ranipet Response Zone,T+24h,24,559276,606262,1028657,932029,2538,2536,20621,22634
ASM001903,EVT010,Ranipet,Ranipet Response Zone,T+24h,24,779483,707670,768201,900187,2711,2718,32666,25765
ASM001904,EVT010,Ranipet,Ranipet Response Zone,T+24h,24,559819,518035,815182,845361,2184,2191,25081,23451
ASM001905,EVT010,Ranipet,Ranipet Response Zone,T+24h,24,554390,581244,907586,913186,2394,2388,19398,24605
ASM001906,EVT010,Ranipet,Ranipet Response Zone,T+36h,36,597877,546566,654249,814679,2190,2193,32638,22930
ASM001907,EVT010,Ranipet,Ranipet Response Zone,T+36h,36,408227,490353,750266,859426,2359,2360,13055,21458
ASM001908,EVT010,Ranipet,Ranipet Response Zone,T+36h,36,422341,475963,749832,807092,2151,2160,18628,20272
ASM001909,EVT010,Ranipet,Ranipet Response Zone,T+36h,36,438596,520705,1273873,1130912,2330,2334,31095,24949
ASM001910,EVT010,Ranipet,Ranipet Response Zone,T+36h,36,594725,568468,508976,826777,2338,2335,16411,21121
ASM001911,EVT010,Ranipet,Ranipet Response Zone,T+48h,48,895206,755482,1324381,1094312,2766,2753,32954,31294
ASM001912,EVT010,Ranipet,Ranipet Response Zone,T+48h,48,988524,812597,758009,898367,2605,2622,33228,28638
ASM001913,EVT010,Ranipet,Ranipet Response Zone,T+48h,48,674923,602447,607862,861530,2617,2607,14624,21135
ASM001914,EVT010,Ranipet,Ranipet Response Zone,T+48h,48,625666,573024,1169013,954772,2296,2295,23757,27223
ASM001915,EVT010,Ranipet,Ranipet Response Zone,T+48h,48,394249,511478,1026713,932710,2430,2417,22411,22853
ASM001916,EVT010,Ranipet,Ranipet Response Zone,T+72h,72,568807,648762,1267838,1052405,2590,2590,17718,23633
ASM001917,EVT010,Ranipet,Ranipet Response Zone,T+72h,72,608894,710273,1327310,1164216,3137,3161,66211,34230
ASM001918,EVT010,Ranipet,Ranipet Response Zone,T+72h,72,531536,599571,1431069,1047881,2593,2590,14575,18677
ASM001919,EVT010,Ranipet,Ranipet Response Zone,T+72h,72,612482,652445,1055811,1020039,2590,2608,28794,21776
ASM001920,EVT010,Ranipet,Ranipet Response Zone,T+72h,72,624115,665926,1036302,1034398,3035,3027,31922,36814
ASM001921,EVT010,Vellore,Vellore Response Zone,T+0h,0,465758,595259,1066631,962136,2859,2872,18477,26832
ASM001922,EVT010,Vellore,Vellore Response Zone,T+0h,0,853905,744916,1354790,1196052,3186,3174,21948,21011
ASM001923,EVT010,Vellore,Vellore Response Zone,T+0h,0,526714,675238,738253,878946,2888,2887,25064,20427
ASM001924,EVT010,Vellore,Vellore Response Zone,T+0h,0,595510,619960,678114,841979,2411,2403,26165,19218
ASM001925,EVT010,Vellore,Vellore Response Zone,T+0h,0,882056,800818,732303,849764,2374,2402,25429,15739
ASM001926,EVT010,Vellore,Vellore Response Zone,T+3h,3,569595,632617,573193,875623,2992,2980,65923,28363
ASM001927,EVT010,Vellore,Vellore Response Zone,T+3h,3,467667,673982,1130721,1134930,3287,3299,33091,30750
ASM001928,EVT010,Vellore,Vellore Response Zone,T+3h,3,695990,714176,633594,925246,3255,3247,21533,26424
ASM001929,EVT010,Vellore,Vellore Response Zone,T+3h,3,905161,769523,1023683,973163,3181,3181,30659,25391
ASM001930,EVT010,Vellore,Vellore Response Zone,T+3h,3,952096,808035,1128086,913616,2645,2648,23547,24383
ASM001931,EVT010,Vellore,Vellore Response Zone,T+6h,6,549502,712612,828471,935121,2972,2973,23593,18117
ASM001932,EVT010,Vellore,Vellore Response Zone,T+6h,6,840133,811404,1606953,1291154,3335,3352,17446,24234
ASM001933,EVT010,Vellore,Vellore Response Zone,T+6h,6,777437,854213,817483,1217255,3941,3937,64987,33925
ASM001934,EVT010,Vellore,Vellore Response Zone,T+6h,6,736282,763436,1439910,1254337,3421,3410,42150,32261
ASM001935,EVT010,Vellore,Vellore Response Zone,T+6h,6,1317617,1085142,1272749,1236232,3406,3420,18269,31872
ASM001936,EVT010,Vellore,Vellore Response Zone,T+12h,12,561011,722684,631348,965112,3385,3369,13622,18008
ASM001937,EVT010,Vellore,Vellore Response Zone,T+12h,12,842248,870112,2214177,1703707,3769,3774,43573,35502
ASM001938,EVT010,Vellore,Vellore Response Zone,T+12h,12,821219,758587,1018535,1004726,3374,3373,43288,29417
ASM001939,EVT010,Vellore,Vellore Response Zone,T+12h,12,986663,858945,888799,1155904,3597,3589,21954,31396
ASM001940,EVT010,Vellore,Vellore Response Zone,T+12h,12,842497,861321,811661,1144075,3490,3476,42684,34963
ASM001941,EVT010,Vellore,Vellore Response Zone,T+24h,24,1406088,1402664,1845166,2027006,5688,5714,30724,56349
ASM001942,EVT010,Vellore,Vellore Response Zone,T+24h,24,1175598,1320043,1878148,1983265,5470,5460,58577,57963
ASM001943,EVT010,Vellore,Vellore Response Zone,T+24h,24,1340603,1372565,1867263,1885887,5492,5495,61671,48023
ASM001944,EVT010,Vellore,Vellore Response Zone,T+24h,24,1234067,1335312,1784507,1947804,6016,5999,44554,53080
ASM001945,EVT010,Vellore,Vellore Response Zone,T+24h,24,1406435,1254995,2111917,1993272,5303,5289,29329,48897
ASM001946,EVT010,Vellore,Vellore Response Zone,T+36h,36,1157430,1285200,1653004,1727491,5476,5442,47514,44171
ASM001947,EVT010,Vellore,Vellore Response Zone,T+36h,36,1175895,1095522,1010637,1422437,4520,4528,36079,43949
ASM001948,EVT010,Vellore,Vellore Response Zone,T+36h,36,1180483,1139213,1620708,1852279,5083,5091,43196,39406
ASM001949,EVT010,Vellore,Vellore Response Zone,T+36h,36,1397820,1179937,919288,1495700,4779,4784,34414,44267
ASM001950,EVT010,Vellore,Vellore Response Zone,T+36h,36,1180494,1139402,1861848,1861656,4733,4740,29472,40565
ASM001951,EVT010,Vellore,Vellore Response Zone,T+48h,48,833556,1035210,1402817,1717008,4682,4746,27898,52650
ASM001952,EVT010,Vellore,Vellore Response Zone,T+48h,48,1604433,1436494,1936126,1943544,5348,5337,53580,48742
ASM001953,EVT010,Vellore,Vellore Response Zone,T+48h,48,1021977,1120491,2452278,2090291,5287,5263,41273,44828
ASM001954,EVT010,Vellore,Vellore Response Zone,T+48h,48,1011716,1076964,1401631,1529889,4817,4842,38173,50406
ASM001955,EVT010,Vellore,Vellore Response Zone,T+48h,48,1009563,1088960,2260839,1817614,4822,4802,52859,48188
ASM001956,EVT010,Vellore,Vellore Response Zone,T+72h,72,1713372,1456937,1688279,1822772,5605,5594,63915,49544
ASM001957,EVT010,Vellore,Vellore Response Zone,T+72h,72,802584,1029942,2887426,2276587,5220,5221,50609,55055
ASM001958,EVT010,Vellore,Vellore Response Zone,T+72h,72,2365162,1889252,1665627,1762414,5397,5407,47840,44608
ASM001959,EVT010,Vellore,Vellore Response Zone,T+72h,72,1452124,1203825,1380353,1680871,5122,5108,44000,42607
ASM001960,EVT010,Vellore,Vellore Response Zone,T+72h,72,1379344,1390655,2363370,2197303,5891,5895,42244,59793
ASM001961,EVT010,Tirupathur,Tirupathur Response Zone,T+0h,0,289199,286286,358094,396265,1208,1206,15321,11088
ASM001962,EVT010,Tirupathur,Tirupathur Response Zone,T+0h,0,366098,346753,402387,509386,1428,1426,11879,19292
ASM001963,EVT010,Tirupathur,Tirupathur Response Zone,T+0h,0,318606,317651,340582,381733,1214,1218,8745,8543
ASM001964,EVT010,Tirupathur,Tirupathur Response Zone,T+0h,0,355118,332300,430513,452767,1294,1291,13248,13868
ASM001965,EVT010,Tirupathur,Tirupathur Response Zone,T+0h,0,339737,333571,578576,474056,1248,1250,7940,11069
ASM001966,EVT010,Tirupathur,Tirupathur Response Zone,T+3h,3,309139,322500,256275,390828,1309,1314,10576,11555
ASM001967,EVT010,Tirupathur,Tirupathur Response Zone,T+3h,3,296715,332255,440209,448103,1333,1332,12740,16018
ASM001968,EVT010,Tirupathur,Tirupathur Response Zone,T+3h,3,331313,344958,556478,505854,1474,1471,7707,12162
ASM001969,EVT010,Tirupathur,Tirupathur Response Zone,T+3h,3,316144,326625,500365,476056,1451,1450,12831,18264
ASM001970,EVT010,Tirupathur,Tirupathur Response Zone,T+3h,3,421184,334899,647989,504092,1391,1388,9713,15815
ASM001971,EVT010,Tirupathur,Tirupathur Response Zone,T+6h,6,415107,352906,484553,515477,1594,1594,9088,12132
ASM001972,EVT010,Tirupathur,Tirupathur Response Zone,T+6h,6,184424,264524,449705,466609,1350,1356,8941,18530
ASM001973,EVT010,Tirupathur,Tirupathur Response Zone,T+6h,6,364198,340226,505427,468878,1376,1377,12805,10925
ASM001974,EVT010,Tirupathur,Tirupathur Response Zone,T+6h,6,347665,343818,460815,484126,1452,1450,14680,11168
ASM001975,EVT010,Tirupathur,Tirupathur Response Zone,T+6h,6,300128,300526,389732,412799,1285,1285,16467,17986
ASM001976,EVT010,Tirupathur,Tirupathur Response Zone,T+12h,12,420675,453606,732661,718740,2086,2082,31870,23532
ASM001977,EVT010,Tirupathur,Tirupathur Response Zone,T+12h,12,635966,567804,602811,745172,2322,2323,20680,25278
ASM001978,EVT010,Tirupathur,Tirupathur Response Zone,T+12h,12,597388,547250,583605,700662,2199,2200,16394,21979
ASM001979,EVT010,Tirupathur,Tirupathur Response Zone,T+12h,12,409720,465079,590507,696708,2144,2152,17442,22924
ASM001980,EVT010,Tirupathur,Tirupathur Response Zone,T+12h,12,508425,482407,895076,743165,2088,2095,20769,17800
ASM001981,EVT010,Tirupathur,Tirupathur Response Zone,T+24h,24,525933,600246,420893,741046,2755,2755,28459,26419
ASM001982,EVT010,Tirupathur,Tirupathur Response Zone,T+24h,24,497591,584011,1042364,965543,2880,2895,22770,23650
ASM001983,EVT010,Tirupathur,Tirupathur Response Zone,T+24h,24,570734,617441,941551,905497,2693,2701,34130,23662
ASM001984,EVT010,Tirupathur,Tirupathur Response Zone,T+24h,24,766401,708187,630405,788591,2840,2843,31215,28701
ASM001985,EVT010,Tirupathur,Tirupathur Response Zone,T+24h,24,756914,689395,1057570,1049374,2826,2828,25534,32713
ASM001986,EVT010,Tirupathur,Tirupathur Response Zone,T+36h,36,731006,674262,1068944,946383,2966,2964,18857,21179
ASM001987,EVT010,Tirupathur,Tirupathur Response Zone,T+36h,36,742391,705891,1142708,968585,2781,2783,37054,31315
ASM001988,EVT010,Tirupathur,Tirupathur Response Zone,T+36h,36,732781,705351,517318,803206,2788,2801,42668,31477
ASM001989,EVT010,Tirupathur,Tirupathur Response Zone,T+36h,36,594223,642120,1404426,1164667,3048,3030,33991,28038
ASM001990,EVT010,Tirupathur,Tirupathur Response Zone,T+36h,36,666522,629493,731926,892459,2581,2593,36705,21670
ASM001991,EVT010,Tirupathur,Tirupathur Response Zone,T+48h,48,513879,448364,756259,614420,1767,1761,22758,14560
ASM001992,EVT010,Tirupathur,Tirupathur Response Zone,T+48h,48,628858,577246,1003132,869508,2300,2305,28132,26653
ASM001993,EVT010,Tirupathur,Tirupathur Response Zone,T+48h,48,600515,510880,597711,651742,2051,2048,17286,26711
ASM001994,EVT010,Tirupathur,Tirupathur Response Zone,T+48h,48,573870,515871,884642,792279,1926,1918,13282,23977
ASM001995,EVT010,Tirupathur,Tirupathur Response Zone,T+48h,48,538400,502111,683975,819747,2105,2106,17423,22344
ASM001996,EVT010,Tirupathur,Tirupathur Response Zone,T+72h,72,589441,498474,430125,639247,1897,1907,23019,21358
ASM001997,EVT010,Tirupathur,Tirupathur Response Zone,T+72h,72,462686,474528,929649,807253,1925,1933,29827,17641
ASM001998,EVT010,Tirupathur,Tirupathur Response Zone,T+72h,72,373909,402052,537944,596926,1789,1802,15731,15248
ASM001999,EVT010,Tirupathur,Tirupathur Response Zone,T+72h,72,465358,474267,586186,685774,1925,1933,25985,23220
ASM002000,EVT010,Tirupathur,Tirupathur Response Zone,T+72h,72,384778,428154,605540,610900,1793,1799,15319,19515
ASM002001,EVT011,Chennai,Chennai Response Zone,T+0h,0,694512,759495,1380805,1279991,4352,4331,25599,19514
ASM002002,EVT011,Chennai,Chennai Response Zone,T+0h,0,686791,697510,1213816,1201379,3797,3796,38127,25983
ASM002003,EVT011,Chennai,Chennai Response Zone,T+0h,0,707888,821757,1637710,1477721,4866,4832,18067,31827
ASM002004,EVT011,Chennai,Chennai Response Zone,T+0h,0,838249,830701,1135342,1459865,5290,5260,37131,39773
ASM002005,EVT011,Chennai,Chennai Response Zone,T+0h,0,563352,704557,1183602,1383354,4412,4423,45426,31963
ASM002006,EVT011,Chennai,Chennai Response Zone,T+3h,3,816338,804924,1273765,1334118,4344,4355,31116,27642
ASM002007,EVT011,Chennai,Chennai Response Zone,T+3h,3,884119,866902,2573927,2096169,5131,5134,33453,44904
ASM002008,EVT011,Chennai,Chennai Response Zone,T+3h,3,779457,817024,1589200,1598721,5241,5248,21643,44847
ASM002009,EVT011,Chennai,Chennai Response Zone,T+3h,3,940863,882983,1839509,1562630,4733,4724,28360,29049
ASM002010,EVT011,Chennai,Chennai Response Zone,T+3h,3,1018653,945852,1488930,1514263,4521,4482,35088,31508
ASM002011,EVT011,Chennai,Chennai Response Zone,T+6h,6,717048,815721,1456476,1643325,5724,5631,29328,36737
ASM002012,EVT011,Chennai,Chennai Response Zone,T+6h,6,803179,805130,1500940,1615755,5243,5252,41736,41586
ASM002013,EVT011,Chennai,Chennai Response Zone,T+6h,6,823825,847264,1490181,1563293,5507,5460,34784,32382
ASM002014,EVT011,Chennai,Chennai Response Zone,T+6h,6,759750,789143,1821061,1632118,5404,5394,46914,39274
ASM002015,EVT011,Chennai,Chennai Response Zone,T+6h,6,1217006,1145919,2357222,2060686,6270,6251,17673,34178
ASM002016,EVT011,Chennai,Chennai Response Zone,T+12h,12,987570,1134297,1933130,1934827,6237,6215,32915,53449
ASM002017,EVT011,Chennai,Chennai Response Zone,T+12h,12,914269,876763,2265799,2031142,5551,5522,43313,44735
ASM002018,EVT011,Chennai,Chennai Response Zone,T+12h,12,658918,776304,1281692,1662996,5724,5687,47316,44304
ASM002019,EVT011,Chennai,Chennai Response Zone,T+12h,12,1000808,927714,1357294,1486850,4834,4827,44333,39455
ASM002020,EVT011,Chennai,Chennai Response Zone,T+12h,12,807111,1058724,1388107,1762982,5993,6024,39950,33811
ASM002021,EVT011,Chennai,Chennai Response Zone,T+24h,24,1345389,1311689,2697063,2600216,7248,7194,55419,67996
ASM002022,EVT011,Chennai,Chennai Response Zone,T+24h,24,1253749,1237076,2033581,2135336,6155,6164,50257,55420
ASM002023,EVT011,Chennai,Chennai Response Zone,T+24h,24,1787552,1578597,2779561,2431413,7411,7386,33732,50436
ASM002024,EVT011,Chennai,Chennai Response Zone,T+24h,24,1009646,1159536,1984701,2360056,6901,6915,84578,70922
ASM002025,EVT011,Chennai,Chennai Response Zone,T+24h,24,791157,1109286,2549120,2339265,8110,7941,38622,59841
ASM002026,EVT011,Chennai,Chennai Response Zone,T+36h,36,1693112,1812481,3512338,3437540,9338,9218,97283,82017
ASM002027,EVT011,Chennai,Chennai Response Zone,T+36h,36,2297224,2100290,1638537,2125700,8610,8708,59934,64644
ASM002028,EVT011,Chennai,Chennai Response Zone,T+36h,36,2080750,1913012,4924313,4110373,9210,9076,68118,74764
ASM002029,EVT011,Chennai,Chennai Response Zone,T+36h,36,1608058,1687871,2527428,2645898,8414,8403,48821,69843
ASM002030,EVT011,Chennai,Chennai Response Zone,T+36h,36,1350525,1419026,1600239,2503672,8357,8384,41760,65366
ASM002031,EVT011,Chennai,Chennai Response Zone,T+48h,48,1616198,1464787,2692459,2619012,7581,7566,57859,75539
ASM002032,EVT011,Chennai,Chennai Response Zone,T+48h,48,1183827,1323549,2589231,2626712,7341,7325,53671,69450
ASM002033,EVT011,Chennai,Chennai Response Zone,T+48h,48,1557965,1486812,2588321,2642246,7905,7749,33638,74459
ASM002034,EVT011,Chennai,Chennai Response Zone,T+48h,48,1698709,1764368,3595158,3208319,8129,8192,65636,76414
ASM002035,EVT011,Chennai,Chennai Response Zone,T+48h,48,1678588,1505110,3120857,2783266,7608,7453,89155,67881
ASM002036,EVT011,Chennai,Chennai Response Zone,T+72h,72,2222387,1924870,2314141,2325740,6805,6808,41148,47440
ASM002037,EVT011,Chennai,Chennai Response Zone,T+72h,72,1598669,1557827,3213861,3106666,7845,7836,72196,81508
ASM002038,EVT011,Chennai,Chennai Response Zone,T+72h,72,1315293,1364429,2639422,2743302,7704,7703,70326,69267
ASM002039,EVT011,Chennai,Chennai Response Zone,T+72h,72,1320357,1323802,3767725,3191871,7256,7243,47170,56181
ASM002040,EVT011,Chennai,Chennai Response Zone,T+72h,72,965186,1169988,1725840,2123269,7626,7530,59884,55220
ASM002041,EVT011,Tiruvallur,Tiruvallur Response Zone,T+0h,0,635507,692078,1220462,1260452,3995,3994,31031,19244
ASM002042,EVT011,Tiruvallur,Tiruvallur Response Zone,T+0h,0,684929,684697,1359554,1339361,4410,4410,47483,37012
ASM002043,EVT011,Tiruvallur,Tiruvallur Response Zone,T+0h,0,623791,668266,1427967,1214579,3793,3804,27496,22366
ASM002044,EVT011,Tiruvallur,Tiruvallur Response Zone,T+0h,0,731678,724844,993323,1147645,3949,3942,24856,30591
ASM002045,EVT011,Tiruvallur,Tiruvallur Response Zone,T+0h,0,653639,702319,881909,1160727,4349,4356,44256,37055
ASM002046,EVT011,Tiruvallur,Tiruvallur Response Zone,T+3h,3,998639,919313,1477322,1441258,4561,4583,24270,41558
ASM002047,EVT011,Tiruvallur,Tiruvallur Response Zone,T+3h,3,752422,742700,1344307,1293016,4264,4283,22930,22759
ASM002048,EVT011,Tiruvallur,Tiruvallur Response Zone,T+3h,3,732540,749122,1881842,1550373,4288,4297,41075,33633
ASM002049,EVT011,Tiruvallur,Tiruvallur Response Zone,T+3h,3,661433,677578,871627,1140914,4078,4074,33991,27438
ASM002050,EVT011,Tiruvallur,Tiruvallur Response Zone,T+3h,3,759781,734445,1654986,1338849,4082,4073,32827,23903
ASM002051,EVT011,Tiruvallur,Tiruvallur Response Zone,T+6h,6,969388,894895,2590775,1746216,4539,4559,41632,39031
ASM002052,EVT011,Tiruvallur,Tiruvallur Response Zone,T+6h,6,746970,805095,1352319,1444852,4878,4870,32121,34813
ASM002053,EVT011,Tiruvallur,Tiruvallur Response Zone,T+6h,6,790373,813026,1151882,1542904,5233,5232,53193,47713
ASM002054,EVT011,Tiruvallur,Tiruvallur Response Zone,T+6h,6,882089,848045,1369219,1519769,5515,5473,23180,32478
ASM002055,EVT011,Tiruvallur,Tiruvallur Response Zone,T+6h,6,697829,744446,1572122,1522803,5229,5223,30879,41661
ASM002056,EVT011,Tiruvallur,Tiruvallur Response Zone,T+12h,12,1042798,1182400,2338559,2370294,7097,7098,55229,56928
ASM002057,EVT011,Tiruvallur,Tiruvallur Response Zone,T+12h,12,1050688,1153437,1760052,2039297,6714,6727,68557,66394
ASM002058,EVT011,Tiruvallur,Tiruvallur Response Zone,T+12h,12,1433809,1344007,2892923,2623945,7337,7291,28413,54685
ASM002059,EVT011,Tiruvallur,Tiruvallur Response Zone,T+12h,12,1229797,1286821,1579782,1936556,6962,6918,80485,70308
ASM002060,EVT011,Tiruvallur,Tiruvallur Response Zone,T+12h,12,1124747,1208981,1179137,1650791,6660,6574,62838,54118
ASM002061,EVT011,Tiruvallur,Tiruvallur Response Zone,T+24h,24,1530021,1415920,3071205,2686165,6835,6849,51532,59712
ASM002062,EVT011,Tiruvallur,Tiruvallur Response Zone,T+24h,24,1329171,1360009,1472291,2048885,7625,7576,141090,78727
ASM002063,EVT011,Tiruvallur,Tiruvallur Response Zone,T+24h,24,1451173,1421990,2353779,2375590,7449,7483,50026,66577
ASM002064,EVT011,Tiruvallur,Tiruvallur Response Zone,T+24h,24,1323162,1319481,5516552,4358480,7066,7117,59190,74239
ASM002065,EVT011,Tiruvallur,Tiruvallur Response Zone,T+24h,24,1295718,1322249,2228547,2272914,6533,6527,45297,53136
ASM002066,EVT011,Tiruvallur,Tiruvallur Response Zone,T+36h,36,1186873,1237389,1774901,2128728,7418,7434,49040,52666
ASM002067,EVT011,Tiruvallur,Tiruvallur Response Zone,T+36h,36,705453,939025,2046498,2040754,6034,6007,42051,46800
ASM002068,EVT011,Tiruvallur,Tiruvallur Response Zone,T+36h,36,1168241,1251583,2293076,2270050,6310,6324,41855,70531
ASM002069,EVT011,Tiruvallur,Tiruvallur Response Zone,T+36h,36,1608729,1478494,2397964,2323502,6416,6406,50856,61735
ASM002070,EVT011,Tiruvallur,Tiruvallur Response Zone,T+36h,36,1537735,1564415,2910130,2780144,6948,6879,68406,80517
ASM002071,EVT011,Tiruvallur,Tiruvallur Response Zone,T+48h,48,1847937,1689772,2070764,2389171,8676,8624,88883,72599
ASM002072,EVT011,Tiruvallur,Tiruvallur Response Zone,T+48h,48,1888957,1688307,4348661,4253943,8303,8179,164331,91072
ASM002073,EVT011,Tiruvallur,Tiruvallur Response Zone,T+48h,48,1551604,1601421,2859175,2603328,8220,8349,92432,75960
ASM002074,EVT011,Tiruvallur,Tiruvallur Response Zone,T+48h,48,1561427,1618960,3452808,3148454,8673,8474,65384,83781
ASM002075,EVT011,Tiruvallur,Tiruvallur Response Zone,T+48h,48,1339593,1508042,2468279,2833369,8764,8718,67057,87509
ASM002076,EVT011,Tiruvallur,Tiruvallur Response Zone,T+72h,72,1137328,1246004,3144429,2665919,6557,6534,53191,63228
ASM002077,EVT011,Tiruvallur,Tiruvallur Response Zone,T+72h,72,1202805,1096992,1917159,1971797,5758,5704,93071,55809
ASM002078,EVT011,Tiruvallur,Tiruvallur Response Zone,T+72h,72,1539223,1477591,2427786,2308274,6136,6138,52632,64407
ASM002079,EVT011,Tiruvallur,Tiruvallur Response Zone,T+72h,72,1045001,1049140,1647542,1854441,5662,5640,36083,58691
ASM002080,EVT011,Tiruvallur,Tiruvallur Response Zone,T+72h,72,968532,999316,1427565,1755063,5416,5417,27141,33399
ASM002081,EVT011,Chengalpattu,Chengalpattu Response Zone,T+0h,0,646287,650266,1268660,1161588,3338,3348,26231,17167
ASM002082,EVT011,Chengalpattu,Chengalpattu Response Zone,T+0h,0,689105,648476,905259,1074345,3220,3197,23124,16379
ASM002083,EVT011,Chengalpattu,Chengalpattu Response Zone,T+0h,0,483724,571215,912843,1091706,3622,3621,26098,27922
ASM002084,EVT011,Chengalpattu,Chengalpattu Response Zone,T+0h,0,370710,491518,845728,954474,3336,3337,25878,20413
ASM002085,EVT011,Chengalpattu,Chengalpattu Response Zone,T+0h,0,542931,575747,1212545,1082641,3567,3529,10463,14554
ASM002086,EVT011,Chengalpattu,Chengalpattu Response Zone,T+3h,3,601447,712506,1177147,1356084,4277,4291,40481,35350
ASM002087,EVT011,Chengalpattu,Chengalpattu Response Zone,T+3h,3,617443,705891,1194250,1287867,3874,3891,46554,34408
ASM002088,EVT011,Chengalpattu,Chengalpattu Response Zone,T+3h,3,701029,752449,1244087,1320221,4208,4194,24501,30044
ASM002089,EVT011,Chengalpattu,Chengalpattu Response Zone,T+3h,3,698616,749227,772626,1191591,4406,4397,18079,20267
ASM002090,EVT011,Chengalpattu,Chengalpattu Response Zone,T+3h,3,1088888,983992,955959,1295901,4979,4917,20183,38737
ASM002091,EVT011,Chengalpattu,Chengalpattu Response Zone,T+6h,6,828436,838166,1506212,1467417,4589,4595,64207,37269
ASM002092,EVT011,Chengalpattu,Chengalpattu Response Zone,T+6h,6,892526,893259,1145362,1295556,4756,4738,24984,31683
ASM002093,EVT011,Chengalpattu,Chengalpattu Response Zone,T+6h,6,919158,923723,1806818,1478486,4790,4760,39420,40062
ASM002094,EVT011,Chengalpattu,Chengalpattu Response Zone,T+6h,6,599198,711093,1511865,1274428,4402,4383,23749,19498
ASM002095,EVT011,Chengalpattu,Chengalpattu Response Zone,T+6h,6,926929,839746,1537622,1332263,4066,4058,48364,30237
ASM002096,EVT011,Chengalpattu,Chengalpattu Response Zone,T+12h,12,969463,929249,2523934,2090418,6106,6047,37407,40809
ASM002097,EVT011,Chengalpattu,Chengalpattu Response Zone,T+12h,12,992500,987135,1438117,1524311,5344,5251,32961,35288
ASM002098,EVT011,Chengalpattu,Chengalpattu Response Zone,T+12h,12,793732,887679,2001887,1985898,5575,5581,54359,58281
ASM002099,EVT011,Chengalpattu,Chengalpattu Response Zone,T+12h,12,689616,785456,1363405,1624006,5454,5435,63775,45743
ASM002100,EVT011,Chengalpattu,Chengalpattu Response Zone,T+12h,12,1021052,996057,2750950,2184067,4901,4890,39777,45567
ASM002101,EVT011,Chengalpattu,Chengalpattu Response Zone,T+24h,24,1322379,1306069,3873291,3322692,6563,6595,52718,74926
ASM002102,EVT011,Chengalpattu,Chengalpattu Response Zone,T+24h,24,1121564,1173386,2339346,2338796,7632,7634,33916,62177
ASM002103,EVT011,Chengalpattu,Chengalpattu Response Zone,T+24h,24,1116082,1200802,2663867,2621024,7611,7593,43541,65188
ASM002104,EVT011,Chengalpattu,Chengalpattu Response Zone,T+24h,24,1681501,1573979,3511977,3206861,7695,7671,92432,81103
ASM002105,EVT011,Chengalpattu,Chengalpattu Response Zone,T+24h,24,1054643,1158590,2195322,2239274,7236,7319,43719,52710
ASM002106,EVT011,Chengalpattu,Chengalpattu Response Zone,T+36h,36,1606988,1401030,1782331,2021965,6179,6195,39858,47378
ASM002107,EVT011,Chengalpattu,Chengalpattu Response Zone,T+36h,36,841385,950080,2411877,2104459,5219,5246,41437,50705
ASM002108,EVT011,Chengalpattu,Chengalpattu Response Zone,T+36h,36,1163679,1089756,1805603,1771253,5630,5559,33259,33509
ASM002109,EVT011,Chengalpattu,Chengalpattu Response Zone,T+36h,36,1060939,1110987,2156467,2021611,6527,6389,44719,53615
ASM002110,EVT011,Chengalpattu,Chengalpattu Response Zone,T+36h,36,1146375,1052700,1503108,1811426,5406,5409,39333,47072
ASM002111,EVT011,Chengalpattu,Chengalpattu Response Zone,T+48h,48,1174878,1250922,1593608,2267256,7314,7257,100177,72787
ASM002112,EVT011,Chengalpattu,Chengalpattu Response Zone,T+48h,48,1282243,1350317,2502752,2520032,7104,7122,89854,67473
ASM002113,EVT011,Chengalpattu,Chengalpattu Response Zone,T+48h,48,1328988,1271281,2932748,2613683,6988,7056,33638,61711
ASM002114,EVT011,Chengalpattu,Chengalpattu Response Zone,T+48h,48,1090694,1174590,2325183,2571363,7586,7581,74094,72387
ASM002115,EVT011,Chengalpattu,Chengalpattu Response Zone,T+48h,48,1528129,1415643,3470537,2984535,7493,7516,50165,67343
ASM002116,EVT011,Chengalpattu,Chengalpattu Response Zone,T+72h,72,913371,975644,1628337,1859880,5409,5401,48048,55381
ASM002117,EVT011,Chengalpattu,Chengalpattu Response Zone,T+72h,72,1051255,1113775,1599271,1930260,6093,6076,58524,57176
ASM002118,EVT011,Chengalpattu,Chengalpattu Response Zone,T+72h,72,820228,906999,1734377,1767163,5326,5326,32044,35544
ASM002119,EVT011,Chengalpattu,Chengalpattu Response Zone,T+72h,72,601391,803552,1672565,1729669,5397,5401,29847,30074
ASM002120,EVT011,Chengalpattu,Chengalpattu Response Zone,T+72h,72,946855,995687,2280067,1991568,5265,5239,59019,51685
ASM002121,EVT011,Villupuram,Villupuram Response Zone,T+0h,0,947094,798037,859806,996692,3218,3224,32680,31979
ASM002122,EVT011,Villupuram,Villupuram Response Zone,T+0h,0,694548,619707,1442886,1128094,3479,3458,20343,23868
ASM002123,EVT011,Villupuram,Villupuram Response Zone,T+0h,0,570787,596958,1573154,1183778,3013,3049,17825,21384
ASM002124,EVT011,Villupuram,Villupuram Response Zone,T+0h,0,493856,516927,858633,850646,3078,3063,11090,16016
ASM002125,EVT011,Villupuram,Villupuram Response Zone,T+0h,0,571291,583976,1408297,1102799,3286,3288,23297,31109
ASM002126,EVT011,Villupuram,Villupuram Response Zone,T+3h,3,598576,575407,736638,929587,3097,3110,47980,27032
ASM002127,EVT011,Villupuram,Villupuram Response Zone,T+3h,3,406864,478178,1185560,972686,2687,2690,18832,28459
ASM002128,EVT011,Villupuram,Villupuram Response Zone,T+3h,3,673566,603351,1156049,878708,3161,3166,12578,16781
ASM002129,EVT011,Villupuram,Villupuram Response Zone,T+3h,3,536955,496386,956637,880032,2456,2466,17022,12544
ASM002130,EVT011,Villupuram,Villupuram Response Zone,T+3h,3,643205,598851,910812,902737,3398,3345,17398,13559
ASM002131,EVT011,Villupuram,Villupuram Response Zone,T+6h,6,655111,622701,513167,856293,3404,3402,30332,34873
ASM002132,EVT011,Villupuram,Villupuram Response Zone,T+6h,6,510273,519952,715280,891589,2904,2894,27942,19244
ASM002133,EVT011,Villupuram,Villupuram Response Zone,T+6h,6,583354,565843,708991,846337,3029,3032,18798,13416
ASM002134,EVT011,Villupuram,Villupuram Response Zone,T+6h,6,644584,619748,728797,874428,3313,3319,16282,15149
ASM002135,EVT011,Villupuram,Villupuram Response Zone,T+6h,6,491280,523814,877560,892670,3032,3024,13272,14472
ASM002136,EVT011,Villupuram,Villupuram Response Zone,T+12h,12,507763,561917,847461,887840,3266,3259,18170,20331
ASM002137,EVT011,Villupuram,Villupuram Response Zone,T+12h,12,711727,777899,950322,1195093,4075,4067,39731,27908
ASM002138,EVT011,Villupuram,Villupuram Response Zone,T+12h,12,818693,771161,739229,885152,3121,3142,16843,17894
ASM002139,EVT011,Villupuram,Villupuram Response Zone,T+12h,12,493375,577168,909283,1029332,3855,3799,17031,30635
ASM002140,EVT011,Villupuram,Villupuram Response Zone,T+12h,12,413849,522750,1187173,916792,3193,3193,17527,14291
ASM002141,EVT011,Villupuram,Villupuram Response Zone,T+24h,24,833534,804261,1260013,1372406,4466,4453,22840,39254
ASM002142,EVT011,Villupuram,Villupuram Response Zone,T+24h,24,803815,794229,1234312,1367013,4322,4316,55917,32045
ASM002143,EVT011,Villupuram,Villupuram Response Zone,T+24h,24,855270,833400,1437414,1507068,4727,4689,34190,46233
ASM002144,EVT011,Villupuram,Villupuram Response Zone,T+24h,24,879574,852588,1641336,1493437,4575,4556,29831,28569
ASM002145,EVT011,Villupuram,Villupuram Response Zone,T+24h,24,788554,818113,1744186,1535307,4431,4424,44634,48669
ASM002146,EVT011,Villupuram,Villupuram Response Zone,T+36h,36,1276204,1143277,752721,1175059,5257,5269,27708,32974
ASM002147,EVT011,Villupuram,Villupuram Response Zone,T+36h,36,635485,805006,1954763,1709043,4936,4907,27553,30453
ASM002148,EVT011,Villupuram,Villupuram Response Zone,T+36h,36,739202,838277,2429962,1862075,4837,4818,56089,51544
ASM002149,EVT011,Villupuram,Villupuram Response Zone,T+36h,36,921765,1085844,1369747,1569040,4929,4928,76433,53240
ASM002150,EVT011,Villupuram,Villupuram Response Zone,T+36h,36,606744,746084,1237318,1458016,4586,4583,50562,46058
ASM002151,EVT011,Villupuram,Villupuram Response Zone,T+48h,48,863589,874031,1525039,1591727,4805,4821,72911,52248
ASM002152,EVT011,Villupuram,Villupuram Response Zone,T+48h,48,1337125,1186177,1518316,1818184,5541,5446,37391,58850
ASM002153,EVT011,Villupuram,Villupuram Response Zone,T+48h,48,916076,988338,1709051,1665208,5034,5017,38846,33374
ASM002154,EVT011,Villupuram,Villupuram Response Zone,T+48h,48,916118,883209,1019533,1446574,4806,4789,46165,51434
ASM002155,EVT011,Villupuram,Villupuram Response Zone,T+48h,48,695173,830090,1156092,1371490,4654,4660,32363,28786
ASM002156,EVT011,Villupuram,Villupuram Response Zone,T+72h,72,658394,683068,1897479,1432963,4067,4066,34996,23287
ASM002157,EVT011,Villupuram,Villupuram Response Zone,T+72h,72,746233,816489,1149437,1416311,4379,4366,30116,31559
ASM002158,EVT011,Villupuram,Villupuram Response Zone,T+72h,72,789010,820296,2081446,1581924,4291,4297,31705,36096
ASM002159,EVT011,Villupuram,Villupuram Response Zone,T+72h,72,1003172,875445,1501648,1451778,4046,4050,32383,26939
ASM002160,EVT011,Villupuram,Villupuram Response Zone,T+72h,72,938646,849811,916472,1327183,4660,4649,15457,29715
ASM002161,EVT011,Cuddalore,Cuddalore Response Zone,T+0h,0,364994,429464,926754,884076,2571,2567,17184,18280
ASM002162,EVT011,Cuddalore,Cuddalore Response Zone,T+0h,0,442945,440949,697772,734498,2436,2402,15603,14834
ASM002163,EVT011,Cuddalore,Cuddalore Response Zone,T+0h,0,458427,468332,602500,675535,2256,2260,8404,8714
ASM002164,EVT011,Cuddalore,Cuddalore Response Zone,T+0h,0,545967,494001,770006,714151,2411,2406,19078,10099
ASM002165,EVT011,Cuddalore,Cuddalore Response Zone,T+0h,0,569166,485034,780899,745394,2286,2281,9671,13060
ASM002166,EVT011,Cuddalore,Cuddalore Response Zone,T+3h,3,427476,504872,1028724,909106,2911,2912,17489,18634
ASM002167,EVT011,Cuddalore,Cuddalore Response Zone,T+3h,3,462577,544590,1198137,994482,3051,3054,19836,14469
ASM002168,EVT011,Cuddalore,Cuddalore Response Zone,T+3h,3,438129,545092,987033,944884,3398,3335,24066,15468
ASM002169,EVT011,Cuddalore,Cuddalore Response Zone,T+3h,3,541000,561938,693586,868151,3296,3313,25190,27811
ASM002170,EVT011,Cuddalore,Cuddalore Response Zone,T+3h,3,556434,538628,746470,936195,2978,2988,23275,15827
ASM002171,EVT011,Cuddalore,Cuddalore Response Zone,T+6h,6,605024,543430,1796035,1307541,2992,2922,27828,22184
ASM002172,EVT011,Cuddalore,Cuddalore Response Zone,T+6h,6,562698,566684,1221282,1108313,3446,3405,30091,29030
ASM002173,EVT011,Cuddalore,Cuddalore Response Zone,T+6h,6,461837,532198,1429883,1063665,2849,2844,10966,11734
ASM002174,EVT011,Cuddalore,Cuddalore Response Zone,T+6h,6,499091,495388,1175571,993777,2552,2558,13093,19394
ASM002175,EVT011,Cuddalore,Cuddalore Response Zone,T+6h,6,344106,415568,705461,710606,2295,2293,12179,8986
ASM002176,EVT011,Cuddalore,Cuddalore Response Zone,T+12h,12,983602,834146,1192151,1232442,3962,3953,26707,31558
ASM002177,EVT011,Cuddalore,Cuddalore Response Zone,T+12h,12,444613,568278,1004530,1011280,3617,3622,31229,20347
ASM002178,EVT011,Cuddalore,Cuddalore Response Zone,T+12h,12,616479,595996,649832,853065,3425,3425,33068,29075
ASM002179,EVT011,Cuddalore,Cuddalore Response Zone,T+12h,12,770181,639229,874476,903635,3066,3049,20472,21623
ASM002180,EVT011,Cuddalore,Cuddalore Response Zone,T+12h,12,598069,586026,1381883,1153198,3270,3271,19352,25990
ASM002181,EVT011,Cuddalore,Cuddalore Response Zone,T+24h,24,803482,820540,1364642,1588658,4582,4544,51771,49416
ASM002182,EVT011,Cuddalore,Cuddalore Response Zone,T+24h,24,827037,882628,1708255,1645902,4902,4896,24064,32736
ASM002183,EVT011,Cuddalore,Cuddalore Response Zone,T+24h,24,869325,896861,2002758,1649417,4812,4811,30513,41103
ASM002184,EVT011,Cuddalore,Cuddalore Response Zone,T+24h,24,1145784,1041964,1204721,1508432,4970,4923,23374,37657
ASM002185,EVT011,Cuddalore,Cuddalore Response Zone,T+24h,24,529879,710447,1405296,1570754,4368,4376,43102,45491
ASM002186,EVT011,Cuddalore,Cuddalore Response Zone,T+36h,36,1250380,1128693,1324877,1483241,5305,5294,66874,50555
ASM002187,EVT011,Cuddalore,Cuddalore Response Zone,T+36h,36,693981,823056,1400125,1577147,4943,4963,48129,54960
ASM002188,EVT011,Cuddalore,Cuddalore Response Zone,T+36h,36,847728,924490,1141254,1548047,5113,5031,32342,39331
ASM002189,EVT011,Cuddalore,Cuddalore Response Zone,T+36h,36,843681,961471,1328835,1468976,5297,5295,26854,46933
ASM002190,EVT011,Cuddalore,Cuddalore Response Zone,T+36h,36,1024230,993037,2262565,1949884,5294,5234,40987,34831
ASM002191,EVT011,Cuddalore,Cuddalore Response Zone,T+48h,48,652790,845974,1299918,1650276,4850,4841,31910,38371
ASM002192,EVT011,Cuddalore,Cuddalore Response Zone,T+48h,48,891609,848773,1452900,1494318,4350,4352,28867,27513
ASM002193,EVT011,Cuddalore,Cuddalore Response Zone,T+48h,48,1130560,976849,1259152,1377447,4050,4082,34372,38371
ASM002194,EVT011,Cuddalore,Cuddalore Response Zone,T+48h,48,644628,832096,2100539,1790702,4866,4834,52256,41024
ASM002195,EVT011,Cuddalore,Cuddalore Response Zone,T+48h,48,942744,889503,2348559,1928948,4852,4865,43253,48424
ASM002196,EVT011,Cuddalore,Cuddalore Response Zone,T+72h,72,635860,733242,1593682,1361444,3878,3865,24462,23768
ASM002197,EVT011,Cuddalore,Cuddalore Response Zone,T+72h,72,800800,796420,1433719,1343816,3881,3876,33431,31344
ASM002198,EVT011,Cuddalore,Cuddalore Response Zone,T+72h,72,725167,718018,1188802,1301202,3628,3618,44792,26459
ASM002199,EVT011,Cuddalore,Cuddalore Response Zone,T+72h,72,658352,744304,1011994,1276073,3835,3830,38333,32910
ASM002200,EVT011,Cuddalore,Cuddalore Response Zone,T+72h,72,844999,804707,2404488,1879222,4401,4348,38967,41767
ASM002201,EVT011,Nagapattinam,Nagapattinam Response Zone,T+0h,0,412230,341280,409218,478577,1557,1565,10994,12212
ASM002202,EVT011,Nagapattinam,Nagapattinam Response Zone,T+0h,0,259703,290277,522845,454221,1452,1457,6724,4866
ASM002203,EVT011,Nagapattinam,Nagapattinam Response Zone,T+0h,0,328561,328293,658119,543829,1578,1584,9856,15988
ASM002204,EVT011,Nagapattinam,Nagapattinam Response Zone,T+0h,0,231838,282436,427858,499835,1757,1757,7132,6284
ASM002205,EVT011,Nagapattinam,Nagapattinam Response Zone,T+0h,0,239736,298256,665741,553484,1667,1663,9905,14054
ASM002206,EVT011,Nagapattinam,Nagapattinam Response Zone,T+3h,3,422038,404437,748760,663569,2307,2307,14981,6159
ASM002207,EVT011,Nagapattinam,Nagapattinam Response Zone,T+3h,3,494663,414901,923219,682665,2114,2116,8952,7600
ASM002208,EVT011,Nagapattinam,Nagapattinam Response Zone,T+3h,3,377156,379419,549755,567581,1939,1945,25374,17856
ASM002209,EVT011,Nagapattinam,Nagapattinam Response Zone,T+3h,3,355951,389877,445961,586336,2172,2172,15073,9009
ASM002210,EVT011,Nagapattinam,Nagapattinam Response Zone,T+3h,3,381386,396727,553420,637383,2149,2153,13463,9412
ASM002211,EVT011,Nagapattinam,Nagapattinam Response Zone,T+6h,6,297950,360605,659866,624301,2256,2249,13558,9825
ASM002212,EVT011,Nagapattinam,Nagapattinam Response Zone,T+6h,6,375271,378535,597083,548418,1971,1994,13951,17872
ASM002213,EVT011,Nagapattinam,Nagapattinam Response Zone,T+6h,6,392091,380406,472255,519671,1882,1883,9658,5436
ASM002214,EVT011,Nagapattinam,Nagapattinam Response Zone,T+6h,6,324555,376819,375814,498255,2048,2033,21189,15678
ASM002215,EVT011,Nagapattinam,Nagapattinam Response Zone,T+6h,6,358697,391419,749498,705240,2357,2351,13681,15924
ASM002216,EVT011,Nagapattinam,Nagapattinam Response Zone,T+12h,12,471531,467521,1205287,951013,2747,2723,12112,16316
ASM002217,EVT011,Nagapattinam,Nagapattinam Response Zone,T+12h,12,453349,492980,912524,851470,2959,2974,24607,20153
ASM002218,EVT011,Nagapattinam,Nagapattinam Response Zone,T+12h,12,410603,405414,785279,745125,2386,2396,17696,12403
ASM002219,EVT011,Nagapattinam,Nagapattinam Response Zone,T+12h,12,630382,527254,835676,765825,2317,2328,15997,22788
ASM002220,EVT011,Nagapattinam,Nagapattinam Response Zone,T+12h,12,402469,428515,751215,718344,2434,2429,11919,8708
ASM002221,EVT011,Nagapattinam,Nagapattinam Response Zone,T+24h,24,475724,489399,1149217,940703,2722,2715,15705,19385
ASM002222,EVT011,Nagapattinam,Nagapattinam Response Zone,T+24h,24,422189,443832,907063,877012,2647,2630,12547,10382
ASM002223,EVT011,Nagapattinam,Nagapattinam Response Zone,T+24h,24,610693,558979,887866,964832,2874,2860,20515,21122
ASM002224,EVT011,Nagapattinam,Nagapattinam Response Zone,T+24h,24,465992,452283,696938,878861,2533,2535,14933,13784
ASM002225,EVT011,Nagapattinam,Nagapattinam Response Zone,T+24h,24,416336,442315,866023,873155,2589,2579,20562,24995
ASM002226,EVT011,Nagapattinam,Nagapattinam Response Zone,T+36h,36,724115,625521,1053075,998915,3003,2996,15923,15954
ASM002227,EVT011,Nagapattinam,Nagapattinam Response Zone,T+36h,36,643233,522674,815720,896132,2626,2622,19229,18506
ASM002228,EVT011,Nagapattinam,Nagapattinam Response Zone,T+36h,36,503795,532470,1069594,1067896,3169,3182,21662,20543
ASM002229,EVT011,Nagapattinam,Nagapattinam Response Zone,T+36h,36,391035,497441,1239535,1153035,3208,3200,29817,32756
ASM002230,EVT011,Nagapattinam,Nagapattinam Response Zone,T+36h,36,681595,604899,1281089,1154708,3156,3129,39836,31756
ASM002231,EVT011,Nagapattinam,Nagapattinam Response Zone,T+48h,48,435756,498082,1214689,971556,2713,2719,21247,16252
ASM002232,EVT011,Nagapattinam,Nagapattinam Response Zone,T+48h,48,588759,520390,898919,939951,2786,2759,10650,14458
ASM002233,EVT011,Nagapattinam,Nagapattinam Response Zone,T+48h,48,319707,390020,635143,814535,2574,2566,26134,21793
ASM002234,EVT011,Nagapattinam,Nagapattinam Response Zone,T+48h,48,626075,538908,901861,937497,2868,2871,29637,25967
ASM002235,EVT011,Nagapattinam,Nagapattinam Response Zone,T+48h,48,344293,382064,806462,819390,2354,2358,15332,16697
ASM002236,EVT011,Nagapattinam,Nagapattinam Response Zone,T+72h,72,663469,619204,679014,995025,3060,3062,17982,28445
ASM002237,EVT011,Nagapattinam,Nagapattinam Response Zone,T+72h,72,607215,605494,1533161,1244923,3339,3346,25640,25432
ASM002238,EVT011,Nagapattinam,Nagapattinam Response Zone,T+72h,72,443435,496226,1063095,1003503,3065,3074,27612,27528
ASM002239,EVT011,Nagapattinam,Nagapattinam Response Zone,T+72h,72,496472,511980,1117914,1014794,2811,2821,19015,29815
ASM002240,EVT011,Nagapattinam,Nagapattinam Response Zone,T+72h,72,660122,608855,1467419,1241328,3068,3064,16019,23300
ASM002241,EVT011,Thiruvarur,Thiruvarur Response Zone,T+0h,0,317908,317717,461922,514445,1733,1728,12745,16957
ASM002242,EVT011,Thiruvarur,Thiruvarur Response Zone,T+0h,0,354228,346482,617318,570766,1808,1805,11341,10506
ASM002243,EVT011,Thiruvarur,Thiruvarur Response Zone,T+0h,0,415387,337924,463988,473136,1463,1457,8892,10143
ASM002244,EVT011,Thiruvarur,Thiruvarur Response Zone,T+0h,0,188922,264290,425594,460335,1509,1474,10104,11798
ASM002245,EVT011,Thiruvarur,Thiruvarur Response Zone,T+0h,0,366240,334181,385931,448120,1517,1515,8022,13992
ASM002246,EVT011,Thiruvarur,Thiruvarur Response Zone,T+3h,3,315479,309076,770868,558665,1597,1602,8496,8472
ASM002247,EVT011,Thiruvarur,Thiruvarur Response Zone,T+3h,3,249446,285489,489213,524481,1733,1724,18003,18394
ASM002248,EVT011,Thiruvarur,Thiruvarur Response Zone,T+3h,3,232516,295068,588573,536626,1663,1672,7516,5440
ASM002249,EVT011,Thiruvarur,Thiruvarur Response Zone,T+3h,3,280975,287596,305089,437355,1705,1711,5968,8581
ASM002250,EVT011,Thiruvarur,Thiruvarur Response Zone,T+3h,3,385204,356219,722618,573316,1819,1808,10034,11703
ASM002251,EVT011,Thiruvarur,Thiruvarur Response Zone,T+6h,6,343892,384116,801398,613106,2004,2008,12885,22203
ASM002252,EVT011,Thiruvarur,Thiruvarur Response Zone,T+6h,6,521303,433191,629290,624376,2303,2305,12733,9525
ASM002253,EVT011,Thiruvarur,Thiruvarur Response Zone,T+6h,6,284053,360594,616754,651290,2269,2251,20227,18187
ASM002254,EVT011,Thiruvarur,Thiruvarur Response Zone,T+6h,6,397307,393876,772684,746010,2229,2233,12325,23743
ASM002255,EVT011,Thiruvarur,Thiruvarur Response Zone,T+6h,6,318075,372214,1233721,895797,2413,2404,22752,16964
ASM002256,EVT011,Thiruvarur,Thiruvarur Response Zone,T+12h,12,375003,396487,388402,513259,2007,2013,12295,20511
ASM002257,EVT011,Thiruvarur,Thiruvarur Response Zone,T+12h,12,467005,421817,802891,703913,2394,2368,27153,19284
ASM002258,EVT011,Thiruvarur,Thiruvarur Response Zone,T+12h,12,372330,385062,575188,733652,2390,2379,22141,25357
ASM002259,EVT011,Thiruvarur,Thiruvarur Response Zone,T+12h,12,256322,354199,737026,824594,2411,2409,13929,20747
ASM002260,EVT011,Thiruvarur,Thiruvarur Response Zone,T+12h,12,412208,402826,654724,677842,2344,2347,14856,22146
ASM002261,EVT011,Thiruvarur,Thiruvarur Response Zone,T+24h,24,666314,645876,969319,1090130,3441,3439,27862,23145
ASM002262,EVT011,Thiruvarur,Thiruvarur Response Zone,T+24h,24,672248,637135,1062249,1042032,3509,3503,21037,22845
ASM002263,EVT011,Thiruvarur,Thiruvarur Response Zone,T+24h,24,786129,673497,812260,1023650,3646,3587,24348,24501
ASM002264,EVT011,Thiruvarur,Thiruvarur Response Zone,T+24h,24,503741,564626,1439880,1215685,3425,3430,46524,29739
ASM002265,EVT011,Thiruvarur,Thiruvarur Response Zone,T+24h,24,702402,635923,739011,1071983,3344,3350,26973,37536
ASM002266,EVT011,Thiruvarur,Thiruvarur Response Zone,T+36h,36,716490,618566,1203871,1103072,3189,3174,27942,30817
ASM002267,EVT011,Thiruvarur,Thiruvarur Response Zone,T+36h,36,402563,507545,899894,1033275,3289,3253,28437,15164
ASM002268,EVT011,Thiruvarur,Thiruvarur Response Zone,T+36h,36,536128,484436,704314,875599,2663,2686,26680,26158
ASM002269,EVT011,Thiruvarur,Thiruvarur Response Zone,T+36h,36,480162,500705,949807,941093,2912,2906,9663,14431
ASM002270,EVT011,Thiruvarur,Thiruvarur Response Zone,T+36h,36,557478,535537,663918,922759,3115,3092,22050,14750
ASM002271,EVT011,Thiruvarur,Thiruvarur Response Zone,T+48h,48,596775,529742,1078714,1054381,2964,2984,21289,35315
ASM002272,EVT011,Thiruvarur,Thiruvarur Response Zone,T+48h,48,538309,558459,800464,1007710,3358,3341,49650,38284
ASM002273,EVT011,Thiruvarur,Thiruvarur Response Zone,T+48h,48,530544,568406,1313619,1203772,3459,3458,27069,38232
ASM002274,EVT011,Thiruvarur,Thiruvarur Response Zone,T+48h,48,509288,484192,705942,861229,2671,2673,44046,17274
ASM002275,EVT011,Thiruvarur,Thiruvarur Response Zone,T+48h,48,399117,452485,773785,891148,2639,2643,26684,14348
ASM002276,EVT011,Thiruvarur,Thiruvarur Response Zone,T+72h,72,458278,523713,1171056,1095755,3220,3194,24310,35352
ASM002277,EVT011,Thiruvarur,Thiruvarur Response Zone,T+72h,72,669373,613094,933594,1049812,3235,3219,32602,37445
ASM002278,EVT011,Thiruvarur,Thiruvarur Response Zone,T+72h,72,470811,535652,1033993,1065200,3061,3048,29698,24838
ASM002279,EVT011,Thiruvarur,Thiruvarur Response Zone,T+72h,72,690218,642586,750390,979428,3361,3369,33975,30207
ASM002280,EVT011,Thiruvarur,Thiruvarur Response Zone,T+72h,72,661711,629520,1292422,1164939,3433,3445,31631,27530
ASM002281,EVT011,Thanjavur,Thanjavur Response Zone,T+0h,0,359894,453172,1380377,1029509,2914,2919,31683,21282
ASM002282,EVT011,Thanjavur,Thanjavur Response Zone,T+0h,0,396395,440115,1593025,1209532,2392,2389,17810,18815
ASM002283,EVT011,Thanjavur,Thanjavur Response Zone,T+0h,0,689245,600143,942345,901286,3197,3193,18674,22622
ASM002284,EVT011,Thanjavur,Thanjavur Response Zone,T+0h,0,429603,497843,1168625,983462,2775,2783,23896,28541
ASM002285,EVT011,Thanjavur,Thanjavur Response Zone,T+0h,0,473569,490029,599991,878150,2848,2849,35168,31239
ASM002286,EVT011,Thanjavur,Thanjavur Response Zone,T+3h,3,698236,693555,1585364,1353664,3577,3571,31935,32149
ASM002287,EVT011,Thanjavur,Thanjavur Response Zone,T+3h,3,727733,668958,1306394,1219910,3410,3395,30674,29984
ASM002288,EVT011,Thanjavur,Thanjavur Response Zone,T+3h,3,589162,601897,947199,960052,3574,3552,36076,29576
ASM002289,EVT011,Thanjavur,Thanjavur Response Zone,T+3h,3,517218,612272,1408323,1122910,3246,3257,15329,28471
ASM002290,EVT011,Thanjavur,Thanjavur Response Zone,T+3h,3,819583,702208,976509,1057131,3483,3464,27300,23619
ASM002291,EVT011,Thanjavur,Thanjavur Response Zone,T+6h,6,766102,627365,794021,882797,2981,2988,19525,15466
ASM002292,EVT011,Thanjavur,Thanjavur Response Zone,T+6h,6,591959,538912,875270,902549,2806,2803,19158,9288
ASM002293,EVT011,Thanjavur,Thanjavur Response Zone,T+6h,6,506127,497925,669476,850011,2792,2797,13868,25075
ASM002294,EVT011,Thanjavur,Thanjavur Response Zone,T+6h,6,440347,495220,1106400,901319,2949,2953,29868,15448
ASM002295,EVT011,Thanjavur,Thanjavur Response Zone,T+6h,6,471359,550363,747239,888506,3285,3245,27490,30391
ASM002296,EVT011,Thanjavur,Thanjavur Response Zone,T+12h,12,923475,952103,1077045,1445240,5223,5178,45021,41511
ASM002297,EVT011,Thanjavur,Thanjavur Response Zone,T+12h,12,795789,823956,982141,1179214,4395,4365,55208,36919
ASM002298,EVT011,Thanjavur,Thanjavur Response Zone,T+12h,12,1026085,918618,1590390,1476991,4685,4652,43434,35814
ASM002299,EVT011,Thanjavur,Thanjavur Response Zone,T+12h,12,875611,865790,1067064,1271194,4448,4446,33096,30926
ASM002300,EVT011,Thanjavur,Thanjavur Response Zone,T+12h,12,511513,610684,806086,1077157,4199,4195,29155,26648
ASM002301,EVT011,Thanjavur,Thanjavur Response Zone,T+24h,24,1240664,1171640,1613858,1674296,5687,5665,45519,53260
ASM002302,EVT011,Thanjavur,Thanjavur Response Zone,T+24h,24,851918,989358,1774751,1918883,5900,5852,40536,40058
ASM002303,EVT011,Thanjavur,Thanjavur Response Zone,T+24h,24,949842,1022528,1328501,1707414,5728,5724,32629,41023
ASM002304,EVT011,Thanjavur,Thanjavur Response Zone,T+24h,24,1070314,1118188,1426855,1822072,5600,5602,52048,58906
ASM002305,EVT011,Thanjavur,Thanjavur Response Zone,T+24h,24,1546952,1266439,3254799,2800324,5650,5624,27054,59763
ASM002306,EVT011,Thanjavur,Thanjavur Response Zone,T+36h,36,1787284,1417972,1431230,1656264,5352,5351,54278,52119
ASM002307,EVT011,Thanjavur,Thanjavur Response Zone,T+36h,36,1135730,1117484,1627005,1661216,5649,5634,37841,41552
ASM002308,EVT011,Thanjavur,Thanjavur Response Zone,T+36h,36,971219,1033017,1697473,1958036,5358,5383,43711,50665
ASM002309,EVT011,Thanjavur,Thanjavur Response Zone,T+36h,36,1108439,1133706,1696325,1703034,5494,5493,55968,60412
ASM002310,EVT011,Thanjavur,Thanjavur Response Zone,T+36h,36,1190623,1085979,2094566,1875006,5539,5562,26877,46870
ASM002311,EVT011,Thanjavur,Thanjavur Response Zone,T+48h,48,904812,1054232,2165312,1709472,5188,5174,67378,42904
ASM002312,EVT011,Thanjavur,Thanjavur Response Zone,T+48h,48,1438108,1163041,1654079,1832908,5853,5827,39293,43451
ASM002313,EVT011,Thanjavur,Thanjavur Response Zone,T+48h,48,915546,891254,1137891,1508328,4756,4738,34756,41513
ASM002314,EVT011,Thanjavur,Thanjavur Response Zone,T+48h,48,1043441,1044114,2376186,1861551,5230,5195,33441,50329
ASM002315,EVT011,Thanjavur,Thanjavur Response Zone,T+48h,48,1038409,1011749,1676601,1621522,5040,5017,45206,49840
ASM002316,EVT011,Thanjavur,Thanjavur Response Zone,T+72h,72,836384,812558,2132141,1687508,3899,3910,41628,27768
ASM002317,EVT011,Thanjavur,Thanjavur Response Zone,T+72h,72,871466,788650,810832,1109167,4055,4054,49998,36459
ASM002318,EVT011,Thanjavur,Thanjavur Response Zone,T+72h,72,605036,633274,1269034,1221929,3489,3486,28392,21287
ASM002319,EVT011,Thanjavur,Thanjavur Response Zone,T+72h,72,631779,672460,2137267,1678093,3667,3664,37378,36232
ASM002320,EVT011,Thanjavur,Thanjavur Response Zone,T+72h,72,650368,751427,1297634,1437438,4380,4366,25032,24571
ASM002321,EVT011,Pudukkottai,Pudukkottai Response Zone,T+0h,0,365592,362333,520890,557869,1741,1744,6245,8620
ASM002322,EVT011,Pudukkottai,Pudukkottai Response Zone,T+0h,0,309347,319364,468194,458420,1402,1401,5980,3853
ASM002323,EVT011,Pudukkottai,Pudukkottai Response Zone,T+0h,0,334680,338607,475955,496876,1670,1669,12693,18307
ASM002324,EVT011,Pudukkottai,Pudukkottai Response Zone,T+0h,0,464426,383659,547950,556032,1838,1833,19971,17558
ASM002325,EVT011,Pudukkottai,Pudukkottai Response Zone,T+0h,0,276292,309090,426216,450578,1600,1601,9871,6954
ASM002326,EVT011,Pudukkottai,Pudukkottai Response Zone,T+3h,3,461403,424786,594576,714391,2336,2331,29695,18706
ASM002327,EVT011,Pudukkottai,Pudukkottai Response Zone,T+3h,3,347529,400327,1052943,871146,2493,2469,34426,28249
ASM002328,EVT011,Pudukkottai,Pudukkottai Response Zone,T+3h,3,355631,392240,715794,656792,2173,2171,11836,13016
ASM002329,EVT011,Pudukkottai,Pudukkottai Response Zone,T+3h,3,455634,425977,726377,760676,2281,2282,10377,20896
ASM002330,EVT011,Pudukkottai,Pudukkottai Response Zone,T+3h,3,458520,408768,806684,716126,2177,2181,23843,13367
ASM002331,EVT011,Pudukkottai,Pudukkottai Response Zone,T+6h,6,456273,475148,735357,816486,2676,2687,26199,18843
ASM002332,EVT011,Pudukkottai,Pudukkottai Response Zone,T+6h,6,438165,442448,648797,770992,2631,2590,15698,27191
ASM002333,EVT011,Pudukkottai,Pudukkottai Response Zone,T+6h,6,324287,415959,615291,759713,2552,2531,23613,13928
ASM002334,EVT011,Pudukkottai,Pudukkottai Response Zone,T+6h,6,427611,442368,823940,795980,2767,2718,27962,27405
ASM002335,EVT011,Pudukkottai,Pudukkottai Response Zone,T+6h,6,551341,509165,596856,750061,2739,2698,20883,20813
ASM002336,EVT011,Pudukkottai,Pudukkottai Response Zone,T+12h,12,613695,587333,797299,836589,3211,3226,36942,20856
ASM002337,EVT011,Pudukkottai,Pudukkottai Response Zone,T+12h,12,523320,503264,681721,751396,2654,2655,27821,16758
ASM002338,EVT011,Pudukkottai,Pudukkottai Response Zone,T+12h,12,562960,564033,1610729,1304441,3341,3337,33603,27951
ASM002339,EVT011,Pudukkottai,Pudukkottai Response Zone,T+12h,12,557839,585062,471122,800449,3312,3315,30067,30175
ASM002340,EVT011,Pudukkottai,Pudukkottai Response Zone,T+12h,12,454660,525087,831789,854671,3066,3057,27219,21449
ASM002341,EVT011,Pudukkottai,Pudukkottai Response Zone,T+24h,24,724196,685213,1656307,1297264,3534,3483,17906,16583
ASM002342,EVT011,Pudukkottai,Pudukkottai Response Zone,T+24h,24,760325,739432,1338844,1505044,3918,3852,33518,36286
ASM002343,EVT011,Pudukkottai,Pudukkottai Response Zone,T+24h,24,712285,705039,1359751,1118461,3664,3607,17455,22565
ASM002344,EVT011,Pudukkottai,Pudukkottai Response Zone,T+24h,24,545059,560316,1184389,1154955,3385,3375,28541,35106
ASM002345,EVT011,Pudukkottai,Pudukkottai Response Zone,T+24h,24,431470,530799,1078353,1214031,3699,3670,32847,41813
ASM002346,EVT011,Pudukkottai,Pudukkottai Response Zone,T+36h,36,785271,730722,637917,947429,3395,3388,19520,21081
ASM002347,EVT011,Pudukkottai,Pudukkottai Response Zone,T+36h,36,582633,643378,1231138,1155232,3562,3545,29626,28903
ASM002348,EVT011,Pudukkottai,Pudukkottai Response Zone,T+36h,36,522018,559958,922063,1046138,3319,3326,23435,22607
ASM002349,EVT011,Pudukkottai,Pudukkottai Response Zone,T+36h,36,735903,691313,912771,1052287,3547,3527,26509,22908
ASM002350,EVT011,Pudukkottai,Pudukkottai Response Zone,T+36h,36,570628,564355,1016408,1113055,3336,3341,18696,35107
ASM002351,EVT011,Pudukkottai,Pudukkottai Response Zone,T+48h,48,860098,765136,2015223,1799933,3885,3906,32744,33574
ASM002352,EVT011,Pudukkottai,Pudukkottai Response Zone,T+48h,48,797010,724504,2463328,2171570,4088,4040,40385,43063
ASM002353,EVT011,Pudukkottai,Pudukkottai Response Zone,T+48h,48,757120,731422,1205305,1136271,3576,3561,21274,19241
ASM002354,EVT011,Pudukkottai,Pudukkottai Response Zone,T+48h,48,480773,565854,965338,1104907,3377,3374,20169,20393
ASM002355,EVT011,Pudukkottai,Pudukkottai Response Zone,T+48h,48,842230,783235,864799,1026898,3552,3542,15639,20810
ASM002356,EVT011,Pudukkottai,Pudukkottai Response Zone,T+72h,72,659645,665289,1281927,1169477,3497,3462,29889,27793
ASM002357,EVT011,Pudukkottai,Pudukkottai Response Zone,T+72h,72,572557,578713,1683736,1322171,3284,3306,26271,22713
ASM002358,EVT011,Pudukkottai,Pudukkottai Response Zone,T+72h,72,606884,578268,975982,1059201,3093,3127,24325,22932
ASM002359,EVT011,Pudukkottai,Pudukkottai Response Zone,T+72h,72,381644,453868,571620,874024,3016,2998,36594,29475
ASM002360,EVT011,Pudukkottai,Pudukkottai Response Zone,T+72h,72,638867,587253,1189690,1077050,3176,3207,18988,15382
ASM002361,EVT011,Ramanathapuram,Ramanathapuram Response Zone,T+0h,0,253997,285081,713441,632057,1700,1705,17906,19907
ASM002362,EVT011,Ramanathapuram,Ramanathapuram Response Zone,T+0h,0,227895,266276,332931,470374,1667,1664,9293,7785
ASM002363,EVT011,Ramanathapuram,Ramanathapuram Response Zone,T+0h,0,247882,324317,599616,555798,1858,1862,15629,13335
ASM002364,EVT011,Ramanathapuram,Ramanathapuram Response Zone,T+0h,0,393095,347729,589466,558681,1821,1818,6749,9918
ASM002365,EVT011,Ramanathapuram,Ramanathapuram Response Zone,T+0h,0,289220,346477,516636,561986,1802,1801,6961,6246
ASM002366,EVT011,Ramanathapuram,Ramanathapuram Response Zone,T+3h,3,407812,342916,420409,526182,1667,1669,19200,13618
ASM002367,EVT011,Ramanathapuram,Ramanathapuram Response Zone,T+3h,3,309220,352433,779839,671571,2023,2022,7683,17868
ASM002368,EVT011,Ramanathapuram,Ramanathapuram Response Zone,T+3h,3,219135,264624,463228,528028,1783,1785,9676,10129
ASM002369,EVT011,Ramanathapuram,Ramanathapuram Response Zone,T+3h,3,248348,281305,370517,513298,1795,1799,18017,15388
ASM002370,EVT011,Ramanathapuram,Ramanathapuram Response Zone,T+3h,3,431968,385401,345265,521889,1965,1985,14204,16329
ASM002371,EVT011,Ramanathapuram,Ramanathapuram Response Zone,T+6h,6,308210,356586,726985,598014,1918,1888,10790,10530
ASM002372,EVT011,Ramanathapuram,Ramanathapuram Response Zone,T+6h,6,322358,372191,682721,599380,2171,2136,12049,9299
ASM002373,EVT011,Ramanathapuram,Ramanathapuram Response Zone,T+6h,6,350734,381959,607808,579214,1921,1921,14658,19439
ASM002374,EVT011,Ramanathapuram,Ramanathapuram Response Zone,T+6h,6,400265,384968,566435,609595,2123,2131,17403,19391
ASM002375,EVT011,Ramanathapuram,Ramanathapuram Response Zone,T+6h,6,400884,390819,497841,533830,1752,1748,13347,20694
ASM002376,EVT011,Ramanathapuram,Ramanathapuram Response Zone,T+12h,12,476656,439098,477672,550603,2075,2058,26288,23293
ASM002377,EVT011,Ramanathapuram,Ramanathapuram Response Zone,T+12h,12,380895,408510,608322,722581,2431,2411,25616,17359
ASM002378,EVT011,Ramanathapuram,Ramanathapuram Response Zone,T+12h,12,296925,361704,367643,575764,2246,2253,12590,12017
ASM002379,EVT011,Ramanathapuram,Ramanathapuram Response Zone,T+12h,12,356385,378496,538051,624220,2221,2222,10631,14796
ASM002380,EVT011,Ramanathapuram,Ramanathapuram Response Zone,T+12h,12,404234,404036,577551,600812,2178,2172,11965,14607
ASM002381,EVT011,Ramanathapuram,Ramanathapuram Response Zone,T+24h,24,493756,563187,1182766,1173979,3301,3289,18647,16168
ASM002382,EVT011,Ramanathapuram,Ramanathapuram Response Zone,T+24h,24,510627,565908,1161439,1151062,3353,3353,40631,41876
ASM002383,EVT011,Ramanathapuram,Ramanathapuram Response Zone,T+24h,24,657281,607197,1260914,1138281,3340,3359,15069,20484
ASM002384,EVT011,Ramanathapuram,Ramanathapuram Response Zone,T+24h,24,602417,583667,1441349,1238430,3480,3478,15778,18675
ASM002385,EVT011,Ramanathapuram,Ramanathapuram Response Zone,T+24h,24,622603,613396,1366251,1172728,3441,3448,25588,18822
ASM002386,EVT011,Ramanathapuram,Ramanathapuram Response Zone,T+36h,36,528366,576387,1226288,1156881,3363,3370,34829,25659
ASM002387,EVT011,Ramanathapuram,Ramanathapuram Response Zone,T+36h,36,595972,609201,1095492,1115150,3578,3563,21985,27416
ASM002388,EVT011,Ramanathapuram,Ramanathapuram Response Zone,T+36h,36,513701,584224,863368,1027789,3476,3478,18529,24658
ASM002389,EVT011,Ramanathapuram,Ramanathapuram Response Zone,T+36h,36,737347,654260,1373274,1220799,3550,3554,84658,31994
ASM002390,EVT011,Ramanathapuram,Ramanathapuram Response Zone,T+36h,36,705907,628079,1525367,1236146,3030,3036,26907,19521
ASM002391,EVT011,Ramanathapuram,Ramanathapuram Response Zone,T+48h,48,380155,454476,1041425,950330,3010,3006,17235,16254
ASM002392,EVT011,Ramanathapuram,Ramanathapuram Response Zone,T+48h,48,441670,473479,1611812,1345419,3085,3039,33326,26009
ASM002393,EVT011,Ramanathapuram,Ramanathapuram Response Zone,T+48h,48,354044,408448,595934,844160,2487,2487,19311,19580
ASM002394,EVT011,Ramanathapuram,Ramanathapuram Response Zone,T+48h,48,410287,426826,667721,811624,2533,2537,30074,28615
ASM002395,EVT011,Ramanathapuram,Ramanathapuram Response Zone,T+48h,48,492340,458491,1096859,945428,2823,2786,19707,18427
ASM002396,EVT011,Ramanathapuram,Ramanathapuram Response Zone,T+72h,72,389995,449869,1069003,1057500,2889,2859,28598,32657
ASM002397,EVT011,Ramanathapuram,Ramanathapuram Response Zone,T+72h,72,397839,429132,1181832,942300,2520,2519,16477,15239
ASM002398,EVT011,Ramanathapuram,Ramanathapuram Response Zone,T+72h,72,411223,450076,923118,896697,2622,2620,13876,24158
ASM002399,EVT011,Ramanathapuram,Ramanathapuram Response Zone,T+72h,72,516467,482692,728349,895851,2615,2606,35916,22563
ASM002400,EVT011,Ramanathapuram,Ramanathapuram Response Zone,T+72h,72,474641,469025,760848,819332,2487,2495,10480,11701
ASM002401,EVT011,Thoothukudi,Thoothukudi Response Zone,T+0h,0,380878,430996,539957,731027,2514,2523,14168,22823
ASM002402,EVT011,Thoothukudi,Thoothukudi Response Zone,T+0h,0,459170,465310,556137,719944,2500,2501,13124,12560
ASM002403,EVT011,Thoothukudi,Thoothukudi Response Zone,T+0h,0,466266,501464,1159147,963674,3087,3070,18038,25769
ASM002404,EVT011,Thoothukudi,Thoothukudi Response Zone,T+0h,0,376645,404010,855047,754671,2265,2259,15562,17442
ASM002405,EVT011,Thoothukudi,Thoothukudi Response Zone,T+0h,0,659462,578214,872365,875328,2684,2690,20574,14707
ASM002406,EVT011,Thoothukudi,Thoothukudi Response Zone,T+3h,3,567606,507179,488148,703712,2351,2360,22882,17562
ASM002407,EVT011,Thoothukudi,Thoothukudi Response Zone,T+3h,3,377106,455441,780181,862996,2795,2803,27103,24161
ASM002408,EVT011,Thoothukudi,Thoothukudi Response Zone,T+3h,3,478395,443818,519338,697270,2215,2226,15766,17516
ASM002409,EVT011,Thoothukudi,Thoothukudi Response Zone,T+3h,3,521350,491707,981074,782524,2375,2369,14533,11980
ASM002410,EVT011,Thoothukudi,Thoothukudi Response Zone,T+3h,3,359223,430205,668468,735735,2440,2447,21413,20320
ASM002411,EVT011,Thoothukudi,Thoothukudi Response Zone,T+6h,6,722568,696152,820077,957329,3645,3670,19052,34403
ASM002412,EVT011,Thoothukudi,Thoothukudi Response Zone,T+6h,6,861005,786021,1145164,1060215,3806,3800,42227,38066
ASM002413,EVT011,Thoothukudi,Thoothukudi Response Zone,T+6h,6,477172,557582,845999,903587,3336,3334,14888,24233
ASM002414,EVT011,Thoothukudi,Thoothukudi Response Zone,T+6h,6,531929,597037,1624442,1338142,3570,3575,60078,32973
ASM002415,EVT011,Thoothukudi,Thoothukudi Response Zone,T+6h,6,775883,722280,935655,1141375,3666,3657,29423,37826
ASM002416,EVT011,Thoothukudi,Thoothukudi Response Zone,T+12h,12,661947,645125,737482,925222,3742,3744,23987,24191
ASM002417,EVT011,Thoothukudi,Thoothukudi Response Zone,T+12h,12,649630,604150,566196,849074,3373,3389,19042,24558
ASM002418,EVT011,Thoothukudi,Thoothukudi Response Zone,T+12h,12,661479,651055,971937,1031020,3591,3596,16404,18097
ASM002419,EVT011,Thoothukudi,Thoothukudi Response Zone,T+12h,12,629298,604396,846482,837912,3428,3419,48787,26220
ASM002420,EVT011,Thoothukudi,Thoothukudi Response Zone,T+12h,12,452233,571128,656379,852261,3369,3374,25579,16164
ASM002421,EVT011,Thoothukudi,Thoothukudi Response Zone,T+24h,24,1108609,999232,2260647,1897353,4955,4963,29283,54403
ASM002422,EVT011,Thoothukudi,Thoothukudi Response Zone,T+24h,24,1138630,972425,1850311,1596841,4667,4675,50567,33337
ASM002423,EVT011,Thoothukudi,Thoothukudi Response Zone,T+24h,24,799262,839300,1557557,1585258,4632,4635,59355,47878
ASM002424,EVT011,Thoothukudi,Thoothukudi Response Zone,T+24h,24,889359,929632,2241681,1805201,5252,5186,34472,36157
ASM002425,EVT011,Thoothukudi,Thoothukudi Response Zone,T+24h,24,678488,830335,2008034,1772862,5009,5005,50780,50491
ASM002426,EVT011,Thoothukudi,Thoothukudi Response Zone,T+36h,36,935608,903244,1235626,1454589,4663,4709,35604,40582
ASM002427,EVT011,Thoothukudi,Thoothukudi Response Zone,T+36h,36,932152,860702,1253017,1483155,4535,4530,85994,49477
ASM002428,EVT011,Thoothukudi,Thoothukudi Response Zone,T+36h,36,846224,831027,2015390,1749796,4726,4739,36952,51983
ASM002429,EVT011,Thoothukudi,Thoothukudi Response Zone,T+36h,36,988297,953296,1680611,1613911,4446,4443,45124,51494
ASM002430,EVT011,Thoothukudi,Thoothukudi Response Zone,T+36h,36,811013,871557,1587427,1501961,4905,4892,28211,31300
ASM002431,EVT011,Thoothukudi,Thoothukudi Response Zone,T+48h,48,923464,861030,1281252,1439841,4556,4539,28270,46537
ASM002432,EVT011,Thoothukudi,Thoothukudi Response Zone,T+48h,48,625684,745112,1698453,1490684,4272,4258,75377,43675
ASM002433,EVT011,Thoothukudi,Thoothukudi Response Zone,T+48h,48,781680,843047,1186492,1392069,4268,4301,23865,34301
ASM002434,EVT011,Thoothukudi,Thoothukudi Response Zone,T+48h,48,773071,821535,1459140,1409148,4333,4342,41116,44709
ASM002435,EVT011,Thoothukudi,Thoothukudi Response Zone,T+48h,48,848042,823923,1932104,1588763,4389,4389,12896,21740
ASM002436,EVT011,Thoothukudi,Thoothukudi Response Zone,T+72h,72,684615,732369,1122400,1360010,3835,3828,25319,33684
ASM002437,EVT011,Thoothukudi,Thoothukudi Response Zone,T+72h,72,727873,758103,961429,1227576,4076,4073,41824,39515
ASM002438,EVT011,Thoothukudi,Thoothukudi Response Zone,T+72h,72,863371,791368,981819,1238240,3816,3828,18325,21607
ASM002439,EVT011,Thoothukudi,Thoothukudi Response Zone,T+72h,72,652772,690259,1722215,1570768,3964,3953,41552,37505
ASM002440,EVT011,Thoothukudi,Thoothukudi Response Zone,T+72h,72,521832,625445,1305696,1345594,3776,3763,20312,21462
ASM002441,EVT011,Tirunelveli,Tirunelveli Response Zone,T+0h,0,791300,701463,953248,991489,3085,3095,37208,25207
ASM002442,EVT011,Tirunelveli,Tirunelveli Response Zone,T+0h,0,671065,579459,739560,874539,2886,2884,23601,13000
ASM002443,EVT011,Tirunelveli,Tirunelveli Response Zone,T+0h,0,461811,544614,1204890,1102666,3438,3423,24502,31132
ASM002444,EVT011,Tirunelveli,Tirunelveli Response Zone,T+0h,0,638383,622822,732920,884101,3208,3214,16985,11188
ASM002445,EVT011,Tirunelveli,Tirunelveli Response Zone,T+0h,0,529544,567324,1079111,985502,3252,3248,24749,21625
ASM002446,EVT011,Tirunelveli,Tirunelveli Response Zone,T+3h,3,530958,499765,758656,891484,2782,2782,32306,29553
ASM002447,EVT011,Tirunelveli,Tirunelveli Response Zone,T+3h,3,551296,524068,694707,870882,2873,2871,18591,15353
ASM002448,EVT011,Tirunelveli,Tirunelveli Response Zone,T+3h,3,453108,483379,683923,859272,2592,2589,18916,18772
ASM002449,EVT011,Tirunelveli,Tirunelveli Response Zone,T+3h,3,428545,483197,785657,871967,2682,2680,18295,17983
ASM002450,EVT011,Tirunelveli,Tirunelveli Response Zone,T+3h,3,401063,440705,789567,828025,2545,2539,19777,19600
ASM002451,EVT011,Tirunelveli,Tirunelveli Response Zone,T+6h,6,552811,656183,1117635,1137528,3901,3893,28318,20282
ASM002452,EVT011,Tirunelveli,Tirunelveli Response Zone,T+6h,6,527061,581474,421146,775444,3657,3640,32678,28858
ASM002453,EVT011,Tirunelveli,Tirunelveli Response Zone,T+6h,6,586260,581609,816591,881462,3452,3444,28491,21582
ASM002454,EVT011,Tirunelveli,Tirunelveli Response Zone,T+6h,6,492751,556903,929009,970795,3102,3124,37284,30913
ASM002455,EVT011,Tirunelveli,Tirunelveli Response Zone,T+6h,6,736383,722239,1583814,1349170,3895,3833,25456,29288
ASM002456,EVT011,Tirunelveli,Tirunelveli Response Zone,T+12h,12,1175102,1046425,1119792,1408123,5044,5028,46576,44528
ASM002457,EVT011,Tirunelveli,Tirunelveli Response Zone,T+12h,12,676310,773583,1380704,1379388,4502,4477,28945,40186
ASM002458,EVT011,Tirunelveli,Tirunelveli Response Zone,T+12h,12,856362,904999,2008333,1678045,4789,4799,59587,38968
ASM002459,EVT011,Tirunelveli,Tirunelveli Response Zone,T+12h,12,829165,817128,923436,1258414,4397,4413,16391,43247
ASM002460,EVT011,Tirunelveli,Tirunelveli Response Zone,T+12h,12,857610,874685,1501112,1461692,4599,4574,40744,43174
ASM002461,EVT011,Tirunelveli,Tirunelveli Response Zone,T+24h,24,1016736,1127448,1568749,1938536,5668,5653,78913,61657
ASM002462,EVT011,Tirunelveli,Tirunelveli Response Zone,T+24h,24,1145176,1112811,1617877,1762328,5572,5550,32218,55689
ASM002463,EVT011,Tirunelveli,Tirunelveli Response Zone,T+24h,24,1028937,1034314,1361490,1630649,5118,5126,43353,35166
ASM002464,EVT011,Tirunelveli,Tirunelveli Response Zone,T+24h,24,785802,934856,1477196,1786554,5695,5686,32036,37504
ASM002465,EVT011,Tirunelveli,Tirunelveli Response Zone,T+24h,24,1133930,1129950,3506855,2358219,5266,5278,42683,52444
ASM002466,EVT011,Tirunelveli,Tirunelveli Response Zone,T+36h,36,1217137,1143796,2406789,2166164,5753,5740,76395,58466
ASM002467,EVT011,Tirunelveli,Tirunelveli Response Zone,T+36h,36,881438,996324,2373987,2079567,5854,5832,44869,41727
ASM002468,EVT011,Tirunelveli,Tirunelveli Response Zone,T+36h,36,1027762,1100699,2158556,2075880,5513,5526,28981,58531
ASM002469,EVT011,Tirunelveli,Tirunelveli Response Zone,T+36h,36,1175393,1142725,1200784,1644505,5756,5730,30902,48811
ASM002470,EVT011,Tirunelveli,Tirunelveli Response Zone,T+36h,36,990421,1046309,1976537,1917890,5536,5545,55014,43075
ASM002471,EVT011,Tirunelveli,Tirunelveli Response Zone,T+48h,48,1191693,1139743,2156402,1771075,5490,5439,38265,38448
ASM002472,EVT011,Tirunelveli,Tirunelveli Response Zone,T+48h,48,1500505,1213794,1261207,1389359,5128,5137,46332,30042
ASM002473,EVT011,Tirunelveli,Tirunelveli Response Zone,T+48h,48,863395,1047617,2253647,1917034,5667,5658,64520,43497
ASM002474,EVT011,Tirunelveli,Tirunelveli Response Zone,T+48h,48,761349,959883,2205094,2074481,5578,5589,42539,52024
ASM002475,EVT011,Tirunelveli,Tirunelveli Response Zone,T+48h,48,1073028,1106383,3073433,2528205,5574,5582,118719,58410
ASM002476,EVT011,Tirunelveli,Tirunelveli Response Zone,T+72h,72,1175708,1136168,1734430,1986703,5590,5593,55494,64622
ASM002477,EVT011,Tirunelveli,Tirunelveli Response Zone,T+72h,72,932500,1081792,1446319,1627945,5389,5413,41228,61600
ASM002478,EVT011,Tirunelveli,Tirunelveli Response Zone,T+72h,72,1363330,1180855,1786152,2049869,5348,5375,48116,65031
ASM002479,EVT011,Tirunelveli,Tirunelveli Response Zone,T+72h,72,780804,937786,2527593,2019591,5867,5854,19524,41410
ASM002480,EVT011,Tirunelveli,Tirunelveli Response Zone,T+72h,72,1167172,1122844,1214216,1664279,5813,5784,87941,62362
ASM002481,EVT011,Kanniyakumari,Kanniyakumari Response Zone,T+0h,0,427582,481911,487677,817232,2737,2753,31056,16365
ASM002482,EVT011,Kanniyakumari,Kanniyakumari Response Zone,T+0h,0,714085,607938,911597,981586,2897,2905,16839,22059
ASM002483,EVT011,Kanniyakumari,Kanniyakumari Response Zone,T+0h,0,716309,609345,707301,829574,2802,2786,15192,14963
ASM002484,EVT011,Kanniyakumari,Kanniyakumari Response Zone,T+0h,0,461610,533565,878037,883143,3174,3160,17686,11752
ASM002485,EVT011,Kanniyakumari,Kanniyakumari Response Zone,T+0h,0,535722,596278,1342372,1149608,3238,3234,23140,29598
ASM002486,EVT011,Kanniyakumari,Kanniyakumari Response Zone,T+3h,3,546577,489421,667023,830082,2476,2486,8787,13721
ASM002487,EVT011,Kanniyakumari,Kanniyakumari Response Zone,T+3h,3,438282,462260,531713,833348,2796,2762,22891,26876
ASM002488,EVT011,Kanniyakumari,Kanniyakumari Response Zone,T+3h,3,455918,472969,1251470,925972,2529,2529,11971,10770
ASM002489,EVT011,Kanniyakumari,Kanniyakumari Response Zone,T+3h,3,458536,458270,618556,808499,2510,2511,17069,19159
ASM002490,EVT011,Kanniyakumari,Kanniyakumari Response Zone,T+3h,3,246915,346804,478612,594516,2028,2021,16078,15079
ASM002491,EVT011,Kanniyakumari,Kanniyakumari Response Zone,T+6h,6,505521,539915,1090287,887303,2681,2700,25391,16002
ASM002492,EVT011,Kanniyakumari,Kanniyakumari Response Zone,T+6h,6,480813,535398,828838,864971,3081,3087,18361,20576
ASM002493,EVT011,Kanniyakumari,Kanniyakumari Response Zone,T+6h,6,411245,443077,764682,770124,2603,2593,20674,21809
ASM002494,EVT011,Kanniyakumari,Kanniyakumari Response Zone,T+6h,6,687128,584145,950728,874299,2974,2996,21668,12537
ASM002495,EVT011,Kanniyakumari,Kanniyakumari Response Zone,T+6h,6,392306,478222,1166041,984472,2809,2816,28268,22821
ASM002496,EVT011,Kanniyakumari,Kanniyakumari Response Zone,T+12h,12,661152,583935,888920,885393,3093,3083,21250,26960
ASM002497,EVT011,Kanniyakumari,Kanniyakumari Response Zone,T+12h,12,491847,527560,1345460,1029377,3024,3026,27847,29475
ASM002498,EVT011,Kanniyakumari,Kanniyakumari Response Zone,T+12h,12,545465,574959,560121,824346,3570,3538,26640,21670
ASM002499,EVT011,Kanniyakumari,Kanniyakumari Response Zone,T+12h,12,599570,567202,1044246,916275,3022,3014,15382,18232
ASM002500,EVT011,Kanniyakumari,Kanniyakumari Response Zone,T+12h,12,563806,543167,729444,862555,2947,2949,34167,22800
ASM002501,EVT011,Kanniyakumari,Kanniyakumari Response Zone,T+24h,24,1044683,1005807,2479796,2188107,5350,5331,80464,60477
ASM002502,EVT011,Kanniyakumari,Kanniyakumari Response Zone,T+24h,24,1106104,973523,1740421,1769494,5135,5135,35458,44936
ASM002503,EVT011,Kanniyakumari,Kanniyakumari Response Zone,T+24h,24,858469,939529,1346791,1594497,5217,5236,37165,32396
ASM002504,EVT011,Kanniyakumari,Kanniyakumari Response Zone,T+24h,24,806654,870913,2006526,1893279,4751,4765,55981,51734
ASM002505,EVT011,Kanniyakumari,Kanniyakumari Response Zone,T+24h,24,745192,854996,1968961,1749912,5048,5056,28127,35311
ASM002506,EVT011,Kanniyakumari,Kanniyakumari Response Zone,T+36h,36,786904,882772,2036066,1880373,5111,5122,57449,50915
ASM002507,EVT011,Kanniyakumari,Kanniyakumari Response Zone,T+36h,36,1671022,1258997,1295834,1569717,5282,5296,45880,41375
ASM002508,EVT011,Kanniyakumari,Kanniyakumari Response Zone,T+36h,36,1192712,1060921,1429688,1534959,5228,5241,23921,41175
ASM002509,EVT011,Kanniyakumari,Kanniyakumari Response Zone,T+36h,36,712975,901897,1757848,1645860,5136,5133,60105,54980
ASM002510,EVT011,Kanniyakumari,Kanniyakumari Response Zone,T+36h,36,709324,810500,1741581,1689193,5062,5054,37649,57893
ASM002511,EVT011,Kanniyakumari,Kanniyakumari Response Zone,T+48h,48,1004895,936569,1994505,1870886,5046,5058,54775,39369
ASM002512,EVT011,Kanniyakumari,Kanniyakumari Response Zone,T+48h,48,1026729,1006607,1063306,1464788,5254,5254,42819,54560
ASM002513,EVT011,Kanniyakumari,Kanniyakumari Response Zone,T+48h,48,1009920,926029,1742610,1702113,5085,5090,34339,36277
ASM002514,EVT011,Kanniyakumari,Kanniyakumari Response Zone,T+48h,48,860881,864758,1633314,1658013,4979,4996,78492,56256
ASM002515,EVT011,Kanniyakumari,Kanniyakumari Response Zone,T+48h,48,890274,924655,1352061,1608056,4998,5014,49626,48239
ASM002516,EVT011,Kanniyakumari,Kanniyakumari Response Zone,T+72h,72,741503,717847,986692,1120463,3911,3925,13546,13552
ASM002517,EVT011,Kanniyakumari,Kanniyakumari Response Zone,T+72h,72,740793,740611,1239446,1282698,3995,3960,20597,25314
ASM002518,EVT011,Kanniyakumari,Kanniyakumari Response Zone,T+72h,72,484934,662976,569404,998645,4149,4154,28151,31041
ASM002519,EVT011,Kanniyakumari,Kanniyakumari Response Zone,T+72h,72,720164,762143,1147864,1316584,4036,4050,35433,33012
ASM002520,EVT011,Kanniyakumari,Kanniyakumari Response Zone,T+72h,72,599535,674877,1096539,1210917,3731,3705,39510,35813
ASM002521,EVT012,Chennai,Chennai Response Zone,T+0h,0,622768,663034,1001969,919403,2673,2675,12493,12533
ASM002522,EVT012,Chennai,Chennai Response Zone,T+0h,0,1089860,938307,727766,874526,2683,2680,12004,15857
ASM002523,EVT012,Chennai,Chennai Response Zone,T+0h,0,597845,592104,744180,849811,2602,2601,13494,6084
ASM002524,EVT012,Chennai,Chennai Response Zone,T+0h,0,495005,529375,1123611,912524,2196,2198,12724,7352
ASM002525,EVT012,Chennai,Chennai Response Zone,T+0h,0,695380,643259,1028122,926727,2527,2518,18804,6258
ASM002526,EVT012,Chennai,Chennai Response Zone,T+3h,3,635395,614954,1044917,899425,2705,2704,14668,12709
ASM002527,EVT012,Chennai,Chennai Response Zone,T+3h,3,768947,725700,917678,1132076,3192,3177,36074,19315
ASM002528,EVT012,Chennai,Chennai Response Zone,T+3h,3,702763,665694,1046157,893359,2928,2938,12328,14674
ASM002529,EVT012,Chennai,Chennai Response Zone,T+3h,3,903441,821076,832875,898158,2781,2782,10282,13288
ASM002530,EVT012,Chennai,Chennai Response Zone,T+3h,3,477726,593357,844010,878387,2515,2543,13291,15420
ASM002531,EVT012,Chennai,Chennai Response Zone,T+6h,6,550311,534237,795897,734313,2080,2097,17025,6829
ASM002532,EVT012,Chennai,Chennai Response Zone,T+6h,6,479709,594886,769260,873036,2456,2470,36823,20764
ASM002533,EVT012,Chennai,Chennai Response Zone,T+6h,6,555979,530514,1095240,833511,2249,2242,13923,15994
ASM002534,EVT012,Chennai,Chennai Response Zone,T+6h,6,531847,633044,872139,877157,2736,2771,13292,12626
ASM002535,EVT012,Chennai,Chennai Response Zone,T+6h,6,537712,565017,1024453,903865,2486,2501,13025,19408
ASM002536,EVT012,Chennai,Chennai Response Zone,T+12h,12,690207,763353,1555178,1336206,3361,3361,15007,24695
ASM002537,EVT012,Chennai,Chennai Response Zone,T+12h,12,1026073,981698,1489749,1332781,3870,3851,20333,15719
ASM002538,EVT012,Chennai,Chennai Response Zone,T+12h,12,789137,698759,702736,861762,2984,3001,27785,24136
ASM002539,EVT012,Chennai,Chennai Response Zone,T+12h,12,564956,682389,1152898,1206372,3297,3289,21573,18565
ASM002540,EVT012,Chennai,Chennai Response Zone,T+12h,12,772624,811394,1319373,1288330,3529,3524,11698,14470
ASM002541,EVT012,Chennai,Chennai Response Zone,T+24h,24,1022094,1119631,2380882,2096511,5126,5143,75948,51519
ASM002542,EVT012,Chennai,Chennai Response Zone,T+24h,24,804057,976265,1187634,1530474,4548,4553,25236,32585
ASM002543,EVT012,Chennai,Chennai Response Zone,T+24h,24,1083362,1111888,1499741,1691776,4797,4828,43469,41462
ASM002544,EVT012,Chennai,Chennai Response Zone,T+24h,24,1146924,1238284,2498333,2297691,5487,5472,30512,53687
ASM002545,EVT012,Chennai,Chennai Response Zone,T+24h,24,1982319,1664704,1525345,1744186,5102,5156,33519,40308
ASM002546,EVT012,Chennai,Chennai Response Zone,T+36h,36,991482,934505,1307265,1391693,3810,3800,28461,25236
ASM002547,EVT012,Chennai,Chennai Response Zone,T+36h,36,768498,932928,2344363,1725706,4448,4440,33705,32530
ASM002548,EVT012,Chennai,Chennai Response Zone,T+36h,36,1005923,1119359,1707105,1716468,5059,5041,33546,36711
ASM002549,EVT012,Chennai,Chennai Response Zone,T+36h,36,1190579,1055543,1301364,1531148,4107,4106,40290,40215
ASM002550,EVT012,Chennai,Chennai Response Zone,T+36h,36,1508729,1192752,1261230,1511664,4346,4367,22848,33057
ASM002551,EVT012,Chennai,Chennai Response Zone,T+48h,48,855414,1033009,1919154,1823061,5359,5341,32865,33769
ASM002552,EVT012,Chennai,Chennai Response Zone,T+48h,48,706784,921419,1139211,1462128,4611,4608,31015,32053
ASM002553,EVT012,Chennai,Chennai Response Zone,T+48h,48,1522389,1258712,1535160,1648830,4804,4792,34012,33571
ASM002554,EVT012,Chennai,Chennai Response Zone,T+48h,48,1117614,1072266,1781820,1626721,4591,4591,36397,35231
ASM002555,EVT012,Chennai,Chennai Response Zone,T+48h,48,862806,919023,2166793,1882343,4432,4449,18217,27334
ASM002556,EVT012,Chennai,Chennai Response Zone,T+72h,72,832870,820222,1466982,1415023,3236,3246,18199,24690
ASM002557,EVT012,Chennai,Chennai Response Zone,T+72h,72,567076,847129,1305375,1444952,4296,4292,17212,34776
ASM002558,EVT012,Chennai,Chennai Response Zone,T+72h,72,947086,959870,2096434,1678539,4029,4036,44649,34901
ASM002559,EVT012,Chennai,Chennai Response Zone,T+72h,72,920397,931865,1266508,1323764,3668,3676,33656,26140
ASM002560,EVT012,Chennai,Chennai Response Zone,T+72h,72,1104132,941653,1011899,1356324,4079,4066,25338,20270
ASM002561,EVT012,Tiruvallur,Tiruvallur Response Zone,T+0h,0,377528,460779,649578,718078,2021,2015,12257,8268
ASM002562,EVT012,Tiruvallur,Tiruvallur Response Zone,T+0h,0,585473,593080,1166850,899413,2523,2520,6415,10368
ASM002563,EVT012,Tiruvallur,Tiruvallur Response Zone,T+0h,0,388216,469696,686031,697988,2015,1999,6510,7650
ASM002564,EVT012,Tiruvallur,Tiruvallur Response Zone,T+0h,0,525266,521767,750132,795219,2149,2154,15810,14891
ASM002565,EVT012,Tiruvallur,Tiruvallur Response Zone,T+0h,0,429605,499530,1129897,893853,2235,2227,13428,12843
ASM002566,EVT012,Tiruvallur,Tiruvallur Response Zone,T+3h,3,543538,597540,574700,827085,2540,2532,11152,8806
ASM002567,EVT012,Tiruvallur,Tiruvallur Response Zone,T+3h,3,448100,548299,590477,823874,2456,2456,19302,15976
ASM002568,EVT012,Tiruvallur,Tiruvallur Response Zone,T+3h,3,643412,610859,564377,828466,2461,2475,18100,16211
ASM002569,EVT012,Tiruvallur,Tiruvallur Response Zone,T+3h,3,602148,541706,820084,835689,2390,2389,14203,12571
ASM002570,EVT012,Tiruvallur,Tiruvallur Response Zone,T+3h,3,498105,538377,806155,868864,2062,2145,11508,14311
ASM002571,EVT012,Tiruvallur,Tiruvallur Response Zone,T+6h,6,718449,739197,1509486,1271479,3278,3257,26064,19583
ASM002572,EVT012,Tiruvallur,Tiruvallur Response Zone,T+6h,6,579675,754154,1177124,1303356,3625,3632,19181,20540
ASM002573,EVT012,Tiruvallur,Tiruvallur Response Zone,T+6h,6,750381,813655,1098026,1244894,3862,3868,21159,33520
ASM002574,EVT012,Tiruvallur,Tiruvallur Response Zone,T+6h,6,707832,742139,1072340,1188364,3162,3150,20619,30146
ASM002575,EVT012,Tiruvallur,Tiruvallur Response Zone,T+6h,6,1281188,1040016,1092672,1213548,3653,3641,17406,17732
ASM002576,EVT012,Tiruvallur,Tiruvallur Response Zone,T+12h,12,720768,898132,895356,1294820,4457,4453,50053,41812
ASM002577,EVT012,Tiruvallur,Tiruvallur Response Zone,T+12h,12,1092919,933214,2404489,1819075,3701,3719,31535,34876
ASM002578,EVT012,Tiruvallur,Tiruvallur Response Zone,T+12h,12,1092996,982668,1518494,1478473,4279,4297,34118,38664
ASM002579,EVT012,Tiruvallur,Tiruvallur Response Zone,T+12h,12,947297,973211,1402802,1376353,4107,4106,24761,42199
ASM002580,EVT012,Tiruvallur,Tiruvallur Response Zone,T+12h,12,1295795,1083866,1601610,1520774,4444,4439,46430,38845
ASM002581,EVT012,Tiruvallur,Tiruvallur Response Zone,T+24h,24,1239743,1190833,2213659,2040330,5169,5187,37975,53266
ASM002582,EVT012,Tiruvallur,Tiruvallur Response Zone,T+24h,24,1256878,1230177,1687479,1769514,5496,5526,34091,42249
ASM002583,EVT012,Tiruvallur,Tiruvallur Response Zone,T+24h,24,1142778,1196312,1494304,1899615,5164,5184,55079,43484
ASM002584,EVT012,Tiruvallur,Tiruvallur Response Zone,T+24h,24,1462853,1215197,2083893,1851732,5097,5111,46509,46452
ASM002585,EVT012,Tiruvallur,Tiruvallur Response Zone,T+24h,24,1327547,1196311,1910456,1682738,4514,4526,25763,46669
ASM002586,EVT012,Tiruvallur,Tiruvallur Response Zone,T+36h,36,859827,939324,1337928,1448789,4060,4062,24937,45299
ASM002587,EVT012,Tiruvallur,Tiruvallur Response Zone,T+36h,36,728143,939199,2159383,1701676,4287,4277,32936,37514
ASM002588,EVT012,Tiruvallur,Tiruvallur Response Zone,T+36h,36,909747,936802,1517986,1471431,4111,4103,15871,27217
ASM002589,EVT012,Tiruvallur,Tiruvallur Response Zone,T+36h,36,965863,1112682,2125776,1910388,5115,5118,45638,42702
ASM002590,EVT012,Tiruvallur,Tiruvallur Response Zone,T+36h,36,1001409,1062129,2279588,1755137,4537,4546,34968,38937
ASM002591,EVT012,Tiruvallur,Tiruvallur Response Zone,T+48h,48,1122094,950480,1374816,1354228,3727,3733,25620,27184
ASM002592,EVT012,Tiruvallur,Tiruvallur Response Zone,T+48h,48,785918,885682,1443294,1348491,3929,3940,19278,25357
ASM002593,EVT012,Tiruvallur,Tiruvallur Response Zone,T+48h,48,827092,855115,1536473,1397953,3428,3429,32170,22334
ASM002594,EVT012,Tiruvallur,Tiruvallur Response Zone,T+48h,48,942895,942326,1192380,1358180,4000,4001,58003,28652
ASM002595,EVT012,Tiruvallur,Tiruvallur Response Zone,T+48h,48,1170425,999569,1604422,1633019,4355,4362,31162,36985
ASM002596,EVT012,Tiruvallur,Tiruvallur Response Zone,T+72h,72,577601,841804,1436166,1404606,3615,3629,26867,27632
ASM002597,EVT012,Tiruvallur,Tiruvallur Response Zone,T+72h,72,701091,792186,966926,1190961,3467,3446,22203,24003
ASM002598,EVT012,Tiruvallur,Tiruvallur Response Zone,T+72h,72,1022931,1000334,2693904,2082093,4190,4179,24737,33028
ASM002599,EVT012,Tiruvallur,Tiruvallur Response Zone,T+72h,72,1169998,1005055,1052191,1399268,3998,3999,25884,37018
ASM002600,EVT012,Tiruvallur,Tiruvallur Response Zone,T+72h,72,881787,929289,1112602,1424304,4122,4120,22509,37200
ASM002601,EVT012,Kancheepuram,Kancheepuram Response Zone,T+0h,0,299395,391608,920306,804355,1905,1904,9537,13969
ASM002602,EVT012,Kancheepuram,Kancheepuram Response Zone,T+0h,0,529186,505336,861581,819634,2086,2085,19400,19365
ASM002603,EVT012,Kancheepuram,Kancheepuram Response Zone,T+0h,0,393492,450785,486802,648588,2025,2029,7521,5060
ASM002604,EVT012,Kancheepuram,Kancheepuram Response Zone,T+0h,0,301305,348639,662198,669200,1606,1612,4783,8991
ASM002605,EVT012,Kancheepuram,Kancheepuram Response Zone,T+0h,0,323100,352746,765819,625602,1511,1507,10087,7640
ASM002606,EVT012,Kancheepuram,Kancheepuram Response Zone,T+3h,3,358984,360903,530815,576008,1554,1553,9615,6909
ASM002607,EVT012,Kancheepuram,Kancheepuram Response Zone,T+3h,3,342071,360455,1065330,790637,1660,1668,13257,6907
ASM002608,EVT012,Kancheepuram,Kancheepuram Response Zone,T+3h,3,270955,360364,399747,593403,1931,1940,12208,7915
ASM002609,EVT012,Kancheepuram,Kancheepuram Response Zone,T+3h,3,416581,372000,637879,570654,1553,1554,7899,14313
ASM002610,EVT012,Kancheepuram,Kancheepuram Response Zone,T+3h,3,575384,498374,909528,823246,1969,1968,7827,16506
ASM002611,EVT012,Kancheepuram,Kancheepuram Response Zone,T+6h,6,637616,580895,949010,890933,2414,2419,8681,7036
ASM002612,EVT012,Kancheepuram,Kancheepuram Response Zone,T+6h,6,414269,512139,726627,806070,2354,2357,13731,16109
ASM002613,EVT012,Kancheepuram,Kancheepuram Response Zone,T+6h,6,522460,552260,734502,845432,2499,2504,21029,15254
ASM002614,EVT012,Kancheepuram,Kancheepuram Response Zone,T+6h,6,556741,570758,879042,837017,2675,2656,14098,11794
ASM002615,EVT012,Kancheepuram,Kancheepuram Response Zone,T+6h,6,577105,546782,899638,799721,2326,2328,17961,11940
ASM002616,EVT012,Kancheepuram,Kancheepuram Response Zone,T+12h,12,677906,640842,1039344,925535,2875,2875,15292,24587
ASM002617,EVT012,Kancheepuram,Kancheepuram Response Zone,T+12h,12,401701,483553,920512,809417,2131,2134,23773,18497
ASM002618,EVT012,Kancheepuram,Kancheepuram Response Zone,T+12h,12,525811,543449,591652,759001,2467,2474,21210,17041
ASM002619,EVT012,Kancheepuram,Kancheepuram Response Zone,T+12h,12,430679,387587,556388,583884,1726,1726,7078,12894
ASM002620,EVT012,Kancheepuram,Kancheepuram Response Zone,T+12h,12,745915,681070,612845,832880,2625,2619,19056,11923
ASM002621,EVT012,Kancheepuram,Kancheepuram Response Zone,T+24h,24,1024086,960367,1300781,1352819,4162,4159,36185,39023
ASM002622,EVT012,Kancheepuram,Kancheepuram Response Zone,T+24h,24,986603,892331,1612261,1394262,3874,3871,23313,21187
ASM002623,EVT012,Kancheepuram,Kancheepuram Response Zone,T+24h,24,812886,853545,1344043,1294929,3576,3591,24635,35301
ASM002624,EVT012,Kancheepuram,Kancheepuram Response Zone,T+24h,24,1009905,919133,2324220,1854517,3384,3385,40405,28706
ASM002625,EVT012,Kancheepuram,Kancheepuram Response Zone,T+24h,24,869686,856590,1320394,1220226,3510,3505,17893,26789
ASM002626,EVT012,Kancheepuram,Kancheepuram Response Zone,T+36h,36,760104,900102,1410399,1375171,4056,4060,34901,29553
ASM002627,EVT012,Kancheepuram,Kancheepuram Response Zone,T+36h,36,1210830,984845,1446819,1410384,3908,3935,37368,33410
ASM002628,EVT012,Kancheepuram,Kancheepuram Response Zone,T+36h,36,1040816,961524,1248718,1321156,3895,3908,27252,40470
ASM002629,EVT012,Kancheepuram,Kancheepuram Response Zone,T+36h,36,830609,920647,1342706,1374291,4120,4112,46214,26392
ASM002630,EVT012,Kancheepuram,Kancheepuram Response Zone,T+36h,36,840691,927344,1903120,1547703,4023,4037,34288,34653
ASM002631,EVT012,Kancheepuram,Kancheepuram Response Zone,T+48h,48,934064,931460,1386555,1318765,3923,3934,33182,30392
ASM002632,EVT012,Kancheepuram,Kancheepuram Response Zone,T+48h,48,952645,939588,1090066,1244752,3927,3935,16162,26839
ASM002633,EVT012,Kancheepuram,Kancheepuram Response Zone,T+48h,48,949181,931445,1138248,1382283,3968,3962,60158,38191
ASM002634,EVT012,Kancheepuram,Kancheepuram Response Zone,T+48h,48,945420,925356,1179844,1357294,4043,4044,16300,29116
ASM002635,EVT012,Kancheepuram,Kancheepuram Response Zone,T+48h,48,1165658,956290,1303232,1308715,3573,3564,35159,27841
ASM002636,EVT012,Kancheepuram,Kancheepuram Response Zone,T+72h,72,957975,918140,1683925,1436722,3311,3318,20877,31852
ASM002637,EVT012,Kancheepuram,Kancheepuram Response Zone,T+72h,72,855969,894312,908086,1156536,3398,3400,19686,27890
ASM002638,EVT012,Kancheepuram,Kancheepuram Response Zone,T+72h,72,947515,891552,1177356,1243205,3403,3411,36844,32545
ASM002639,EVT012,Kancheepuram,Kancheepuram Response Zone,T+72h,72,727537,888404,1455447,1354542,3701,3702,39563,32631
ASM002640,EVT012,Kancheepuram,Kancheepuram Response Zone,T+72h,72,892451,896199,822022,1226390,3664,3665,19000,31680
ASM002641,EVT012,Cuddalore,Cuddalore Response Zone,T+0h,0,584760,460539,473000,588175,1922,1913,13022,7405
ASM002642,EVT012,Cuddalore,Cuddalore Response Zone,T+0h,0,366308,368238,486673,557187,1687,1699,17896,13708
ASM002643,EVT012,Cuddalore,Cuddalore Response Zone,T+0h,0,330176,373476,454869,557465,1756,1755,6970,6842
ASM002644,EVT012,Cuddalore,Cuddalore Response Zone,T+0h,0,349015,398844,595919,583239,1811,1807,15963,6719
ASM002645,EVT012,Cuddalore,Cuddalore Response Zone,T+0h,0,319798,399079,570957,609404,1776,1772,8103,11905
ASM002646,EVT012,Cuddalore,Cuddalore Response Zone,T+3h,3,375157,411294,590246,707689,1876,1891,13923,19443
ASM002647,EVT012,Cuddalore,Cuddalore Response Zone,T+3h,3,331561,348597,568594,574218,1570,1569,10793,5216
ASM002648,EVT012,Cuddalore,Cuddalore Response Zone,T+3h,3,328926,411334,972018,836550,2006,2013,9343,11132
ASM002649,EVT012,Cuddalore,Cuddalore Response Zone,T+3h,3,415726,417423,918137,685348,1923,1915,13809,12021
ASM002650,EVT012,Cuddalore,Cuddalore Response Zone,T+3h,3,511566,440160,399245,606080,1909,1902,17562,18047
ASM002651,EVT012,Cuddalore,Cuddalore Response Zone,T+6h,6,369544,424216,747029,722430,2060,2072,13368,13789
ASM002652,EVT012,Cuddalore,Cuddalore Response Zone,T+6h,6,610394,493223,608890,675299,2059,2058,14976,7809
ASM002653,EVT012,Cuddalore,Cuddalore Response Zone,T+6h,6,429757,416958,584221,583490,1777,1774,11358,11007
ASM002654,EVT012,Cuddalore,Cuddalore Response Zone,T+6h,6,522337,438584,558722,608017,1918,1918,13398,11995
ASM002655,EVT012,Cuddalore,Cuddalore Response Zone,T+6h,6,334070,359798,580319,554134,1682,1692,16669,12014
ASM002656,EVT012,Cuddalore,Cuddalore Response Zone,T+12h,12,668493,651412,850769,886105,2874,2863,26730,20669
ASM002657,EVT012,Cuddalore,Cuddalore Response Zone,T+12h,12,376765,440929,592558,699782,2196,2195,20797,15337
ASM002658,EVT012,Cuddalore,Cuddalore Response Zone,T+12h,12,639500,581669,635154,780049,2650,2646,14717,21238
ASM002659,EVT012,Cuddalore,Cuddalore Response Zone,T+12h,12,552559,579069,707678,771570,2653,2653,25271,23725
ASM002660,EVT012,Cuddalore,Cuddalore Response Zone,T+12h,12,625956,588369,901874,892102,2639,2645,18309,24839
ASM002661,EVT012,Cuddalore,Cuddalore Response Zone,T+24h,24,482308,570721,1133200,990278,2642,2657,14838,22575
ASM002662,EVT012,Cuddalore,Cuddalore Response Zone,T+24h,24,451916,500949,1067015,942567,2249,2255,17482,17373
ASM002663,EVT012,Cuddalore,Cuddalore Response Zone,T+24h,24,723142,681569,873853,964908,2864,2848,14548,19164
ASM002664,EVT012,Cuddalore,Cuddalore Response Zone,T+24h,24,470361,540698,976650,942454,2441,2444,25976,20412
ASM002665,EVT012,Cuddalore,Cuddalore Response Zone,T+24h,24,623386,575076,1143254,965030,2496,2491,23717,18311
ASM002666,EVT012,Cuddalore,Cuddalore Response Zone,T+36h,36,385256,438810,1068584,928420,2250,2258,9325,14246
ASM002667,EVT012,Cuddalore,Cuddalore Response Zone,T+36h,36,793498,691784,1043977,1033403,2981,2979,18636,26107
ASM002668,EVT012,Cuddalore,Cuddalore Response Zone,T+36h,36,488667,590433,951622,935965,2974,2961,16366,27635
ASM002669,EVT012,Cuddalore,Cuddalore Response Zone,T+36h,36,754551,711473,1165715,1100589,2950,2961,24025,31219
ASM002670,EVT012,Cuddalore,Cuddalore Response Zone,T+36h,36,734683,684205,730880,900366,3060,3034,19097,15738
ASM002671,EVT012,Cuddalore,Cuddalore Response Zone,T+48h,48,460389,515555,818822,900356,2281,2279,18369,21549
ASM002672,EVT012,Cuddalore,Cuddalore Response Zone,T+48h,48,554290,468219,902524,854935,2112,2113,10396,8752
ASM002673,EVT012,Cuddalore,Cuddalore Response Zone,T+48h,48,565729,529401,1028481,939961,2312,2314,29818,22063
ASM002674,EVT012,Cuddalore,Cuddalore Response Zone,T+48h,48,526795,570987,836361,934505,2461,2461,7644,12290
ASM002675,EVT012,Cuddalore,Cuddalore Response Zone,T+48h,48,456159,513392,924876,939796,2251,2259,23887,17083
ASM002676,EVT012,Cuddalore,Cuddalore Response Zone,T+72h,72,426519,586286,783804,908388,2759,2752,15171,17453
ASM002677,EVT012,Cuddalore,Cuddalore Response Zone,T+72h,72,622259,581514,1108931,1006656,2446,2448,19963,22124
ASM002678,EVT012,Cuddalore,Cuddalore Response Zone,T+72h,72,476355,591487,1030293,1071419,2779,2778,21044,24443
ASM002679,EVT012,Cuddalore,Cuddalore Response Zone,T+72h,72,665377,664473,899017,936100,2809,2798,25513,15803
ASM002680,EVT012,Cuddalore,Cuddalore Response Zone,T+72h,72,589815,597045,886161,959817,2629,2633,12845,18225
ASM002681,EVT013,Tirunelveli,Tirunelveli Response Zone,T+0h,0,647703,593211,823079,856015,2578,2573,19108,21034
ASM002682,EVT013,Tirunelveli,Tirunelveli Response Zone,T+0h,0,526461,586083,762985,847575,2560,2557,24251,22889
ASM002683,EVT013,Tirunelveli,Tirunelveli Response Zone,T+0h,0,520729,562570,973055,840485,2651,2639,11886,17797
ASM002684,EVT013,Tirunelveli,Tirunelveli Response Zone,T+0h,0,609919,536899,675179,807630,2357,2357,10123,11554
ASM002685,EVT013,Tirunelveli,Tirunelveli Response Zone,T+0h,0,592349,569063,1212680,866061,2484,2483,16564,17483
ASM002686,EVT013,Tirunelveli,Tirunelveli Response Zone,T+3h,3,694634,669020,1427703,1084241,3131,3129,21595,30180
ASM002687,EVT013,Tirunelveli,Tirunelveli Response Zone,T+3h,3,659675,616280,690252,851103,2865,2855,13450,16190
ASM002688,EVT013,Tirunelveli,Tirunelveli Response Zone,T+3h,3,411011,552939,795755,838399,2613,2610,12680,12292
ASM002689,EVT013,Tirunelveli,Tirunelveli Response Zone,T+3h,3,637747,579218,675742,841945,2573,2576,20142,15854
ASM002690,EVT013,Tirunelveli,Tirunelveli Response Zone,T+3h,3,662993,604805,758206,866475,2633,2639,13626,14364
ASM002691,EVT013,Tirunelveli,Tirunelveli Response Zone,T+6h,6,565585,644817,1641702,1119146,3229,3229,28823,23685
ASM002692,EVT013,Tirunelveli,Tirunelveli Response Zone,T+6h,6,609850,665560,859681,870329,3121,3120,16246,23108
ASM002693,EVT013,Tirunelveli,Tirunelveli Response Zone,T+6h,6,639904,661698,1054098,898694,3142,3139,17533,27992
ASM002694,EVT013,Tirunelveli,Tirunelveli Response Zone,T+6h,6,545028,557934,935614,847196,2586,2588,33055,18057
ASM002695,EVT013,Tirunelveli,Tirunelveli Response Zone,T+6h,6,645262,619112,709732,863884,2699,2706,19950,27144
ASM002696,EVT013,Tirunelveli,Tirunelveli Response Zone,T+12h,12,957579,827218,874545,966024,3665,3649,20976,33026
ASM002697,EVT013,Tirunelveli,Tirunelveli Response Zone,T+12h,12,832305,736084,758216,854814,3270,3270,18043,32229
ASM002698,EVT013,Tirunelveli,Tirunelveli Response Zone,T+12h,12,536946,667889,853065,1016345,3486,3470,45264,34822
ASM002699,EVT013,Tirunelveli,Tirunelveli Response Zone,T+12h,12,899493,863896,565601,1037052,3651,3658,27621,34469
ASM002700,EVT013,Tirunelveli,Tirunelveli Response Zone,T+12h,12,1038052,906906,1296795,1266954,4037,4047,26498,33113
ASM002701,EVT013,Tirunelveli,Tirunelveli Response Zone,T+24h,24,1226098,1191849,3102746,2379293,5346,5342,49310,58261
ASM002702,EVT013,Tirunelveli,Tirunelveli Response Zone,T+24h,24,1342985,1213500,1851783,1857223,5233,5185,69625,56025
ASM002703,EVT013,Tirunelveli,Tirunelveli Response Zone,T+24h,24,1588911,1317570,1210450,1542919,4843,4845,43625,52987
ASM002704,EVT013,Tirunelveli,Tirunelveli Response Zone,T+24h,24,1263926,1160311,1423996,1522959,4773,4762,93274,54366
ASM002705,EVT013,Tirunelveli,Tirunelveli Response Zone,T+24h,24,1081605,1024057,1496964,1571062,4583,4588,46930,48147
ASM002706,EVT013,Tirunelveli,Tirunelveli Response Zone,T+36h,36,1404573,1237152,1417947,1727969,5493,5453,66953,55654
ASM002707,EVT013,Tirunelveli,Tirunelveli Response Zone,T+36h,36,1147031,1176862,2244072,2061844,5130,5114,62936,55804
ASM002708,EVT013,Tirunelveli,Tirunelveli Response Zone,T+36h,36,1096299,1178515,2029800,1716714,5380,5348,36458,40883
ASM002709,EVT013,Tirunelveli,Tirunelveli Response Zone,T+36h,36,1078509,1132072,1288528,1614929,5478,5484,29450,40398
ASM002710,EVT013,Tirunelveli,Tirunelveli Response Zone,T+36h,36,1430897,1200371,1957153,1771994,4890,4905,42727,44845
ASM002711,EVT013,Tirunelveli,Tirunelveli Response Zone,T+48h,48,960904,1110944,2448626,1877397,5310,5294,38874,39273
ASM002712,EVT013,Tirunelveli,Tirunelveli Response Zone,T+48h,48,1611674,1338394,3015669,2787767,5609,5594,41791,58572
ASM002713,EVT013,Tirunelveli,Tirunelveli Response Zone,T+48h,48,1323129,1248468,3993459,3381415,5595,5588,60574,66531
ASM002714,EVT013,Tirunelveli,Tirunelveli Response Zone,T+48h,48,842925,1050278,1339093,1607171,5325,5324,52835,42964
ASM002715,EVT013,Tirunelveli,Tirunelveli Response Zone,T+48h,48,1251013,1266672,3802309,3116918,5184,5215,92834,57497
ASM002716,EVT013,Tirunelveli,Tirunelveli Response Zone,T+72h,72,608886,914899,1324486,1451765,4048,4061,43774,37871
ASM002717,EVT013,Tirunelveli,Tirunelveli Response Zone,T+72h,72,1070584,978902,1251897,1470685,4157,4161,53164,33730
ASM002718,EVT013,Tirunelveli,Tirunelveli Response Zone,T+72h,72,1214293,1112875,1637180,1519576,4815,4786,22610,31344
ASM002719,EVT013,Tirunelveli,Tirunelveli Response Zone,T+72h,72,900729,979598,1408121,1591035,4606,4605,50387,47434
ASM002720,EVT013,Tirunelveli,Tirunelveli Response Zone,T+72h,72,930199,916677,1609465,1442159,4178,4174,51743,37068
ASM002721,EVT013,Thoothukudi,Thoothukudi Response Zone,T+0h,0,881868,791591,628456,900162,2839,2831,15767,23363
ASM002722,EVT013,Thoothukudi,Thoothukudi Response Zone,T+0h,0,539897,601329,835402,860742,2796,2795,18812,25455
ASM002723,EVT013,Thoothukudi,Thoothukudi Response Zone,T+0h,0,493425,588045,1175218,959906,2702,2710,26379,14185
ASM002724,EVT013,Thoothukudi,Thoothukudi Response Zone,T+0h,0,896472,811522,894930,879560,3157,3163,11652,18612
ASM002725,EVT013,Thoothukudi,Thoothukudi Response Zone,T+0h,0,965428,798478,965180,874537,2906,2908,13240,22178
ASM002726,EVT013,Thoothukudi,Thoothukudi Response Zone,T+3h,3,548434,546339,887483,835963,2591,2583,27674,19100
ASM002727,EVT013,Thoothukudi,Thoothukudi Response Zone,T+3h,3,660765,566334,1052142,862009,2575,2579,25404,18258
ASM002728,EVT013,Thoothukudi,Thoothukudi Response Zone,T+3h,3,802630,708739,587769,867162,2932,2924,23987,23115
ASM002729,EVT013,Thoothukudi,Thoothukudi Response Zone,T+3h,3,473375,541820,913744,834095,2557,2558,16841,18546
ASM002730,EVT013,Thoothukudi,Thoothukudi Response Zone,T+3h,3,517488,569748,814883,858665,2747,2729,20829,26819
ASM002731,EVT013,Thoothukudi,Thoothukudi Response Zone,T+6h,6,773752,656210,882599,846225,2782,2782,18355,18461
ASM002732,EVT013,Thoothukudi,Thoothukudi Response Zone,T+6h,6,851152,708756,1105021,866558,3072,3056,27189,17106
ASM002733,EVT013,Thoothukudi,Thoothukudi Response Zone,T+6h,6,692850,675770,693319,848009,2972,2966,27253,28728
ASM002734,EVT013,Thoothukudi,Thoothukudi Response Zone,T+6h,6,508386,600511,671670,844707,2841,2842,35707,19598
ASM002735,EVT013,Thoothukudi,Thoothukudi Response Zone,T+6h,6,1015029,833853,595675,813382,3447,3433,15921,23435
ASM002736,EVT013,Thoothukudi,Thoothukudi Response Zone,T+12h,12,783553,912650,1062733,1288309,4557,4563,30155,33529
ASM002737,EVT013,Thoothukudi,Thoothukudi Response Zone,T+12h,12,841318,938148,1812394,1566753,4387,4409,33194,44924
ASM002738,EVT013,Thoothukudi,Thoothukudi Response Zone,T+12h,12,875686,888739,1130227,1310128,4191,4197,22058,34130
ASM002739,EVT013,Thoothukudi,Thoothukudi Response Zone,T+12h,12,1240976,1102339,955167,1398422,4676,4663,40727,53580
ASM002740,EVT013,Thoothukudi,Thoothukudi Response Zone,T+12h,12,1069397,974465,1125198,1387198,4718,4698,39051,40031
ASM002741,EVT013,Thoothukudi,Thoothukudi Response Zone,T+24h,24,1015227,976352,970060,1339788,4302,4330,36116,38263
ASM002742,EVT013,Thoothukudi,Thoothukudi Response Zone,T+24h,24,1006412,950118,1049867,1316633,4462,4439,56477,30710
ASM002743,EVT013,Thoothukudi,Thoothukudi Response Zone,T+24h,24,880900,880992,1510709,1404984,4008,4007,37234,35792
ASM002744,EVT013,Thoothukudi,Thoothukudi Response Zone,T+24h,24,1146585,1029271,1202685,1480642,4722,4696,57316,43032
ASM002745,EVT013,Thoothukudi,Thoothukudi Response Zone,T+24h,24,529227,787054,1765949,1513421,3858,3888,29378,34847
ASM002746,EVT013,Thoothukudi,Thoothukudi Response Zone,T+36h,36,892183,947700,1416008,1537897,4183,4192,51800,37683
ASM002747,EVT013,Thoothukudi,Thoothukudi Response Zone,T+36h,36,985726,960510,1455753,1495858,4131,4138,64921,37633
ASM002748,EVT013,Thoothukudi,Thoothukudi Response Zone,T+36h,36,846986,976775,1478516,1629797,4793,4807,39951,39790
ASM002749,EVT013,Thoothukudi,Thoothukudi Response Zone,T+36h,36,1006978,975193,1707136,1498527,4386,4390,22155,31236
ASM002750,EVT013,Thoothukudi,Thoothukudi Response Zone,T+36h,36,863501,922824,1668098,1461972,4324,4306,25063,33276
ASM002751,EVT013,Thoothukudi,Thoothukudi Response Zone,T+48h,48,1121600,941276,1374048,1278841,3652,3660,32829,36160
ASM002752,EVT013,Thoothukudi,Thoothukudi Response Zone,T+48h,48,1179353,979375,1613412,1453125,3923,3939,40366,43871
ASM002753,EVT013,Thoothukudi,Thoothukudi Response Zone,T+48h,48,685800,734295,1101541,1086541,3205,3201,30121,26585
ASM002754,EVT013,Thoothukudi,Thoothukudi Response Zone,T+48h,48,820291,857282,1468062,1382833,3698,3685,30070,30925
ASM002755,EVT013,Thoothukudi,Thoothukudi Response Zone,T+48h,48,771738,856223,1089571,1223212,3639,3613,23455,24548
ASM002756,EVT013,Thoothukudi,Thoothukudi Response Zone,T+72h,72,882843,959683,1553945,1522618,4410,4414,33088,47439
ASM002757,EVT013,Thoothukudi,Thoothukudi Response Zone,T+72h,72,1089951,1078525,1525134,1566746,5066,5039,44448,47820
ASM002758,EVT013,Thoothukudi,Thoothukudi Response Zone,T+72h,72,912500,990604,1412474,1555773,4976,4992,59147,40579
ASM002759,EVT013,Thoothukudi,Thoothukudi Response Zone,T+72h,72,833053,951389,1406061,1566759,4813,4810,60268,49421
ASM002760,EVT013,Thoothukudi,Thoothukudi Response Zone,T+72h,72,1050379,993547,1678055,1505601,4274,4272,44876,46586
ASM002761,EVT013,Kanniyakumari,Kanniyakumari Response Zone,T+0h,0,618057,552209,1129761,956172,2527,2532,26350,20112
ASM002762,EVT013,Kanniyakumari,Kanniyakumari Response Zone,T+0h,0,459973,528939,1019385,878967,2353,2360,11672,11428
ASM002763,EVT013,Kanniyakumari,Kanniyakumari Response Zone,T+0h,0,696957,597983,630756,847113,2850,2862,18111,22944
ASM002764,EVT013,Kanniyakumari,Kanniyakumari Response Zone,T+0h,0,483470,549234,1055235,867193,2693,2708,10293,9878
ASM002765,EVT013,Kanniyakumari,Kanniyakumari Response Zone,T+0h,0,520739,524774,640137,722150,2304,2304,10824,8734
ASM002766,EVT013,Kanniyakumari,Kanniyakumari Response Zone,T+3h,3,620100,555066,909518,769159,2528,2523,17001,19582
ASM002767,EVT013,Kanniyakumari,Kanniyakumari Response Zone,T+3h,3,543440,552825,613547,824639,2457,2464,20225,12131
ASM002768,EVT013,Kanniyakumari,Kanniyakumari Response Zone,T+3h,3,691040,678270,944238,868029,2888,2888,17767,21948
ASM002769,EVT013,Kanniyakumari,Kanniyakumari Response Zone,T+3h,3,517364,579056,873650,857570,2797,2791,12747,15405
ASM002770,EVT013,Kanniyakumari,Kanniyakumari Response Zone,T+3h,3,526821,533984,572337,810689,2449,2455,38486,21669
ASM002771,EVT013,Kanniyakumari,Kanniyakumari Response Zone,T+6h,6,650822,727427,1126881,967415,3219,3217,20583,25134
ASM002772,EVT013,Kanniyakumari,Kanniyakumari Response Zone,T+6h,6,624468,720270,1531404,1368074,3576,3574,34663,35754
ASM002773,EVT013,Kanniyakumari,Kanniyakumari Response Zone,T+6h,6,755290,848408,1113755,1248297,3817,3823,37758,35850
ASM002774,EVT013,Kanniyakumari,Kanniyakumari Response Zone,T+6h,6,467830,588951,1361617,1087998,3144,3145,20216,29512
ASM002775,EVT013,Kanniyakumari,Kanniyakumari Response Zone,T+6h,6,785626,899779,1240866,1369247,4478,4467,57367,42710
ASM002776,EVT013,Kanniyakumari,Kanniyakumari Response Zone,T+12h,12,665927,716452,1249820,1179115,3622,3590,31717,27793
ASM002777,EVT013,Kanniyakumari,Kanniyakumari Response Zone,T+12h,12,645724,694871,568050,848128,3428,3421,43399,28401
ASM002778,EVT013,Kanniyakumari,Kanniyakumari Response Zone,T+12h,12,775565,864173,2111666,1592083,4344,4335,23866,32374
ASM002779,EVT013,Kanniyakumari,Kanniyakumari Response Zone,T+12h,12,756038,793066,1544738,1429474,3904,3881,25136,23622
ASM002780,EVT013,Kanniyakumari,Kanniyakumari Response Zone,T+12h,12,801701,782903,967240,1134606,3600,3593,26581,28338
ASM002781,EVT013,Kanniyakumari,Kanniyakumari Response Zone,T+24h,24,1275295,1073176,1037837,1532894,5062,5070,49741,51492
ASM002782,EVT013,Kanniyakumari,Kanniyakumari Response Zone,T+24h,24,946211,984033,1771886,1768492,5362,5337,26309,43923
ASM002783,EVT013,Kanniyakumari,Kanniyakumari Response Zone,T+24h,24,846401,961800,1226842,1540089,5122,5109,54077,60530
ASM002784,EVT013,Kanniyakumari,Kanniyakumari Response Zone,T+24h,24,874813,1007760,1885028,1629980,5042,5047,29102,51378
ASM002785,EVT013,Kanniyakumari,Kanniyakumari Response Zone,T+24h,24,977480,1049447,1831758,1709059,5132,5133,45772,44005
ASM002786,EVT013,Kanniyakumari,Kanniyakumari Response Zone,T+36h,36,988019,985803,1375163,1689523,5065,5067,26513,55030
ASM002787,EVT013,Kanniyakumari,Kanniyakumari Response Zone,T+36h,36,923730,951177,2301891,1941411,5253,5268,28766,57344
ASM002788,EVT013,Kanniyakumari,Kanniyakumari Response Zone,T+36h,36,822644,933396,2115422,1784140,4791,4782,62787,56185
ASM002789,EVT013,Kanniyakumari,Kanniyakumari Response Zone,T+36h,36,973884,979596,2113249,1785419,4939,4946,35163,44770
ASM002790,EVT013,Kanniyakumari,Kanniyakumari Response Zone,T+36h,36,1106096,993719,1710436,1745271,4831,4843,34745,51544
ASM002791,EVT013,Kanniyakumari,Kanniyakumari Response Zone,T+48h,48,1100099,999109,1066872,1512352,4480,4457,51393,40417
ASM002792,EVT013,Kanniyakumari,Kanniyakumari Response Zone,T+48h,48,952727,1037428,2200887,1924366,4862,4872,53500,52490
ASM002793,EVT013,Kanniyakumari,Kanniyakumari Response Zone,T+48h,48,979906,974169,1506222,1581423,4945,4916,49364,43059
ASM002794,EVT013,Kanniyakumari,Kanniyakumari Response Zone,T+48h,48,777074,958087,1019618,1453150,4373,4385,31676,36084
ASM002795,EVT013,Kanniyakumari,Kanniyakumari Response Zone,T+48h,48,930552,957915,2015027,1789753,4429,4431,74866,36149
ASM002796,EVT013,Kanniyakumari,Kanniyakumari Response Zone,T+72h,72,721407,894426,2249502,1603685,4041,4018,24677,31680
ASM002797,EVT013,Kanniyakumari,Kanniyakumari Response Zone,T+72h,72,1056146,990996,1442422,1486629,4276,4284,55631,39503
ASM002798,EVT013,Kanniyakumari,Kanniyakumari Response Zone,T+72h,72,715287,905902,2822646,2318642,4772,4756,41373,47400
ASM002799,EVT013,Kanniyakumari,Kanniyakumari Response Zone,T+72h,72,742582,815710,1337970,1330974,3875,3892,20696,36263
ASM002800,EVT013,Kanniyakumari,Kanniyakumari Response Zone,T+72h,72,988899,994770,1332727,1518393,4354,4356,40168,39140
ASM002801,EVT013,Tenkasi,Tenkasi Response Zone,T+0h,0,397169,394277,470512,561970,1776,1774,11465,9263
ASM002802,EVT013,Tenkasi,Tenkasi Response Zone,T+0h,0,674825,522090,863810,663976,1837,1837,8869,10877
ASM002803,EVT013,Tenkasi,Tenkasi Response Zone,T+0h,0,463403,434352,537886,655238,2037,2056,12479,17527
ASM002804,EVT013,Tenkasi,Tenkasi Response Zone,T+0h,0,326162,398928,700983,658592,1781,1790,12748,11409
ASM002805,EVT013,Tenkasi,Tenkasi Response Zone,T+0h,0,412732,424243,549507,619640,2008,2006,17290,15498
ASM002806,EVT013,Tenkasi,Tenkasi Response Zone,T+3h,3,388531,507224,727106,819979,2724,2709,10317,21840
ASM002807,EVT013,Tenkasi,Tenkasi Response Zone,T+3h,3,471209,491119,931239,770976,2238,2239,27990,21362
ASM002808,EVT013,Tenkasi,Tenkasi Response Zone,T+3h,3,458965,522408,711815,757794,2499,2511,16698,19170
ASM002809,EVT013,Tenkasi,Tenkasi Response Zone,T+3h,3,622472,582951,678090,756309,2503,2494,12159,17963
ASM002810,EVT013,Tenkasi,Tenkasi Response Zone,T+3h,3,451189,502057,1005951,801373,2425,2415,27442,21488
ASM002811,EVT013,Tenkasi,Tenkasi Response Zone,T+6h,6,480352,510455,1059975,804897,2441,2432,16963,17299
ASM002812,EVT013,Tenkasi,Tenkasi Response Zone,T+6h,6,481036,542764,935153,843936,2622,2627,28989,20290
ASM002813,EVT013,Tenkasi,Tenkasi Response Zone,T+6h,6,747887,606654,652763,756457,2518,2515,22594,18298
ASM002814,EVT013,Tenkasi,Tenkasi Response Zone,T+6h,6,459012,499108,609721,728980,2437,2431,14986,13006
ASM002815,EVT013,Tenkasi,Tenkasi Response Zone,T+6h,6,692520,587102,670981,731568,2381,2365,11351,8661
ASM002816,EVT013,Tenkasi,Tenkasi Response Zone,T+12h,12,593799,547959,791043,788938,2438,2427,20808,17431
ASM002817,EVT013,Tenkasi,Tenkasi Response Zone,T+12h,12,579318,574979,619523,758856,2462,2461,20038,24329
ASM002818,EVT013,Tenkasi,Tenkasi Response Zone,T+12h,12,609415,588034,1003623,874589,2764,2765,18691,24827
ASM002819,EVT013,Tenkasi,Tenkasi Response Zone,T+12h,12,581099,599208,800118,759166,2552,2565,25543,21263
ASM002820,EVT013,Tenkasi,Tenkasi Response Zone,T+12h,12,363147,492862,515313,745010,2435,2459,21380,22377
ASM002821,EVT013,Tenkasi,Tenkasi Response Zone,T+24h,24,792609,821322,1073194,1332182,3742,3755,39486,45380
ASM002822,EVT013,Tenkasi,Tenkasi Response Zone,T+24h,24,992412,888657,1120393,1264596,3969,3961,42233,31303
ASM002823,EVT013,Tenkasi,Tenkasi Response Zone,T+24h,24,829918,819152,1345140,1391271,3757,3793,39401,43722
ASM002824,EVT013,Tenkasi,Tenkasi Response Zone,T+24h,24,632746,790977,2175588,1986556,3900,3899,39566,44858
ASM002825,EVT013,Tenkasi,Tenkasi Response Zone,T+24h,24,828762,854114,1317449,1344959,4088,4042,22870,28344
ASM002826,EVT013,Tenkasi,Tenkasi Response Zone,T+36h,36,1166289,958241,1061900,1232560,3683,3705,39333,37477
ASM002827,EVT013,Tenkasi,Tenkasi Response Zone,T+36h,36,938332,808479,1190116,1171272,3510,3459,29685,28326
ASM002828,EVT013,Tenkasi,Tenkasi Response Zone,T+36h,36,802740,842404,1163310,1228800,3796,3779,40771,33622
ASM002829,EVT013,Tenkasi,Tenkasi Response Zone,T+36h,36,967561,874075,1351247,1319936,3600,3590,25660,31671
ASM002830,EVT013,Tenkasi,Tenkasi Response Zone,T+36h,36,698502,715661,1396792,1203925,3432,3453,28311,35908
ASM002831,EVT013,Tenkasi,Tenkasi Response Zone,T+48h,48,592492,794177,1734621,1523046,3903,3918,40109,33763
ASM002832,EVT013,Tenkasi,Tenkasi Response Zone,T+48h,48,645415,719688,1153126,1097183,3577,3572,25822,25104
ASM002833,EVT013,Tenkasi,Tenkasi Response Zone,T+48h,48,1143962,936417,1943735,1794439,3961,3947,24749,35913
ASM002834,EVT013,Tenkasi,Tenkasi Response Zone,T+48h,48,788331,851155,1564153,1425767,3806,3849,41317,30063
ASM002835,EVT013,Tenkasi,Tenkasi Response Zone,T+48h,48,734961,765509,1042793,1237810,3717,3675,20041,35788
ASM002836,EVT013,Tenkasi,Tenkasi Response Zone,T+72h,72,568397,614339,1590503,1239965,2552,2562,22394,15208
ASM002837,EVT013,Tenkasi,Tenkasi Response Zone,T+72h,72,843565,683364,951229,980744,2555,2557,11283,14827
ASM002838,EVT013,Tenkasi,Tenkasi Response Zone,T+72h,72,793626,662349,720408,1022190,2411,2439,32612,17388
ASM002839,EVT013,Tenkasi,Tenkasi Response Zone,T+72h,72,1060076,855947,1590775,1217547,3024,3012,14807,24293
ASM002840,EVT013,Tenkasi,Tenkasi Response Zone,T+72h,72,576691,586365,1541210,1244746,2548,2564,26155,18268
ASM002841,EVT013,Ramanathapuram,Ramanathapuram Response Zone,T+0h,0,381925,375826,498858,532295,1685,1684,8834,6255
ASM002842,EVT013,Ramanathapuram,Ramanathapuram Response Zone,T+0h,0,260547,320389,448987,518531,1650,1659,9714,10216
ASM002843,EVT013,Ramanathapuram,Ramanathapuram Response Zone,T+0h,0,554365,456728,559443,588499,1989,1981,12234,13020
ASM002844,EVT013,Ramanathapuram,Ramanathapuram Response Zone,T+0h,0,317937,387953,679260,594480,1907,1913,13357,9944
ASM002845,EVT013,Ramanathapuram,Ramanathapuram Response Zone,T+0h,0,389890,391296,729019,586515,1838,1835,8036,10433
ASM002846,EVT013,Ramanathapuram,Ramanathapuram Response Zone,T+3h,3,370658,447617,728722,678951,2411,2384,9338,9897
ASM002847,EVT013,Ramanathapuram,Ramanathapuram Response Zone,T+3h,3,399630,428805,670463,707758,2149,2151,18751,16329
ASM002848,EVT013,Ramanathapuram,Ramanathapuram Response Zone,T+3h,3,340320,398635,881359,754995,2011,1996,9521,18492
ASM002849,EVT013,Ramanathapuram,Ramanathapuram Response Zone,T+3h,3,367371,427086,567745,604409,1927,1938,12858,16953
ASM002850,EVT013,Ramanathapuram,Ramanathapuram Response Zone,T+3h,3,417699,441558,881607,776255,2297,2294,43337,17673
ASM002851,EVT013,Ramanathapuram,Ramanathapuram Response Zone,T+6h,6,426607,471354,636185,762395,2306,2310,12215,16100
ASM002852,EVT013,Ramanathapuram,Ramanathapuram Response Zone,T+6h,6,568572,524488,788604,787044,2481,2464,27720,22666
ASM002853,EVT013,Ramanathapuram,Ramanathapuram Response Zone,T+6h,6,348615,427393,602338,616545,2181,2171,11561,11161
ASM002854,EVT013,Ramanathapuram,Ramanathapuram Response Zone,T+6h,6,446801,433210,589042,587673,1997,1994,14398,10371
ASM002855,EVT013,Ramanathapuram,Ramanathapuram Response Zone,T+6h,6,570423,492547,561656,594550,2197,2190,15247,11222
ASM002856,EVT013,Ramanathapuram,Ramanathapuram Response Zone,T+12h,12,433573,467550,927262,758719,2420,2429,20163,14441
ASM002857,EVT013,Ramanathapuram,Ramanathapuram Response Zone,T+12h,12,407899,461587,560159,682659,2251,2263,15803,17317
ASM002858,EVT013,Ramanathapuram,Ramanathapuram Response Zone,T+12h,12,457537,496284,569800,741638,2401,2400,30681,17363
ASM002859,EVT013,Ramanathapuram,Ramanathapuram Response Zone,T+12h,12,584433,518512,1165159,865877,2355,2358,15982,21394
ASM002860,EVT013,Ramanathapuram,Ramanathapuram Response Zone,T+12h,12,503696,512065,897678,800339,2313,2312,18442,20019
ASM002861,EVT013,Ramanathapuram,Ramanathapuram Response Zone,T+24h,24,642263,682154,602986,893680,3294,3314,28696,27038
ASM002862,EVT013,Ramanathapuram,Ramanathapuram Response Zone,T+24h,24,791344,712692,894948,918430,3586,3575,14291,18531
ASM002863,EVT013,Ramanathapuram,Ramanathapuram Response Zone,T+24h,24,569457,662329,695302,883413,3296,3298,24382,30457
ASM002864,EVT013,Ramanathapuram,Ramanathapuram Response Zone,T+24h,24,823035,747520,895634,980156,3423,3430,32499,36208
ASM002865,EVT013,Ramanathapuram,Ramanathapuram Response Zone,T+24h,24,772595,727077,478589,776279,3194,3218,19232,22170
ASM002866,EVT013,Ramanathapuram,Ramanathapuram Response Zone,T+36h,36,675461,676428,1021825,974988,3364,3358,47388,23196
ASM002867,EVT013,Ramanathapuram,Ramanathapuram Response Zone,T+36h,36,607432,689460,779785,920973,3581,3572,16097,19338
ASM002868,EVT013,Ramanathapuram,Ramanathapuram Response Zone,T+36h,36,601381,654955,1072939,1062096,3367,3362,32392,22710
ASM002869,EVT013,Ramanathapuram,Ramanathapuram Response Zone,T+36h,36,799448,713185,733450,990327,3388,3379,35338,31343
ASM002870,EVT013,Ramanathapuram,Ramanathapuram Response Zone,T+36h,36,917515,770310,1121701,1012439,3215,3252,26970,30390
ASM002871,EVT013,Ramanathapuram,Ramanathapuram Response Zone,T+48h,48,632384,663640,1010183,1172326,3468,3466,22652,30514
ASM002872,EVT013,Ramanathapuram,Ramanathapuram Response Zone,T+48h,48,752484,719874,1498921,1261425,3341,3312,17673,21134
ASM002873,EVT013,Ramanathapuram,Ramanathapuram Response Zone,T+48h,48,473216,587375,1533375,1273081,3316,3311,21294,26336
ASM002874,EVT013,Ramanathapuram,Ramanathapuram Response Zone,T+48h,48,634467,681264,1351896,1151632,3563,3549,16595,30562
ASM002875,EVT013,Ramanathapuram,Ramanathapuram Response Zone,T+48h,48,680419,655195,970818,1028759,3241,3239,18796,28568
ASM002876,EVT013,Ramanathapuram,Ramanathapuram Response Zone,T+72h,72,574388,653346,1757216,1464542,3165,3129,16316,28807
ASM002877,EVT013,Ramanathapuram,Ramanathapuram Response Zone,T+72h,72,543604,608094,713285,985703,3117,3138,41433,32439
ASM002878,EVT013,Ramanathapuram,Ramanathapuram Response Zone,T+72h,72,548631,602319,712644,974812,2833,2849,31912,30110
ASM002879,EVT013,Ramanathapuram,Ramanathapuram Response Zone,T+72h,72,648601,636425,962306,989708,2757,2773,32146,29323
ASM002880,EVT013,Ramanathapuram,Ramanathapuram Response Zone,T+72h,72,599994,610729,1650674,1317186,2937,2947,23419,20388
ASM002881,EVT013,Virudhunagar,Virudhunagar Response Zone,T+0h,0,338815,454207,740783,800697,2496,2500,19319,22143
ASM002882,EVT013,Virudhunagar,Virudhunagar Response Zone,T+0h,0,336079,448103,733712,750087,2468,2468,29998,20595
ASM002883,EVT013,Virudhunagar,Virudhunagar Response Zone,T+0h,0,469852,493427,557650,782001,2587,2590,16755,22936
ASM002884,EVT013,Virudhunagar,Virudhunagar Response Zone,T+0h,0,599113,554567,985903,837440,2612,2595,16052,16495
ASM002885,EVT013,Virudhunagar,Virudhunagar Response Zone,T+0h,0,332111,502757,1072307,870657,2777,2768,25828,23466
ASM002886,EVT013,Virudhunagar,Virudhunagar Response Zone,T+3h,3,517427,543527,1034766,907124,2813,2803,14982,23283
ASM002887,EVT013,Virudhunagar,Virudhunagar Response Zone,T+3h,3,535958,610276,758222,859230,2895,2889,60982,27744
ASM002888,EVT013,Virudhunagar,Virudhunagar Response Zone,T+3h,3,862563,781236,765176,845239,2992,3005,20132,20761
ASM002889,EVT013,Virudhunagar,Virudhunagar Response Zone,T+3h,3,607072,692037,716566,852013,3100,3102,30279,34320
ASM002890,EVT013,Virudhunagar,Virudhunagar Response Zone,T+3h,3,535760,490876,755876,769325,2307,2292,27813,20754
ASM002891,EVT013,Virudhunagar,Virudhunagar Response Zone,T+6h,6,597171,600233,614801,814338,3005,3012,22509,17965
ASM002892,EVT013,Virudhunagar,Virudhunagar Response Zone,T+6h,6,420550,588172,673326,825787,3060,3067,20112,20504
ASM002893,EVT013,Virudhunagar,Virudhunagar Response Zone,T+6h,6,677202,596858,773850,831351,2758,2761,24058,27328
ASM002894,EVT013,Virudhunagar,Virudhunagar Response Zone,T+6h,6,658852,654269,807546,855128,2917,2913,14354,25353
ASM002895,EVT013,Virudhunagar,Virudhunagar Response Zone,T+6h,6,709990,683079,806037,926131,2997,3010,19821,25793
ASM002896,EVT013,Virudhunagar,Virudhunagar Response Zone,T+12h,12,1503967,1207389,1098450,1044437,3417,3409,28643,29200
ASM002897,EVT013,Virudhunagar,Virudhunagar Response Zone,T+12h,12,400716,534212,870913,862672,2753,2798,22149,22120
ASM002898,EVT013,Virudhunagar,Virudhunagar Response Zone,T+12h,12,949366,831299,883046,969795,3383,3392,33199,23268
ASM002899,EVT013,Virudhunagar,Virudhunagar Response Zone,T+12h,12,622772,713922,998195,981590,3175,3181,24361,29767
ASM002900,EVT013,Virudhunagar,Virudhunagar Response Zone,T+12h,12,713008,741972,757934,940888,3364,3368,17267,30304
ASM002901,EVT013,Virudhunagar,Virudhunagar Response Zone,T+24h,24,879492,886710,1343094,1346693,3920,3944,35618,29100
ASM002902,EVT013,Virudhunagar,Virudhunagar Response Zone,T+24h,24,879884,958381,1486937,1497653,4608,4594,50281,36168
ASM002903,EVT013,Virudhunagar,Virudhunagar Response Zone,T+24h,24,846111,907487,1042026,1452905,4218,4223,54422,47614
ASM002904,EVT013,Virudhunagar,Virudhunagar Response Zone,T+24h,24,1016954,942678,1863302,1638214,4628,4613,33169,40902
ASM002905,EVT013,Virudhunagar,Virudhunagar Response Zone,T+24h,24,699696,895282,1222927,1494360,4255,4271,57874,50555
ASM002906,EVT013,Virudhunagar,Virudhunagar Response Zone,T+36h,36,1106665,992166,1499098,1557260,4838,4724,101222,40925
ASM002907,EVT013,Virudhunagar,Virudhunagar Response Zone,T+36h,36,879205,943099,2089597,1805198,4307,4309,47831,55630
ASM002908,EVT013,Virudhunagar,Virudhunagar Response Zone,T+36h,36,764042,909499,1879962,1760109,4503,4489,26236,45909
ASM002909,EVT013,Virudhunagar,Virudhunagar Response Zone,T+36h,36,875359,945437,1574587,1659608,4552,4581,38692,52246
ASM002910,EVT013,Virudhunagar,Virudhunagar Response Zone,T+36h,36,1231597,1011888,1361610,1500304,4386,4403,46813,43781
ASM002911,EVT013,Virudhunagar,Virudhunagar Response Zone,T+48h,48,859079,946314,1873246,1622856,4575,4552,23164,41714
ASM002912,EVT013,Virudhunagar,Virudhunagar Response Zone,T+48h,48,1020792,939167,1781830,1628925,4431,4453,42415,46880
ASM002913,EVT013,Virudhunagar,Virudhunagar Response Zone,T+48h,48,770950,869176,1133301,1281442,4097,4070,31655,31014
ASM002914,EVT013,Virudhunagar,Virudhunagar Response Zone,T+48h,48,1099520,994995,1170725,1360090,4266,4267,51154,37971
ASM002915,EVT013,Virudhunagar,Virudhunagar Response Zone,T+48h,48,1098541,996166,838191,1157008,4452,4467,44586,35003
ASM002916,EVT013,Virudhunagar,Virudhunagar Response Zone,T+72h,72,1212033,1029101,1325620,1335140,3964,3950,35084,30329
ASM002917,EVT013,Virudhunagar,Virudhunagar Response Zone,T+72h,72,891838,953186,1404482,1493303,4403,4407,18208,39946
ASM002918,EVT013,Virudhunagar,Virudhunagar Response Zone,T+72h,72,920476,903373,1743682,1531614,3548,3562,44781,41672
ASM002919,EVT013,Virudhunagar,Virudhunagar Response Zone,T+72h,72,925268,936784,1507686,1483581,4235,4241,38804,37027
ASM002920,EVT013,Virudhunagar,Virudhunagar Response Zone,T+72h,72,1210181,1048811,2067453,1741841,4317,4335,40809,46247
ASM002921,EVT014,Chennai,Chennai Response Zone,T+0h,0,248319,269959,487105,560275,1325,1320,2054,1012
ASM002922,EVT014,Chennai,Chennai Response Zone,T+0h,0,369672,349077,865827,745021,1439,1450,3124,3383
ASM002923,EVT014,Chennai,Chennai Response Zone,T+0h,0,329116,370290,604853,659897,1549,1553,2955,1486
ASM002924,EVT014,Chennai,Chennai Response Zone,T+0h,0,459134,498803,1128178,1086594,2206,2238,2139,5363
ASM002925,EVT014,Chennai,Chennai Response Zone,T+0h,0,366646,372223,499015,559916,1682,1674,3031,1443
ASM002926,EVT014,Chennai,Chennai Response Zone,T+3h,3,298959,287213,621715,601597,1304,1305,3419,2046
ASM002927,EVT014,Chennai,Chennai Response Zone,T+3h,3,340116,368845,431749,562812,1658,1637,8029,3732
ASM002928,EVT014,Chennai,Chennai Response Zone,T+3h,3,333549,341893,612215,654873,1458,1459,4126,3798
ASM002929,EVT014,Chennai,Chennai Response Zone,T+3h,3,476902,414166,796727,668770,1554,1556,6256,5426
ASM002930,EVT014,Chennai,Chennai Response Zone,T+3h,3,426333,405749,634980,610201,1546,1580,2480,6232
ASM002931,EVT014,Chennai,Chennai Response Zone,T+6h,6,498427,454476,638660,818922,1882,1943,3539,3022
ASM002932,EVT014,Chennai,Chennai Response Zone,T+6h,6,468412,511651,1255458,1095116,2498,2510,6763,6989
ASM002933,EVT014,Chennai,Chennai Response Zone,T+6h,6,328757,378516,775135,781600,1753,1770,3489,5621
ASM002934,EVT014,Chennai,Chennai Response Zone,T+6h,6,419405,402719,629702,653373,1519,1532,4627,4974
ASM002935,EVT014,Chennai,Chennai Response Zone,T+6h,6,368599,343803,635251,624285,1435,1443,4023,707
ASM002936,EVT014,Chennai,Chennai Response Zone,T+12h,12,604065,518665,1702812,1390782,2067,2096,3275,4297
ASM002937,EVT014,Chennai,Chennai Response Zone,T+12h,12,400475,438486,1202574,1094945,2122,2127,9632,4943
ASM002938,EVT014,Chennai,Chennai Response Zone,T+12h,12,375637,395152,1050380,900384,1771,1787,4160,3572
ASM002939,EVT014,Chennai,Chennai Response Zone,T+12h,12,319170,402479,975515,993429,2069,2095,6004,3588
ASM002940,EVT014,Chennai,Chennai Response Zone,T+12h,12,376187,412746,847203,808613,1806,1840,4954,4007
ASM002941,EVT014,Chennai,Chennai Response Zone,T+24h,24,761399,696248,736062,1033817,2751,2787,9113,9403
ASM002942,EVT014,Chennai,Chennai Response Zone,T+24h,24,542945,609357,1085379,1047930,2580,2598,8513,10743
ASM002943,EVT014,Chennai,Chennai Response Zone,T+24h,24,668723,659780,1159211,1115240,2618,2623,9526,10474
ASM002944,EVT014,Chennai,Chennai Response Zone,T+24h,24,484723,465083,682373,901312,2270,2268,7770,5742
ASM002945,EVT014,Chennai,Chennai Response Zone,T+24h,24,390017,366244,601134,744205,1502,1504,8419,2486
ASM002946,EVT014,Chennai,Chennai Response Zone,T+36h,36,371463,411095,600274,950340,2026,1994,7628,3533
ASM002947,EVT014,Chennai,Chennai Response Zone,T+36h,36,374765,358528,788196,751228,1602,1601,4195,562
ASM002948,EVT014,Chennai,Chennai Response Zone,T+36h,36,277808,406169,1352667,1165441,2193,2184,9722,7638
ASM002949,EVT014,Chennai,Chennai Response Zone,T+36h,36,548474,541351,1668680,1318986,2600,2601,10045,11037
ASM002950,EVT014,Chennai,Chennai Response Zone,T+36h,36,394013,507331,1264203,1150001,2420,2436,4770,5402
ASM002951,EVT014,Chennai,Chennai Response Zone,T+48h,48,736882,645795,967689,1020326,2528,2533,6057,8629
ASM002952,EVT014,Chennai,Chennai Response Zone,T+48h,48,633111,596757,724448,974186,2343,2330,8633,9076
ASM002953,EVT014,Chennai,Chennai Response Zone,T+48h,48,659649,662602,833874,1003993,2697,2695,15694,11439
ASM002954,EVT014,Chennai,Chennai Response Zone,T+48h,48,680405,573872,795456,977019,2196,2207,8796,7922
ASM002955,EVT014,Chennai,Chennai Response Zone,T+48h,48,512668,574180,1062877,1054921,2685,2682,10663,12711
ASM002956,EVT014,Chennai,Chennai Response Zone,T+72h,72,872904,779911,1242524,1073582,2779,2776,5583,10511
ASM002957,EVT014,Chennai,Chennai Response Zone,T+72h,72,710687,649358,968336,1086001,2721,2724,8157,9514
ASM002958,EVT014,Chennai,Chennai Response Zone,T+72h,72,628157,676464,1543516,1443104,2863,2906,12053,16004
ASM002959,EVT014,Chennai,Chennai Response Zone,T+72h,72,874539,806699,1379811,1379178,2907,2983,6965,13465
ASM002960,EVT014,Chennai,Chennai Response Zone,T+72h,72,522971,624513,1374441,1343582,2888,2857,8541,11637
ASM002961,EVT014,Cuddalore,Cuddalore Response Zone,T+0h,0,163887,189695,515330,426837,910,909,1628,1263
ASM002962,EVT014,Cuddalore,Cuddalore Response Zone,T+0h,0,154286,165939,266246,314220,825,824,2342,3031
ASM002963,EVT014,Cuddalore,Cuddalore Response Zone,T+0h,0,127327,135080,311647,304494,634,641,838,0
ASM002964,EVT014,Cuddalore,Cuddalore Response Zone,T+0h,0,125126,141157,308868,327912,710,714,972,428
ASM002965,EVT014,Cuddalore,Cuddalore Response Zone,T+0h,0,199195,166187,292747,321995,739,735,1666,1928
ASM002966,EVT014,Cuddalore,Cuddalore Response Zone,T+3h,3,157713,150762,426546,355636,740,740,2153,3849
ASM002967,EVT014,Cuddalore,Cuddalore Response Zone,T+3h,3,227106,224443,537324,476027,989,990,2922,3508
ASM002968,EVT014,Cuddalore,Cuddalore Response Zone,T+3h,3,145534,148737,259903,333018,735,740,1650,691
ASM002969,EVT014,Cuddalore,Cuddalore Response Zone,T+3h,3,144166,189187,401088,452239,934,935,1364,3156
ASM002970,EVT014,Cuddalore,Cuddalore Response Zone,T+3h,3,157197,152892,332836,326692,699,701,2267,2821
ASM002971,EVT014,Cuddalore,Cuddalore Response Zone,T+6h,6,156946,207284,441462,466950,1098,1097,5818,4076
ASM002972,EVT014,Cuddalore,Cuddalore Response Zone,T+6h,6,187297,200330,439710,412701,838,837,2307,964
ASM002973,EVT014,Cuddalore,Cuddalore Response Zone,T+6h,6,108355,128044,316137,290120,642,645,2360,3063
ASM002974,EVT014,Cuddalore,Cuddalore Response Zone,T+6h,6,301370,248530,633447,514010,870,880,1879,1931
ASM002975,EVT014,Cuddalore,Cuddalore Response Zone,T+6h,6,217201,193635,258516,319319,806,814,4920,5612
ASM002976,EVT014,Cuddalore,Cuddalore Response Zone,T+12h,12,251107,266038,489331,499034,1134,1139,5111,5349
ASM002977,EVT014,Cuddalore,Cuddalore Response Zone,T+12h,12,274845,229449,346258,418766,987,988,3575,3187
ASM002978,EVT014,Cuddalore,Cuddalore Response Zone,T+12h,12,182364,217832,511732,480644,993,993,3869,3607
ASM002979,EVT014,Cuddalore,Cuddalore Response Zone,T+12h,12,281888,303826,336983,485334,1178,1180,2381,3092
ASM002980,EVT014,Cuddalore,Cuddalore Response Zone,T+12h,12,205091,204264,430103,391658,898,897,1380,1724
ASM002981,EVT014,Cuddalore,Cuddalore Response Zone,T+24h,24,291025,295202,519053,549630,1129,1140,3882,3637
ASM002982,EVT014,Cuddalore,Cuddalore Response Zone,T+24h,24,342859,281636,485725,565603,1139,1133,4251,3135
ASM002983,EVT014,Cuddalore,Cuddalore Response Zone,T+24h,24,254986,226171,329040,417117,919,916,1519,0
ASM002984,EVT014,Cuddalore,Cuddalore Response Zone,T+24h,24,254090,233303,455333,484565,1060,1043,2833,0
ASM002985,EVT014,Cuddalore,Cuddalore Response Zone,T+24h,24,181213,225387,715425,602450,1077,1082,1708,738
ASM002986,EVT014,Cuddalore,Cuddalore Response Zone,T+36h,36,153918,168128,396488,388959,761,775,1698,0
ASM002987,EVT014,Cuddalore,Cuddalore Response Zone,T+36h,36,244691,249031,643719,582873,1107,1109,3364,2329
ASM002988,EVT014,Cuddalore,Cuddalore Response Zone,T+36h,36,312737,321969,1026378,821259,1361,1361,2971,4235
ASM002989,EVT014,Cuddalore,Cuddalore Response Zone,T+36h,36,218955,270664,638914,616360,1162,1166,6073,4181
ASM002990,EVT014,Cuddalore,Cuddalore Response Zone,T+36h,36,433151,346660,502995,566082,1116,1121,2415,3225
ASM002991,EVT014,Cuddalore,Cuddalore Response Zone,T+48h,48,417967,340698,730675,700773,1361,1365,2895,2347
ASM002992,EVT014,Cuddalore,Cuddalore Response Zone,T+48h,48,357693,340974,613244,676059,1391,1389,8717,7041
ASM002993,EVT014,Cuddalore,Cuddalore Response Zone,T+48h,48,321166,329021,603562,706785,1398,1394,5942,4775
ASM002994,EVT014,Cuddalore,Cuddalore Response Zone,T+48h,48,373486,394478,576159,714202,1761,1761,4749,6922
ASM002995,EVT014,Cuddalore,Cuddalore Response Zone,T+48h,48,230982,259949,787993,746708,1215,1215,7027,5881
ASM002996,EVT014,Cuddalore,Cuddalore Response Zone,T+72h,72,354497,372606,690035,693832,1556,1551,8426,8049
ASM002997,EVT014,Cuddalore,Cuddalore Response Zone,T+72h,72,399555,394428,853201,810288,1644,1652,13996,7137
ASM002998,EVT014,Cuddalore,Cuddalore Response Zone,T+72h,72,286742,359495,609776,703948,1701,1701,7123,6832
ASM002999,EVT014,Cuddalore,Cuddalore Response Zone,T+72h,72,359344,343751,806078,741549,1497,1498,6023,5487
ASM003000,EVT014,Cuddalore,Cuddalore Response Zone,T+72h,72,375750,391916,667524,740219,1813,1821,4009,5109
ASM003001,EVT014,Dharmapuri,Dharmapuri Response Zone,T+0h,0,111227,141648,316935,327049,729,732,1678,2358
ASM003002,EVT014,Dharmapuri,Dharmapuri Response Zone,T+0h,0,117380,124721,341165,305728,639,638,497,0
ASM003003,EVT014,Dharmapuri,Dharmapuri Response Zone,T+0h,0,140119,147918,367238,350499,695,695,1923,0
ASM003004,EVT014,Dharmapuri,Dharmapuri Response Zone,T+0h,0,238318,190604,323732,359502,780,774,1499,378
ASM003005,EVT014,Dharmapuri,Dharmapuri Response Zone,T+0h,0,206965,199804,242708,371396,851,850,2783,3166
ASM003006,EVT014,Dharmapuri,Dharmapuri Response Zone,T+3h,3,120568,139804,677174,514625,724,726,3030,2419
ASM003007,EVT014,Dharmapuri,Dharmapuri Response Zone,T+3h,3,174845,158515,493141,403141,772,767,790,986
ASM003008,EVT014,Dharmapuri,Dharmapuri Response Zone,T+3h,3,93387,110627,323248,275717,608,605,3648,5844
ASM003009,EVT014,Dharmapuri,Dharmapuri Response Zone,T+3h,3,155983,134976,210768,225371,585,583,1602,1557
ASM003010,EVT014,Dharmapuri,Dharmapuri Response Zone,T+3h,3,132800,139918,284811,312849,676,675,1375,457
ASM003011,EVT014,Dharmapuri,Dharmapuri Response Zone,T+6h,6,144275,154023,258915,279025,709,701,1795,1040
ASM003012,EVT014,Dharmapuri,Dharmapuri Response Zone,T+6h,6,230608,201703,495860,406826,808,807,2431,2829
ASM003013,EVT014,Dharmapuri,Dharmapuri Response Zone,T+6h,6,153222,188120,428768,399172,967,952,3267,2892
ASM003014,EVT014,Dharmapuri,Dharmapuri Response Zone,T+6h,6,140507,184238,312179,362930,891,888,6068,2754
ASM003015,EVT014,Dharmapuri,Dharmapuri Response Zone,T+6h,6,140461,151114,285667,339233,751,746,2790,3128
ASM003016,EVT014,Dharmapuri,Dharmapuri Response Zone,T+12h,12,173922,153771,378267,349566,620,629,2545,1067
ASM003017,EVT014,Dharmapuri,Dharmapuri Response Zone,T+12h,12,101541,112811,417762,350200,635,641,1886,1106
ASM003018,EVT014,Dharmapuri,Dharmapuri Response Zone,T+12h,12,79981,105289,411237,358020,643,642,1169,180
ASM003019,EVT014,Dharmapuri,Dharmapuri Response Zone,T+12h,12,169459,186222,461875,434292,848,848,2466,4001
ASM003020,EVT014,Dharmapuri,Dharmapuri Response Zone,T+12h,12,183969,165865,313961,350148,733,736,1910,2581
ASM003021,EVT014,Dharmapuri,Dharmapuri Response Zone,T+24h,24,243294,195704,187251,299677,819,818,1592,1793
ASM003022,EVT014,Dharmapuri,Dharmapuri Response Zone,T+24h,24,189388,193337,488856,462318,874,877,2164,1440
ASM003023,EVT014,Dharmapuri,Dharmapuri Response Zone,T+24h,24,212356,204254,513021,507021,1001,990,2813,3805
ASM003024,EVT014,Dharmapuri,Dharmapuri Response Zone,T+24h,24,273229,224940,493936,488221,877,888,2927,3499
ASM003025,EVT014,Dharmapuri,Dharmapuri Response Zone,T+24h,24,132563,171856,421964,411669,816,806,2041,628
ASM003026,EVT014,Dharmapuri,Dharmapuri Response Zone,T+36h,36,201080,211089,332873,423047,936,938,2810,0
ASM003027,EVT014,Dharmapuri,Dharmapuri Response Zone,T+36h,36,217284,221143,514779,462558,902,906,2366,1448
ASM003028,EVT014,Dharmapuri,Dharmapuri Response Zone,T+36h,36,225030,214831,515031,467001,858,873,1777,1283
ASM003029,EVT014,Dharmapuri,Dharmapuri Response Zone,T+36h,36,185260,203300,524960,442612,904,906,1489,880
ASM003030,EVT014,Dharmapuri,Dharmapuri Response Zone,T+36h,36,224078,213705,627994,539862,952,959,3398,4260
ASM003031,EVT014,Dharmapuri,Dharmapuri Response Zone,T+48h,48,132067,205015,542465,481578,952,948,2008,1522
ASM003032,EVT014,Dharmapuri,Dharmapuri Response Zone,T+48h,48,192584,215513,421190,464612,976,973,3072,748
ASM003033,EVT014,Dharmapuri,Dharmapuri Response Zone,T+48h,48,281710,266201,540665,586957,1109,1108,3854,2538
ASM003034,EVT014,Dharmapuri,Dharmapuri Response Zone,T+48h,48,197064,222193,530118,535556,1061,1061,4702,2976
ASM003035,EVT014,Dharmapuri,Dharmapuri Response Zone,T+48h,48,218173,211508,479220,459952,930,934,3898,2179
ASM003036,EVT014,Dharmapuri,Dharmapuri Response Zone,T+72h,72,293204,274990,757193,689346,1194,1201,5478,5692
ASM003037,EVT014,Dharmapuri,Dharmapuri Response Zone,T+72h,72,263977,274353,710771,673711,1291,1288,3471,3209
ASM003038,EVT014,Dharmapuri,Dharmapuri Response Zone,T+72h,72,258928,261623,895694,708806,1048,1060,2763,2814
ASM003039,EVT014,Dharmapuri,Dharmapuri Response Zone,T+72h,72,204086,237108,895879,735201,1083,1083,1535,644
ASM003040,EVT014,Dharmapuri,Dharmapuri Response Zone,T+72h,72,220223,216070,518094,508182,997,996,5196,4001
ASM003041,EVT014,Dindigul,Dindigul Response Zone,T+0h,0,148859,134722,103851,179490,566,593,1567,3010
ASM003042,EVT014,Dindigul,Dindigul Response Zone,T+0h,0,186662,181614,502287,435834,772,787,1436,3122
ASM003043,EVT014,Dindigul,Dindigul Response Zone,T+0h,0,123140,123911,256067,267497,611,621,1988,5870
ASM003044,EVT014,Dindigul,Dindigul Response Zone,T+0h,0,179696,174507,282529,328310,787,789,1112,1771
ASM003045,EVT014,Dindigul,Dindigul Response Zone,T+0h,0,215315,203266,348195,361424,878,877,3076,4344
ASM003046,EVT014,Dindigul,Dindigul Response Zone,T+3h,3,113063,138732,311060,326509,761,762,2910,3837
ASM003047,EVT014,Dindigul,Dindigul Response Zone,T+3h,3,235126,208409,435903,391990,862,860,1843,1488
ASM003048,EVT014,Dindigul,Dindigul Response Zone,T+3h,3,156073,160900,230212,326334,723,734,1129,2593
ASM003049,EVT014,Dindigul,Dindigul Response Zone,T+3h,3,196886,200181,284434,323060,828,831,2863,4584
ASM003050,EVT014,Dindigul,Dindigul Response Zone,T+3h,3,235982,206532,410110,380871,888,881,2262,2569
ASM003051,EVT014,Dindigul,Dindigul Response Zone,T+6h,6,136901,166863,422976,375423,799,814,2227,1870
ASM003052,EVT014,Dindigul,Dindigul Response Zone,T+6h,6,186085,207993,508463,453744,995,993,2572,3807
ASM003053,EVT014,Dindigul,Dindigul Response Zone,T+6h,6,198044,215685,343483,416579,958,955,2630,1844
ASM003054,EVT014,Dindigul,Dindigul Response Zone,T+6h,6,109708,118901,199246,221524,624,617,1287,0
ASM003055,EVT014,Dindigul,Dindigul Response Zone,T+6h,6,276360,226162,341586,364117,906,905,1770,1490
ASM003056,EVT014,Dindigul,Dindigul Response Zone,T+12h,12,118770,123976,298010,300460,637,641,1833,58
ASM003057,EVT014,Dindigul,Dindigul Response Zone,T+12h,12,134623,150011,447287,366976,690,690,2361,1685
ASM003058,EVT014,Dindigul,Dindigul Response Zone,T+12h,12,179244,175183,205953,292785,771,765,1770,926
ASM003059,EVT014,Dindigul,Dindigul Response Zone,T+12h,12,116216,142462,279684,283891,686,685,2724,143
ASM003060,EVT014,Dindigul,Dindigul Response Zone,T+12h,12,149377,148043,238178,283960,732,734,2761,4134
ASM003061,EVT014,Dindigul,Dindigul Response Zone,T+24h,24,230719,221883,307122,406045,938,940,3048,804
ASM003062,EVT014,Dindigul,Dindigul Response Zone,T+24h,24,203422,206473,593887,497744,920,916,2812,631
ASM003063,EVT014,Dindigul,Dindigul Response Zone,T+24h,24,212172,211610,540105,478242,906,912,3283,2266
ASM003064,EVT014,Dindigul,Dindigul Response Zone,T+24h,24,200697,213149,534706,491318,978,978,2855,818
ASM003065,EVT014,Dindigul,Dindigul Response Zone,T+24h,24,193112,256226,725249,603697,1131,1125,2575,4171
ASM003066,EVT014,Dindigul,Dindigul Response Zone,T+36h,36,262778,244610,480300,535596,1108,1098,4824,4004
ASM003067,EVT014,Dindigul,Dindigul Response Zone,T+36h,36,385494,303043,532932,593631,1193,1195,4066,4481
ASM003068,EVT014,Dindigul,Dindigul Response Zone,T+36h,36,260307,266288,968799,753407,1150,1153,6031,3428
ASM003069,EVT014,Dindigul,Dindigul Response Zone,T+36h,36,271984,262110,530824,598632,1102,1105,5489,3737
ASM003070,EVT014,Dindigul,Dindigul Response Zone,T+36h,36,291472,266529,646864,578432,1088,1095,2379,1345
ASM003071,EVT014,Dindigul,Dindigul Response Zone,T+48h,48,165783,212080,459552,444775,936,934,3175,1329
ASM003072,EVT014,Dindigul,Dindigul Response Zone,T+48h,48,329447,270238,319449,438588,999,1002,3541,3129
ASM003073,EVT014,Dindigul,Dindigul Response Zone,T+48h,48,257957,248997,325689,496075,1065,1062,5210,4895
ASM003074,EVT014,Dindigul,Dindigul Response Zone,T+48h,48,402839,334698,533813,604238,1264,1252,2339,2728
ASM003075,EVT014,Dindigul,Dindigul Response Zone,T+48h,48,202038,220551,673048,540127,1026,1020,4237,3396
ASM003076,EVT014,Dindigul,Dindigul Response Zone,T+72h,72,380318,292737,705669,646394,1170,1170,4941,5083
ASM003077,EVT014,Dindigul,Dindigul Response Zone,T+72h,72,404576,388668,945219,837511,1563,1558,7178,6763
ASM003078,EVT014,Dindigul,Dindigul Response Zone,T+72h,72,329052,331841,506838,621511,1322,1323,4990,7206
ASM003079,EVT014,Dindigul,Dindigul Response Zone,T+72h,72,347266,341965,1087298,836799,1403,1405,5802,7919
ASM003080,EVT014,Dindigul,Dindigul Response Zone,T+72h,72,310834,341325,543028,662669,1403,1405,7084,5254
ASM003081,EVT014,Erode,Erode Response Zone,T+0h,0,323879,287317,533070,531337,1164,1165,1666,1490
ASM003082,EVT014,Erode,Erode Response Zone,T+0h,0,233702,230111,458153,469779,1034,1032,2045,2074
ASM003083,EVT014,Erode,Erode Response Zone,T+0h,0,181435,236485,525230,553625,1230,1224,3758,4182
ASM003084,EVT014,Erode,Erode Response Zone,T+0h,0,184779,222347,650915,546121,1106,1102,2048,2382
ASM003085,EVT014,Erode,Erode Response Zone,T+0h,0,167000,164849,292191,331667,793,796,1293,0
ASM003086,EVT014,Erode,Erode Response Zone,T+3h,3,238247,232750,324760,424616,1037,1046,3302,3134
ASM003087,EVT014,Erode,Erode Response Zone,T+3h,3,187839,191092,382879,386831,868,867,1304,185
ASM003088,EVT014,Erode,Erode Response Zone,T+3h,3,292894,245270,416684,482786,1022,1027,1880,2010
ASM003089,EVT014,Erode,Erode Response Zone,T+3h,3,143114,203452,983770,755888,981,983,4109,2115
ASM003090,EVT014,Erode,Erode Response Zone,T+3h,3,270025,269424,633698,563354,1189,1195,3843,5242
ASM003091,EVT014,Erode,Erode Response Zone,T+6h,6,127294,171112,346837,350291,834,834,2866,3956
ASM003092,EVT014,Erode,Erode Response Zone,T+6h,6,243833,217476,329070,449315,949,950,3349,3435
ASM003093,EVT014,Erode,Erode Response Zone,T+6h,6,192080,191273,245000,348132,910,911,1880,1501
ASM003094,EVT014,Erode,Erode Response Zone,T+6h,6,151038,147738,223714,271603,656,657,2660,1862
ASM003095,EVT014,Erode,Erode Response Zone,T+6h,6,135431,144862,340463,310822,709,718,2097,2768
ASM003096,EVT014,Erode,Erode Response Zone,T+12h,12,331183,307178,719100,597726,1202,1195,3435,430
ASM003097,EVT014,Erode,Erode Response Zone,T+12h,12,295805,268236,654621,559541,1126,1119,2379,3979
ASM003098,EVT014,Erode,Erode Response Zone,T+12h,12,330710,314202,634849,636819,1399,1391,3202,5094
ASM003099,EVT014,Erode,Erode Response Zone,T+12h,12,220120,222343,415875,471188,1074,1075,2188,2167
ASM003100,EVT014,Erode,Erode Response Zone,T+12h,12,317363,307090,614501,601496,1313,1318,4436,5743
ASM003101,EVT014,Erode,Erode Response Zone,T+24h,24,168306,176530,378140,399242,827,825,2379,427
ASM003102,EVT014,Erode,Erode Response Zone,T+24h,24,338309,314024,946507,801765,1200,1200,3593,2410
ASM003103,EVT014,Erode,Erode Response Zone,T+24h,24,380979,307778,582403,600929,1233,1234,3448,4340
ASM003104,EVT014,Erode,Erode Response Zone,T+24h,24,302419,272808,535237,530929,974,983,3571,3576
ASM003105,EVT014,Erode,Erode Response Zone,T+24h,24,228267,250272,334434,472235,1077,1080,4519,2625
ASM003106,EVT014,Erode,Erode Response Zone,T+36h,36,317759,311812,607379,629882,1269,1267,4882,2725
ASM003107,EVT014,Erode,Erode Response Zone,T+36h,36,199076,230309,669218,568713,1072,1072,1103,0
ASM003108,EVT014,Erode,Erode Response Zone,T+36h,36,289281,255028,423410,518870,1129,1131,1950,488
ASM003109,EVT014,Erode,Erode Response Zone,T+36h,36,270728,244800,447020,521338,1041,1062,2983,1720
ASM003110,EVT014,Erode,Erode Response Zone,T+36h,36,174772,235409,674783,553689,1072,1078,3318,2345
ASM003111,EVT014,Erode,Erode Response Zone,T+48h,48,231607,297370,438623,630996,1290,1293,3319,2456
ASM003112,EVT014,Erode,Erode Response Zone,T+48h,48,291192,305840,876655,784804,1366,1363,6041,3330
ASM003113,EVT014,Erode,Erode Response Zone,T+48h,48,273369,301209,549983,609342,1301,1302,4383,2611
ASM003114,EVT014,Erode,Erode Response Zone,T+48h,48,216837,255426,544031,586819,1178,1179,3980,1514
ASM003115,EVT014,Erode,Erode Response Zone,T+48h,48,350950,310259,534443,642357,1344,1348,3651,4784
ASM003116,EVT014,Erode,Erode Response Zone,T+72h,72,392547,397648,866931,752551,1715,1718,9347,6174
ASM003117,EVT014,Erode,Erode Response Zone,T+72h,72,424658,436554,1760382,1454827,1951,1958,3696,9864
ASM003118,EVT014,Erode,Erode Response Zone,T+72h,72,344068,404242,1032704,962360,1709,1712,8900,7399
ASM003119,EVT014,Erode,Erode Response Zone,T+72h,72,534811,460046,756452,912980,1988,1985,11988,11001
ASM003120,EVT014,Erode,Erode Response Zone,T+72h,72,549173,465842,1138595,1045957,1762,1757,6444,8503
ASM003121,EVT014,Madurai,Madurai Response Zone,T+0h,0,270324,292893,563846,633890,1355,1376,5365,5547
ASM003122,EVT014,Madurai,Madurai Response Zone,T+0h,0,233951,250957,763581,659438,1191,1188,2997,4289
ASM003123,EVT014,Madurai,Madurai Response Zone,T+0h,0,246076,221345,550548,496359,986,997,2200,1487
ASM003124,EVT014,Madurai,Madurai Response Zone,T+0h,0,335323,366820,341950,567958,1599,1632,2779,4680
ASM003125,EVT014,Madurai,Madurai Response Zone,T+0h,0,237785,243820,381246,477952,1123,1124,5332,1362
ASM003126,EVT014,Madurai,Madurai Response Zone,T+3h,3,342912,319706,763719,671887,1328,1346,6448,5048
ASM003127,EVT014,Madurai,Madurai Response Zone,T+3h,3,238712,344090,757079,690503,1616,1617,7846,8342
ASM003128,EVT014,Madurai,Madurai Response Zone,T+3h,3,357103,311346,415730,536906,1283,1292,1066,339
ASM003129,EVT014,Madurai,Madurai Response Zone,T+3h,3,312407,305337,532011,617233,1416,1417,4763,3475
ASM003130,EVT014,Madurai,Madurai Response Zone,T+3h,3,290420,309168,391598,558757,1409,1439,1940,4296
ASM003131,EVT014,Madurai,Madurai Response Zone,T+6h,6,285433,294033,558889,577998,1299,1312,2821,1059
ASM003132,EVT014,Madurai,Madurai Response Zone,T+6h,6,303013,313457,1073380,832116,1461,1460,4991,3662
ASM003133,EVT014,Madurai,Madurai Response Zone,T+6h,6,234958,307438,816134,721828,1589,1586,3211,3904
ASM003134,EVT014,Madurai,Madurai Response Zone,T+6h,6,460012,393038,1180691,913623,1517,1536,3997,5060
ASM003135,EVT014,Madurai,Madurai Response Zone,T+6h,6,284188,311402,704112,650256,1324,1322,2678,1957
ASM003136,EVT014,Madurai,Madurai Response Zone,T+12h,12,324528,322155,777808,719335,1381,1378,4148,4134
ASM003137,EVT014,Madurai,Madurai Response Zone,T+12h,12,279166,250847,773125,616223,1053,1048,2534,1770
ASM003138,EVT014,Madurai,Madurai Response Zone,T+12h,12,212036,250241,582385,583346,1205,1203,3023,3171
ASM003139,EVT014,Madurai,Madurai Response Zone,T+12h,12,295400,282706,520794,593890,1172,1190,3921,3228
ASM003140,EVT014,Madurai,Madurai Response Zone,T+12h,12,240203,242027,655840,582993,1090,1111,2299,1659
ASM003141,EVT014,Madurai,Madurai Response Zone,T+24h,24,503422,434397,1330978,1164768,1856,1852,5332,5950
ASM003142,EVT014,Madurai,Madurai Response Zone,T+24h,24,226022,282202,656316,685923,1503,1501,3471,1009
ASM003143,EVT014,Madurai,Madurai Response Zone,T+24h,24,352727,341642,656355,666004,1523,1513,6106,4679
ASM003144,EVT014,Madurai,Madurai Response Zone,T+24h,24,386919,408538,960511,939698,1901,1898,3868,5843
ASM003145,EVT014,Madurai,Madurai Response Zone,T+24h,24,432640,420402,1069945,986055,1694,1681,6731,5677
ASM003146,EVT014,Madurai,Madurai Response Zone,T+36h,36,439026,412313,1076434,1037050,1699,1681,10698,8122
ASM003147,EVT014,Madurai,Madurai Response Zone,T+36h,36,444816,457559,795219,1004469,2272,2263,11838,11763
ASM003148,EVT014,Madurai,Madurai Response Zone,T+36h,36,380359,395058,1523119,1329251,1848,1832,5722,6387
ASM003149,EVT014,Madurai,Madurai Response Zone,T+36h,36,382851,397000,721041,856803,1720,1712,5886,4147
ASM003150,EVT014,Madurai,Madurai Response Zone,T+36h,36,287134,312486,717143,709811,1465,1469,6960,4915
ASM003151,EVT014,Madurai,Madurai Response Zone,T+48h,48,559847,510892,798452,935073,2217,2203,8248,6007
ASM003152,EVT014,Madurai,Madurai Response Zone,T+48h,48,450621,443882,2016209,1568775,2221,2224,4161,7968
ASM003153,EVT014,Madurai,Madurai Response Zone,T+48h,48,243665,356952,982216,961671,1915,1913,3891,5885
ASM003154,EVT014,Madurai,Madurai Response Zone,T+48h,48,450188,452741,830147,933694,2243,2241,9042,8072
ASM003155,EVT014,Madurai,Madurai Response Zone,T+48h,48,420042,492668,1395382,1085790,2240,2243,6420,12228
ASM003156,EVT014,Madurai,Madurai Response Zone,T+72h,72,348402,427743,1267103,1095619,2190,2200,10350,9998
ASM003157,EVT014,Madurai,Madurai Response Zone,T+72h,72,341019,399799,901292,919326,1923,1928,6872,9001
ASM003158,EVT014,Madurai,Madurai Response Zone,T+72h,72,454812,434097,1213977,1036567,1990,1988,6985,10018
ASM003159,EVT014,Madurai,Madurai Response Zone,T+72h,72,613704,543437,814929,1007112,2070,2062,8142,7814
ASM003160,EVT014,Madurai,Madurai Response Zone,T+72h,72,547872,510085,959580,1024643,2183,2184,7572,8700
ASM003161,EVT014,Nagapattinam,Nagapattinam Response Zone,T+0h,0,115790,123931,159390,207498,576,584,2326,1194
ASM003162,EVT014,Nagapattinam,Nagapattinam Response Zone,T+0h,0,145625,133607,191830,216836,627,618,1299,297
ASM003163,EVT014,Nagapattinam,Nagapattinam Response Zone,T+0h,0,137798,148795,486009,398795,716,714,3492,2910
ASM003164,EVT014,Nagapattinam,Nagapattinam Response Zone,T+0h,0,136370,144718,473670,426796,719,726,1631,1883
ASM003165,EVT014,Nagapattinam,Nagapattinam Response Zone,T+0h,0,94544,108028,240657,231667,549,544,915,4
ASM003166,EVT014,Nagapattinam,Nagapattinam Response Zone,T+3h,3,73707,89242,320987,287666,474,478,1032,444
ASM003167,EVT014,Nagapattinam,Nagapattinam Response Zone,T+3h,3,122191,126637,256037,234840,597,599,1851,948
ASM003168,EVT014,Nagapattinam,Nagapattinam Response Zone,T+3h,3,115427,116624,204535,229788,484,497,166,0
ASM003169,EVT014,Nagapattinam,Nagapattinam Response Zone,T+3h,3,104816,100587,223607,233913,488,491,1633,3176
ASM003170,EVT014,Nagapattinam,Nagapattinam Response Zone,T+3h,3,99547,98281,216768,231605,478,494,1299,2866
ASM003171,EVT014,Nagapattinam,Nagapattinam Response Zone,T+6h,6,91114,93940,204305,227250,491,497,417,0
ASM003172,EVT014,Nagapattinam,Nagapattinam Response Zone,T+6h,6,117995,111121,287853,252087,490,489,1999,3419
ASM003173,EVT014,Nagapattinam,Nagapattinam Response Zone,T+6h,6,84557,95376,239456,235871,533,526,1950,4222
ASM003174,EVT014,Nagapattinam,Nagapattinam Response Zone,T+6h,6,158657,141140,333479,307004,633,634,1727,2670
ASM003175,EVT014,Nagapattinam,Nagapattinam Response Zone,T+6h,6,91813,109842,302498,260536,521,519,1987,3986
ASM003176,EVT014,Nagapattinam,Nagapattinam Response Zone,T+12h,12,124053,135804,318128,329105,656,655,1468,1942
ASM003177,EVT014,Nagapattinam,Nagapattinam Response Zone,T+12h,12,124735,170793,258359,339215,814,802,983,659
ASM003178,EVT014,Nagapattinam,Nagapattinam Response Zone,T+12h,12,130244,139108,207233,276824,687,682,2408,2620
ASM003179,EVT014,Nagapattinam,Nagapattinam Response Zone,T+12h,12,151946,135668,265126,246379,570,572,1804,2013
ASM003180,EVT014,Nagapattinam,Nagapattinam Response Zone,T+12h,12,118200,112711,201057,225102,480,482,917,0
ASM003181,EVT014,Nagapattinam,Nagapattinam Response Zone,T+24h,24,238652,219731,434694,434287,834,830,2698,1516
ASM003182,EVT014,Nagapattinam,Nagapattinam Response Zone,T+24h,24,237389,219348,466420,472076,945,939,3159,2427
ASM003183,EVT014,Nagapattinam,Nagapattinam Response Zone,T+24h,24,139917,161624,734540,572854,751,751,3390,1846
ASM003184,EVT014,Nagapattinam,Nagapattinam Response Zone,T+24h,24,175657,178392,291415,368028,806,803,2857,1500
ASM003185,EVT014,Nagapattinam,Nagapattinam Response Zone,T+24h,24,178374,214266,272410,385109,893,896,3094,551
ASM003186,EVT014,Nagapattinam,Nagapattinam Response Zone,T+36h,36,269492,234212,477082,433720,901,904,3501,0
ASM003187,EVT014,Nagapattinam,Nagapattinam Response Zone,T+36h,36,142989,166595,356170,384732,746,758,2969,425
ASM003188,EVT014,Nagapattinam,Nagapattinam Response Zone,T+36h,36,219035,201329,433840,427524,813,812,2705,2954
ASM003189,EVT014,Nagapattinam,Nagapattinam Response Zone,T+36h,36,265406,240578,545317,496610,1013,1007,1816,849
ASM003190,EVT014,Nagapattinam,Nagapattinam Response Zone,T+36h,36,252564,217774,518843,447181,724,732,2964,924
ASM003191,EVT014,Nagapattinam,Nagapattinam Response Zone,T+48h,48,217182,227937,344782,436731,1060,1059,3481,1693
ASM003192,EVT014,Nagapattinam,Nagapattinam Response Zone,T+48h,48,293118,289626,466447,570175,1199,1188,3278,1638
ASM003193,EVT014,Nagapattinam,Nagapattinam Response Zone,T+48h,48,362239,294191,542677,528721,1074,1072,1818,1513
ASM003194,EVT014,Nagapattinam,Nagapattinam Response Zone,T+48h,48,214731,239429,630576,579931,1107,1103,4169,2199
ASM003195,EVT014,Nagapattinam,Nagapattinam Response Zone,T+48h,48,159462,224776,810363,644005,999,995,3994,3024
ASM003196,EVT014,Nagapattinam,Nagapattinam Response Zone,T+72h,72,176091,255006,685834,638446,1160,1170,2361,1259
ASM003197,EVT014,Nagapattinam,Nagapattinam Response Zone,T+72h,72,207165,201442,388463,428113,772,772,3736,3050
ASM003198,EVT014,Nagapattinam,Nagapattinam Response Zone,T+72h,72,134787,174740,343316,394026,854,848,3246,3199
ASM003199,EVT014,Nagapattinam,Nagapattinam Response Zone,T+72h,72,189199,193917,388273,425939,906,895,8907,3210
ASM003200,EVT014,Nagapattinam,Nagapattinam Response Zone,T+72h,72,253425,238492,440328,469759,1053,1053,3915,4423
ASM003201,EVT014,Ramanathapuram,Ramanathapuram Response Zone,T+0h,0,98449,100589,226254,183417,421,437,904,2710
ASM003202,EVT014,Ramanathapuram,Ramanathapuram Response Zone,T+0h,0,123117,119060,253490,244527,546,541,1563,6193
ASM003203,EVT014,Ramanathapuram,Ramanathapuram Response Zone,T+0h,0,94394,93243,129286,133445,391,399,1050,2101
ASM003204,EVT014,Ramanathapuram,Ramanathapuram Response Zone,T+0h,0,153972,134870,210932,222399,528,534,633,1431
ASM003205,EVT014,Ramanathapuram,Ramanathapuram Response Zone,T+0h,0,80110,95781,243066,227140,456,460,839,2455
ASM003206,EVT014,Ramanathapuram,Ramanathapuram Response Zone,T+3h,3,125656,141252,313669,296518,672,672,1833,2932
ASM003207,EVT014,Ramanathapuram,Ramanathapuram Response Zone,T+3h,3,138389,159269,375178,354506,761,764,1334,3700
ASM003208,EVT014,Ramanathapuram,Ramanathapuram Response Zone,T+3h,3,143922,137466,274659,259102,548,557,1784,4010
ASM003209,EVT014,Ramanathapuram,Ramanathapuram Response Zone,T+3h,3,125196,112700,327355,293444,493,488,2611,5793
ASM003210,EVT014,Ramanathapuram,Ramanathapuram Response Zone,T+3h,3,128150,125062,253109,253325,545,541,1520,4390
ASM003211,EVT014,Ramanathapuram,Ramanathapuram Response Zone,T+6h,6,194876,176831,284645,302398,685,687,2965,5433
ASM003212,EVT014,Ramanathapuram,Ramanathapuram Response Zone,T+6h,6,91723,110200,187813,228605,525,529,1561,3141
ASM003213,EVT014,Ramanathapuram,Ramanathapuram Response Zone,T+6h,6,226499,191203,355096,348154,777,776,4295,4880
ASM003214,EVT014,Ramanathapuram,Ramanathapuram Response Zone,T+6h,6,133539,120004,105122,159497,463,466,1316,0
ASM003215,EVT014,Ramanathapuram,Ramanathapuram Response Zone,T+6h,6,169188,159435,284927,281811,682,681,2426,5295
ASM003216,EVT014,Ramanathapuram,Ramanathapuram Response Zone,T+12h,12,240749,207197,312041,326689,831,812,1699,1081
ASM003217,EVT014,Ramanathapuram,Ramanathapuram Response Zone,T+12h,12,114127,147512,226818,305215,746,743,1698,3485
ASM003218,EVT014,Ramanathapuram,Ramanathapuram Response Zone,T+12h,12,137611,152705,242468,295482,738,724,2673,2146
ASM003219,EVT014,Ramanathapuram,Ramanathapuram Response Zone,T+12h,12,139797,151972,399478,358726,767,759,1749,4015
ASM003220,EVT014,Ramanathapuram,Ramanathapuram Response Zone,T+12h,12,167092,156399,307172,296971,644,650,1827,3473
ASM003221,EVT014,Ramanathapuram,Ramanathapuram Response Zone,T+24h,24,124842,125796,339792,348596,669,669,579,222
ASM003222,EVT014,Ramanathapuram,Ramanathapuram Response Zone,T+24h,24,206083,177620,415224,406510,730,733,2063,3590
ASM003223,EVT014,Ramanathapuram,Ramanathapuram Response Zone,T+24h,24,212182,187202,363805,356050,724,733,2131,3945
ASM003224,EVT014,Ramanathapuram,Ramanathapuram Response Zone,T+24h,24,182814,166776,472306,397146,696,689,2690,2691
ASM003225,EVT014,Ramanathapuram,Ramanathapuram Response Zone,T+24h,24,174825,172199,368403,368024,656,662,2089,2987
ASM003226,EVT014,Ramanathapuram,Ramanathapuram Response Zone,T+36h,36,194993,227807,355185,480670,1085,1077,4206,4380
ASM003227,EVT014,Ramanathapuram,Ramanathapuram Response Zone,T+36h,36,171334,195701,669871,499826,910,907,2766,4877
ASM003228,EVT014,Ramanathapuram,Ramanathapuram Response Zone,T+36h,36,270992,225336,501162,465938,933,941,4674,4228
ASM003229,EVT014,Ramanathapuram,Ramanathapuram Response Zone,T+36h,36,209924,194006,336765,382842,763,769,5333,3476
ASM003230,EVT014,Ramanathapuram,Ramanathapuram Response Zone,T+36h,36,204756,207957,327504,410586,908,909,3506,2872
ASM003231,EVT014,Ramanathapuram,Ramanathapuram Response Zone,T+48h,48,197692,209117,518876,513775,972,971,5044,4925
ASM003232,EVT014,Ramanathapuram,Ramanathapuram Response Zone,T+48h,48,152866,214380,479852,491801,992,1006,3789,3885
ASM003233,EVT014,Ramanathapuram,Ramanathapuram Response Zone,T+48h,48,191078,220466,758406,660930,1097,1094,3519,4381
ASM003234,EVT014,Ramanathapuram,Ramanathapuram Response Zone,T+48h,48,372264,323939,501131,555771,1161,1163,5507,5397
ASM003235,EVT014,Ramanathapuram,Ramanathapuram Response Zone,T+48h,48,170880,200660,393580,460308,986,984,2850,5939
ASM003236,EVT014,Ramanathapuram,Ramanathapuram Response Zone,T+72h,72,257049,242952,680205,647018,1081,1080,4190,6659
ASM003237,EVT014,Ramanathapuram,Ramanathapuram Response Zone,T+72h,72,289257,262388,634598,591140,1059,1073,2440,4977
ASM003238,EVT014,Ramanathapuram,Ramanathapuram Response Zone,T+72h,72,171406,213931,485984,499298,986,986,2589,2422
ASM003239,EVT014,Ramanathapuram,Ramanathapuram Response Zone,T+72h,72,231103,229684,567659,540643,983,984,4931,5002
ASM003240,EVT014,Ramanathapuram,Ramanathapuram Response Zone,T+72h,72,302953,292178,546568,568141,1109,1114,5848,8090
ASM003241,EVT014,Salem,Salem Response Zone,T+0h,0,178732,178672,389799,359134,795,799,2010,3377
ASM003242,EVT014,Salem,Salem Response Zone,T+0h,0,413126,322506,642949,549814,1054,1050,4020,4531
ASM003243,EVT014,Salem,Salem Response Zone,T+0h,0,144714,176365,497485,472829,863,875,1672,5826
ASM003244,EVT014,Salem,Salem Response Zone,T+0h,0,224155,207531,351545,388825,791,802,1113,1125
ASM003245,EVT014,Salem,Salem Response Zone,T+0h,0,242074,240863,727215,594704,1162,1158,2885,5756
ASM003246,EVT014,Salem,Salem Response Zone,T+3h,3,238330,214954,221929,363900,890,891,534,318
ASM003247,EVT014,Salem,Salem Response Zone,T+3h,3,227309,216410,719065,525582,953,955,3452,3561
ASM003248,EVT014,Salem,Salem Response Zone,T+3h,3,172141,193717,272393,372028,901,900,2357,4205
ASM003249,EVT014,Salem,Salem Response Zone,T+3h,3,230349,232541,379530,453370,991,996,1588,1836
ASM003250,EVT014,Salem,Salem Response Zone,T+3h,3,141662,183202,410156,420353,883,887,1253,970
ASM003251,EVT014,Salem,Salem Response Zone,T+6h,6,324951,312957,561930,597545,1295,1301,3439,4373
ASM003252,EVT014,Salem,Salem Response Zone,T+6h,6,259403,245252,626810,550775,1139,1140,1897,1487
ASM003253,EVT014,Salem,Salem Response Zone,T+6h,6,251733,233000,341772,422803,1016,1013,2256,1770
ASM003254,EVT014,Salem,Salem Response Zone,T+6h,6,255652,217702,452583,415822,1009,994,2387,1599
ASM003255,EVT014,Salem,Salem Response Zone,T+6h,6,243583,227485,388098,438135,1038,1035,1468,583
ASM003256,EVT014,Salem,Salem Response Zone,T+12h,12,260639,268382,562067,552775,1160,1162,3975,4363
ASM003257,EVT014,Salem,Salem Response Zone,T+12h,12,204309,234365,479485,500576,1155,1156,3830,1916
ASM003258,EVT014,Salem,Salem Response Zone,T+12h,12,203418,240042,494859,516801,1055,1059,4246,4857
ASM003259,EVT014,Salem,Salem Response Zone,T+12h,12,344735,307562,486327,554329,1229,1232,2449,5056
ASM003260,EVT014,Salem,Salem Response Zone,T+12h,12,300708,254272,403144,459635,1031,1028,2030,1873
ASM003261,EVT014,Salem,Salem Response Zone,T+24h,24,272748,312747,684470,643693,1270,1267,4423,4581
ASM003262,EVT014,Salem,Salem Response Zone,T+24h,24,377675,380142,1001220,866905,1611,1612,1789,3165
ASM003263,EVT014,Salem,Salem Response Zone,T+24h,24,246351,292542,542243,589876,1273,1270,1124,54
ASM003264,EVT014,Salem,Salem Response Zone,T+24h,24,399135,334521,560834,655549,1346,1347,7181,4577
ASM003265,EVT014,Salem,Salem Response Zone,T+24h,24,320377,316651,751022,653298,1192,1186,6719,6988
ASM003266,EVT014,Salem,Salem Response Zone,T+36h,36,436493,344065,626818,621314,1261,1256,3112,988
ASM003267,EVT014,Salem,Salem Response Zone,T+36h,36,259342,311246,814247,706295,1346,1345,2521,1982
ASM003268,EVT014,Salem,Salem Response Zone,T+36h,36,316583,315619,584269,634919,1439,1435,4353,3767
ASM003269,EVT014,Salem,Salem Response Zone,T+36h,36,291424,312236,387859,513347,1195,1192,2523,1959
ASM003270,EVT014,Salem,Salem Response Zone,T+36h,36,308901,279770,517312,571127,1130,1135,3801,1548
ASM003271,EVT014,Salem,Salem Response Zone,T+48h,48,307118,310711,570122,659865,1392,1395,3438,3261
ASM003272,EVT014,Salem,Salem Response Zone,T+48h,48,282366,311878,711376,686391,1446,1445,7262,4654
ASM003273,EVT014,Salem,Salem Response Zone,T+48h,48,396558,331297,621372,649300,1410,1410,3212,5295
ASM003274,EVT014,Salem,Salem Response Zone,T+48h,48,305646,284880,687084,608021,1084,1097,5013,1263
ASM003275,EVT014,Salem,Salem Response Zone,T+48h,48,296738,317928,708474,727113,1610,1617,4077,2644
ASM003276,EVT014,Salem,Salem Response Zone,T+72h,72,571149,468703,989703,995209,1997,2001,7684,10399
ASM003277,EVT014,Salem,Salem Response Zone,T+72h,72,517085,440241,905752,858635,1851,1843,6720,6227
ASM003278,EVT014,Salem,Salem Response Zone,T+72h,72,446246,452136,971758,923403,2053,2065,9403,7557
ASM003279,EVT014,Salem,Salem Response Zone,T+72h,72,430161,437576,894766,978807,1829,1848,10842,8133
ASM003280,EVT014,Salem,Salem Response Zone,T+72h,72,542840,510957,1174589,1005454,2267,2266,9253,10450
ASM003281,EVT014,Thanjavur,Thanjavur Response Zone,T+0h,0,167676,190986,328541,361218,918,918,1294,2617
ASM003282,EVT014,Thanjavur,Thanjavur Response Zone,T+0h,0,231809,231130,674434,555764,1013,1032,3149,6413
ASM003283,EVT014,Thanjavur,Thanjavur Response Zone,T+0h,0,154940,215721,439284,487679,1132,1128,2573,537
ASM003284,EVT014,Thanjavur,Thanjavur Response Zone,T+0h,0,310622,287185,384053,514055,1206,1200,5105,5489
ASM003285,EVT014,Thanjavur,Thanjavur Response Zone,T+0h,0,139791,167861,400996,377515,845,840,2428,2152
ASM003286,EVT014,Thanjavur,Thanjavur Response Zone,T+3h,3,244507,208735,299400,333466,864,864,2979,2626
ASM003287,EVT014,Thanjavur,Thanjavur Response Zone,T+3h,3,178829,177746,462329,418013,850,850,2760,3875
ASM003288,EVT014,Thanjavur,Thanjavur Response Zone,T+3h,3,163191,158298,591529,482289,776,778,1590,1503
ASM003289,EVT014,Thanjavur,Thanjavur Response Zone,T+3h,3,186574,201735,351707,444709,949,952,1914,3847
ASM003290,EVT014,Thanjavur,Thanjavur Response Zone,T+3h,3,176584,195584,419088,374950,846,848,1792,4816
ASM003291,EVT014,Thanjavur,Thanjavur Response Zone,T+6h,6,321062,270966,319297,483218,1095,1102,2919,5404
ASM003292,EVT014,Thanjavur,Thanjavur Response Zone,T+6h,6,153298,204624,569902,555624,1114,1116,2301,4755
ASM003293,EVT014,Thanjavur,Thanjavur Response Zone,T+6h,6,146767,133087,184923,221789,528,533,913,280
ASM003294,EVT014,Thanjavur,Thanjavur Response Zone,T+6h,6,211127,193005,347120,358521,889,886,2380,4202
ASM003295,EVT014,Thanjavur,Thanjavur Response Zone,T+6h,6,131179,147657,250763,336402,752,753,2371,0
ASM003296,EVT014,Thanjavur,Thanjavur Response Zone,T+12h,12,174779,209048,524709,462727,968,976,2872,3336
ASM003297,EVT014,Thanjavur,Thanjavur Response Zone,T+12h,12,357668,305014,661214,557530,1182,1184,3430,4655
ASM003298,EVT014,Thanjavur,Thanjavur Response Zone,T+12h,12,176141,204362,441546,416250,939,941,2437,5611
ASM003299,EVT014,Thanjavur,Thanjavur Response Zone,T+12h,12,170448,205055,349476,423513,1005,1007,1501,3448
ASM003300,EVT014,Thanjavur,Thanjavur Response Zone,T+12h,12,257779,234902,620469,520441,950,949,2047,2011
ASM003301,EVT014,Thanjavur,Thanjavur Response Zone,T+24h,24,342444,322402,572658,680943,1434,1433,5643,3753
ASM003302,EVT014,Thanjavur,Thanjavur Response Zone,T+24h,24,233725,277534,357210,533958,1197,1191,4695,2889
ASM003303,EVT014,Thanjavur,Thanjavur Response Zone,T+24h,24,360388,343708,862080,791683,1502,1498,7657,7492
ASM003304,EVT014,Thanjavur,Thanjavur Response Zone,T+24h,24,221181,257422,439759,552241,1175,1166,3835,772
ASM003305,EVT014,Thanjavur,Thanjavur Response Zone,T+24h,24,371201,317828,825158,678104,1310,1315,3951,3509
ASM003306,EVT014,Thanjavur,Thanjavur Response Zone,T+36h,36,385400,334168,602162,666356,1403,1406,6483,2823
ASM003307,EVT014,Thanjavur,Thanjavur Response Zone,T+36h,36,365344,322537,833948,718414,1432,1433,4538,5966
ASM003308,EVT014,Thanjavur,Thanjavur Response Zone,T+36h,36,285502,293238,785163,662576,1164,1167,3550,0
ASM003309,EVT014,Thanjavur,Thanjavur Response Zone,T+36h,36,535935,445533,597326,705624,1633,1641,5388,6397
ASM003310,EVT014,Thanjavur,Thanjavur Response Zone,T+36h,36,260804,264230,485788,593709,1127,1122,1740,488
ASM003311,EVT014,Thanjavur,Thanjavur Response Zone,T+48h,48,271540,316374,727432,671746,1480,1480,3675,4962
ASM003312,EVT014,Thanjavur,Thanjavur Response Zone,T+48h,48,333693,314005,1006900,788038,1297,1305,3713,6863
ASM003313,EVT014,Thanjavur,Thanjavur Response Zone,T+48h,48,399442,322549,470081,579833,1228,1214,4052,0
ASM003314,EVT014,Thanjavur,Thanjavur Response Zone,T+48h,48,262506,312136,611229,675963,1414,1413,5100,5793
ASM003315,EVT014,Thanjavur,Thanjavur Response Zone,T+48h,48,299899,317821,800712,704748,1426,1425,3022,6923
ASM003316,EVT014,Thanjavur,Thanjavur Response Zone,T+72h,72,434124,434218,737187,879872,1800,1802,6211,7399
ASM003317,EVT014,Thanjavur,Thanjavur Response Zone,T+72h,72,386019,430770,895025,900233,1725,1730,6551,10024
ASM003318,EVT014,Thanjavur,Thanjavur Response Zone,T+72h,72,252483,292900,453086,608708,1288,1293,2849,4373
ASM003319,EVT014,Thanjavur,Thanjavur Response Zone,T+72h,72,450250,406157,1347195,1052506,1602,1602,10014,6977
ASM003320,EVT014,Thanjavur,Thanjavur Response Zone,T+72h,72,623530,505875,610882,799731,1739,1739,7432,8119
ASM003321,EVT014,Thoothukudi,Thoothukudi Response Zone,T+0h,0,157703,150314,288729,323342,699,705,1757,4072
ASM003322,EVT014,Thoothukudi,Thoothukudi Response Zone,T+0h,0,140117,152333,332580,346780,718,733,1076,1152
ASM003323,EVT014,Thoothukudi,Thoothukudi Response Zone,T+0h,0,137998,180195,619252,472723,860,858,1511,4092
ASM003324,EVT014,Thoothukudi,Thoothukudi Response Zone,T+0h,0,197007,182841,283645,345422,800,808,2258,7818
ASM003325,EVT014,Thoothukudi,Thoothukudi Response Zone,T+0h,0,255168,225806,676049,541439,901,904,2365,4696
ASM003326,EVT014,Thoothukudi,Thoothukudi Response Zone,T+3h,3,228103,217640,507728,476071,948,948,1841,4646
ASM003327,EVT014,Thoothukudi,Thoothukudi Response Zone,T+3h,3,179691,191184,405127,350899,837,847,2367,3783
ASM003328,EVT014,Thoothukudi,Thoothukudi Response Zone,T+3h,3,175870,184480,311173,371212,828,838,1202,3778
ASM003329,EVT014,Thoothukudi,Thoothukudi Response Zone,T+3h,3,112265,120678,331368,302618,664,663,1371,2640
ASM003330,EVT014,Thoothukudi,Thoothukudi Response Zone,T+3h,3,207484,177333,296035,323442,812,812,2337,3215
ASM003331,EVT014,Thoothukudi,Thoothukudi Response Zone,T+6h,6,275546,243066,637159,538646,1111,1106,3041,3764
ASM003332,EVT014,Thoothukudi,Thoothukudi Response Zone,T+6h,6,144524,184026,318840,355925,885,884,5228,5681
ASM003333,EVT014,Thoothukudi,Thoothukudi Response Zone,T+6h,6,265139,206687,384972,379525,856,860,4421,5551
ASM003334,EVT014,Thoothukudi,Thoothukudi Response Zone,T+6h,6,266612,259764,410781,482225,1107,1106,2104,3327
ASM003335,EVT014,Thoothukudi,Thoothukudi Response Zone,T+6h,6,279444,233149,342069,441502,976,975,3957,6790
ASM003336,EVT014,Thoothukudi,Thoothukudi Response Zone,T+12h,12,177816,221332,579407,542189,1079,1078,3760,6723
ASM003337,EVT014,Thoothukudi,Thoothukudi Response Zone,T+12h,12,174046,216512,532646,500854,1088,1087,7489,4374
ASM003338,EVT014,Thoothukudi,Thoothukudi Response Zone,T+12h,12,232847,252523,650658,558210,1092,1084,4633,4224
ASM003339,EVT014,Thoothukudi,Thoothukudi Response Zone,T+12h,12,200160,200279,234559,325821,886,884,2557,2233
ASM003340,EVT014,Thoothukudi,Thoothukudi Response Zone,T+12h,12,311360,259279,579882,501423,1003,1014,3524,5855
ASM003341,EVT014,Thoothukudi,Thoothukudi Response Zone,T+24h,24,372390,315603,1306699,960901,1425,1426,7233,4972
ASM003342,EVT014,Thoothukudi,Thoothukudi Response Zone,T+24h,24,194614,198273,397705,407131,910,900,3082,1980
ASM003343,EVT014,Thoothukudi,Thoothukudi Response Zone,T+24h,24,180005,198274,793822,632306,920,922,6040,4903
ASM003344,EVT014,Thoothukudi,Thoothukudi Response Zone,T+24h,24,377673,321606,617097,657144,1288,1296,2683,6986
ASM003345,EVT014,Thoothukudi,Thoothukudi Response Zone,T+24h,24,267952,317689,496718,674165,1400,1399,4939,4821
ASM003346,EVT014,Thoothukudi,Thoothukudi Response Zone,T+36h,36,479974,438255,695026,693266,1515,1518,5047,8068
ASM003347,EVT014,Thoothukudi,Thoothukudi Response Zone,T+36h,36,297069,317247,907038,788615,1367,1371,10704,7373
ASM003348,EVT014,Thoothukudi,Thoothukudi Response Zone,T+36h,36,484494,431914,623301,712079,1537,1534,10149,9085
ASM003349,EVT014,Thoothukudi,Thoothukudi Response Zone,T+36h,36,404485,410514,656316,721657,1512,1512,5953,7098
ASM003350,EVT014,Thoothukudi,Thoothukudi Response Zone,T+36h,36,316449,316396,816029,790454,1431,1430,7740,4938
ASM003351,EVT014,Thoothukudi,Thoothukudi Response Zone,T+48h,48,287317,318703,700300,706608,1387,1389,9447,7346
ASM003352,EVT014,Thoothukudi,Thoothukudi Response Zone,T+48h,48,293041,311266,803472,795294,1408,1404,5799,6550
ASM003353,EVT014,Thoothukudi,Thoothukudi Response Zone,T+48h,48,351440,333311,736836,730674,1467,1459,11155,6013
ASM003354,EVT014,Thoothukudi,Thoothukudi Response Zone,T+48h,48,317319,320960,726106,726118,1350,1353,1927,722
ASM003355,EVT014,Thoothukudi,Thoothukudi Response Zone,T+48h,48,305388,335645,652881,733936,1572,1564,4015,3950
ASM003356,EVT014,Thoothukudi,Thoothukudi Response Zone,T+72h,72,384549,405968,906989,838417,1863,1853,10066,9380
ASM003357,EVT014,Thoothukudi,Thoothukudi Response Zone,T+72h,72,311884,317264,520053,662639,1366,1370,3571,4296
ASM003358,EVT014,Thoothukudi,Thoothukudi Response Zone,T+72h,72,218787,300002,981169,832445,1460,1453,4459,4942
ASM003359,EVT014,Thoothukudi,Thoothukudi Response Zone,T+72h,72,429639,417730,720763,773567,1763,1762,10367,8329
ASM003360,EVT014,Thoothukudi,Thoothukudi Response Zone,T+72h,72,322340,391203,1114244,935240,1733,1741,7124,9278
ASM003361,EVT014,Tirunelveli,Tirunelveli Response Zone,T+0h,0,167234,198345,400755,444554,948,947,1070,2771
ASM003362,EVT014,Tirunelveli,Tirunelveli Response Zone,T+0h,0,161868,210616,482043,467281,1017,1022,2650,2815
ASM003363,EVT014,Tirunelveli,Tirunelveli Response Zone,T+0h,0,137099,167476,353541,373783,877,881,1805,2559
ASM003364,EVT014,Tirunelveli,Tirunelveli Response Zone,T+0h,0,195042,232598,400842,490453,1131,1140,3464,4349
ASM003365,EVT014,Tirunelveli,Tirunelveli Response Zone,T+0h,0,173108,191689,260005,354608,932,932,2888,886
ASM003366,EVT014,Tirunelveli,Tirunelveli Response Zone,T+3h,3,307004,235481,325771,430773,999,995,3749,3090
ASM003367,EVT014,Tirunelveli,Tirunelveli Response Zone,T+3h,3,177631,191465,371261,370689,924,925,3172,2621
ASM003368,EVT014,Tirunelveli,Tirunelveli Response Zone,T+3h,3,189406,195302,387238,376308,813,817,1978,313
ASM003369,EVT014,Tirunelveli,Tirunelveli Response Zone,T+3h,3,197085,184532,471777,403688,799,804,1340,686
ASM003370,EVT014,Tirunelveli,Tirunelveli Response Zone,T+3h,3,209302,217270,366956,395939,926,928,2630,2259
ASM003371,EVT014,Tirunelveli,Tirunelveli Response Zone,T+6h,6,146101,143505,240143,275870,657,664,2937,578
ASM003372,EVT014,Tirunelveli,Tirunelveli Response Zone,T+6h,6,136294,155789,244692,310830,745,764,1256,2256
ASM003373,EVT014,Tirunelveli,Tirunelveli Response Zone,T+6h,6,261065,214094,448430,392341,874,870,4185,2167
ASM003374,EVT014,Tirunelveli,Tirunelveli Response Zone,T+6h,6,248163,209594,489234,414291,822,818,1400,0
ASM003375,EVT014,Tirunelveli,Tirunelveli Response Zone,T+6h,6,170508,211810,677311,623041,1071,1080,2394,5087
ASM003376,EVT014,Tirunelveli,Tirunelveli Response Zone,T+12h,12,203898,254169,599958,558880,1118,1119,3448,3530
ASM003377,EVT014,Tirunelveli,Tirunelveli Response Zone,T+12h,12,292937,310648,713874,678291,1524,1517,4414,2063
ASM003378,EVT014,Tirunelveli,Tirunelveli Response Zone,T+12h,12,219885,267368,812995,623060,1190,1209,4795,2985
ASM003379,EVT014,Tirunelveli,Tirunelveli Response Zone,T+12h,12,279051,284633,549546,554667,1148,1154,2210,2875
ASM003380,EVT014,Tirunelveli,Tirunelveli Response Zone,T+12h,12,262393,324551,708590,660598,1469,1462,4461,3980
ASM003381,EVT014,Tirunelveli,Tirunelveli Response Zone,T+24h,24,471751,353431,622585,649585,1324,1318,3423,3835
ASM003382,EVT014,Tirunelveli,Tirunelveli Response Zone,T+24h,24,290494,233501,355585,416381,1014,1007,1949,892
ASM003383,EVT014,Tirunelveli,Tirunelveli Response Zone,T+24h,24,276010,256856,484895,518236,1078,1078,2011,1529
ASM003384,EVT014,Tirunelveli,Tirunelveli Response Zone,T+24h,24,338772,315113,606412,576821,1169,1170,2747,3598
ASM003385,EVT014,Tirunelveli,Tirunelveli Response Zone,T+24h,24,325857,293992,591096,575934,1075,1070,4733,5064
ASM003386,EVT014,Tirunelveli,Tirunelveli Response Zone,T+36h,36,246686,270359,963789,732258,1185,1177,4748,1894
ASM003387,EVT014,Tirunelveli,Tirunelveli Response Zone,T+36h,36,275578,303930,714328,684616,1338,1344,2546,3300
ASM003388,EVT014,Tirunelveli,Tirunelveli Response Zone,T+36h,36,306385,320740,882336,719886,1347,1349,4662,3582
ASM003389,EVT014,Tirunelveli,Tirunelveli Response Zone,T+36h,36,348177,316102,568979,630586,1236,1246,2677,2799
ASM003390,EVT014,Tirunelveli,Tirunelveli Response Zone,T+36h,36,323323,312399,632926,684977,1360,1359,5436,4005
ASM003391,EVT014,Tirunelveli,Tirunelveli Response Zone,T+48h,48,246985,323104,537094,691296,1471,1470,5534,7412
ASM003392,EVT014,Tirunelveli,Tirunelveli Response Zone,T+48h,48,274961,318791,585947,671986,1466,1464,3924,5036
ASM003393,EVT014,Tirunelveli,Tirunelveli Response Zone,T+48h,48,378241,399097,932617,909603,1689,1697,6424,4622
ASM003394,EVT014,Tirunelveli,Tirunelveli Response Zone,T+48h,48,324922,330276,687163,678775,1411,1410,3158,2065
ASM003395,EVT014,Tirunelveli,Tirunelveli Response Zone,T+48h,48,511631,427677,929368,734815,1517,1516,4371,4084
ASM003396,EVT014,Tirunelveli,Tirunelveli Response Zone,T+72h,72,252892,329907,752578,768459,1507,1507,2996,5536
ASM003397,EVT014,Tirunelveli,Tirunelveli Response Zone,T+72h,72,433882,445523,761980,819906,1769,1766,6942,5089
ASM003398,EVT014,Tirunelveli,Tirunelveli Response Zone,T+72h,72,534778,443831,1468041,1186674,1754,1767,8184,7681
ASM003399,EVT014,Tirunelveli,Tirunelveli Response Zone,T+72h,72,615805,470598,825231,798989,1758,1757,7237,7885
ASM003400,EVT014,Tirunelveli,Tirunelveli Response Zone,T+72h,72,361755,417349,1135919,986465,1777,1774,4389,8549
ASM003401,EVT014,Virudhunagar,Virudhunagar Response Zone,T+0h,0,157953,150078,262141,290190,646,653,1592,4109
ASM003402,EVT014,Virudhunagar,Virudhunagar Response Zone,T+0h,0,182072,161429,391686,360136,737,738,1372,2660
ASM003403,EVT014,Virudhunagar,Virudhunagar Response Zone,T+0h,0,148416,146325,363753,327420,667,664,1101,3183
ASM003404,EVT014,Virudhunagar,Virudhunagar Response Zone,T+0h,0,178942,193575,385797,385566,819,821,2884,3924
ASM003405,EVT014,Virudhunagar,Virudhunagar Response Zone,T+0h,0,156299,147678,161390,259852,646,650,1486,2282
ASM003406,EVT014,Virudhunagar,Virudhunagar Response Zone,T+3h,3,101572,137269,346137,339126,760,764,2226,5232
ASM003407,EVT014,Virudhunagar,Virudhunagar Response Zone,T+3h,3,141580,133544,338588,283687,552,562,1308,2113
ASM003408,EVT014,Virudhunagar,Virudhunagar Response Zone,T+3h,3,124438,125355,274483,256530,574,566,1203,0
ASM003409,EVT014,Virudhunagar,Virudhunagar Response Zone,T+3h,3,159614,164388,383187,339609,786,780,2246,4976
ASM003410,EVT014,Virudhunagar,Virudhunagar Response Zone,T+3h,3,251945,204199,226858,316495,784,777,3459,5680
ASM003411,EVT014,Virudhunagar,Virudhunagar Response Zone,T+6h,6,124006,139478,238729,278518,642,644,1592,1580
ASM003412,EVT014,Virudhunagar,Virudhunagar Response Zone,T+6h,6,152175,158329,369281,342072,714,722,2267,2742
ASM003413,EVT014,Virudhunagar,Virudhunagar Response Zone,T+6h,6,280436,238683,413217,414857,838,840,2164,2180
ASM003414,EVT014,Virudhunagar,Virudhunagar Response Zone,T+6h,6,150494,168522,485469,406094,811,812,1545,3088
ASM003415,EVT014,Virudhunagar,Virudhunagar Response Zone,T+6h,6,139642,151833,298511,321823,725,724,2128,530
ASM003416,EVT014,Virudhunagar,Virudhunagar Response Zone,T+12h,12,184976,205009,406090,396103,887,888,1091,0
ASM003417,EVT014,Virudhunagar,Virudhunagar Response Zone,T+12h,12,218194,199412,367701,387600,840,843,2123,2132
ASM003418,EVT014,Virudhunagar,Virudhunagar Response Zone,T+12h,12,151834,143326,233686,274240,644,648,2906,5033
ASM003419,EVT014,Virudhunagar,Virudhunagar Response Zone,T+12h,12,165789,208819,250887,386533,1002,997,3496,6327
ASM003420,EVT014,Virudhunagar,Virudhunagar Response Zone,T+12h,12,175384,194019,423901,397689,845,843,932,1373
ASM003421,EVT014,Virudhunagar,Virudhunagar Response Zone,T+24h,24,200152,211154,529705,510216,963,954,3553,6840
ASM003422,EVT014,Virudhunagar,Virudhunagar Response Zone,T+24h,24,259112,260501,487206,527960,1121,1118,2066,3374
ASM003423,EVT014,Virudhunagar,Virudhunagar Response Zone,T+24h,24,283826,270447,376570,489233,1028,1039,2284,3609
ASM003424,EVT014,Virudhunagar,Virudhunagar Response Zone,T+24h,24,185188,167600,437171,418530,673,680,1471,2519
ASM003425,EVT014,Virudhunagar,Virudhunagar Response Zone,T+24h,24,146473,197702,431560,453813,862,862,2614,4955
ASM003426,EVT014,Virudhunagar,Virudhunagar Response Zone,T+36h,36,361290,335914,716289,665213,1309,1311,3585,5665
ASM003427,EVT014,Virudhunagar,Virudhunagar Response Zone,T+36h,36,293824,274211,948054,780013,1190,1183,1693,3353
ASM003428,EVT014,Virudhunagar,Virudhunagar Response Zone,T+36h,36,456550,415739,439781,645737,1476,1480,7489,7606
ASM003429,EVT014,Virudhunagar,Virudhunagar Response Zone,T+36h,36,310965,294755,508824,628220,1274,1271,7387,4288
ASM003430,EVT014,Virudhunagar,Virudhunagar Response Zone,T+36h,36,361020,323982,593480,641304,1298,1294,5011,4404
ASM003431,EVT014,Virudhunagar,Virudhunagar Response Zone,T+48h,48,309117,291207,884174,713145,1292,1290,4870,6262
ASM003432,EVT014,Virudhunagar,Virudhunagar Response Zone,T+48h,48,309156,273624,333745,443735,1049,1046,3016,2315
ASM003433,EVT014,Virudhunagar,Virudhunagar Response Zone,T+48h,48,334990,323453,1074471,822544,1317,1320,4588,7643
ASM003434,EVT014,Virudhunagar,Virudhunagar Response Zone,T+48h,48,261009,273295,590742,586715,1150,1143,3509,3731
ASM003435,EVT014,Virudhunagar,Virudhunagar Response Zone,T+48h,48,384010,314898,502673,520658,1063,1063,3290,1785
ASM003436,EVT014,Virudhunagar,Virudhunagar Response Zone,T+72h,72,368513,331636,622362,677716,1410,1412,3521,4848
ASM003437,EVT014,Virudhunagar,Virudhunagar Response Zone,T+72h,72,324600,312930,569515,634323,1322,1320,10016,8264
ASM003438,EVT014,Virudhunagar,Virudhunagar Response Zone,T+72h,72,220755,270724,814531,705448,1214,1213,3710,7803
ASM003439,EVT014,Virudhunagar,Virudhunagar Response Zone,T+72h,72,223249,301711,477191,605559,1269,1269,5423,5777
ASM003440,EVT014,Virudhunagar,Virudhunagar Response Zone,T+72h,72,361147,368616,788088,714040,1543,1540,4969,6497
ASM003441,EVT014,Tiruchirappalli,Tiruchirappalli Response Zone,T+0h,0,212863,218065,385593,414170,943,945,5741,1317
ASM003442,EVT014,Tiruchirappalli,Tiruchirappalli Response Zone,T+0h,0,205667,232542,397494,477302,1085,1080,4203,3969
ASM003443,EVT014,Tiruchirappalli,Tiruchirappalli Response Zone,T+0h,0,263603,262524,1002331,785173,1132,1147,2442,5189
ASM003444,EVT014,Tiruchirappalli,Tiruchirappalli Response Zone,T+0h,0,288405,233450,481358,460815,975,974,2768,2232
ASM003445,EVT014,Tiruchirappalli,Tiruchirappalli Response Zone,T+0h,0,245813,229617,502312,482842,927,948,1498,2056
ASM003446,EVT014,Tiruchirappalli,Tiruchirappalli Response Zone,T+3h,3,222642,270365,741095,639339,1302,1304,1906,1884
ASM003447,EVT014,Tiruchirappalli,Tiruchirappalli Response Zone,T+3h,3,246722,253361,365524,502462,1083,1102,3023,4322
ASM003448,EVT014,Tiruchirappalli,Tiruchirappalli Response Zone,T+3h,3,202847,225044,745026,616054,1052,1060,1578,1230
ASM003449,EVT014,Tiruchirappalli,Tiruchirappalli Response Zone,T+3h,3,254984,280059,306820,479080,1295,1296,3435,5768
ASM003450,EVT014,Tiruchirappalli,Tiruchirappalli Response Zone,T+3h,3,224442,238473,408395,486480,1096,1099,2868,2771
ASM003451,EVT014,Tiruchirappalli,Tiruchirappalli Response Zone,T+6h,6,207714,223020,391136,453423,1103,1093,679,0
ASM003452,EVT014,Tiruchirappalli,Tiruchirappalli Response Zone,T+6h,6,188233,224929,567360,523719,1134,1130,1607,2675
ASM003453,EVT014,Tiruchirappalli,Tiruchirappalli Response Zone,T+6h,6,239632,250386,517858,509236,1139,1142,2249,1791
ASM003454,EVT014,Tiruchirappalli,Tiruchirappalli Response Zone,T+6h,6,197041,218603,418053,462900,946,963,1903,468
ASM003455,EVT014,Tiruchirappalli,Tiruchirappalli Response Zone,T+6h,6,107432,144421,400447,383002,828,833,2894,3827
ASM003456,EVT014,Tiruchirappalli,Tiruchirappalli Response Zone,T+12h,12,345687,263317,361404,436179,1049,1046,2654,1190
ASM003457,EVT014,Tiruchirappalli,Tiruchirappalli Response Zone,T+12h,12,311038,274234,347531,478395,1102,1106,2170,3787
ASM003458,EVT014,Tiruchirappalli,Tiruchirappalli Response Zone,T+12h,12,195894,208491,518070,442985,994,991,2253,2749
ASM003459,EVT014,Tiruchirappalli,Tiruchirappalli Response Zone,T+12h,12,226143,230702,539832,470128,1034,1026,2116,1942
ASM003460,EVT014,Tiruchirappalli,Tiruchirappalli Response Zone,T+12h,12,221490,257929,856442,726556,1287,1293,3715,5480
ASM003461,EVT014,Tiruchirappalli,Tiruchirappalli Response Zone,T+24h,24,465721,381918,589987,632817,1379,1382,7098,2636
ASM003462,EVT014,Tiruchirappalli,Tiruchirappalli Response Zone,T+24h,24,557302,453686,980087,914454,1700,1700,3598,4605
ASM003463,EVT014,Tiruchirappalli,Tiruchirappalli Response Zone,T+24h,24,308726,315927,604117,601523,1247,1244,2809,1935
ASM003464,EVT014,Tiruchirappalli,Tiruchirappalli Response Zone,T+24h,24,398523,341091,940518,784356,1489,1484,3131,1863
ASM003465,EVT014,Tiruchirappalli,Tiruchirappalli Response Zone,T+24h,24,332860,319859,924613,788851,1378,1379,4312,3772
ASM003466,EVT014,Tiruchirappalli,Tiruchirappalli Response Zone,T+36h,36,314010,397501,940557,925756,1815,1815,9558,7297
ASM003467,EVT014,Tiruchirappalli,Tiruchirappalli Response Zone,T+36h,36,415508,417875,881596,920465,1962,1959,2940,7500
ASM003468,EVT014,Tiruchirappalli,Tiruchirappalli Response Zone,T+36h,36,488320,478522,1316537,1059776,2134,2132,7784,9955
ASM003469,EVT014,Tiruchirappalli,Tiruchirappalli Response Zone,T+36h,36,423210,426315,1182645,1014156,2033,2031,11116,10301
ASM003470,EVT014,Tiruchirappalli,Tiruchirappalli Response Zone,T+36h,36,456845,444734,891398,985595,2141,2143,8043,10401
ASM003471,EVT014,Tiruchirappalli,Tiruchirappalli Response Zone,T+48h,48,377476,380594,588227,717177,1627,1635,3604,3560
ASM003472,EVT014,Tiruchirappalli,Tiruchirappalli Response Zone,T+48h,48,385263,405749,788510,835088,1796,1782,6621,6261
ASM003473,EVT014,Tiruchirappalli,Tiruchirappalli Response Zone,T+48h,48,410031,395861,1273187,1087951,1755,1734,7575,5091
ASM003474,EVT014,Tiruchirappalli,Tiruchirappalli Response Zone,T+48h,48,282739,308739,973779,815758,1526,1521,3914,861
ASM003475,EVT014,Tiruchirappalli,Tiruchirappalli Response Zone,T+48h,48,309836,322914,583303,648047,1494,1510,4004,3534
ASM003476,EVT014,Tiruchirappalli,Tiruchirappalli Response Zone,T+72h,72,384361,442194,797028,914422,2133,2147,9196,10936
ASM003477,EVT014,Tiruchirappalli,Tiruchirappalli Response Zone,T+72h,72,626581,566728,1526676,1223426,2298,2290,7499,10833
ASM003478,EVT014,Tiruchirappalli,Tiruchirappalli Response Zone,T+72h,72,322508,433613,790708,947548,2254,2251,10498,10558
ASM003479,EVT014,Tiruchirappalli,Tiruchirappalli Response Zone,T+72h,72,606764,507945,1169235,1010743,2235,2239,11800,9512
ASM003480,EVT014,Tiruchirappalli,Tiruchirappalli Response Zone,T+72h,72,607922,527895,817210,924849,2122,2123,2790,6764
ASM003481,EVT015,Nilgiris,Nilgiris Response Zone,T+0h,0,65559,69950,177524,157255,339,334,2329,8013
ASM003482,EVT015,Nilgiris,Nilgiris Response Zone,T+0h,0,35191,43344,76519,83529,295,291,454,0
ASM003483,EVT015,Nilgiris,Nilgiris Response Zone,T+0h,0,56773,59380,132695,114170,288,297,2660,4927
ASM003484,EVT015,Nilgiris,Nilgiris Response Zone,T+0h,0,79253,79024,135617,129686,373,382,1431,5042
ASM003485,EVT015,Nilgiris,Nilgiris Response Zone,T+0h,0,52163,55320,110926,109265,308,311,1872,3995
ASM003486,EVT015,Nilgiris,Nilgiris Response Zone,T+3h,3,80859,82006,90569,109606,434,433,2260,7054
ASM003487,EVT015,Nilgiris,Nilgiris Response Zone,T+3h,3,93730,82781,66159,85984,336,335,1540,6586
ASM003488,EVT015,Nilgiris,Nilgiris Response Zone,T+3h,3,62825,61639,81280,86588,261,274,662,616
ASM003489,EVT015,Nilgiris,Nilgiris Response Zone,T+3h,3,77575,82384,167118,158677,435,441,4521,8324
ASM003490,EVT015,Nilgiris,Nilgiris Response Zone,T+3h,3,43520,47969,70160,86371,277,284,1234,0
ASM003491,EVT015,Nilgiris,Nilgiris Response Zone,T+6h,6,92267,98661,124368,140181,484,489,5593,7801
ASM003492,EVT015,Nilgiris,Nilgiris Response Zone,T+6h,6,77835,79212,151723,147450,384,388,2212,4840
ASM003493,EVT015,Nilgiris,Nilgiris Response Zone,T+6h,6,85659,81533,148637,142896,391,390,2723,7079
ASM003494,EVT015,Nilgiris,Nilgiris Response Zone,T+6h,6,73574,78947,127485,126339,402,402,2082,3876
ASM003495,EVT015,Nilgiris,Nilgiris Response Zone,T+6h,6,103804,96369,178750,165206,427,435,1759,1048
ASM003496,EVT015,Nilgiris,Nilgiris Response Zone,T+12h,12,104404,93541,81957,102814,345,344,1076,0
ASM003497,EVT015,Nilgiris,Nilgiris Response Zone,T+12h,12,108680,99793,131109,133551,455,447,1931,410
ASM003498,EVT015,Nilgiris,Nilgiris Response Zone,T+12h,12,101704,108689,231397,231105,518,526,974,0
ASM003499,EVT015,Nilgiris,Nilgiris Response Zone,T+12h,12,70479,73167,120788,123381,362,358,2247,4123
ASM003500,EVT015,Nilgiris,Nilgiris Response Zone,T+12h,12,70340,76795,121800,128927,352,364,1634,1403
ASM003501,EVT015,Nilgiris,Nilgiris Response Zone,T+24h,24,169507,150230,418647,359548,622,615,4570,5041
ASM003502,EVT015,Nilgiris,Nilgiris Response Zone,T+24h,24,117559,132952,166321,228800,615,609,7059,6805
ASM003503,EVT015,Nilgiris,Nilgiris Response Zone,T+24h,24,131907,129288,276178,278615,601,600,3695,3803
ASM003504,EVT015,Nilgiris,Nilgiris Response Zone,T+24h,24,135298,139053,337680,322422,642,626,3631,407
ASM003505,EVT015,Nilgiris,Nilgiris Response Zone,T+24h,24,98441,99833,174430,163280,499,472,5617,3658
ASM003506,EVT015,Nilgiris,Nilgiris Response Zone,T+36h,36,70472,81880,196566,167936,408,408,3083,854
ASM003507,EVT015,Nilgiris,Nilgiris Response Zone,T+36h,36,103554,100534,129371,139790,452,434,3184,295
ASM003508,EVT015,Nilgiris,Nilgiris Response Zone,T+36h,36,112332,113255,168136,179114,518,510,3078,4280
ASM003509,EVT015,Nilgiris,Nilgiris Response Zone,T+36h,36,134220,126048,233156,236133,558,553,3504,4153
ASM003510,EVT015,Nilgiris,Nilgiris Response Zone,T+36h,36,103676,110724,233198,233128,529,525,1380,0
ASM003511,EVT015,Nilgiris,Nilgiris Response Zone,T+48h,48,169617,153282,289279,259879,598,598,2855,0
ASM003512,EVT015,Nilgiris,Nilgiris Response Zone,T+48h,48,112487,133767,341205,323262,616,612,4013,4346
ASM003513,EVT015,Nilgiris,Nilgiris Response Zone,T+48h,48,187311,160031,222940,240516,600,604,3331,3531
ASM003514,EVT015,Nilgiris,Nilgiris Response Zone,T+48h,48,91548,115173,289269,266396,580,587,3462,0
ASM003515,EVT015,Nilgiris,Nilgiris Response Zone,T+48h,48,125099,117734,179632,189802,545,527,2032,2278
ASM003516,EVT015,Nilgiris,Nilgiris Response Zone,T+72h,72,125421,116887,240934,221700,518,517,3871,146
ASM003517,EVT015,Nilgiris,Nilgiris Response Zone,T+72h,72,96954,110645,199020,217365,529,523,2546,0
ASM003518,EVT015,Nilgiris,Nilgiris Response Zone,T+72h,72,84653,85911,150604,133661,344,348,1929,2013
ASM003519,EVT015,Nilgiris,Nilgiris Response Zone,T+72h,72,110054,98559,157290,146250,393,380,1264,0
ASM003520,EVT015,Nilgiris,Nilgiris Response Zone,T+72h,72,58013,72697,105023,128123,407,408,2563,2783
ASM003521,EVT015,Coimbatore,Coimbatore Response Zone,T+0h,0,185598,174596,208554,272452,756,757,6633,4103
ASM003522,EVT015,Coimbatore,Coimbatore Response Zone,T+0h,0,127772,187161,330590,388950,982,985,1727,0
ASM003523,EVT015,Coimbatore,Coimbatore Response Zone,T+0h,0,151489,173761,195435,261299,871,867,3489,3590
ASM003524,EVT015,Coimbatore,Coimbatore Response Zone,T+0h,0,389658,324720,556322,539492,1311,1311,5226,5718
ASM003525,EVT015,Coimbatore,Coimbatore Response Zone,T+0h,0,203218,221161,444460,432444,1008,1015,5502,1889
ASM003526,EVT015,Coimbatore,Coimbatore Response Zone,T+3h,3,154307,183274,329637,320471,943,928,2529,0
ASM003527,EVT015,Coimbatore,Coimbatore Response Zone,T+3h,3,212182,217231,257697,354543,1054,1055,2716,630
ASM003528,EVT015,Coimbatore,Coimbatore Response Zone,T+3h,3,369906,316313,555602,468573,1218,1213,6744,4499
ASM003529,EVT015,Coimbatore,Coimbatore Response Zone,T+3h,3,175055,251160,647571,558858,1194,1188,2628,2014
ASM003530,EVT015,Coimbatore,Coimbatore Response Zone,T+3h,3,181325,209190,369741,377714,1092,1088,6195,2752
ASM003531,EVT015,Coimbatore,Coimbatore Response Zone,T+6h,6,404345,361667,542840,592779,1425,1419,4313,6157
ASM003532,EVT015,Coimbatore,Coimbatore Response Zone,T+6h,6,445496,371104,502118,584071,1510,1503,4818,4998
ASM003533,EVT015,Coimbatore,Coimbatore Response Zone,T+6h,6,306843,327154,555916,586970,1451,1458,7446,3745
ASM003534,EVT015,Coimbatore,Coimbatore Response Zone,T+6h,6,219834,287481,442623,488705,1342,1345,5902,7284
ASM003535,EVT015,Coimbatore,Coimbatore Response Zone,T+6h,6,478684,393533,517265,588171,1498,1500,8761,12413
ASM003536,EVT015,Coimbatore,Coimbatore Response Zone,T+12h,12,382471,333827,558856,507625,1361,1359,7094,6567
ASM003537,EVT015,Coimbatore,Coimbatore Response Zone,T+12h,12,359624,354254,911567,696060,1543,1544,6229,10062
ASM003538,EVT015,Coimbatore,Coimbatore Response Zone,T+12h,12,278458,351676,365096,523950,1557,1569,7296,10464
ASM003539,EVT015,Coimbatore,Coimbatore Response Zone,T+12h,12,415284,431196,640950,714192,2068,2064,9568,11823
ASM003540,EVT015,Coimbatore,Coimbatore Response Zone,T+12h,12,383967,405615,473072,671945,1922,1925,10191,13121
ASM003541,EVT015,Coimbatore,Coimbatore Response Zone,T+24h,24,374171,362356,873724,718359,1489,1489,9026,5271
ASM003542,EVT015,Coimbatore,Coimbatore Response Zone,T+24h,24,523280,438083,577117,750278,1826,1821,13456,8044
ASM003543,EVT015,Coimbatore,Coimbatore Response Zone,T+24h,24,432415,392252,422437,543520,1613,1610,5524,5462
ASM003544,EVT015,Coimbatore,Coimbatore Response Zone,T+24h,24,376174,417851,948898,907653,2243,2239,12291,15748
ASM003545,EVT015,Coimbatore,Coimbatore Response Zone,T+24h,24,536366,436178,1069581,931093,1799,1796,10294,9074
ASM003546,EVT015,Coimbatore,Coimbatore Response Zone,T+36h,36,561761,543056,1025317,956662,2513,2533,18110,15911
ASM003547,EVT015,Coimbatore,Coimbatore Response Zone,T+36h,36,602304,565542,991559,1020596,2508,2523,23752,23714
ASM003548,EVT015,Coimbatore,Coimbatore Response Zone,T+36h,36,690896,589446,988968,994606,2435,2435,15293,17815
ASM003549,EVT015,Coimbatore,Coimbatore Response Zone,T+36h,36,364538,395671,1159812,1037307,2036,2056,18335,18116
ASM003550,EVT015,Coimbatore,Coimbatore Response Zone,T+36h,36,379958,385931,507060,560935,1676,1669,9174,6173
ASM003551,EVT015,Coimbatore,Coimbatore Response Zone,T+48h,48,360639,401470,636624,754825,1899,1879,4941,4402
ASM003552,EVT015,Coimbatore,Coimbatore Response Zone,T+48h,48,355418,426542,789668,1083980,2150,2161,18448,21954
ASM003553,EVT015,Coimbatore,Coimbatore Response Zone,T+48h,48,389245,387427,495322,560542,1678,1677,19765,14270
ASM003554,EVT015,Coimbatore,Coimbatore Response Zone,T+48h,48,570639,475390,554376,567164,1619,1614,8181,9975
ASM003555,EVT015,Coimbatore,Coimbatore Response Zone,T+48h,48,269852,371751,895121,811458,1817,1816,9910,12766
ASM003556,EVT015,Coimbatore,Coimbatore Response Zone,T+72h,72,387471,400494,747636,760781,1775,1770,6239,5232
ASM003557,EVT015,Coimbatore,Coimbatore Response Zone,T+72h,72,500337,442350,893306,945200,1968,1969,5477,13414
ASM003558,EVT015,Coimbatore,Coimbatore Response Zone,T+72h,72,424452,415164,750275,822001,1993,1990,10169,13572
ASM003559,EVT015,Coimbatore,Coimbatore Response Zone,T+72h,72,375485,382797,748899,729487,1772,1768,8662,9216
ASM003560,EVT015,Coimbatore,Coimbatore Response Zone,T+72h,72,276492,338104,512340,550742,1579,1586,7577,10148
ASM003561,EVT015,Dharmapuri,Dharmapuri Response Zone,T+0h,0,179744,174965,245314,286938,779,775,1661,1039
ASM003562,EVT015,Dharmapuri,Dharmapuri Response Zone,T+0h,0,107579,117132,204864,223738,602,598,1385,0
ASM003563,EVT015,Dharmapuri,Dharmapuri Response Zone,T+0h,0,82316,103820,224308,224653,630,622,3888,4575
ASM003564,EVT015,Dharmapuri,Dharmapuri Response Zone,T+0h,0,208734,189919,283985,315625,768,769,5646,4542
ASM003565,EVT015,Dharmapuri,Dharmapuri Response Zone,T+0h,0,186754,174435,230596,261574,758,744,3022,0
ASM003566,EVT015,Dharmapuri,Dharmapuri Response Zone,T+3h,3,139457,134298,200291,232295,676,667,1996,2670
ASM003567,EVT015,Dharmapuri,Dharmapuri Response Zone,T+3h,3,166225,175907,552889,447955,737,748,4683,2815
ASM003568,EVT015,Dharmapuri,Dharmapuri Response Zone,T+3h,3,203223,185867,320804,295917,755,764,2353,1780
ASM003569,EVT015,Dharmapuri,Dharmapuri Response Zone,T+3h,3,155205,159378,274493,251396,716,710,3600,7447
ASM003570,EVT015,Dharmapuri,Dharmapuri Response Zone,T+3h,3,216115,202539,265999,269281,885,877,2918,2359
ASM003571,EVT015,Dharmapuri,Dharmapuri Response Zone,T+6h,6,121798,119307,183166,213216,654,636,3033,725
ASM003572,EVT015,Dharmapuri,Dharmapuri Response Zone,T+6h,6,167846,141352,200211,210561,607,607,3830,3559
ASM003573,EVT015,Dharmapuri,Dharmapuri Response Zone,T+6h,6,114131,110093,178069,201877,503,504,1374,0
ASM003574,EVT015,Dharmapuri,Dharmapuri Response Zone,T+6h,6,161909,174512,157664,220725,752,758,3936,5117
ASM003575,EVT015,Dharmapuri,Dharmapuri Response Zone,T+6h,6,110680,123581,153963,214658,688,680,3290,4664
ASM003576,EVT015,Dharmapuri,Dharmapuri Response Zone,T+12h,12,208109,228339,275047,293610,964,967,7758,10105
ASM003577,EVT015,Dharmapuri,Dharmapuri Response Zone,T+12h,12,149274,179183,307605,291872,854,852,8384,10385
ASM003578,EVT015,Dharmapuri,Dharmapuri Response Zone,T+12h,12,199719,244530,342215,388891,1114,1121,4028,6555
ASM003579,EVT015,Dharmapuri,Dharmapuri Response Zone,T+12h,12,141576,172747,376740,335860,871,869,3403,1146
ASM003580,EVT015,Dharmapuri,Dharmapuri Response Zone,T+12h,12,138768,169219,184533,252542,834,828,2620,2883
ASM003581,EVT015,Dharmapuri,Dharmapuri Response Zone,T+24h,24,404529,333068,352489,491168,1288,1280,4739,1137
ASM003582,EVT015,Dharmapuri,Dharmapuri Response Zone,T+24h,24,339276,289345,653423,585663,1179,1189,6730,7439
ASM003583,EVT015,Dharmapuri,Dharmapuri Response Zone,T+24h,24,320089,276029,389259,363756,974,974,6099,6442
ASM003584,EVT015,Dharmapuri,Dharmapuri Response Zone,T+24h,24,178334,229614,485112,435240,993,1001,4725,6455
ASM003585,EVT015,Dharmapuri,Dharmapuri Response Zone,T+24h,24,263875,281244,731864,610360,1218,1230,3941,5157
ASM003586,EVT015,Dharmapuri,Dharmapuri Response Zone,T+36h,36,185921,227485,338875,419091,1130,1119,2549,3268
ASM003587,EVT015,Dharmapuri,Dharmapuri Response Zone,T+36h,36,162631,176305,308314,336583,834,833,3148,1287
ASM003588,EVT015,Dharmapuri,Dharmapuri Response Zone,T+36h,36,174275,206162,334758,329327,936,949,4281,6004
ASM003589,EVT015,Dharmapuri,Dharmapuri Response Zone,T+36h,36,289221,262221,245513,335442,1045,1043,5329,9588
ASM003590,EVT015,Dharmapuri,Dharmapuri Response Zone,T+36h,36,198090,224489,328505,350100,997,991,6028,810
ASM003591,EVT015,Dharmapuri,Dharmapuri Response Zone,T+48h,48,231875,202846,408307,376027,895,879,3819,5379
ASM003592,EVT015,Dharmapuri,Dharmapuri Response Zone,T+48h,48,240114,221537,405314,386701,987,979,6494,2553
ASM003593,EVT015,Dharmapuri,Dharmapuri Response Zone,T+48h,48,345462,270434,438312,407024,994,989,8446,5618
ASM003594,EVT015,Dharmapuri,Dharmapuri Response Zone,T+48h,48,140488,176160,304908,321118,788,806,2973,8566
ASM003595,EVT015,Dharmapuri,Dharmapuri Response Zone,T+48h,48,274599,247434,312967,351770,944,954,5565,5316
ASM003596,EVT015,Dharmapuri,Dharmapuri Response Zone,T+72h,72,221816,200429,397079,363638,758,767,2145,594
ASM003597,EVT015,Dharmapuri,Dharmapuri Response Zone,T+72h,72,166961,188963,311137,344029,920,909,1947,4942
ASM003598,EVT015,Dharmapuri,Dharmapuri Response Zone,T+72h,72,223962,200527,346175,349090,863,860,2968,6354
ASM003599,EVT015,Dharmapuri,Dharmapuri Response Zone,T+72h,72,195998,190980,330805,351729,813,815,5551,5583
ASM003600,EVT015,Dharmapuri,Dharmapuri Response Zone,T+72h,72,215492,215319,557826,482262,1000,1004,9029,5200
ASM003601,EVT015,Krishnagiri,Krishnagiri Response Zone,T+0h,0,132938,165761,316101,287136,761,762,4112,2900
ASM003602,EVT015,Krishnagiri,Krishnagiri Response Zone,T+0h,0,145281,171565,191510,236366,834,831,3789,2052
ASM003603,EVT015,Krishnagiri,Krishnagiri Response Zone,T+0h,0,227496,193416,178410,223087,696,697,2844,2692
ASM003604,EVT015,Krishnagiri,Krishnagiri Response Zone,T+0h,0,139417,130518,249121,242597,674,675,3094,0
ASM003605,EVT015,Krishnagiri,Krishnagiri Response Zone,T+0h,0,211374,202618,277213,254705,890,887,4773,1385
ASM003606,EVT015,Krishnagiri,Krishnagiri Response Zone,T+3h,3,112913,123058,179851,205776,610,612,1120,0
ASM003607,EVT015,Krishnagiri,Krishnagiri Response Zone,T+3h,3,94428,103070,237678,239626,545,539,1721,5148
ASM003608,EVT015,Krishnagiri,Krishnagiri Response Zone,T+3h,3,179688,162751,239525,262279,684,684,1199,1407
ASM003609,EVT015,Krishnagiri,Krishnagiri Response Zone,T+3h,3,111643,142858,238332,249869,677,675,4099,5040
ASM003610,EVT015,Krishnagiri,Krishnagiri Response Zone,T+3h,3,107101,115541,219293,226000,543,547,1585,0
ASM003611,EVT015,Krishnagiri,Krishnagiri Response Zone,T+6h,6,164420,169867,235093,251706,803,802,3680,3104
ASM003612,EVT015,Krishnagiri,Krishnagiri Response Zone,T+6h,6,211393,229511,488268,430386,1025,1028,2924,7085
ASM003613,EVT015,Krishnagiri,Krishnagiri Response Zone,T+6h,6,167185,178487,226158,247416,772,781,2963,3522
ASM003614,EVT015,Krishnagiri,Krishnagiri Response Zone,T+6h,6,206158,214423,361406,342356,938,937,4409,4978
ASM003615,EVT015,Krishnagiri,Krishnagiri Response Zone,T+6h,6,169688,168068,335581,295103,734,749,3596,2043
ASM003616,EVT015,Krishnagiri,Krishnagiri Response Zone,T+12h,12,250316,241827,249899,331187,1129,1118,5851,9372
ASM003617,EVT015,Krishnagiri,Krishnagiri Response Zone,T+12h,12,205969,258049,377015,389252,1312,1308,6207,10819
ASM003618,EVT015,Krishnagiri,Krishnagiri Response Zone,T+12h,12,225902,247301,503934,436692,1217,1200,5001,6767
ASM003619,EVT015,Krishnagiri,Krishnagiri Response Zone,T+12h,12,261153,246948,440063,384101,1022,1025,8703,6136
ASM003620,EVT015,Krishnagiri,Krishnagiri Response Zone,T+12h,12,289984,272228,364465,408715,1197,1201,6387,6465
ASM003621,EVT015,Krishnagiri,Krishnagiri Response Zone,T+24h,24,164774,222912,320802,343774,1025,1006,7972,8651
ASM003622,EVT015,Krishnagiri,Krishnagiri Response Zone,T+24h,24,286045,271366,558422,488608,1245,1246,4026,1559
ASM003623,EVT015,Krishnagiri,Krishnagiri Response Zone,T+24h,24,160745,211623,542502,478311,1059,1060,2007,4510
ASM003624,EVT015,Krishnagiri,Krishnagiri Response Zone,T+24h,24,205205,208656,266346,299194,921,906,4876,6966
ASM003625,EVT015,Krishnagiri,Krishnagiri Response Zone,T+24h,24,371615,288212,323024,391857,1196,1191,4815,6175
ASM003626,EVT015,Krishnagiri,Krishnagiri Response Zone,T+36h,36,238252,277810,543629,503564,1380,1374,11825,13052
ASM003627,EVT015,Krishnagiri,Krishnagiri Response Zone,T+36h,36,240157,267068,537306,528518,1292,1292,13246,2858
ASM003628,EVT015,Krishnagiri,Krishnagiri Response Zone,T+36h,36,304097,291988,412159,429408,1282,1279,8564,5380
ASM003629,EVT015,Krishnagiri,Krishnagiri Response Zone,T+36h,36,201655,254679,557618,525948,1261,1262,17700,9397
ASM003630,EVT015,Krishnagiri,Krishnagiri Response Zone,T+36h,36,241280,258415,402455,451352,1318,1310,10246,9500
ASM003631,EVT015,Krishnagiri,Krishnagiri Response Zone,T+48h,48,237119,229536,215918,277958,953,946,4816,7498
ASM003632,EVT015,Krishnagiri,Krishnagiri Response Zone,T+48h,48,244844,276882,438155,455224,1301,1298,8731,10231
ASM003633,EVT015,Krishnagiri,Krishnagiri Response Zone,T+48h,48,263623,273561,466243,470736,1228,1224,9352,4522
ASM003634,EVT015,Krishnagiri,Krishnagiri Response Zone,T+48h,48,264450,263541,355356,377462,1058,1048,8184,2326
ASM003635,EVT015,Krishnagiri,Krishnagiri Response Zone,T+48h,48,308007,279035,359742,429843,1268,1273,6046,8041
ASM003636,EVT015,Krishnagiri,Krishnagiri Response Zone,T+72h,72,271040,261284,281702,393600,1129,1129,6393,7637
ASM003637,EVT015,Krishnagiri,Krishnagiri Response Zone,T+72h,72,234916,261734,374921,396535,1144,1147,3826,5463
ASM003638,EVT015,Krishnagiri,Krishnagiri Response Zone,T+72h,72,251660,255476,501320,444435,1129,1103,7549,4558
ASM003639,EVT015,Krishnagiri,Krishnagiri Response Zone,T+72h,72,236462,243571,569082,486633,1047,1054,9061,7258
ASM003640,EVT015,Krishnagiri,Krishnagiri Response Zone,T+72h,72,257294,248344,537543,479002,1032,1035,4727,3027
ASM003641,EVT015,Erode,Erode Response Zone,T+0h,0,157982,167590,221338,256950,812,811,1750,312
ASM003642,EVT015,Erode,Erode Response Zone,T+0h,0,153266,159481,206973,259260,791,783,5825,10711
ASM003643,EVT015,Erode,Erode Response Zone,T+0h,0,186428,218719,421353,401458,1101,1092,6077,7836
ASM003644,EVT015,Erode,Erode Response Zone,T+0h,0,148724,152906,286106,283615,691,692,2917,3398
ASM003645,EVT015,Erode,Erode Response Zone,T+0h,0,130044,145980,270253,264346,709,710,2716,2568
ASM003646,EVT015,Erode,Erode Response Zone,T+3h,3,212257,274970,266254,402291,1309,1316,8179,10620
ASM003647,EVT015,Erode,Erode Response Zone,T+3h,3,190787,192065,230641,241162,871,873,4475,2083
ASM003648,EVT015,Erode,Erode Response Zone,T+3h,3,207903,211240,318754,330724,967,969,6045,4719
ASM003649,EVT015,Erode,Erode Response Zone,T+3h,3,230555,220495,363050,349376,929,937,3795,5468
ASM003650,EVT015,Erode,Erode Response Zone,T+3h,3,197867,227471,409752,373185,1032,1030,3201,3477
ASM003651,EVT015,Erode,Erode Response Zone,T+6h,6,217063,209953,323091,312938,982,977,3100,833
ASM003652,EVT015,Erode,Erode Response Zone,T+6h,6,218371,201257,353530,330407,899,903,6991,8556
ASM003653,EVT015,Erode,Erode Response Zone,T+6h,6,199903,197333,312659,287408,855,861,5867,9088
ASM003654,EVT015,Erode,Erode Response Zone,T+6h,6,172121,188246,370615,346580,1024,1000,2290,0
ASM003655,EVT015,Erode,Erode Response Zone,T+6h,6,177717,171912,296442,293968,774,772,3389,2098
ASM003656,EVT015,Erode,Erode Response Zone,T+12h,12,314225,313885,473999,515728,1403,1408,6972,8807
ASM003657,EVT015,Erode,Erode Response Zone,T+12h,12,283490,323445,418401,465774,1396,1396,10088,8161
ASM003658,EVT015,Erode,Erode Response Zone,T+12h,12,155615,228098,383655,390828,1089,1095,7079,6993
ASM003659,EVT015,Erode,Erode Response Zone,T+12h,12,281325,301763,482329,479462,1413,1411,5939,4840
ASM003660,EVT015,Erode,Erode Response Zone,T+12h,12,299052,257833,321354,296503,970,968,4685,2319
ASM003661,EVT015,Erode,Erode Response Zone,T+24h,24,292656,323520,602292,552990,1423,1422,13270,9959
ASM003662,EVT015,Erode,Erode Response Zone,T+24h,24,289822,328486,765318,748846,1535,1537,4823,4191
ASM003663,EVT015,Erode,Erode Response Zone,T+24h,24,330828,340078,570621,522899,1461,1469,9606,9686
ASM003664,EVT015,Erode,Erode Response Zone,T+24h,24,346787,334546,459490,513302,1504,1508,6948,5059
ASM003665,EVT015,Erode,Erode Response Zone,T+24h,24,402240,348489,662392,569132,1427,1431,7439,6526
ASM003666,EVT015,Erode,Erode Response Zone,T+36h,36,255964,317920,409475,495076,1539,1557,8644,13069
ASM003667,EVT015,Erode,Erode Response Zone,T+36h,36,431611,421312,491017,542441,1733,1731,10964,13093
ASM003668,EVT015,Erode,Erode Response Zone,T+36h,36,419362,404585,680454,616461,1630,1635,12205,9945
ASM003669,EVT015,Erode,Erode Response Zone,T+36h,36,347680,376319,695914,595906,1660,1665,7502,10951
ASM003670,EVT015,Erode,Erode Response Zone,T+36h,36,396340,400302,451513,531338,1746,1744,5227,8351
ASM003671,EVT015,Erode,Erode Response Zone,T+48h,48,420979,367691,533061,540048,1618,1621,5664,8911
ASM003672,EVT015,Erode,Erode Response Zone,T+48h,48,368409,348618,471890,505348,1435,1436,7011,12894
ASM003673,EVT015,Erode,Erode Response Zone,T+48h,48,225099,260727,424678,461437,1248,1254,7132,5974
ASM003674,EVT015,Erode,Erode Response Zone,T+48h,48,417155,404563,809637,668490,1548,1554,7955,16375
ASM003675,EVT015,Erode,Erode Response Zone,T+48h,48,325163,331386,674403,572538,1535,1528,7613,7771
ASM003676,EVT015,Erode,Erode Response Zone,T+72h,72,276751,276562,461058,457531,1225,1228,6550,3715
ASM003677,EVT015,Erode,Erode Response Zone,T+72h,72,283217,271229,417999,487169,1216,1218,6439,5758
ASM003678,EVT015,Erode,Erode Response Zone,T+72h,72,270194,273999,344247,395966,1300,1292,5933,7786
ASM003679,EVT015,Erode,Erode Response Zone,T+72h,72,310869,281127,593226,493306,1076,1077,5501,5080
ASM003680,EVT015,Erode,Erode Response Zone,T+72h,72,226342,224603,446845,423124,998,1006,3632,1072
ASM003681,EVT015,Dindigul,Dindigul Response Zone,T+0h,0,69442,76977,119942,127197,396,401,1971,3496
ASM003682,EVT015,Dindigul,Dindigul Response Zone,T+0h,0,117183,119723,242259,228175,557,576,2128,2264
ASM003683,EVT015,Dindigul,Dindigul Response Zone,T+0h,0,148994,152092,217457,220688,700,693,3429,111
ASM003684,EVT015,Dindigul,Dindigul Response Zone,T+0h,0,148458,133238,167888,200897,568,559,1661,0
ASM003685,EVT015,Dindigul,Dindigul Response Zone,T+0h,0,174266,160012,268957,283612,749,745,4214,2108
ASM003686,EVT015,Dindigul,Dindigul Response Zone,T+3h,3,195734,227125,313451,376510,1093,1096,5134,6596
ASM003687,EVT015,Dindigul,Dindigul Response Zone,T+3h,3,291300,234278,263069,306288,817,822,4526,4603
ASM003688,EVT015,Dindigul,Dindigul Response Zone,T+3h,3,136317,136953,210928,221113,634,620,1980,1779
ASM003689,EVT015,Dindigul,Dindigul Response Zone,T+3h,3,223276,194569,250466,250362,832,823,3626,7334
ASM003690,EVT015,Dindigul,Dindigul Response Zone,T+3h,3,148638,163384,298774,267859,724,722,7570,7122
ASM003691,EVT015,Dindigul,Dindigul Response Zone,T+6h,6,176882,178191,400285,315728,757,768,3199,3414
ASM003692,EVT015,Dindigul,Dindigul Response Zone,T+6h,6,228490,218824,268755,279195,927,932,12051,10490
ASM003693,EVT015,Dindigul,Dindigul Response Zone,T+6h,6,251928,225836,206527,275081,985,975,3015,4389
ASM003694,EVT015,Dindigul,Dindigul Response Zone,T+6h,6,245878,240927,197980,279515,965,969,4353,9372
ASM003695,EVT015,Dindigul,Dindigul Response Zone,T+6h,6,254924,244277,325965,320381,1016,1018,4531,6028
ASM003696,EVT015,Dindigul,Dindigul Response Zone,T+12h,12,198900,221306,285618,306292,1068,1073,5295,5671
ASM003697,EVT015,Dindigul,Dindigul Response Zone,T+12h,12,233368,297552,442487,448986,1264,1269,9728,10705
ASM003698,EVT015,Dindigul,Dindigul Response Zone,T+12h,12,247390,258447,388617,387830,1131,1128,7513,9272
ASM003699,EVT015,Dindigul,Dindigul Response Zone,T+12h,12,212933,188198,187229,249673,837,830,3827,3817
ASM003700,EVT015,Dindigul,Dindigul Response Zone,T+12h,12,201672,236289,211612,288103,1038,1039,4804,5063
ASM003701,EVT015,Dindigul,Dindigul Response Zone,T+24h,24,318007,282635,457593,443362,1249,1255,4327,2429
ASM003702,EVT015,Dindigul,Dindigul Response Zone,T+24h,24,295264,249680,399610,375455,980,982,4225,7352
ASM003703,EVT015,Dindigul,Dindigul Response Zone,T+24h,24,175594,207938,323345,345807,964,967,3526,3013
ASM003704,EVT015,Dindigul,Dindigul Response Zone,T+24h,24,226199,266570,309229,383815,1267,1259,10123,9905
ASM003705,EVT015,Dindigul,Dindigul Response Zone,T+24h,24,235364,243980,461749,442147,1101,1096,2806,3599
ASM003706,EVT015,Dindigul,Dindigul Response Zone,T+36h,36,317422,322677,688942,574070,1438,1429,11506,6974
ASM003707,EVT015,Dindigul,Dindigul Response Zone,T+36h,36,267439,293992,533581,548267,1395,1399,6335,4663
ASM003708,EVT015,Dindigul,Dindigul Response Zone,T+36h,36,349672,295374,372935,441798,1249,1254,6171,7930
ASM003709,EVT015,Dindigul,Dindigul Response Zone,T+36h,36,318360,313806,508358,501026,1343,1342,9030,7525
ASM003710,EVT015,Dindigul,Dindigul Response Zone,T+36h,36,267375,270966,326113,408082,1197,1199,11249,9327
ASM003711,EVT015,Dindigul,Dindigul Response Zone,T+48h,48,204446,260919,630818,529261,1221,1219,12007,11315
ASM003712,EVT015,Dindigul,Dindigul Response Zone,T+48h,48,210338,258973,469862,496062,1253,1247,7352,5789
ASM003713,EVT015,Dindigul,Dindigul Response Zone,T+48h,48,259119,248775,268294,400941,1124,1121,7692,3834
ASM003714,EVT015,Dindigul,Dindigul Response Zone,T+48h,48,154220,235282,378906,381315,1077,1077,3553,6283
ASM003715,EVT015,Dindigul,Dindigul Response Zone,T+48h,48,305064,278674,490721,450489,1138,1134,6138,9511
ASM003716,EVT015,Dindigul,Dindigul Response Zone,T+72h,72,215511,225033,358863,367763,1027,1016,4664,7726
ASM003717,EVT015,Dindigul,Dindigul Response Zone,T+72h,72,421839,338453,345517,372013,993,990,5980,3624
ASM003718,EVT015,Dindigul,Dindigul Response Zone,T+72h,72,456410,365078,387469,454272,1338,1338,8629,13833
ASM003719,EVT015,Dindigul,Dindigul Response Zone,T+72h,72,230902,238021,483902,469419,1111,1107,8080,7410
ASM003720,EVT015,Dindigul,Dindigul Response Zone,T+72h,72,227488,222594,342152,389445,1062,1056,5365,4920
ASM003721,EVT015,Salem,Salem Response Zone,T+0h,0,219397,209817,161647,237139,879,877,1552,0
ASM003722,EVT015,Salem,Salem Response Zone,T+0h,0,260451,211067,270416,256585,872,871,3031,2854
ASM003723,EVT015,Salem,Salem Response Zone,T+0h,0,127725,168282,377592,313345,845,842,6985,6125
ASM003724,EVT015,Salem,Salem Response Zone,T+0h,0,136667,170676,290554,313861,883,882,3127,6681
ASM003725,EVT015,Salem,Salem Response Zone,T+0h,0,146449,157921,407212,331666,783,779,3063,1370
ASM003726,EVT015,Salem,Salem Response Zone,T+3h,3,267658,255006,414623,385231,1104,1109,3493,4068
ASM003727,EVT015,Salem,Salem Response Zone,T+3h,3,291254,285699,475170,461754,1285,1289,7020,9441
ASM003728,EVT015,Salem,Salem Response Zone,T+3h,3,310926,278988,369920,431555,1260,1262,3092,747
ASM003729,EVT015,Salem,Salem Response Zone,T+3h,3,175150,215214,353487,370890,1156,1154,4166,3988
ASM003730,EVT015,Salem,Salem Response Zone,T+3h,3,171056,246001,403594,478067,1245,1244,3613,6283
ASM003731,EVT015,Salem,Salem Response Zone,T+6h,6,394760,353067,489677,525263,1653,1649,8934,9937
ASM003732,EVT015,Salem,Salem Response Zone,T+6h,6,209074,245041,466795,416241,1206,1205,5978,10017
ASM003733,EVT015,Salem,Salem Response Zone,T+6h,6,154248,238152,285010,358173,1119,1124,3471,2280
ASM003734,EVT015,Salem,Salem Response Zone,T+6h,6,267490,286172,322030,427234,1281,1279,5153,8603
ASM003735,EVT015,Salem,Salem Response Zone,T+6h,6,282283,257309,287510,369502,1183,1183,5446,3589
ASM003736,EVT015,Salem,Salem Response Zone,T+12h,12,262610,298190,707236,530750,1348,1354,8621,5300
ASM003737,EVT015,Salem,Salem Response Zone,T+12h,12,284601,308685,562868,639345,1478,1481,11176,6032
ASM003738,EVT015,Salem,Salem Response Zone,T+12h,12,266066,302682,480250,475855,1340,1340,5813,9261
ASM003739,EVT015,Salem,Salem Response Zone,T+12h,12,228531,251979,291298,398127,1145,1147,7465,2534
ASM003740,EVT015,Salem,Salem Response Zone,T+12h,12,234440,304834,561706,548346,1433,1444,4292,6743
ASM003741,EVT015,Salem,Salem Response Zone,T+24h,24,264849,321690,528499,522246,1424,1425,12971,11048
ASM003742,EVT015,Salem,Salem Response Zone,T+24h,24,320472,308639,533645,511020,1263,1260,5687,8118
ASM003743,EVT015,Salem,Salem Response Zone,T+24h,24,358834,347255,450735,535661,1453,1452,6147,7683
ASM003744,EVT015,Salem,Salem Response Zone,T+24h,24,334623,355854,593009,565618,1437,1433,7626,12432
ASM003745,EVT015,Salem,Salem Response Zone,T+24h,24,296701,342946,564889,558863,1634,1637,8464,9527
ASM003746,EVT015,Salem,Salem Response Zone,T+36h,36,371415,378547,532808,616934,1839,1849,9874,7614
ASM003747,EVT015,Salem,Salem Response Zone,T+36h,36,261819,368069,813778,826499,1853,1855,10386,8807
ASM003748,EVT015,Salem,Salem Response Zone,T+36h,36,375943,384853,432151,538941,1624,1614,7891,11595
ASM003749,EVT015,Salem,Salem Response Zone,T+36h,36,491422,420926,703597,645821,1698,1701,5453,6313
ASM003750,EVT015,Salem,Salem Response Zone,T+36h,36,270391,354782,713443,709296,1638,1626,5230,4544
ASM003751,EVT015,Salem,Salem Response Zone,T+48h,48,289725,331768,434136,553443,1523,1516,5301,3262
ASM003752,EVT015,Salem,Salem Response Zone,T+48h,48,360564,348397,456339,533595,1522,1518,5881,5319
ASM003753,EVT015,Salem,Salem Response Zone,T+48h,48,389973,340871,512011,522290,1441,1446,6906,12314
ASM003754,EVT015,Salem,Salem Response Zone,T+48h,48,273261,316260,535261,543869,1405,1389,6343,4941
ASM003755,EVT015,Salem,Salem Response Zone,T+48h,48,275846,313017,513130,553541,1431,1425,10714,3805
ASM003756,EVT015,Salem,Salem Response Zone,T+72h,72,247829,347195,680575,636557,1637,1636,5746,7480
ASM003757,EVT015,Salem,Salem Response Zone,T+72h,72,295455,285459,745361,621428,1321,1318,4646,1815
ASM003758,EVT015,Salem,Salem Response Zone,T+72h,72,489458,395547,516688,518800,1497,1492,12391,13687
ASM003759,EVT015,Salem,Salem Response Zone,T+72h,72,389838,387517,407740,526664,1642,1642,6358,8858
ASM003760,EVT015,Salem,Salem Response Zone,T+72h,72,396802,412952,857693,847979,1799,1796,12974,13619
ASM003761,EVT016,Nilgiris,Nilgiris Response Zone,T+0h,0,40846,61640,92287,90420,186,281,517,1599
ASM003762,EVT016,Nilgiris,Nilgiris Response Zone,T+0h,0,22439,57129,41398,96136,105,283,1150,5166
ASM003763,EVT016,Nilgiris,Nilgiris Response Zone,T+0h,0,23379,58342,33197,88817,129,279,521,1250
ASM003764,EVT016,Nilgiris,Nilgiris Response Zone,T+0h,0,36430,60428,48859,90801,147,287,638,3909
ASM003765,EVT016,Nilgiris,Nilgiris Response Zone,T+0h,0,11405,54641,13666,96399,49,283,226,4397
ASM003766,EVT016,Nilgiris,Nilgiris Response Zone,T+3h,3,35535,59104,68734,101098,169,291,851,3971
ASM003767,EVT016,Nilgiris,Nilgiris Response Zone,T+3h,3,7554,60913,10838,104188,42,285,393,4638
ASM003768,EVT016,Nilgiris,Nilgiris Response Zone,T+3h,3,42283,58735,49228,91578,158,290,576,2912
ASM003769,EVT016,Nilgiris,Nilgiris Response Zone,T+3h,3,33169,52423,34964,86816,142,279,336,0
ASM003770,EVT016,Nilgiris,Nilgiris Response Zone,T+3h,3,18535,54536,33559,97388,100,280,295,0
ASM003771,EVT016,Nilgiris,Nilgiris Response Zone,T+6h,6,41282,59853,48157,86472,162,288,646,0
ASM003772,EVT016,Nilgiris,Nilgiris Response Zone,T+6h,6,25716,48723,44399,92563,143,281,317,0
ASM003773,EVT016,Nilgiris,Nilgiris Response Zone,T+6h,6,20342,58565,38627,95742,116,287,378,932
ASM003774,EVT016,Nilgiris,Nilgiris Response Zone,T+6h,6,16914,61296,24042,96422,95,283,323,0
ASM003775,EVT016,Nilgiris,Nilgiris Response Zone,T+6h,6,29060,58851,76966,91172,194,287,934,178
ASM003776,EVT016,Nilgiris,Nilgiris Response Zone,T+12h,12,23776,55133,33683,92901,105,288,448,0
ASM003777,EVT016,Nilgiris,Nilgiris Response Zone,T+12h,12,14862,59241,26795,95728,106,286,690,0
ASM003778,EVT016,Nilgiris,Nilgiris Response Zone,T+12h,12,22023,56343,76483,92372,132,286,758,0
ASM003779,EVT016,Nilgiris,Nilgiris Response Zone,T+12h,12,20805,60824,54248,92137,147,289,595,0
ASM003780,EVT016,Nilgiris,Nilgiris Response Zone,T+12h,12,41417,55699,60722,86273,203,290,668,0
ASM003781,EVT016,Nilgiris,Nilgiris Response Zone,T+24h,24,46327,72006,115562,129185,222,317,621,0
ASM003782,EVT016,Nilgiris,Nilgiris Response Zone,T+24h,24,34967,70204,103684,124782,167,309,1052,1206
ASM003783,EVT016,Nilgiris,Nilgiris Response Zone,T+24h,24,34977,80836,67297,111752,192,309,1232,0
ASM003784,EVT016,Nilgiris,Nilgiris Response Zone,T+24h,24,34313,78329,77224,121067,193,310,820,0
ASM003785,EVT016,Nilgiris,Nilgiris Response Zone,T+24h,24,53446,81996,61874,111735,220,314,792,0
ASM003786,EVT016,Nilgiris,Nilgiris Response Zone,T+36h,36,42013,65862,75090,101946,209,303,1688,0
ASM003787,EVT016,Nilgiris,Nilgiris Response Zone,T+36h,36,23986,62440,36873,87873,99,288,903,244
ASM003788,EVT016,Nilgiris,Nilgiris Response Zone,T+36h,36,33286,62717,68363,93094,180,289,707,0
ASM003789,EVT016,Nilgiris,Nilgiris Response Zone,T+36h,36,25502,62859,46849,108811,113,291,907,1651
ASM003790,EVT016,Nilgiris,Nilgiris Response Zone,T+36h,36,59094,71395,89328,107220,202,306,523,709
ASM003791,EVT016,Nilgiris,Nilgiris Response Zone,T+48h,48,48672,69215,81325,124121,196,314,1090,3396
ASM003792,EVT016,Nilgiris,Nilgiris Response Zone,T+48h,48,39494,65010,55922,119714,185,304,1075,2687
ASM003793,EVT016,Nilgiris,Nilgiris Response Zone,T+48h,48,34239,61598,45472,114665,142,295,943,3292
ASM003794,EVT016,Nilgiris,Nilgiris Response Zone,T+48h,48,21705,63712,33282,96013,102,286,388,0
ASM003795,EVT016,Nilgiris,Nilgiris Response Zone,T+48h,48,47557,73360,74518,112892,211,310,496,0
ASM003796,EVT016,Nilgiris,Nilgiris Response Zone,T+72h,72,43305,72161,98294,119669,207,304,866,0
ASM003797,EVT016,Nilgiris,Nilgiris Response Zone,T+72h,72,24754,59378,31882,96580,113,289,616,0
ASM003798,EVT016,Nilgiris,Nilgiris Response Zone,T+72h,72,48174,68006,73785,129170,203,315,2186,2746
ASM003799,EVT016,Nilgiris,Nilgiris Response Zone,T+72h,72,38928,74242,103674,133891,221,314,984,0
ASM003800,EVT016,Nilgiris,Nilgiris Response Zone,T+72h,72,38653,72619,71041,119585,217,305,549,0
ASM003801,EVT016,Coimbatore,Coimbatore Response Zone,T+0h,0,102988,127121,252232,221158,671,668,1524,3660
ASM003802,EVT016,Coimbatore,Coimbatore Response Zone,T+0h,0,86928,126940,179788,206882,572,560,1535,0
ASM003803,EVT016,Coimbatore,Coimbatore Response Zone,T+0h,0,122791,166632,273873,279772,764,746,5059,4188
ASM003804,EVT016,Coimbatore,Coimbatore Response Zone,T+0h,0,138418,128319,197203,221083,632,626,1687,0
ASM003805,EVT016,Coimbatore,Coimbatore Response Zone,T+0h,0,67010,67911,148179,145888,368,390,2745,0
ASM003806,EVT016,Coimbatore,Coimbatore Response Zone,T+3h,3,142633,131485,141173,217112,583,610,2795,84
ASM003807,EVT016,Coimbatore,Coimbatore Response Zone,T+3h,3,50398,52473,72239,87309,233,279,933,0
ASM003808,EVT016,Coimbatore,Coimbatore Response Zone,T+3h,3,35783,50347,92235,92670,248,288,824,0
ASM003809,EVT016,Coimbatore,Coimbatore Response Zone,T+3h,3,126493,107376,208155,214797,518,532,2830,2119
ASM003810,EVT016,Coimbatore,Coimbatore Response Zone,T+3h,3,60820,54483,121401,89865,240,283,655,0
ASM003811,EVT016,Coimbatore,Coimbatore Response Zone,T+6h,6,104435,138887,177654,209655,636,605,3204,0
ASM003812,EVT016,Coimbatore,Coimbatore Response Zone,T+6h,6,87139,79570,181850,136080,384,392,2170,0
ASM003813,EVT016,Coimbatore,Coimbatore Response Zone,T+6h,6,124785,171679,196316,255935,720,743,4182,0
ASM003814,EVT016,Coimbatore,Coimbatore Response Zone,T+6h,6,124733,136627,281151,227524,576,604,2762,3490
ASM003815,EVT016,Coimbatore,Coimbatore Response Zone,T+6h,6,106031,133565,265280,218740,659,640,3096,0
ASM003816,EVT016,Coimbatore,Coimbatore Response Zone,T+12h,12,112112,168358,199751,286838,772,767,3706,458
ASM003817,EVT016,Coimbatore,Coimbatore Response Zone,T+12h,12,46294,54331,83479,92155,224,288,1044,0
ASM003818,EVT016,Coimbatore,Coimbatore Response Zone,T+12h,12,42712,52494,65179,92490,211,282,451,0
ASM003819,EVT016,Coimbatore,Coimbatore Response Zone,T+12h,12,54805,52760,108654,91978,274,290,530,0
ASM003820,EVT016,Coimbatore,Coimbatore Response Zone,T+12h,12,48502,64572,91359,96219,288,305,1424,0
ASM003821,EVT016,Coimbatore,Coimbatore Response Zone,T+24h,24,162168,188469,270979,311682,786,827,3341,0
ASM003822,EVT016,Coimbatore,Coimbatore Response Zone,T+24h,24,76961,73743,173697,131173,325,314,1293,0
ASM003823,EVT016,Coimbatore,Coimbatore Response Zone,T+24h,24,105987,93610,176374,159889,471,422,2817,0
ASM003824,EVT016,Coimbatore,Coimbatore Response Zone,T+24h,24,190961,188021,393536,349316,837,854,5028,3222
ASM003825,EVT016,Coimbatore,Coimbatore Response Zone,T+24h,24,158752,178460,292713,349499,782,799,2701,0
ASM003826,EVT016,Coimbatore,Coimbatore Response Zone,T+36h,36,231298,183999,474240,353360,878,855,2506,0
ASM003827,EVT016,Coimbatore,Coimbatore Response Zone,T+36h,36,114540,146885,200690,257437,640,608,1931,0
ASM003828,EVT016,Coimbatore,Coimbatore Response Zone,T+36h,36,195589,187716,255660,321670,786,823,9414,0
ASM003829,EVT016,Coimbatore,Coimbatore Response Zone,T+36h,36,213675,147239,415325,330146,799,812,5257,0
ASM003830,EVT016,Coimbatore,Coimbatore Response Zone,T+36h,36,182473,146093,240411,323218,715,791,3259,0
ASM003831,EVT016,Coimbatore,Coimbatore Response Zone,T+48h,48,117316,126820,316332,234698,559,548,3150,0
ASM003832,EVT016,Coimbatore,Coimbatore Response Zone,T+48h,48,161437,188663,394332,353847,772,770,4291,3264
ASM003833,EVT016,Coimbatore,Coimbatore Response Zone,T+48h,48,181695,140710,242780,272218,705,618,5155,0
ASM003834,EVT016,Coimbatore,Coimbatore Response Zone,T+48h,48,58791,90525,82170,137918,355,328,1407,0
ASM003835,EVT016,Coimbatore,Coimbatore Response Zone,T+48h,48,111828,142821,227374,233798,598,602,3187,0
ASM003836,EVT016,Coimbatore,Coimbatore Response Zone,T+72h,72,164521,195420,322853,348290,762,770,4091,2991
ASM003837,EVT016,Coimbatore,Coimbatore Response Zone,T+72h,72,195973,138060,359690,235644,685,654,7446,1327
ASM003838,EVT016,Coimbatore,Coimbatore Response Zone,T+72h,72,185880,179988,440289,334347,729,758,4962,965
ASM003839,EVT016,Coimbatore,Coimbatore Response Zone,T+72h,72,94792,117411,165397,243269,493,526,3617,0
ASM003840,EVT016,Coimbatore,Coimbatore Response Zone,T+72h,72,172529,185939,398601,336427,824,852,4816,4365
ASM003841,EVT016,Dharmapuri,Dharmapuri Response Zone,T+0h,0,68190,76260,149736,130894,356,388,2019,1852
ASM003842,EVT016,Dharmapuri,Dharmapuri Response Zone,T+0h,0,8283,58896,20188,102060,42,282,163,635
ASM003843,EVT016,Dharmapuri,Dharmapuri Response Zone,T+0h,0,80019,72602,116911,102069,287,315,824,0
ASM003844,EVT016,Dharmapuri,Dharmapuri Response Zone,T+0h,0,53081,70568,64926,124269,329,320,805,0
ASM003845,EVT016,Dharmapuri,Dharmapuri Response Zone,T+0h,0,62853,48130,68409,92319,206,281,429,0
ASM003846,EVT016,Dharmapuri,Dharmapuri Response Zone,T+3h,3,46384,50094,45232,95009,182,279,411,0
ASM003847,EVT016,Dharmapuri,Dharmapuri Response Zone,T+3h,3,33565,53543,41769,94673,126,286,685,495
ASM003848,EVT016,Dharmapuri,Dharmapuri Response Zone,T+3h,3,28072,57788,61441,90291,143,278,609,0
ASM003849,EVT016,Dharmapuri,Dharmapuri Response Zone,T+3h,3,40063,50809,68755,88441,200,281,465,0
ASM003850,EVT016,Dharmapuri,Dharmapuri Response Zone,T+3h,3,56316,69279,159536,126113,349,379,2723,1370
ASM003851,EVT016,Dharmapuri,Dharmapuri Response Zone,T+6h,6,71128,73132,140792,135548,377,386,1380,3490
ASM003852,EVT016,Dharmapuri,Dharmapuri Response Zone,T+6h,6,60198,57288,61071,88475,243,281,1155,0
ASM003853,EVT016,Dharmapuri,Dharmapuri Response Zone,T+6h,6,82228,55948,55965,103273,296,300,2432,3322
ASM003854,EVT016,Dharmapuri,Dharmapuri Response Zone,T+6h,6,48677,58163,100484,103890,305,301,2340,0
ASM003855,EVT016,Dharmapuri,Dharmapuri Response Zone,T+6h,6,17917,51730,28234,83785,90,277,182,0
ASM003856,EVT016,Dharmapuri,Dharmapuri Response Zone,T+12h,12,61060,83688,76777,112174,317,315,1199,0
ASM003857,EVT016,Dharmapuri,Dharmapuri Response Zone,T+12h,12,52079,83470,70285,125667,322,327,2542,0
ASM003858,EVT016,Dharmapuri,Dharmapuri Response Zone,T+12h,12,62463,69984,72682,111650,286,313,788,0
ASM003859,EVT016,Dharmapuri,Dharmapuri Response Zone,T+12h,12,60428,85311,108323,138362,349,334,1449,3220
ASM003860,EVT016,Dharmapuri,Dharmapuri Response Zone,T+12h,12,79241,83455,153471,135567,424,399,1831,0
ASM003861,EVT016,Dharmapuri,Dharmapuri Response Zone,T+24h,24,74621,88336,148925,140921,373,337,2441,2335
ASM003862,EVT016,Dharmapuri,Dharmapuri Response Zone,T+24h,24,61290,86974,175852,121916,334,317,2263,0
ASM003863,EVT016,Dharmapuri,Dharmapuri Response Zone,T+24h,24,72575,81800,99863,140309,331,323,2227,3219
ASM003864,EVT016,Dharmapuri,Dharmapuri Response Zone,T+24h,24,90048,93504,193303,144724,449,397,1694,0
ASM003865,EVT016,Dharmapuri,Dharmapuri Response Zone,T+24h,24,82964,86534,152652,147494,390,383,2518,0
ASM003866,EVT016,Dharmapuri,Dharmapuri Response Zone,T+36h,36,62582,79397,146822,144421,333,323,2078,0
ASM003867,EVT016,Dharmapuri,Dharmapuri Response Zone,T+36h,36,50606,75491,71670,105579,222,309,1187,0
ASM003868,EVT016,Dharmapuri,Dharmapuri Response Zone,T+36h,36,110172,89590,181809,138055,339,339,2373,3032
ASM003869,EVT016,Dharmapuri,Dharmapuri Response Zone,T+36h,36,48637,66563,86185,104055,216,303,566,0
ASM003870,EVT016,Dharmapuri,Dharmapuri Response Zone,T+36h,36,111687,86484,124830,154102,395,398,978,0
ASM003871,EVT016,Dharmapuri,Dharmapuri Response Zone,T+48h,48,38358,70389,84208,112023,225,308,1482,0
ASM003872,EVT016,Dharmapuri,Dharmapuri Response Zone,T+48h,48,73127,72720,117258,129282,314,317,1998,1620
ASM003873,EVT016,Dharmapuri,Dharmapuri Response Zone,T+48h,48,38493,60796,97526,122610,203,309,1358,2921
ASM003874,EVT016,Dharmapuri,Dharmapuri Response Zone,T+48h,48,48474,77586,81208,113675,289,313,1752,0
ASM003875,EVT016,Dharmapuri,Dharmapuri Response Zone,T+48h,48,60780,73038,121206,112125,297,317,1217,1677
ASM003876,EVT016,Dharmapuri,Dharmapuri Response Zone,T+72h,72,78094,77996,117504,125458,283,317,1598,1219
ASM003877,EVT016,Dharmapuri,Dharmapuri Response Zone,T+72h,72,35146,58201,49449,95672,128,287,680,0
ASM003878,EVT016,Dharmapuri,Dharmapuri Response Zone,T+72h,72,70974,78638,161353,126018,290,318,1458,516
ASM003879,EVT016,Dharmapuri,Dharmapuri Response Zone,T+72h,72,67587,92511,186837,136443,403,398,1974,0
ASM003880,EVT016,Dharmapuri,Dharmapuri Response Zone,T+72h,72,88503,81772,156433,144124,406,398,2082,552
ASM003881,EVT016,Krishnagiri,Krishnagiri Response Zone,T+0h,0,72657,74719,116566,110171,315,325,976,133
ASM003882,EVT016,Krishnagiri,Krishnagiri Response Zone,T+0h,0,40773,61021,70446,104044,195,290,1222,2660
ASM003883,EVT016,Krishnagiri,Krishnagiri Response Zone,T+0h,0,44419,60614,109799,106552,326,296,614,0
ASM003884,EVT016,Krishnagiri,Krishnagiri Response Zone,T+0h,0,13244,61926,16388,96457,69,286,419,1303
ASM003885,EVT016,Krishnagiri,Krishnagiri Response Zone,T+0h,0,27394,62189,41884,99051,134,290,1001,724
ASM003886,EVT016,Krishnagiri,Krishnagiri Response Zone,T+3h,3,77671,76543,74374,105337,320,318,922,0
ASM003887,EVT016,Krishnagiri,Krishnagiri Response Zone,T+3h,3,46019,75160,156101,109936,355,333,955,0
ASM003888,EVT016,Krishnagiri,Krishnagiri Response Zone,T+3h,3,51603,62774,81996,105121,247,290,980,0
ASM003889,EVT016,Krishnagiri,Krishnagiri Response Zone,T+3h,3,68460,74539,104268,109209,306,320,1411,3453
ASM003890,EVT016,Krishnagiri,Krishnagiri Response Zone,T+3h,3,87841,75161,148516,118229,352,348,1952,1172
ASM003891,EVT016,Krishnagiri,Krishnagiri Response Zone,T+6h,6,41345,61913,62276,91172,165,282,574,0
ASM003892,EVT016,Krishnagiri,Krishnagiri Response Zone,T+6h,6,55813,61903,58680,97650,230,285,1343,0
ASM003893,EVT016,Krishnagiri,Krishnagiri Response Zone,T+6h,6,42219,63868,76712,95257,235,284,1283,0
ASM003894,EVT016,Krishnagiri,Krishnagiri Response Zone,T+6h,6,35520,58805,78417,91375,250,292,1227,1629
ASM003895,EVT016,Krishnagiri,Krishnagiri Response Zone,T+6h,6,33648,60523,38449,94613,158,289,1118,514
ASM003896,EVT016,Krishnagiri,Krishnagiri Response Zone,T+12h,12,89929,78356,101555,136983,341,343,1996,3068
ASM003897,EVT016,Krishnagiri,Krishnagiri Response Zone,T+12h,12,71752,62650,82891,95634,259,297,1228,441
ASM003898,EVT016,Krishnagiri,Krishnagiri Response Zone,T+12h,12,50258,59725,67617,102050,207,293,950,0
ASM003899,EVT016,Krishnagiri,Krishnagiri Response Zone,T+12h,12,61337,65312,62940,106203,269,313,1934,763
ASM003900,EVT016,Krishnagiri,Krishnagiri Response Zone,T+12h,12,85263,79215,173802,138576,392,394,3616,4175
ASM003901,EVT016,Krishnagiri,Krishnagiri Response Zone,T+24h,24,44887,77198,81013,122617,233,313,1315,0
ASM003902,EVT016,Krishnagiri,Krishnagiri Response Zone,T+24h,24,74189,81216,129001,117630,342,328,2058,0
ASM003903,EVT016,Krishnagiri,Krishnagiri Response Zone,T+24h,24,85402,79036,114756,121542,278,314,1738,0
ASM003904,EVT016,Krishnagiri,Krishnagiri Response Zone,T+24h,24,82066,99397,135442,139565,434,412,2180,0
ASM003905,EVT016,Krishnagiri,Krishnagiri Response Zone,T+24h,24,117422,85106,160242,136262,373,351,1386,0
ASM003906,EVT016,Krishnagiri,Krishnagiri Response Zone,T+36h,36,93933,96623,157205,138373,457,408,4358,947
ASM003907,EVT016,Krishnagiri,Krishnagiri Response Zone,T+36h,36,132791,102867,141779,149094,453,417,5406,1256
ASM003908,EVT016,Krishnagiri,Krishnagiri Response Zone,T+36h,36,51826,82464,125358,113328,303,312,753,0
ASM003909,EVT016,Krishnagiri,Krishnagiri Response Zone,T+36h,36,98795,91124,213496,129135,411,385,1743,0
ASM003910,EVT016,Krishnagiri,Krishnagiri Response Zone,T+36h,36,82346,96850,187448,144340,429,404,2008,0
ASM003911,EVT016,Krishnagiri,Krishnagiri Response Zone,T+48h,48,59975,85913,173453,123862,352,339,2491,1109
ASM003912,EVT016,Krishnagiri,Krishnagiri Response Zone,T+48h,48,77789,78463,109846,114305,320,318,1342,0
ASM003913,EVT016,Krishnagiri,Krishnagiri Response Zone,T+48h,48,56370,75539,52164,112862,218,310,690,0
ASM003914,EVT016,Krishnagiri,Krishnagiri Response Zone,T+48h,48,66649,88817,198575,126460,374,340,2273,821
ASM003915,EVT016,Krishnagiri,Krishnagiri Response Zone,T+48h,48,38312,72574,143149,107253,219,311,1084,0
ASM003916,EVT016,Krishnagiri,Krishnagiri Response Zone,T+72h,72,97961,101952,240261,139024,457,410,2095,0
ASM003917,EVT016,Krishnagiri,Krishnagiri Response Zone,T+72h,72,42335,70086,67462,104123,197,309,1092,0
ASM003918,EVT016,Krishnagiri,Krishnagiri Response Zone,T+72h,72,110153,96441,126366,139506,427,411,2060,0
ASM003919,EVT016,Krishnagiri,Krishnagiri Response Zone,T+72h,72,120416,93356,135031,155919,437,414,4078,4629
ASM003920,EVT016,Krishnagiri,Krishnagiri Response Zone,T+72h,72,88121,90854,98573,140477,406,401,1956,0
ASM003921,EVT016,Erode,Erode Response Zone,T+0h,0,20103,57103,21830,94913,63,285,264,0
ASM003922,EVT016,Erode,Erode Response Zone,T+0h,0,87982,87413,195193,126649,414,392,1126,0
ASM003923,EVT016,Erode,Erode Response Zone,T+0h,0,77340,82319,122111,128189,392,395,525,0
ASM003924,EVT016,Erode,Erode Response Zone,T+0h,0,25949,61521,64565,98413,159,286,882,3234
ASM003925,EVT016,Erode,Erode Response Zone,T+0h,0,80132,79154,188214,129703,398,401,1480,0
ASM003926,EVT016,Erode,Erode Response Zone,T+3h,3,86873,88049,134406,126480,443,407,2321,650
ASM003927,EVT016,Erode,Erode Response Zone,T+3h,3,105082,88962,222620,121285,423,395,2197,0
ASM003928,EVT016,Erode,Erode Response Zone,T+3h,3,100077,88428,244496,125661,442,409,2404,1163
ASM003929,EVT016,Erode,Erode Response Zone,T+3h,3,82274,109747,166844,214488,476,511,3362,4445
ASM003930,EVT016,Erode,Erode Response Zone,T+3h,3,83890,81947,107675,120787,395,390,1603,0
ASM003931,EVT016,Erode,Erode Response Zone,T+6h,6,67210,60639,113892,86556,283,296,2842,0
ASM003932,EVT016,Erode,Erode Response Zone,T+6h,6,152703,111406,160476,217909,521,527,1781,0
ASM003933,EVT016,Erode,Erode Response Zone,T+6h,6,57095,61635,59614,91145,213,290,991,3231
ASM003934,EVT016,Erode,Erode Response Zone,T+6h,6,131715,113790,241325,217517,535,532,2222,0
ASM003935,EVT016,Erode,Erode Response Zone,T+6h,6,27825,57812,57812,90172,123,277,732,0
ASM003936,EVT016,Erode,Erode Response Zone,T+12h,12,74723,72478,114193,109778,327,334,1410,0
ASM003937,EVT016,Erode,Erode Response Zone,T+12h,12,127992,113883,113388,173263,489,511,2477,0
ASM003938,EVT016,Erode,Erode Response Zone,T+12h,12,73564,96070,112700,131603,439,454,3052,0
ASM003939,EVT016,Erode,Erode Response Zone,T+12h,12,52745,64507,95264,88101,270,292,2017,1181
ASM003940,EVT016,Erode,Erode Response Zone,T+12h,12,57287,73611,93201,99916,307,317,1533,0
ASM003941,EVT016,Erode,Erode Response Zone,T+24h,24,114238,100385,159246,142481,479,418,1480,0
ASM003942,EVT016,Erode,Erode Response Zone,T+24h,24,98143,91052,163241,113871,347,329,1317,0
ASM003943,EVT016,Erode,Erode Response Zone,T+24h,24,116253,132426,273476,243395,603,592,4063,755
ASM003944,EVT016,Erode,Erode Response Zone,T+24h,24,57189,90626,220793,140103,437,400,2727,0
ASM003945,EVT016,Erode,Erode Response Zone,T+24h,24,104972,119823,155105,200948,508,519,3391,0
ASM003946,EVT016,Erode,Erode Response Zone,T+36h,36,119653,87767,156858,144339,444,407,1886,0
ASM003947,EVT016,Erode,Erode Response Zone,T+36h,36,114218,94520,217193,151935,459,419,3254,66
ASM003948,EVT016,Erode,Erode Response Zone,T+36h,36,141036,121707,240936,244312,592,592,2929,0
ASM003949,EVT016,Erode,Erode Response Zone,T+36h,36,120647,119828,314384,235508,577,588,2785,0
ASM003950,EVT016,Erode,Erode Response Zone,T+36h,36,95016,122974,224006,241577,555,542,1764,0
ASM003951,EVT016,Erode,Erode Response Zone,T+48h,48,82217,84788,193663,113455,342,318,1124,0
ASM003952,EVT016,Erode,Erode Response Zone,T+48h,48,111529,120947,241971,248569,603,590,2455,0
ASM003953,EVT016,Erode,Erode Response Zone,T+48h,48,197026,125812,285148,269446,580,561,2327,0
ASM003954,EVT016,Erode,Erode Response Zone,T+48h,48,149194,123261,196903,296202,585,593,1101,0
ASM003955,EVT016,Erode,Erode Response Zone,T+48h,48,117940,122199,224097,249598,575,597,4850,0
ASM003956,EVT016,Erode,Erode Response Zone,T+72h,72,101202,116980,252170,236600,522,529,3515,1175
ASM003957,EVT016,Erode,Erode Response Zone,T+72h,72,110197,114208,276478,173738,498,514,2148,0
ASM003958,EVT016,Erode,Erode Response Zone,T+72h,72,122260,121607,257765,246969,541,580,1593,0
ASM003959,EVT016,Erode,Erode Response Zone,T+72h,72,115053,89788,150533,150797,422,400,2121,0
ASM003960,EVT016,Erode,Erode Response Zone,T+72h,72,82471,78645,203815,145453,347,336,2614,4325
ASM003961,EVT016,Dindigul,Dindigul Response Zone,T+0h,0,62654,74220,69214,114835,341,339,1255,3805
ASM003962,EVT016,Dindigul,Dindigul Response Zone,T+0h,0,117726,78394,87633,133525,384,383,1819,0
ASM003963,EVT016,Dindigul,Dindigul Response Zone,T+0h,0,23236,48871,41821,93116,108,281,264,0
ASM003964,EVT016,Dindigul,Dindigul Response Zone,T+0h,0,13004,50907,17308,93329,51,279,138,0
ASM003965,EVT016,Dindigul,Dindigul Response Zone,T+0h,0,25584,60358,53190,98883,129,280,465,0
ASM003966,EVT016,Dindigul,Dindigul Response Zone,T+3h,3,64404,48657,94373,89590,291,288,497,0
ASM003967,EVT016,Dindigul,Dindigul Response Zone,T+3h,3,61986,66906,102857,95831,275,297,1058,0
ASM003968,EVT016,Dindigul,Dindigul Response Zone,T+3h,3,18864,57493,35228,91905,130,284,589,0
ASM003969,EVT016,Dindigul,Dindigul Response Zone,T+3h,3,56906,61024,71189,88962,181,288,893,0
ASM003970,EVT016,Dindigul,Dindigul Response Zone,T+3h,3,101106,75300,159614,141512,366,392,2625,145
ASM003971,EVT016,Dindigul,Dindigul Response Zone,T+6h,6,36326,55425,82427,91170,192,282,433,0
ASM003972,EVT016,Dindigul,Dindigul Response Zone,T+6h,6,54964,76997,185312,129601,338,331,1626,2750
ASM003973,EVT016,Dindigul,Dindigul Response Zone,T+6h,6,52568,58962,86387,100525,240,290,1101,3197
ASM003974,EVT016,Dindigul,Dindigul Response Zone,T+6h,6,60523,73094,107369,114480,291,313,1949,5901
ASM003975,EVT016,Dindigul,Dindigul Response Zone,T+6h,6,85624,73252,88436,131448,375,390,2035,2152
ASM003976,EVT016,Dindigul,Dindigul Response Zone,T+12h,12,96483,94691,126031,139819,458,410,2107,0
ASM003977,EVT016,Dindigul,Dindigul Response Zone,T+12h,12,71515,72677,97060,119638,308,312,1426,0
ASM003978,EVT016,Dindigul,Dindigul Response Zone,T+12h,12,55631,59814,86607,97097,197,298,868,0
ASM003979,EVT016,Dindigul,Dindigul Response Zone,T+12h,12,105315,98585,133873,156038,478,421,5565,5486
ASM003980,EVT016,Dindigul,Dindigul Response Zone,T+12h,12,47555,72785,112356,96406,284,306,2601,0
ASM003981,EVT016,Dindigul,Dindigul Response Zone,T+24h,24,138716,92617,187109,156110,458,419,3506,3933
ASM003982,EVT016,Dindigul,Dindigul Response Zone,T+24h,24,145477,100538,161418,144739,452,414,1144,0
ASM003983,EVT016,Dindigul,Dindigul Response Zone,T+24h,24,106407,78133,99256,111116,249,307,1569,0
ASM003984,EVT016,Dindigul,Dindigul Response Zone,T+24h,24,47625,73616,93544,134034,266,317,1046,0
ASM003985,EVT016,Dindigul,Dindigul Response Zone,T+24h,24,91635,89664,137246,153050,404,394,2220,274
ASM003986,EVT016,Dindigul,Dindigul Response Zone,T+36h,36,51229,94995,84456,115404,350,333,1221,0
ASM003987,EVT016,Dindigul,Dindigul Response Zone,T+36h,36,81830,73718,113124,116153,320,310,838,0
ASM003988,EVT016,Dindigul,Dindigul Response Zone,T+36h,36,84738,83010,140520,146056,409,397,1745,0
ASM003989,EVT016,Dindigul,Dindigul Response Zone,T+36h,36,103366,82508,102988,120111,322,315,972,0
ASM003990,EVT016,Dindigul,Dindigul Response Zone,T+36h,36,48569,74718,110940,131188,263,317,1777,349
ASM003991,EVT016,Dindigul,Dindigul Response Zone,T+48h,48,70203,93786,192338,134106,452,406,1902,0
ASM003992,EVT016,Dindigul,Dindigul Response Zone,T+48h,48,95542,96259,190878,137717,453,414,2176,722
ASM003993,EVT016,Dindigul,Dindigul Response Zone,T+48h,48,58490,87155,190171,130795,392,394,1787,0
ASM003994,EVT016,Dindigul,Dindigul Response Zone,T+48h,48,121687,97383,206964,153818,476,416,2360,526
ASM003995,EVT016,Dindigul,Dindigul Response Zone,T+48h,48,70438,101092,168088,148544,508,414,3455,163
ASM003996,EVT016,Dindigul,Dindigul Response Zone,T+72h,72,59151,72184,87820,117361,257,311,1295,0
ASM003997,EVT016,Dindigul,Dindigul Response Zone,T+72h,72,69665,97753,196594,151945,483,417,3583,840
ASM003998,EVT016,Dindigul,Dindigul Response Zone,T+72h,72,98062,100468,199710,153018,459,412,2245,0
ASM003999,EVT016,Dindigul,Dindigul Response Zone,T+72h,72,111852,92390,196627,145397,378,339,2716,0
ASM004000,EVT016,Dindigul,Dindigul Response Zone,T+72h,72,46427,67992,102686,125876,194,308,1965,0
ASM004001,EVT016,Salem,Salem Response Zone,T+0h,0,27924,54306,48013,91697,149,285,587,1089
ASM004002,EVT016,Salem,Salem Response Zone,T+0h,0,70501,72081,108232,134546,327,326,982,0
ASM004003,EVT016,Salem,Salem Response Zone,T+0h,0,36656,49378,71491,95182,161,286,1411,0
ASM004004,EVT016,Salem,Salem Response Zone,T+0h,0,86470,75584,159965,124624,371,387,914,0
ASM004005,EVT016,Salem,Salem Response Zone,T+0h,0,48891,53045,127786,105518,294,297,362,0
ASM004006,EVT016,Salem,Salem Response Zone,T+3h,3,127228,120003,174240,207729,532,537,1738,0
ASM004007,EVT016,Salem,Salem Response Zone,T+3h,3,46971,73583,92519,145226,389,392,1515,0
ASM004008,EVT016,Salem,Salem Response Zone,T+3h,3,107400,129714,152080,221303,603,607,1339,0
ASM004009,EVT016,Salem,Salem Response Zone,T+3h,3,85507,86425,163813,141764,459,433,3408,73
ASM004010,EVT016,Salem,Salem Response Zone,T+3h,3,123212,112251,179678,216388,494,500,966,0
ASM004011,EVT016,Salem,Salem Response Zone,T+6h,6,59861,58695,72643,92571,290,306,1566,0
ASM004012,EVT016,Salem,Salem Response Zone,T+6h,6,56353,76867,114289,149765,369,342,933,0
ASM004013,EVT016,Salem,Salem Response Zone,T+6h,6,101240,135990,232730,219117,600,608,2211,2161
ASM004014,EVT016,Salem,Salem Response Zone,T+6h,6,123849,136775,141717,217836,579,605,2174,325
ASM004015,EVT016,Salem,Salem Response Zone,T+6h,6,125379,136014,271052,224860,649,607,2652,362
ASM004016,EVT016,Salem,Salem Response Zone,T+12h,12,104879,125852,161266,236616,606,600,2211,0
ASM004017,EVT016,Salem,Salem Response Zone,T+12h,12,74697,77116,177198,143727,404,393,1781,0
ASM004018,EVT016,Salem,Salem Response Zone,T+12h,12,111813,93859,134760,141116,464,449,1964,0
ASM004019,EVT016,Salem,Salem Response Zone,T+12h,12,113501,139597,154890,225419,599,604,2702,1066
ASM004020,EVT016,Salem,Salem Response Zone,T+12h,12,106944,115857,148693,224921,536,540,3315,0
ASM004021,EVT016,Salem,Salem Response Zone,T+24h,24,133963,89168,147007,148447,394,390,3487,0
ASM004022,EVT016,Salem,Salem Response Zone,T+24h,24,108484,141806,221107,248812,648,610,4549,0
ASM004023,EVT016,Salem,Salem Response Zone,T+24h,24,82233,121040,199417,234241,533,538,4055,1607
ASM004024,EVT016,Salem,Salem Response Zone,T+24h,24,155120,137429,253051,234934,587,606,4114,964
ASM004025,EVT016,Salem,Salem Response Zone,T+24h,24,62049,79495,118134,135913,323,316,1301,0
ASM004026,EVT016,Salem,Salem Response Zone,T+36h,36,93136,92583,159673,128149,428,410,1203,0
ASM004027,EVT016,Salem,Salem Response Zone,T+36h,36,115504,138429,156454,250841,582,603,3121,2875
ASM004028,EVT016,Salem,Salem Response Zone,T+36h,36,107504,114768,221063,197216,513,519,1932,1253
ASM004029,EVT016,Salem,Salem Response Zone,T+36h,36,89214,78640,105370,124944,301,314,1807,0
ASM004030,EVT016,Salem,Salem Response Zone,T+36h,36,136049,114904,282626,234748,529,529,1405,0
ASM004031,EVT016,Salem,Salem Response Zone,T+48h,48,168474,142142,198398,248916,618,603,5649,3661
ASM004032,EVT016,Salem,Salem Response Zone,T+48h,48,91175,120641,136573,237695,528,543,4808,1603
ASM004033,EVT016,Salem,Salem Response Zone,T+48h,48,47658,66989,119422,120631,271,311,1580,0
ASM004034,EVT016,Salem,Salem Response Zone,T+48h,48,50461,82944,171877,143022,393,400,3099,877
ASM004035,EVT016,Salem,Salem Response Zone,T+48h,48,121410,135369,182699,248716,654,600,1909,0
ASM004036,EVT016,Salem,Salem Response Zone,T+72h,72,133733,97711,124337,150417,485,444,3768,0
ASM004037,EVT016,Salem,Salem Response Zone,T+72h,72,159636,143260,351931,239533,644,605,2805,0
ASM004038,EVT016,Salem,Salem Response Zone,T+72h,72,139602,144450,349563,283562,692,609,3697,0
ASM004039,EVT016,Salem,Salem Response Zone,T+72h,72,141736,141513,135155,287082,628,609,3843,3814
ASM004040,EVT016,Salem,Salem Response Zone,T+72h,72,92326,97780,164780,161593,488,425,2260,275
ASM004041,EVT017,Nilgiris,Nilgiris Response Zone,T+0h,0,91127,80977,221146,124750,424,432,2833,7870
ASM004042,EVT017,Nilgiris,Nilgiris Response Zone,T+0h,0,139287,122968,174567,244091,612,560,3005,6885
ASM004043,EVT017,Nilgiris,Nilgiris Response Zone,T+0h,0,64138,80043,129077,134723,431,436,1898,5022
ASM004044,EVT017,Nilgiris,Nilgiris Response Zone,T+0h,0,87812,81492,124157,138776,401,419,1037,2329
ASM004045,EVT017,Nilgiris,Nilgiris Response Zone,T+0h,0,122532,103294,120833,228274,509,505,1166,1436
ASM004046,EVT017,Nilgiris,Nilgiris Response Zone,T+3h,3,95159,107535,107630,218841,512,529,3513,3182
ASM004047,EVT017,Nilgiris,Nilgiris Response Zone,T+3h,3,132054,129641,234942,244662,557,587,1837,1789
ASM004048,EVT017,Nilgiris,Nilgiris Response Zone,T+3h,3,199220,115955,116433,233690,565,596,2873,5657
ASM004049,EVT017,Nilgiris,Nilgiris Response Zone,T+3h,3,112737,124285,197416,238674,594,608,4500,3420
ASM004050,EVT017,Nilgiris,Nilgiris Response Zone,T+3h,3,118248,114517,216342,226524,551,546,2029,3658
ASM004051,EVT017,Nilgiris,Nilgiris Response Zone,T+6h,6,77845,82990,98818,146979,437,431,1279,2335
ASM004052,EVT017,Nilgiris,Nilgiris Response Zone,T+6h,6,107627,110266,128698,229026,516,520,1474,1282
ASM004053,EVT017,Nilgiris,Nilgiris Response Zone,T+6h,6,125249,123929,256000,250617,571,556,5356,5926
ASM004054,EVT017,Nilgiris,Nilgiris Response Zone,T+6h,6,118487,115277,206441,236231,547,588,4813,3010
ASM004055,EVT017,Nilgiris,Nilgiris Response Zone,T+6h,6,87553,112985,146336,238409,533,552,3031,3404
ASM004056,EVT017,Nilgiris,Nilgiris Response Zone,T+12h,12,158778,182574,331391,309387,800,814,5675,6342
ASM004057,EVT017,Nilgiris,Nilgiris Response Zone,T+12h,12,191027,155608,308895,256091,720,710,3462,4170
ASM004058,EVT017,Nilgiris,Nilgiris Response Zone,T+12h,12,133835,141267,200363,251335,611,595,4367,0
ASM004059,EVT017,Nilgiris,Nilgiris Response Zone,T+12h,12,176892,147533,178334,282201,734,786,3210,834
ASM004060,EVT017,Nilgiris,Nilgiris Response Zone,T+12h,12,134547,150737,194939,235255,717,677,3592,580
ASM004061,EVT017,Nilgiris,Nilgiris Response Zone,T+24h,24,221896,192303,332288,446491,890,853,3867,522
ASM004062,EVT017,Nilgiris,Nilgiris Response Zone,T+24h,24,200386,197601,318877,386424,899,852,6081,8486
ASM004063,EVT017,Nilgiris,Nilgiris Response Zone,T+24h,24,131874,149000,330419,310539,731,654,5585,0
ASM004064,EVT017,Nilgiris,Nilgiris Response Zone,T+24h,24,199930,203134,225677,400547,851,854,7584,7514
ASM004065,EVT017,Nilgiris,Nilgiris Response Zone,T+24h,24,153934,196931,227452,413998,865,854,9573,8355
ASM004066,EVT017,Nilgiris,Nilgiris Response Zone,T+36h,36,127735,144039,267484,282594,689,612,4552,5659
ASM004067,EVT017,Nilgiris,Nilgiris Response Zone,T+36h,36,158118,146687,238923,291058,708,657,3661,7437
ASM004068,EVT017,Nilgiris,Nilgiris Response Zone,T+36h,36,126802,123470,178778,238007,552,545,2752,4268
ASM004069,EVT017,Nilgiris,Nilgiris Response Zone,T+36h,36,128486,144099,175478,338130,800,802,3697,285
ASM004070,EVT017,Nilgiris,Nilgiris Response Zone,T+36h,36,177163,150099,253240,313294,677,607,3568,4456
ASM004071,EVT017,Nilgiris,Nilgiris Response Zone,T+48h,48,170864,142693,257313,307887,701,642,2934,4795
ASM004072,EVT017,Nilgiris,Nilgiris Response Zone,T+48h,48,124019,145353,284985,258366,681,606,4207,1492
ASM004073,EVT017,Nilgiris,Nilgiris Response Zone,T+48h,48,108113,147953,263135,257301,678,617,3318,6518
ASM004074,EVT017,Nilgiris,Nilgiris Response Zone,T+48h,48,146631,152514,253808,296743,710,652,4270,4892
ASM004075,EVT017,Nilgiris,Nilgiris Response Zone,T+48h,48,160163,182505,390082,375767,832,829,3502,1112
ASM004076,EVT017,Nilgiris,Nilgiris Response Zone,T+72h,72,183599,191000,221021,372928,859,832,4123,4179
ASM004077,EVT017,Nilgiris,Nilgiris Response Zone,T+72h,72,170022,193771,351362,435982,866,855,6085,3739
ASM004078,EVT017,Nilgiris,Nilgiris Response Zone,T+72h,72,110894,152217,189395,348911,782,809,3303,4808
ASM004079,EVT017,Nilgiris,Nilgiris Response Zone,T+72h,72,163553,192694,242267,365534,808,830,4453,3666
ASM004080,EVT017,Nilgiris,Nilgiris Response Zone,T+72h,72,175991,191297,229649,435956,892,854,4482,2529
ASM004081,EVT017,Coimbatore,Coimbatore Response Zone,T+0h,0,388833,368729,685725,693963,1532,1561,7984,10414
ASM004082,EVT017,Coimbatore,Coimbatore Response Zone,T+0h,0,242148,325189,459131,560954,1323,1318,4579,11367
ASM004083,EVT017,Coimbatore,Coimbatore Response Zone,T+0h,0,392799,323861,448203,544193,1380,1359,6515,5797
ASM004084,EVT017,Coimbatore,Coimbatore Response Zone,T+0h,0,191772,316989,338786,514833,1310,1312,5832,4997
ASM004085,EVT017,Coimbatore,Coimbatore Response Zone,T+0h,0,467540,377014,558270,631722,1782,1798,8524,14242
ASM004086,EVT017,Coimbatore,Coimbatore Response Zone,T+3h,3,382524,412521,529892,706605,2045,2044,10888,11734
ASM004087,EVT017,Coimbatore,Coimbatore Response Zone,T+3h,3,462326,409138,678229,724471,1986,1973,9117,9842
ASM004088,EVT017,Coimbatore,Coimbatore Response Zone,T+3h,3,467145,483168,575169,908434,2246,2239,7521,14795
ASM004089,EVT017,Coimbatore,Coimbatore Response Zone,T+3h,3,503178,403646,897334,720283,1946,1962,8057,13709
ASM004090,EVT017,Coimbatore,Coimbatore Response Zone,T+3h,3,373046,405817,404454,751712,2014,2006,8380,6595
ASM004091,EVT017,Coimbatore,Coimbatore Response Zone,T+6h,6,318991,403697,544198,703793,1959,1962,13089,16495
ASM004092,EVT017,Coimbatore,Coimbatore Response Zone,T+6h,6,471969,415351,841607,614538,1722,1646,4949,6582
ASM004093,EVT017,Coimbatore,Coimbatore Response Zone,T+6h,6,313894,358918,454395,563860,1562,1570,4989,7423
ASM004094,EVT017,Coimbatore,Coimbatore Response Zone,T+6h,6,363424,427644,385917,578724,1689,1688,4723,5981
ASM004095,EVT017,Coimbatore,Coimbatore Response Zone,T+6h,6,435968,385240,568024,606573,1699,1693,5769,7922
ASM004096,EVT017,Coimbatore,Coimbatore Response Zone,T+12h,12,404348,587521,684961,919105,2590,2583,8284,12898
ASM004097,EVT017,Coimbatore,Coimbatore Response Zone,T+12h,12,558633,563162,657355,932453,2390,2370,9671,21554
ASM004098,EVT017,Coimbatore,Coimbatore Response Zone,T+12h,12,443390,573188,608660,910398,2533,2509,20607,17943
ASM004099,EVT017,Coimbatore,Coimbatore Response Zone,T+12h,12,448513,490701,1477484,851067,2181,2192,17079,16278
ASM004100,EVT017,Coimbatore,Coimbatore Response Zone,T+12h,12,476752,494403,709737,940197,2214,2200,8997,17318
ASM004101,EVT017,Coimbatore,Coimbatore Response Zone,T+24h,24,470010,654419,662328,1062590,2999,3027,15361,20258
ASM004102,EVT017,Coimbatore,Coimbatore Response Zone,T+24h,24,525170,668780,1528202,1088227,2963,2981,12605,21892
ASM004103,EVT017,Coimbatore,Coimbatore Response Zone,T+24h,24,754251,607775,1191109,1081738,2580,2602,15906,21415
ASM004104,EVT017,Coimbatore,Coimbatore Response Zone,T+24h,24,786084,668628,964053,1291048,3143,3145,18447,27861
ASM004105,EVT017,Coimbatore,Coimbatore Response Zone,T+24h,24,577607,609218,800385,1057180,2741,2736,14080,20570
ASM004106,EVT017,Coimbatore,Coimbatore Response Zone,T+36h,36,666235,707217,1324163,1102523,2738,2883,36141,26239
ASM004107,EVT017,Coimbatore,Coimbatore Response Zone,T+36h,36,557783,571641,988710,1072466,2841,2834,16662,24985
ASM004108,EVT017,Coimbatore,Coimbatore Response Zone,T+36h,36,947090,777715,753797,1350137,3647,3633,13576,24199
ASM004109,EVT017,Coimbatore,Coimbatore Response Zone,T+36h,36,609796,706510,1731306,1070565,2946,2988,14366,25959
ASM004110,EVT017,Coimbatore,Coimbatore Response Zone,T+36h,36,615846,558722,881052,1077667,2750,2732,17169,16685
ASM004111,EVT017,Coimbatore,Coimbatore Response Zone,T+48h,48,645275,537100,1325688,1058038,2250,2256,9041,18927
ASM004112,EVT017,Coimbatore,Coimbatore Response Zone,T+48h,48,441296,492738,1261074,1041731,2335,2304,11916,19320
ASM004113,EVT017,Coimbatore,Coimbatore Response Zone,T+48h,48,893720,730570,868097,1382745,3021,2998,24239,21484
ASM004114,EVT017,Coimbatore,Coimbatore Response Zone,T+48h,48,462762,697296,1406241,1100051,2895,2889,18204,23602
ASM004115,EVT017,Coimbatore,Coimbatore Response Zone,T+48h,48,695780,505027,741667,992708,2291,2279,13155,16825
ASM004116,EVT017,Coimbatore,Coimbatore Response Zone,T+72h,72,538110,569631,604063,1039408,2779,2790,21239,15629
ASM004117,EVT017,Coimbatore,Coimbatore Response Zone,T+72h,72,519431,579636,827489,1066845,2555,2554,11038,14369
ASM004118,EVT017,Coimbatore,Coimbatore Response Zone,T+72h,72,330816,468082,954195,944216,2293,2286,11845,20396
ASM004119,EVT017,Coimbatore,Coimbatore Response Zone,T+72h,72,455009,500479,773725,980489,2216,2234,10887,16152
ASM004120,EVT017,Coimbatore,Coimbatore Response Zone,T+72h,72,461208,536240,939407,1082831,2606,2634,11454,22301
ASM004121,EVT017,Dharmapuri,Dharmapuri Response Zone,T+0h,0,184915,211329,447902,339714,1020,987,6851,5737
ASM004122,EVT017,Dharmapuri,Dharmapuri Response Zone,T+0h,0,211130,225284,361272,379423,1025,1008,6287,8612
ASM004123,EVT017,Dharmapuri,Dharmapuri Response Zone,T+0h,0,197113,167010,206840,256522,770,766,2970,3025
ASM004124,EVT017,Dharmapuri,Dharmapuri Response Zone,T+0h,0,201203,216854,374232,328402,913,934,7140,7093
ASM004125,EVT017,Dharmapuri,Dharmapuri Response Zone,T+0h,0,185962,184406,303562,291329,799,804,3960,8290
ASM004126,EVT017,Dharmapuri,Dharmapuri Response Zone,T+3h,3,119599,167462,128954,256929,740,710,2608,5065
ASM004127,EVT017,Dharmapuri,Dharmapuri Response Zone,T+3h,3,130224,159139,271538,261505,710,716,2358,1825
ASM004128,EVT017,Dharmapuri,Dharmapuri Response Zone,T+3h,3,276022,232313,338000,362015,948,938,3248,4978
ASM004129,EVT017,Dharmapuri,Dharmapuri Response Zone,T+3h,3,179094,211508,351469,346998,1005,979,6682,10909
ASM004130,EVT017,Dharmapuri,Dharmapuri Response Zone,T+3h,3,267772,223657,392515,286182,955,910,6283,8671
ASM004131,EVT017,Dharmapuri,Dharmapuri Response Zone,T+6h,6,238894,270404,340315,422855,1235,1237,6156,9666
ASM004132,EVT017,Dharmapuri,Dharmapuri Response Zone,T+6h,6,246678,273651,433186,432261,1265,1256,7346,8784
ASM004133,EVT017,Dharmapuri,Dharmapuri Response Zone,T+6h,6,282754,271152,240585,397549,1149,1156,4573,4872
ASM004134,EVT017,Dharmapuri,Dharmapuri Response Zone,T+6h,6,281249,235164,402076,400762,1072,1068,8883,10077
ASM004135,EVT017,Dharmapuri,Dharmapuri Response Zone,T+6h,6,233582,261875,630703,412717,1158,1172,5154,9056
ASM004136,EVT017,Dharmapuri,Dharmapuri Response Zone,T+12h,12,189839,231626,245040,339981,993,1009,2012,2759
ASM004137,EVT017,Dharmapuri,Dharmapuri Response Zone,T+12h,12,241701,279488,315010,420015,1270,1234,5917,5434
ASM004138,EVT017,Dharmapuri,Dharmapuri Response Zone,T+12h,12,249756,259970,321022,399607,1109,1129,9745,10237
ASM004139,EVT017,Dharmapuri,Dharmapuri Response Zone,T+12h,12,304986,272760,430401,401918,1300,1294,9409,10713
ASM004140,EVT017,Dharmapuri,Dharmapuri Response Zone,T+12h,12,258554,274921,313769,404601,1324,1310,5835,8340
ASM004141,EVT017,Dharmapuri,Dharmapuri Response Zone,T+24h,24,416440,436290,699860,566452,1721,1715,7629,13187
ASM004142,EVT017,Dharmapuri,Dharmapuri Response Zone,T+24h,24,511569,429122,796403,558190,1708,1707,14196,15942
ASM004143,EVT017,Dharmapuri,Dharmapuri Response Zone,T+24h,24,392678,417715,686300,651588,1690,1696,7991,6981
ASM004144,EVT017,Dharmapuri,Dharmapuri Response Zone,T+24h,24,390320,432396,405073,547267,1663,1664,10365,14038
ASM004145,EVT017,Dharmapuri,Dharmapuri Response Zone,T+24h,24,265245,415708,797831,585794,1663,1674,18597,13994
ASM004146,EVT017,Dharmapuri,Dharmapuri Response Zone,T+36h,36,174779,336551,671029,499506,1391,1385,6716,13350
ASM004147,EVT017,Dharmapuri,Dharmapuri Response Zone,T+36h,36,305441,276196,605298,527198,1230,1246,13239,9521
ASM004148,EVT017,Dharmapuri,Dharmapuri Response Zone,T+36h,36,348663,387630,668749,547293,1729,1722,9468,11836
ASM004149,EVT017,Dharmapuri,Dharmapuri Response Zone,T+36h,36,297723,346793,626086,556949,1520,1519,6299,15049
ASM004150,EVT017,Dharmapuri,Dharmapuri Response Zone,T+36h,36,353769,352294,727062,567650,1526,1522,6370,7487
ASM004151,EVT017,Dharmapuri,Dharmapuri Response Zone,T+48h,48,301252,340276,868723,545303,1396,1413,12645,14136
ASM004152,EVT017,Dharmapuri,Dharmapuri Response Zone,T+48h,48,366950,330819,380748,517570,1346,1328,4248,4711
ASM004153,EVT017,Dharmapuri,Dharmapuri Response Zone,T+48h,48,333891,339627,747096,558961,1592,1593,5933,11559
ASM004154,EVT017,Dharmapuri,Dharmapuri Response Zone,T+48h,48,249700,301509,478715,543242,1304,1316,5818,7020
ASM004155,EVT017,Dharmapuri,Dharmapuri Response Zone,T+48h,48,363444,331755,516159,529773,1355,1338,7153,12685
ASM004156,EVT017,Dharmapuri,Dharmapuri Response Zone,T+72h,72,277414,331899,340548,508599,1318,1321,7757,8033
ASM004157,EVT017,Dharmapuri,Dharmapuri Response Zone,T+72h,72,257629,240087,374499,422804,1055,1053,6892,6424
ASM004158,EVT017,Dharmapuri,Dharmapuri Response Zone,T+72h,72,204597,236854,303155,423395,1013,1017,3756,6029
ASM004159,EVT017,Dharmapuri,Dharmapuri Response Zone,T+72h,72,239736,284518,414585,481839,1231,1230,4704,8045
ASM004160,EVT017,Dharmapuri,Dharmapuri Response Zone,T+72h,72,283884,284037,355224,520715,1289,1284,6077,5591
ASM004161,EVT017,Krishnagiri,Krishnagiri Response Zone,T+0h,0,196034,198995,278866,372634,909,909,2963,4011
ASM004162,EVT017,Krishnagiri,Krishnagiri Response Zone,T+0h,0,222141,205249,306304,351718,978,962,4067,11118
ASM004163,EVT017,Krishnagiri,Krishnagiri Response Zone,T+0h,0,215130,246051,371559,395474,1049,1085,3682,6413
ASM004164,EVT017,Krishnagiri,Krishnagiri Response Zone,T+0h,0,170443,262818,255676,472020,1225,1222,4112,4222
ASM004165,EVT017,Krishnagiri,Krishnagiri Response Zone,T+0h,0,187581,217563,223537,329241,1008,1012,4316,3545
ASM004166,EVT017,Krishnagiri,Krishnagiri Response Zone,T+3h,3,236352,206790,374816,347646,971,954,5310,11857
ASM004167,EVT017,Krishnagiri,Krishnagiri Response Zone,T+3h,3,196401,228903,280622,423839,978,978,4794,9756
ASM004168,EVT017,Krishnagiri,Krishnagiri Response Zone,T+3h,3,202670,208080,435135,423048,1013,997,5121,3463
ASM004169,EVT017,Krishnagiri,Krishnagiri Response Zone,T+3h,3,245740,216065,339351,379651,950,944,2267,4105
ASM004170,EVT017,Krishnagiri,Krishnagiri Response Zone,T+3h,3,158177,204070,352735,292383,850,866,2738,8998
ASM004171,EVT017,Krishnagiri,Krishnagiri Response Zone,T+6h,6,123641,176385,386186,262305,833,796,4248,5651
ASM004172,EVT017,Krishnagiri,Krishnagiri Response Zone,T+6h,6,214183,241406,331222,387201,1116,1110,5137,7074
ASM004173,EVT017,Krishnagiri,Krishnagiri Response Zone,T+6h,6,177052,198890,271564,303889,902,900,3532,5221
ASM004174,EVT017,Krishnagiri,Krishnagiri Response Zone,T+6h,6,174929,221955,424190,369200,1063,1040,6111,5393
ASM004175,EVT017,Krishnagiri,Krishnagiri Response Zone,T+6h,6,185483,200989,376479,344237,969,920,8919,11860
ASM004176,EVT017,Krishnagiri,Krishnagiri Response Zone,T+12h,12,289859,281647,388037,425553,1347,1336,3176,5237
ASM004177,EVT017,Krishnagiri,Krishnagiri Response Zone,T+12h,12,316711,384727,746389,592709,1558,1558,9690,17238
ASM004178,EVT017,Krishnagiri,Krishnagiri Response Zone,T+12h,12,317399,341375,445538,502181,1582,1593,15445,7397
ASM004179,EVT017,Krishnagiri,Krishnagiri Response Zone,T+12h,12,380469,310358,429091,430849,1378,1369,9463,10727
ASM004180,EVT017,Krishnagiri,Krishnagiri Response Zone,T+12h,12,246365,311189,422157,439945,1347,1336,8672,9353
ASM004181,EVT017,Krishnagiri,Krishnagiri Response Zone,T+24h,24,356145,344856,473528,522074,1567,1561,15490,14617
ASM004182,EVT017,Krishnagiri,Krishnagiri Response Zone,T+24h,24,301412,350441,579700,581230,1506,1508,7937,9001
ASM004183,EVT017,Krishnagiri,Krishnagiri Response Zone,T+24h,24,317860,431174,941442,549813,1752,1756,16114,16480
ASM004184,EVT017,Krishnagiri,Krishnagiri Response Zone,T+24h,24,343598,426527,753693,667151,1838,1863,14444,15675
ASM004185,EVT017,Krishnagiri,Krishnagiri Response Zone,T+24h,24,359015,450274,704335,721240,1959,1931,15522,17346
ASM004186,EVT017,Krishnagiri,Krishnagiri Response Zone,T+36h,36,285051,277163,426120,444731,1250,1231,4418,3305
ASM004187,EVT017,Krishnagiri,Krishnagiri Response Zone,T+36h,36,404895,279017,467271,430548,1166,1169,5848,5637
ASM004188,EVT017,Krishnagiri,Krishnagiri Response Zone,T+36h,36,258174,321241,610566,466020,1392,1406,5018,6033
ASM004189,EVT017,Krishnagiri,Krishnagiri Response Zone,T+36h,36,202893,213781,439042,383928,991,995,5139,4841
ASM004190,EVT017,Krishnagiri,Krishnagiri Response Zone,T+36h,36,273864,283715,450831,464551,1339,1340,5617,10933
ASM004191,EVT017,Krishnagiri,Krishnagiri Response Zone,T+48h,48,307064,279855,523955,498366,1253,1273,5175,8114
ASM004192,EVT017,Krishnagiri,Krishnagiri Response Zone,T+48h,48,332921,347740,628187,571899,1385,1409,8451,12480
ASM004193,EVT017,Krishnagiri,Krishnagiri Response Zone,T+48h,48,358977,270193,362439,472470,1315,1292,4356,4677
ASM004194,EVT017,Krishnagiri,Krishnagiri Response Zone,T+48h,48,184194,324588,527599,521772,1284,1301,5220,7597
ASM004195,EVT017,Krishnagiri,Krishnagiri Response Zone,T+48h,48,189961,321620,321718,513330,1394,1410,9291,14576
ASM004196,EVT017,Krishnagiri,Krishnagiri Response Zone,T+72h,72,355481,438351,801014,721448,1838,1843,16202,19937
ASM004197,EVT017,Krishnagiri,Krishnagiri Response Zone,T+72h,72,433873,377152,674723,680939,1519,1535,8574,6396
ASM004198,EVT017,Krishnagiri,Krishnagiri Response Zone,T+72h,72,285906,431915,832478,700939,1916,1915,10969,16028
ASM004199,EVT017,Krishnagiri,Krishnagiri Response Zone,T+72h,72,182779,336363,509105,571745,1547,1551,12025,7358
ASM004200,EVT017,Krishnagiri,Krishnagiri Response Zone,T+72h,72,375945,340100,593516,600331,1515,1511,7817,4473
ASM004201,EVT017,Erode,Erode Response Zone,T+0h,0,249572,257410,540778,431426,1173,1168,5711,4599
ASM004202,EVT017,Erode,Erode Response Zone,T+0h,0,196541,252243,575830,461802,1140,1155,6317,8390
ASM004203,EVT017,Erode,Erode Response Zone,T+0h,0,252118,347694,495849,569787,1464,1454,7995,9172
ASM004204,EVT017,Erode,Erode Response Zone,T+0h,0,258781,330837,533867,598812,1532,1541,12241,11172
ASM004205,EVT017,Erode,Erode Response Zone,T+0h,0,295858,319473,621976,543718,1413,1402,9903,10276
ASM004206,EVT017,Erode,Erode Response Zone,T+3h,3,229154,299225,280214,501916,1263,1264,6300,4593
ASM004207,EVT017,Erode,Erode Response Zone,T+3h,3,295988,319176,397409,471885,1322,1320,5722,5551
ASM004208,EVT017,Erode,Erode Response Zone,T+3h,3,147982,309811,590090,451920,1304,1301,7137,7724
ASM004209,EVT017,Erode,Erode Response Zone,T+3h,3,264845,346835,687331,594883,1527,1550,15628,15216
ASM004210,EVT017,Erode,Erode Response Zone,T+3h,3,220231,303074,503113,461474,1425,1437,7073,11294
ASM004211,EVT017,Erode,Erode Response Zone,T+6h,6,299320,349642,346041,575725,1600,1603,6796,8528
ASM004212,EVT017,Erode,Erode Response Zone,T+6h,6,248429,314228,437756,498277,1277,1302,5528,9599
ASM004213,EVT017,Erode,Erode Response Zone,T+6h,6,345012,298573,416820,508645,1417,1414,10732,9893
ASM004214,EVT017,Erode,Erode Response Zone,T+6h,6,153175,230314,390259,389833,1037,1066,7183,6335
ASM004215,EVT017,Erode,Erode Response Zone,T+6h,6,297915,309707,387079,527823,1369,1363,6531,9236
ASM004216,EVT017,Erode,Erode Response Zone,T+12h,12,446280,437339,496960,760222,2043,2036,7747,15527
ASM004217,EVT017,Erode,Erode Response Zone,T+12h,12,551540,417208,367816,662478,1960,1968,12238,13587
ASM004218,EVT017,Erode,Erode Response Zone,T+12h,12,374083,443541,898077,728972,2121,2119,9507,16913
ASM004219,EVT017,Erode,Erode Response Zone,T+12h,12,387917,409661,544313,629020,1870,1865,8197,16364
ASM004220,EVT017,Erode,Erode Response Zone,T+12h,12,242197,393778,578422,579952,1739,1734,7255,14247
ASM004221,EVT017,Erode,Erode Response Zone,T+24h,24,326936,528401,917539,1070084,2589,2602,18985,22897
ASM004222,EVT017,Erode,Erode Response Zone,T+24h,24,618823,541989,704896,1132047,2516,2548,26277,22430
ASM004223,EVT017,Erode,Erode Response Zone,T+24h,24,483160,472248,619651,1111830,2425,2442,16248,20889
ASM004224,EVT017,Erode,Erode Response Zone,T+24h,24,662013,526527,684615,1010587,2533,2550,14143,16766
ASM004225,EVT017,Erode,Erode Response Zone,T+24h,24,399143,513663,749804,1004665,2639,2631,21626,19057
ASM004226,EVT017,Erode,Erode Response Zone,T+36h,36,462014,411565,786332,890677,1910,1893,6500,13546
ASM004227,EVT017,Erode,Erode Response Zone,T+36h,36,492322,362919,478011,567826,1551,1547,9702,10171
ASM004228,EVT017,Erode,Erode Response Zone,T+36h,36,442977,416138,1116534,885183,1877,1889,12295,16670
ASM004229,EVT017,Erode,Erode Response Zone,T+36h,36,462642,428747,955458,964022,2003,2005,10911,11467
ASM004230,EVT017,Erode,Erode Response Zone,T+36h,36,350344,389490,716619,553476,1684,1690,5900,6350
ASM004231,EVT017,Erode,Erode Response Zone,T+48h,48,377742,532518,855138,1107292,2443,2493,10457,17467
ASM004232,EVT017,Erode,Erode Response Zone,T+48h,48,681990,533084,1271636,1040867,2482,2508,12828,15184
ASM004233,EVT017,Erode,Erode Response Zone,T+48h,48,464571,543494,851136,1183317,2486,2533,24945,18952
ASM004234,EVT017,Erode,Erode Response Zone,T+48h,48,517390,452019,811737,1129041,2219,2232,18038,17632
ASM004235,EVT017,Erode,Erode Response Zone,T+48h,48,374574,511729,940767,1012491,2369,2486,14863,22185
ASM004236,EVT017,Erode,Erode Response Zone,T+72h,72,387436,506914,991450,1010307,2280,2323,8407,16906
ASM004237,EVT017,Erode,Erode Response Zone,T+72h,72,612524,465287,936077,1078649,2133,2167,8274,18380
ASM004238,EVT017,Erode,Erode Response Zone,T+72h,72,433089,478552,684022,1155143,2254,2261,14789,11831
ASM004239,EVT017,Erode,Erode Response Zone,T+72h,72,692524,538203,751340,1294851,2383,2465,8262,12888
ASM004240,EVT017,Erode,Erode Response Zone,T+72h,72,479392,481119,950506,1112667,2270,2265,8787,12517
ASM004241,EVT017,Dindigul,Dindigul Response Zone,T+0h,0,118984,185021,344698,270436,828,803,7277,9063
ASM004242,EVT017,Dindigul,Dindigul Response Zone,T+0h,0,194995,172642,240866,270814,808,784,2015,6528
ASM004243,EVT017,Dindigul,Dindigul Response Zone,T+0h,0,153824,189774,190645,270352,819,814,6115,6633
ASM004244,EVT017,Dindigul,Dindigul Response Zone,T+0h,0,208559,196780,285666,282183,843,851,4235,8467
ASM004245,EVT017,Dindigul,Dindigul Response Zone,T+0h,0,213270,216341,395864,433783,1012,999,2766,5652
ASM004246,EVT017,Dindigul,Dindigul Response Zone,T+3h,3,156690,225601,530245,397721,1010,1013,4009,4547
ASM004247,EVT017,Dindigul,Dindigul Response Zone,T+3h,3,188231,202321,215555,257289,879,879,2833,4517
ASM004248,EVT017,Dindigul,Dindigul Response Zone,T+3h,3,327904,215431,302656,390138,991,989,4409,4893
ASM004249,EVT017,Dindigul,Dindigul Response Zone,T+3h,3,206015,200088,277360,314434,886,881,3175,6565
ASM004250,EVT017,Dindigul,Dindigul Response Zone,T+3h,3,194881,202355,452669,305333,920,916,2688,7502
ASM004251,EVT017,Dindigul,Dindigul Response Zone,T+6h,6,265066,228055,359071,342198,1035,1032,6997,12374
ASM004252,EVT017,Dindigul,Dindigul Response Zone,T+6h,6,214063,231618,267455,305935,994,1006,3817,8885
ASM004253,EVT017,Dindigul,Dindigul Response Zone,T+6h,6,310636,324239,563760,517256,1496,1495,10304,13861
ASM004254,EVT017,Dindigul,Dindigul Response Zone,T+6h,6,188715,246394,345899,413808,1150,1164,4237,8572
ASM004255,EVT017,Dindigul,Dindigul Response Zone,T+6h,6,216232,245710,238657,364241,1004,1021,3989,5104
ASM004256,EVT017,Dindigul,Dindigul Response Zone,T+12h,12,334304,310796,352661,488245,1354,1370,8362,9804
ASM004257,EVT017,Dindigul,Dindigul Response Zone,T+12h,12,222272,308175,682145,480219,1302,1298,8988,13495
ASM004258,EVT017,Dindigul,Dindigul Response Zone,T+12h,12,384521,322901,515333,479306,1448,1435,9324,11400
ASM004259,EVT017,Dindigul,Dindigul Response Zone,T+12h,12,329575,391458,520295,538316,1775,1764,7171,5764
ASM004260,EVT017,Dindigul,Dindigul Response Zone,T+12h,12,280103,390226,501792,593393,1681,1674,6694,13541
ASM004261,EVT017,Dindigul,Dindigul Response Zone,T+24h,24,401443,342752,604294,544921,1490,1494,7690,9626
ASM004262,EVT017,Dindigul,Dindigul Response Zone,T+24h,24,304608,340359,595685,528857,1494,1482,2909,8582
ASM004263,EVT017,Dindigul,Dindigul Response Zone,T+24h,24,322177,282057,496895,558025,1263,1281,5600,2782
ASM004264,EVT017,Dindigul,Dindigul Response Zone,T+24h,24,371575,424955,682514,774958,1902,1905,7149,9827
ASM004265,EVT017,Dindigul,Dindigul Response Zone,T+24h,24,297031,324804,652126,508647,1316,1328,5734,9930
ASM004266,EVT017,Dindigul,Dindigul Response Zone,T+36h,36,389343,381681,615165,537457,1680,1685,10974,12813
ASM004267,EVT017,Dindigul,Dindigul Response Zone,T+36h,36,362838,358945,453010,542327,1593,1578,10773,9505
ASM004268,EVT017,Dindigul,Dindigul Response Zone,T+36h,36,195671,300767,437998,486494,1407,1407,7198,9581
ASM004269,EVT017,Dindigul,Dindigul Response Zone,T+36h,36,244937,332219,325087,521797,1458,1467,6471,10930
ASM004270,EVT017,Dindigul,Dindigul Response Zone,T+36h,36,414654,376888,1004012,557688,1505,1526,10332,13828
ASM004271,EVT017,Dindigul,Dindigul Response Zone,T+48h,48,399563,424036,867086,890142,2059,2059,6742,13156
ASM004272,EVT017,Dindigul,Dindigul Response Zone,T+48h,48,357589,407742,552517,717649,1860,1846,8345,11901
ASM004273,EVT017,Dindigul,Dindigul Response Zone,T+48h,48,307003,437428,652176,735693,1986,1957,16946,14786
ASM004274,EVT017,Dindigul,Dindigul Response Zone,T+48h,48,293590,405165,551328,563229,1660,1662,12119,16254
ASM004275,EVT017,Dindigul,Dindigul Response Zone,T+48h,48,256183,442140,945002,563664,1772,1766,5186,10093
ASM004276,EVT017,Dindigul,Dindigul Response Zone,T+72h,72,342829,377882,424540,569589,1676,1673,5374,11814
ASM004277,EVT017,Dindigul,Dindigul Response Zone,T+72h,72,347992,405979,721447,697754,1844,1840,13575,17735
ASM004278,EVT017,Dindigul,Dindigul Response Zone,T+72h,72,283967,370586,573413,614078,1556,1570,10910,12386
ASM004279,EVT017,Dindigul,Dindigul Response Zone,T+72h,72,346480,382758,715965,698851,1637,1622,4316,7116
ASM004280,EVT017,Dindigul,Dindigul Response Zone,T+72h,72,405126,399750,629175,564405,1771,1769,10937,11426
ASM004281,EVT017,Salem,Salem Response Zone,T+0h,0,432936,321666,304931,514511,1317,1323,11928,11826
ASM004282,EVT017,Salem,Salem Response Zone,T+0h,0,216404,320982,435765,540568,1445,1440,8920,7014
ASM004283,EVT017,Salem,Salem Response Zone,T+0h,0,401923,348696,423790,580751,1506,1519,10899,15574
ASM004284,EVT017,Salem,Salem Response Zone,T+0h,0,335544,311786,475771,494835,1313,1314,8765,12210
ASM004285,EVT017,Salem,Salem Response Zone,T+0h,0,256416,314440,666986,530105,1542,1531,2537,4004
ASM004286,EVT017,Salem,Salem Response Zone,T+3h,3,312846,325916,320507,540340,1562,1551,16061,10408
ASM004287,EVT017,Salem,Salem Response Zone,T+3h,3,279143,336690,430223,577154,1523,1509,8730,15695
ASM004288,EVT017,Salem,Salem Response Zone,T+3h,3,336265,343209,452139,562585,1533,1542,5452,8456
ASM004289,EVT017,Salem,Salem Response Zone,T+3h,3,408509,309989,440192,597372,1427,1428,6589,6736
ASM004290,EVT017,Salem,Salem Response Zone,T+3h,3,385904,375015,650658,602214,1656,1659,10855,7453
ASM004291,EVT017,Salem,Salem Response Zone,T+6h,6,296720,278782,408484,509221,1204,1220,10172,5369
ASM004292,EVT017,Salem,Salem Response Zone,T+6h,6,255621,312417,509210,496605,1430,1410,6901,8964
ASM004293,EVT017,Salem,Salem Response Zone,T+6h,6,249737,368295,458482,617404,1689,1694,8508,8296
ASM004294,EVT017,Salem,Salem Response Zone,T+6h,6,243570,297733,441769,463000,1186,1192,6977,8085
ASM004295,EVT017,Salem,Salem Response Zone,T+6h,6,384101,342575,589072,610872,1430,1420,4896,8008
ASM004296,EVT017,Salem,Salem Response Zone,T+12h,12,250507,371089,438747,574513,1737,1730,10701,7133
ASM004297,EVT017,Salem,Salem Response Zone,T+12h,12,332001,425306,816930,771500,2023,2033,11267,18008
ASM004298,EVT017,Salem,Salem Response Zone,T+12h,12,433124,471901,704132,764055,2169,2152,22153,18260
ASM004299,EVT017,Salem,Salem Response Zone,T+12h,12,269240,339232,684212,598086,1679,1660,12887,9567
ASM004300,EVT017,Salem,Salem Response Zone,T+12h,12,295258,367327,536163,582853,1695,1723,12581,12284
ASM004301,EVT017,Salem,Salem Response Zone,T+24h,24,368970,432330,756643,752326,1809,1817,18877,13020
ASM004302,EVT017,Salem,Salem Response Zone,T+24h,24,352859,453547,775269,1024771,2241,2260,20905,12013
ASM004303,EVT017,Salem,Salem Response Zone,T+24h,24,454818,577523,939077,1039337,2546,2589,15898,22454
ASM004304,EVT017,Salem,Salem Response Zone,T+24h,24,637851,582506,989744,1065185,2710,2726,11049,17240
ASM004305,EVT017,Salem,Salem Response Zone,T+24h,24,440182,603364,1121485,1083480,2691,2690,9084,20902
ASM004306,EVT017,Salem,Salem Response Zone,T+36h,36,281352,394410,485623,793456,1733,1751,16890,10461
ASM004307,EVT017,Salem,Salem Response Zone,T+36h,36,391677,424817,1156780,975232,2073,2064,13576,19868
ASM004308,EVT017,Salem,Salem Response Zone,T+36h,36,401707,341977,360451,683246,1599,1583,7387,3587
ASM004309,EVT017,Salem,Salem Response Zone,T+36h,36,400076,417382,599277,859236,1866,1865,7534,11370
ASM004310,EVT017,Salem,Salem Response Zone,T+36h,36,421769,445694,776339,939052,2228,2249,18870,14099
ASM004311,EVT017,Salem,Salem Response Zone,T+48h,48,486801,486684,902983,1066001,2237,2309,9995,14501
ASM004312,EVT017,Salem,Salem Response Zone,T+48h,48,401529,618092,1402386,1044205,2740,2699,8567,16399
ASM004313,EVT017,Salem,Salem Response Zone,T+48h,48,568802,537797,540461,965228,2505,2486,10010,13410
ASM004314,EVT017,Salem,Salem Response Zone,T+48h,48,595391,607396,798012,1131542,2661,2675,9392,12667
ASM004315,EVT017,Salem,Salem Response Zone,T+48h,48,471763,561989,504248,1082707,2422,2432,13957,14302
ASM004316,EVT017,Salem,Salem Response Zone,T+72h,72,619007,541728,900493,1059647,2390,2403,15476,20297
ASM004317,EVT017,Salem,Salem Response Zone,T+72h,72,356797,475714,823824,931024,2114,2101,12934,13860
ASM004318,EVT017,Salem,Salem Response Zone,T+72h,72,542798,453228,1091227,952992,2019,2017,8504,10633
ASM004319,EVT017,Salem,Salem Response Zone,T+72h,72,491424,472023,824247,960914,2306,2297,8525,12963
ASM004320,EVT017,Salem,Salem Response Zone,T+72h,72,478189,525078,1155929,1006073,2354,2360,11539,18125
ASM004321,EVT017,Theni,Theni Response Zone,T+0h,0,122694,119451,231065,239158,575,571,4802,3962
ASM004322,EVT017,Theni,Theni Response Zone,T+0h,0,177456,200991,263008,276441,864,880,4356,6721
ASM004323,EVT017,Theni,Theni Response Zone,T+0h,0,250587,198794,222305,335283,1048,963,2336,5543
ASM004324,EVT017,Theni,Theni Response Zone,T+0h,0,136169,185643,293522,268496,773,775,3378,7361
ASM004325,EVT017,Theni,Theni Response Zone,T+0h,0,149383,192113,198552,290329,828,801,5089,8581
ASM004326,EVT017,Theni,Theni Response Zone,T+3h,3,200093,177063,364507,266434,796,771,6329,7135
ASM004327,EVT017,Theni,Theni Response Zone,T+3h,3,143897,164967,242595,295037,787,762,3376,1910
ASM004328,EVT017,Theni,Theni Response Zone,T+3h,3,178111,169474,329658,245315,698,699,2899,7411
ASM004329,EVT017,Theni,Theni Response Zone,T+3h,3,242126,185491,244562,269372,824,800,6682,6173
ASM004330,EVT017,Theni,Theni Response Zone,T+3h,3,144472,178954,261527,302476,774,765,2683,750
ASM004331,EVT017,Theni,Theni Response Zone,T+6h,6,213781,214926,311393,281824,940,936,5950,5188
ASM004332,EVT017,Theni,Theni Response Zone,T+6h,6,159490,220568,314744,335987,1034,1003,3053,3983
ASM004333,EVT017,Theni,Theni Response Zone,T+6h,6,212598,203954,272786,302328,898,884,2971,9733
ASM004334,EVT017,Theni,Theni Response Zone,T+6h,6,234754,273750,399124,403901,1120,1129,3550,8843
ASM004335,EVT017,Theni,Theni Response Zone,T+6h,6,226044,235129,265848,329594,1040,1031,2111,9208
ASM004336,EVT017,Theni,Theni Response Zone,T+12h,12,174744,219537,236927,311029,991,984,9806,7606
ASM004337,EVT017,Theni,Theni Response Zone,T+12h,12,169549,271213,505183,391274,1184,1179,5978,6099
ASM004338,EVT017,Theni,Theni Response Zone,T+12h,12,218618,216990,386131,310890,922,959,4843,9507
ASM004339,EVT017,Theni,Theni Response Zone,T+12h,12,126418,245286,315060,299245,955,961,6722,9410
ASM004340,EVT017,Theni,Theni Response Zone,T+12h,12,231935,291546,601375,389250,1347,1313,7912,10542
ASM004341,EVT017,Theni,Theni Response Zone,T+24h,24,345869,298146,465239,501667,1329,1317,9983,10510
ASM004342,EVT017,Theni,Theni Response Zone,T+24h,24,281220,292979,656781,499373,1262,1263,11907,10899
ASM004343,EVT017,Theni,Theni Response Zone,T+24h,24,448332,320718,564355,500011,1469,1480,8445,12365
ASM004344,EVT017,Theni,Theni Response Zone,T+24h,24,366510,348064,412815,512784,1426,1413,7604,13849
ASM004345,EVT017,Theni,Theni Response Zone,T+24h,24,223226,258152,669517,452955,1186,1150,6731,4235
ASM004346,EVT017,Theni,Theni Response Zone,T+36h,36,294163,314531,648013,501928,1356,1362,9830,8775
ASM004347,EVT017,Theni,Theni Response Zone,T+36h,36,249477,288998,437376,449335,1192,1200,7875,11242
ASM004348,EVT017,Theni,Theni Response Zone,T+36h,36,179319,250436,507207,480452,1153,1130,12130,6395
ASM004349,EVT017,Theni,Theni Response Zone,T+36h,36,218520,286335,409085,509141,1277,1280,5604,6406
ASM004350,EVT017,Theni,Theni Response Zone,T+36h,36,253584,288093,622015,450157,1279,1290,6887,12979
ASM004351,EVT017,Theni,Theni Response Zone,T+48h,48,146222,218278,207388,458572,1028,999,5999,5659
ASM004352,EVT017,Theni,Theni Response Zone,T+48h,48,245033,241289,322949,461331,1161,1120,4650,6746
ASM004353,EVT017,Theni,Theni Response Zone,T+48h,48,229459,252446,542439,470049,1115,1125,8430,9602
ASM004354,EVT017,Theni,Theni Response Zone,T+48h,48,181810,294263,406170,452827,1215,1219,4474,6606
ASM004355,EVT017,Theni,Theni Response Zone,T+48h,48,261726,237113,411689,502479,1165,1129,3463,227
ASM004356,EVT017,Theni,Theni Response Zone,T+72h,72,206117,194132,220875,355209,807,836,6979,5918
ASM004357,EVT017,Theni,Theni Response Zone,T+72h,72,241840,244947,654818,451313,1034,1037,6630,11037
ASM004358,EVT017,Theni,Theni Response Zone,T+72h,72,191264,205139,483001,392121,930,923,4313,8388
ASM004359,EVT017,Theni,Theni Response Zone,T+72h,72,258672,255634,393776,431588,1045,1044,10977,11887
ASM004360,EVT017,Theni,Theni Response Zone,T+72h,72,262212,233228,345088,472267,1032,1042,2872,3224
ASM004361,EVT018,Nilgiris,Nilgiris Response Zone,T+0h,0,79135,79489,153044,149945,390,356,1465,0
ASM004362,EVT018,Nilgiris,Nilgiris Response Zone,T+0h,0,47311,63742,153564,123075,265,301,2164,5777
ASM004363,EVT018,Nilgiris,Nilgiris Response Zone,T+0h,0,60810,74472,121145,136949,309,315,2514,1609
ASM004364,EVT018,Nilgiris,Nilgiris Response Zone,T+0h,0,84757,76389,194648,136397,360,328,3479,5893
ASM004365,EVT018,Nilgiris,Nilgiris Response Zone,T+0h,0,68985,75892,98855,141718,384,396,1467,0
ASM004366,EVT018,Nilgiris,Nilgiris Response Zone,T+3h,3,122417,91096,108252,156166,400,401,3733,3874
ASM004367,EVT018,Nilgiris,Nilgiris Response Zone,T+3h,3,63962,88957,85391,144557,378,346,1963,354
ASM004368,EVT018,Nilgiris,Nilgiris Response Zone,T+3h,3,65014,77505,123671,138462,361,321,2261,7256
ASM004369,EVT018,Nilgiris,Nilgiris Response Zone,T+3h,3,71621,90588,140815,165658,449,407,4044,2530
ASM004370,EVT018,Nilgiris,Nilgiris Response Zone,T+3h,3,82428,89508,131294,158580,424,394,3119,8414
ASM004371,EVT018,Nilgiris,Nilgiris Response Zone,T+6h,6,69809,104474,209202,164364,497,477,4994,8959
ASM004372,EVT018,Nilgiris,Nilgiris Response Zone,T+6h,6,79266,95121,183691,171308,465,432,1981,0
ASM004373,EVT018,Nilgiris,Nilgiris Response Zone,T+6h,6,71054,94402,98739,161952,488,440,2090,1301
ASM004374,EVT018,Nilgiris,Nilgiris Response Zone,T+6h,6,70367,80974,93566,134317,355,328,2492,0
ASM004375,EVT018,Nilgiris,Nilgiris Response Zone,T+6h,6,86780,88727,136807,127245,373,346,2076,0
ASM004376,EVT018,Nilgiris,Nilgiris Response Zone,T+12h,12,90942,91057,116860,155630,431,402,1597,2914
ASM004377,EVT018,Nilgiris,Nilgiris Response Zone,T+12h,12,49816,91500,104745,154555,405,402,2669,0
ASM004378,EVT018,Nilgiris,Nilgiris Response Zone,T+12h,12,127998,92712,174926,170478,447,407,2147,728
ASM004379,EVT018,Nilgiris,Nilgiris Response Zone,T+12h,12,86276,92165,96382,161300,445,400,4142,2098
ASM004380,EVT018,Nilgiris,Nilgiris Response Zone,T+12h,12,66540,90297,123765,157964,443,371,2278,7465
ASM004381,EVT018,Nilgiris,Nilgiris Response Zone,T+24h,24,124727,115216,218229,175031,620,521,3249,0
ASM004382,EVT018,Nilgiris,Nilgiris Response Zone,T+24h,24,124843,116758,176119,169788,638,524,4338,0
ASM004383,EVT018,Nilgiris,Nilgiris Response Zone,T+24h,24,110713,137518,272113,314076,661,554,5443,3219
ASM004384,EVT018,Nilgiris,Nilgiris Response Zone,T+24h,24,131407,136975,187916,312681,637,554,5804,757
ASM004385,EVT018,Nilgiris,Nilgiris Response Zone,T+24h,24,91434,106368,264880,164218,521,445,2851,3978
ASM004386,EVT018,Nilgiris,Nilgiris Response Zone,T+36h,36,116782,133409,211101,322328,661,554,7856,2184
ASM004387,EVT018,Nilgiris,Nilgiris Response Zone,T+36h,36,110965,138157,265063,314563,661,554,6316,3488
ASM004388,EVT018,Nilgiris,Nilgiris Response Zone,T+36h,36,95764,134942,264391,323634,655,554,7376,1805
ASM004389,EVT018,Nilgiris,Nilgiris Response Zone,T+36h,36,131131,138273,197005,322079,680,554,7874,7033
ASM004390,EVT018,Nilgiris,Nilgiris Response Zone,T+36h,36,140671,134808,128442,311694,642,555,4391,272
ASM004391,EVT018,Nilgiris,Nilgiris Response Zone,T+48h,48,126702,115887,226082,170395,578,492,3222,4976
ASM004392,EVT018,Nilgiris,Nilgiris Response Zone,T+48h,48,126942,106946,195424,157526,490,458,3152,3891
ASM004393,EVT018,Nilgiris,Nilgiris Response Zone,T+48h,48,109086,104591,213738,157906,531,444,6885,5593
ASM004394,EVT018,Nilgiris,Nilgiris Response Zone,T+48h,48,82395,97268,158535,156064,451,403,5989,7862
ASM004395,EVT018,Nilgiris,Nilgiris Response Zone,T+48h,48,115626,101451,146024,171702,484,408,2111,0
ASM004396,EVT018,Nilgiris,Nilgiris Response Zone,T+72h,72,87260,113976,331319,165908,565,466,1844,3019
ASM004397,EVT018,Nilgiris,Nilgiris Response Zone,T+72h,72,100000,117065,147360,183354,639,528,4726,4644
ASM004398,EVT018,Nilgiris,Nilgiris Response Zone,T+72h,72,102575,135841,272330,323236,623,554,5194,8164
ASM004399,EVT018,Nilgiris,Nilgiris Response Zone,T+72h,72,155597,133332,190244,314917,640,554,4573,4464
ASM004400,EVT018,Nilgiris,Nilgiris Response Zone,T+72h,72,151648,135068,198849,304475,649,554,5364,0
ASM004401,EVT018,Coimbatore,Coimbatore Response Zone,T+0h,0,283632,323791,392384,471126,1359,1339,9490,3649
ASM004402,EVT018,Coimbatore,Coimbatore Response Zone,T+0h,0,293572,253482,318306,431188,1168,1180,8689,4180
ASM004403,EVT018,Coimbatore,Coimbatore Response Zone,T+0h,0,173428,220465,390369,330025,1060,1000,6128,2140
ASM004404,EVT018,Coimbatore,Coimbatore Response Zone,T+0h,0,244804,247842,552271,391863,1181,1190,5083,7076
ASM004405,EVT018,Coimbatore,Coimbatore Response Zone,T+0h,0,153075,187387,293904,277245,797,831,4540,1710
ASM004406,EVT018,Coimbatore,Coimbatore Response Zone,T+3h,3,304643,279309,450515,440934,1409,1406,20193,11331
ASM004407,EVT018,Coimbatore,Coimbatore Response Zone,T+3h,3,232009,248489,319267,406621,1228,1240,11772,11584
ASM004408,EVT018,Coimbatore,Coimbatore Response Zone,T+3h,3,251236,345932,515924,468220,1426,1436,11013,9873
ASM004409,EVT018,Coimbatore,Coimbatore Response Zone,T+3h,3,259341,252618,663611,386933,1135,1136,9054,5998
ASM004410,EVT018,Coimbatore,Coimbatore Response Zone,T+3h,3,406600,385587,532414,633549,1680,1701,15898,15055
ASM004411,EVT018,Coimbatore,Coimbatore Response Zone,T+6h,6,246681,356066,425669,491713,1511,1509,5125,9772
ASM004412,EVT018,Coimbatore,Coimbatore Response Zone,T+6h,6,230533,258183,345787,422045,1189,1217,9507,9985
ASM004413,EVT018,Coimbatore,Coimbatore Response Zone,T+6h,6,252680,356945,439485,520403,1596,1595,9564,6518
ASM004414,EVT018,Coimbatore,Coimbatore Response Zone,T+6h,6,187037,365666,243648,552054,1610,1616,11880,3425
ASM004415,EVT018,Coimbatore,Coimbatore Response Zone,T+6h,6,369320,412677,624878,613887,1866,1886,10892,7484
ASM004416,EVT018,Coimbatore,Coimbatore Response Zone,T+12h,12,282831,260340,329322,417019,1358,1334,5338,5150
ASM004417,EVT018,Coimbatore,Coimbatore Response Zone,T+12h,12,408000,466920,428470,787280,2068,2049,18297,15504
ASM004418,EVT018,Coimbatore,Coimbatore Response Zone,T+12h,12,206496,363588,574489,528593,1612,1605,7063,4716
ASM004419,EVT018,Coimbatore,Coimbatore Response Zone,T+12h,12,276064,345810,373172,501455,1564,1588,8200,12075
ASM004420,EVT018,Coimbatore,Coimbatore Response Zone,T+12h,12,218167,422689,496269,577827,1813,1816,8311,8153
ASM004421,EVT018,Coimbatore,Coimbatore Response Zone,T+24h,24,639383,612402,1282216,972050,2580,2610,26791,24389
ASM004422,EVT018,Coimbatore,Coimbatore Response Zone,T+24h,24,393708,606424,604088,994180,2397,2424,28737,19247
ASM004423,EVT018,Coimbatore,Coimbatore Response Zone,T+24h,24,570992,504134,543490,725301,2307,2245,22200,19054
ASM004424,EVT018,Coimbatore,Coimbatore Response Zone,T+24h,24,589951,584656,908910,898453,2368,2372,22616,17292
ASM004425,EVT018,Coimbatore,Coimbatore Response Zone,T+24h,24,403528,527948,1156390,897398,2479,2557,24534,24354
ASM004426,EVT018,Coimbatore,Coimbatore Response Zone,T+36h,36,307334,478370,439750,579028,1944,1946,11950,9621
ASM004427,EVT018,Coimbatore,Coimbatore Response Zone,T+36h,36,517373,595784,937017,879981,2451,2433,22610,20335
ASM004428,EVT018,Coimbatore,Coimbatore Response Zone,T+36h,36,384481,510544,888153,949607,2138,2285,6460,10218
ASM004429,EVT018,Coimbatore,Coimbatore Response Zone,T+36h,36,480293,519338,475241,874815,2437,2526,15739,13312
ASM004430,EVT018,Coimbatore,Coimbatore Response Zone,T+36h,36,345509,459163,852508,556262,1934,1937,12467,19148
ASM004431,EVT018,Coimbatore,Coimbatore Response Zone,T+48h,48,347690,585803,1155979,1080863,2597,2597,38149,29699
ASM004432,EVT018,Coimbatore,Coimbatore Response Zone,T+48h,48,313267,549252,796377,928398,2589,2606,19019,21271
ASM004433,EVT018,Coimbatore,Coimbatore Response Zone,T+48h,48,507136,563688,1132648,895215,2341,2361,16621,17098
ASM004434,EVT018,Coimbatore,Coimbatore Response Zone,T+48h,48,440392,559617,1089410,1071310,2440,2435,9939,14465
ASM004435,EVT018,Coimbatore,Coimbatore Response Zone,T+48h,48,437323,613108,853218,996268,2600,2605,22808,17125
ASM004436,EVT018,Coimbatore,Coimbatore Response Zone,T+72h,72,470878,489577,605362,743483,1983,1960,12164,8627
ASM004437,EVT018,Coimbatore,Coimbatore Response Zone,T+72h,72,515941,461176,573437,698839,1984,1967,17928,14627
ASM004438,EVT018,Coimbatore,Coimbatore Response Zone,T+72h,72,292306,351061,542123,530152,1489,1460,8492,9844
ASM004439,EVT018,Coimbatore,Coimbatore Response Zone,T+72h,72,310035,366619,677012,600899,1559,1560,8491,8935
ASM004440,EVT018,Coimbatore,Coimbatore Response Zone,T+72h,72,361282,365024,546342,563458,1555,1582,13607,12549
ASM004441,EVT019,Chennai,Chennai Response Zone,T+0h,0,448349,676459,786831,1161671,2843,2963,640,7030
ASM004442,EVT019,Chennai,Chennai Response Zone,T+0h,0,553548,694292,1695584,1081941,2608,2639,846,5391
ASM004443,EVT019,Chennai,Chennai Response Zone,T+0h,0,544534,517134,1154014,1049162,2533,2547,256,0
ASM004444,EVT019,Chennai,Chennai Response Zone,T+0h,0,671833,706113,1227744,1156321,2723,2961,591,6536
ASM004445,EVT019,Chennai,Chennai Response Zone,T+0h,0,342346,527289,1448341,1066496,2465,2502,1299,3377
ASM004446,EVT019,Chennai,Chennai Response Zone,T+3h,3,451850,675156,1839718,1031703,2637,2636,1159,7404
ASM004447,EVT019,Chennai,Chennai Response Zone,T+3h,3,417592,530930,571689,1021764,2441,2490,831,3940
ASM004448,EVT019,Chennai,Chennai Response Zone,T+3h,3,563006,661130,1441187,1053476,2621,2774,1703,6741
ASM004449,EVT019,Chennai,Chennai Response Zone,T+3h,3,734406,827835,1094826,1476630,3337,3440,522,11101
ASM004450,EVT019,Chennai,Chennai Response Zone,T+3h,3,848774,802241,1615961,1391241,3069,3077,523,6753
ASM004451,EVT019,Chennai,Chennai Response Zone,T+6h,6,439527,530053,1141067,1061978,2400,2375,613,2392
ASM004452,EVT019,Chennai,Chennai Response Zone,T+6h,6,515260,681717,1540573,1074122,2878,2860,1081,6537
ASM004453,EVT019,Chennai,Chennai Response Zone,T+6h,6,762518,704321,1241292,1315101,3028,3028,1290,8729
ASM004454,EVT019,Chennai,Chennai Response Zone,T+6h,6,653727,726836,885491,1341303,3101,3066,780,9030
ASM004455,EVT019,Chennai,Chennai Response Zone,T+6h,6,854423,845707,1372365,1417947,3277,3250,1566,11256
ASM004456,EVT019,Chennai,Chennai Response Zone,T+12h,12,763362,886090,1791666,1421580,3754,3711,877,11893
ASM004457,EVT019,Chennai,Chennai Response Zone,T+12h,12,503270,804113,1845994,1384056,3184,3204,1078,7613
ASM004458,EVT019,Chennai,Chennai Response Zone,T+12h,12,457381,679939,1024814,1107444,2930,2878,767,8694
ASM004459,EVT019,Chennai,Chennai Response Zone,T+12h,12,519322,863994,2115506,1353905,3820,3812,1419,14986
ASM004460,EVT019,Chennai,Chennai Response Zone,T+12h,12,902737,955099,1545654,1523547,4040,4047,1279,17148
ASM004461,EVT019,Chennai,Chennai Response Zone,T+24h,24,1001473,882296,2142795,1446038,3863,3846,2017,15287
ASM004462,EVT019,Chennai,Chennai Response Zone,T+24h,24,1436934,1116721,2135656,1742983,4786,4748,1487,23912
ASM004463,EVT019,Chennai,Chennai Response Zone,T+24h,24,1016026,953550,2196034,1595416,4088,4083,1395,17824
ASM004464,EVT019,Chennai,Chennai Response Zone,T+24h,24,1092058,916331,2638823,1608207,4070,4081,1573,17057
ASM004465,EVT019,Chennai,Chennai Response Zone,T+24h,24,685337,865484,1392449,1439297,3536,3513,1513,13874
ASM004466,EVT019,Chennai,Chennai Response Zone,T+36h,36,658894,864740,1758943,1590359,3939,3933,2591,21591
ASM004467,EVT019,Chennai,Chennai Response Zone,T+36h,36,1306964,1267871,2809228,1971035,5362,5395,2576,34556
ASM004468,EVT019,Chennai,Chennai Response Zone,T+36h,36,1204235,1309221,4843619,2037785,5391,5400,1856,31896
ASM004469,EVT019,Chennai,Chennai Response Zone,T+36h,36,954694,1156112,1840881,1751423,4359,4352,1592,23429
ASM004470,EVT019,Chennai,Chennai Response Zone,T+36h,36,1058639,1153832,3955250,1996022,5018,5066,1828,25317
ASM004471,EVT019,Chennai,Chennai Response Zone,T+48h,48,1075321,1134877,4005591,1818165,5164,5163,2112,27121
ASM004472,EVT019,Chennai,Chennai Response Zone,T+48h,48,1376393,1300095,2574433,2025870,5086,5221,2278,31460
ASM004473,EVT019,Chennai,Chennai Response Zone,T+48h,48,1344510,1308269,2317003,1890860,5149,5182,1810,27397
ASM004474,EVT019,Chennai,Chennai Response Zone,T+48h,48,1137610,1156974,2077012,1964525,4984,5118,1511,32193
ASM004475,EVT019,Chennai,Chennai Response Zone,T+48h,48,1291383,1340352,2525716,1929117,5273,5341,2229,30512
ASM004476,EVT019,Chennai,Chennai Response Zone,T+72h,72,1345851,1585595,2086580,2817429,5772,6005,3352,44296
ASM004477,EVT019,Chennai,Chennai Response Zone,T+72h,72,1024758,1255195,2629848,2187189,5500,5543,3064,35590
ASM004478,EVT019,Chennai,Chennai Response Zone,T+72h,72,1437547,1562289,4328396,2741474,5916,6189,3001,44608
ASM004479,EVT019,Chennai,Chennai Response Zone,T+72h,72,931762,1563452,2582654,2805487,6061,6273,1912,44842
ASM004480,EVT019,Chennai,Chennai Response Zone,T+72h,72,1439288,1318583,2693681,2765367,5696,5643,2755,41783
ASM004481,EVT019,Tiruvallur,Tiruvallur Response Zone,T+0h,0,468851,719633,884706,1221512,2923,2983,619,8477
ASM004482,EVT019,Tiruvallur,Tiruvallur Response Zone,T+0h,0,526295,539102,1268913,1037443,2375,2502,862,6367
ASM004483,EVT019,Tiruvallur,Tiruvallur Response Zone,T+0h,0,440904,693794,1270594,1028228,2652,2635,385,5992
ASM004484,EVT019,Tiruvallur,Tiruvallur Response Zone,T+0h,0,725176,798679,1520356,1372602,3233,3228,1003,11797
ASM004485,EVT019,Tiruvallur,Tiruvallur Response Zone,T+0h,0,572366,683898,1247663,1042326,2855,2871,951,8534
ASM004486,EVT019,Tiruvallur,Tiruvallur Response Zone,T+3h,3,418839,703292,1209457,1044145,2891,2864,507,6724
ASM004487,EVT019,Tiruvallur,Tiruvallur Response Zone,T+3h,3,555979,536158,1344275,1036458,2575,2579,829,6894
ASM004488,EVT019,Tiruvallur,Tiruvallur Response Zone,T+3h,3,466115,704171,1208727,1052180,2695,2688,676,6339
ASM004489,EVT019,Tiruvallur,Tiruvallur Response Zone,T+3h,3,638908,705759,1321548,1035706,2710,2709,554,6570
ASM004490,EVT019,Tiruvallur,Tiruvallur Response Zone,T+3h,3,533490,681162,1294153,1056836,2758,2750,651,6742
ASM004491,EVT019,Tiruvallur,Tiruvallur Response Zone,T+6h,6,479512,452351,1320307,919846,2107,2137,363,2756
ASM004492,EVT019,Tiruvallur,Tiruvallur Response Zone,T+6h,6,497613,728084,1632028,1212044,2831,2993,1000,9954
ASM004493,EVT019,Tiruvallur,Tiruvallur Response Zone,T+6h,6,369209,476453,981211,855609,2072,2048,317,1186
ASM004494,EVT019,Tiruvallur,Tiruvallur Response Zone,T+6h,6,497723,697110,1878956,1026458,2764,2823,791,9472
ASM004495,EVT019,Tiruvallur,Tiruvallur Response Zone,T+6h,6,645588,694243,1401833,1018261,2871,2884,1495,8545
ASM004496,EVT019,Tiruvallur,Tiruvallur Response Zone,T+12h,12,920223,844071,2097516,1413786,3168,3250,1576,14607
ASM004497,EVT019,Tiruvallur,Tiruvallur Response Zone,T+12h,12,560334,816115,1741046,1368757,3353,3329,610,13166
ASM004498,EVT019,Tiruvallur,Tiruvallur Response Zone,T+12h,12,822677,856715,953462,1421649,3278,3334,933,14805
ASM004499,EVT019,Tiruvallur,Tiruvallur Response Zone,T+12h,12,395054,751710,1891936,1106971,3080,3113,910,9518
ASM004500,EVT019,Tiruvallur,Tiruvallur Response Zone,T+12h,12,450258,699550,1353288,1009487,2898,2892,1145,10966
ASM004501,EVT019,Tiruvallur,Tiruvallur Response Zone,T+24h,24,601745,848833,1778246,1348516,3500,3523,861,15679
ASM004502,EVT019,Tiruvallur,Tiruvallur Response Zone,T+24h,24,569909,871161,2031484,1462586,3649,3621,2167,17805
ASM004503,EVT019,Tiruvallur,Tiruvallur Response Zone,T+24h,24,647165,994658,1985088,1638711,4084,4103,1933,21928
ASM004504,EVT019,Tiruvallur,Tiruvallur Response Zone,T+24h,24,829311,858481,1967325,1388283,3647,3648,1313,15209
ASM004505,EVT019,Tiruvallur,Tiruvallur Response Zone,T+24h,24,731697,880978,1630047,1482201,3756,3758,2240,17066
ASM004506,EVT019,Tiruvallur,Tiruvallur Response Zone,T+36h,36,848766,834213,2643966,1449942,3601,3598,1511,17334
ASM004507,EVT019,Tiruvallur,Tiruvallur Response Zone,T+36h,36,903707,836431,1916834,1429713,3698,3683,1694,18487
ASM004508,EVT019,Tiruvallur,Tiruvallur Response Zone,T+36h,36,708668,787636,1506652,1314810,3106,3216,2005,13689
ASM004509,EVT019,Tiruvallur,Tiruvallur Response Zone,T+36h,36,999011,996945,1724108,1665689,4116,4106,2349,23543
ASM004510,EVT019,Tiruvallur,Tiruvallur Response Zone,T+36h,36,698016,844146,1886318,1402343,3328,3308,1041,15305
ASM004511,EVT019,Tiruvallur,Tiruvallur Response Zone,T+48h,48,727032,1153676,2401959,1813171,4393,4424,2579,27978
ASM004512,EVT019,Tiruvallur,Tiruvallur Response Zone,T+48h,48,993360,845959,2173827,1559460,3820,3844,1358,21454
ASM004513,EVT019,Tiruvallur,Tiruvallur Response Zone,T+48h,48,729403,844840,1532963,1463589,3900,3894,1583,19918
ASM004514,EVT019,Tiruvallur,Tiruvallur Response Zone,T+48h,48,806006,1173138,1545876,1739051,4719,4786,1766,25709
ASM004515,EVT019,Tiruvallur,Tiruvallur Response Zone,T+48h,48,768252,831968,2172652,1454740,3801,3804,603,16621
ASM004516,EVT019,Tiruvallur,Tiruvallur Response Zone,T+72h,72,829853,1162918,3576255,1975123,5115,5142,2389,33635
ASM004517,EVT019,Tiruvallur,Tiruvallur Response Zone,T+72h,72,831715,1011170,1723334,1703240,4311,4447,2330,28027
ASM004518,EVT019,Tiruvallur,Tiruvallur Response Zone,T+72h,72,1032593,1158451,3427449,1718981,4780,4822,1520,27742
ASM004519,EVT019,Tiruvallur,Tiruvallur Response Zone,T+72h,72,1016965,1220278,2451622,1882214,4375,4508,1877,27622
ASM004520,EVT019,Tiruvallur,Tiruvallur Response Zone,T+72h,72,792322,1195768,2258954,1759501,4555,4600,2081,26927
ASM004521,EVT019,Vellore,Vellore Response Zone,T+0h,0,393932,505727,921976,872275,2176,2179,869,5977
ASM004522,EVT019,Vellore,Vellore Response Zone,T+0h,0,522395,490669,679688,853785,2072,2081,647,1731
ASM004523,EVT019,Vellore,Vellore Response Zone,T+0h,0,593321,712067,1578745,988692,2711,2686,1303,7761
ASM004524,EVT019,Vellore,Vellore Response Zone,T+0h,0,614437,476477,769226,832437,2070,2062,728,2502
ASM004525,EVT019,Vellore,Vellore Response Zone,T+0h,0,602472,551690,891962,996582,2411,2424,717,4507
ASM004526,EVT019,Vellore,Vellore Response Zone,T+3h,3,437338,397691,1047008,793875,1718,1710,428,1792
ASM004527,EVT019,Vellore,Vellore Response Zone,T+3h,3,282165,415151,530496,782570,1849,1847,561,0
ASM004528,EVT019,Vellore,Vellore Response Zone,T+3h,3,415036,391006,563501,777398,1605,1605,492,921
ASM004529,EVT019,Vellore,Vellore Response Zone,T+3h,3,358659,405264,830591,752271,1731,1726,657,0
ASM004530,EVT019,Vellore,Vellore Response Zone,T+3h,3,317039,404385,886461,757248,1779,1787,559,627
ASM004531,EVT019,Vellore,Vellore Response Zone,T+6h,6,573350,744026,1447825,1005514,2687,2762,603,9290
ASM004532,EVT019,Vellore,Vellore Response Zone,T+6h,6,567542,524639,980950,1020994,2442,2438,382,2674
ASM004533,EVT019,Vellore,Vellore Response Zone,T+6h,6,549073,566709,2104683,1015657,2526,2515,870,4442
ASM004534,EVT019,Vellore,Vellore Response Zone,T+6h,6,355399,497978,884096,869451,2075,2050,357,338
ASM004535,EVT019,Vellore,Vellore Response Zone,T+6h,6,553903,565834,1026702,1007279,2341,2345,854,4715
ASM004536,EVT019,Vellore,Vellore Response Zone,T+12h,12,370370,494926,791792,852933,2081,2080,664,2821
ASM004537,EVT019,Vellore,Vellore Response Zone,T+12h,12,426811,468417,968314,842046,2110,2120,671,2056
ASM004538,EVT019,Vellore,Vellore Response Zone,T+12h,12,389068,473595,1092131,845164,2123,2103,492,678
ASM004539,EVT019,Vellore,Vellore Response Zone,T+12h,12,410339,510160,1312153,855014,2097,2133,466,2433
ASM004540,EVT019,Vellore,Vellore Response Zone,T+12h,12,499956,483331,663193,850290,2182,2172,472,492
ASM004541,EVT019,Vellore,Vellore Response Zone,T+24h,24,522013,777446,1508293,1161796,2954,2957,1076,13263
ASM004542,EVT019,Vellore,Vellore Response Zone,T+24h,24,779380,554150,1447794,1219392,2489,2500,774,5743
ASM004543,EVT019,Vellore,Vellore Response Zone,T+24h,24,482016,795807,1979632,1292105,3396,3383,1206,13653
ASM004544,EVT019,Vellore,Vellore Response Zone,T+24h,24,525749,612910,1483369,1198093,2808,2811,1121,10857
ASM004545,EVT019,Vellore,Vellore Response Zone,T+24h,24,536210,495446,1463669,1174678,2234,2227,1506,7974
ASM004546,EVT019,Vellore,Vellore Response Zone,T+36h,36,599539,567951,1048269,1160000,2419,2404,620,4018
ASM004547,EVT019,Vellore,Vellore Response Zone,T+36h,36,565222,601123,2050956,1142932,2868,2912,1276,6768
ASM004548,EVT019,Vellore,Vellore Response Zone,T+36h,36,582672,601770,1814350,1171384,2821,2816,1345,7626
ASM004549,EVT019,Vellore,Vellore Response Zone,T+36h,36,560659,531592,875206,1170595,2288,2292,669,2475
ASM004550,EVT019,Vellore,Vellore Response Zone,T+36h,36,500561,541805,977475,1207661,2459,2473,1030,6143
ASM004551,EVT019,Vellore,Vellore Response Zone,T+48h,48,1007413,862108,1423360,1481059,3680,3724,1767,19022
ASM004552,EVT019,Vellore,Vellore Response Zone,T+48h,48,992295,889595,2380511,1713155,4203,4204,2338,23116
ASM004553,EVT019,Vellore,Vellore Response Zone,T+48h,48,970714,902972,1458179,1610306,4056,4084,2130,23263
ASM004554,EVT019,Vellore,Vellore Response Zone,T+48h,48,639316,856991,1722776,1469219,3743,3825,2334,19505
ASM004555,EVT019,Vellore,Vellore Response Zone,T+48h,48,795558,913566,2180933,1652736,3969,3985,2082,21536
ASM004556,EVT019,Vellore,Vellore Response Zone,T+72h,72,693498,831940,1755437,1464328,3567,3539,1423,17961
ASM004557,EVT019,Vellore,Vellore Response Zone,T+72h,72,516327,749900,1669638,1170511,3086,3089,1965,13298
ASM004558,EVT019,Vellore,Vellore Response Zone,T+72h,72,817378,859840,1421113,1437553,3809,3874,1829,19408
ASM004559,EVT019,Vellore,Vellore Response Zone,T+72h,72,596527,793279,1895352,1521520,3175,3138,1431,14806
ASM004560,EVT019,Vellore,Vellore Response Zone,T+72h,72,729412,755530,1349566,1147572,3101,3095,1126,12088
ASM004561,EVT019,Ranipet,Ranipet Response Zone,T+0h,0,184682,297100,479149,471775,1121,1124,322,0
ASM004562,EVT019,Ranipet,Ranipet Response Zone,T+0h,0,301235,238678,518957,465426,1017,1010,377,0
ASM004563,EVT019,Ranipet,Ranipet Response Zone,T+0h,0,154103,209193,431138,406187,876,881,267,0
ASM004564,EVT019,Ranipet,Ranipet Response Zone,T+0h,0,269603,291430,601562,507838,1307,1316,496,1020
ASM004565,EVT019,Ranipet,Ranipet Response Zone,T+0h,0,247522,232655,394508,406668,1012,1007,293,0
ASM004566,EVT019,Ranipet,Ranipet Response Zone,T+3h,3,212495,282593,498722,450536,1232,1219,458,0
ASM004567,EVT019,Ranipet,Ranipet Response Zone,T+3h,3,307277,286382,602531,490362,1341,1327,500,2710
ASM004568,EVT019,Ranipet,Ranipet Response Zone,T+3h,3,184609,273459,386983,452714,1211,1203,292,500
ASM004569,EVT019,Ranipet,Ranipet Response Zone,T+3h,3,340128,284314,511284,526686,1344,1326,471,0
ASM004570,EVT019,Ranipet,Ranipet Response Zone,T+3h,3,233124,298079,595899,494702,1244,1213,363,354
ASM004571,EVT019,Ranipet,Ranipet Response Zone,T+6h,6,248690,306616,474201,536078,1437,1433,530,3176
ASM004572,EVT019,Ranipet,Ranipet Response Zone,T+6h,6,269046,298444,883439,572822,1479,1473,349,3684
ASM004573,EVT019,Ranipet,Ranipet Response Zone,T+6h,6,302856,274854,811992,495917,1291,1302,554,1650
ASM004574,EVT019,Ranipet,Ranipet Response Zone,T+6h,6,244606,306047,461966,558623,1448,1462,323,1593
ASM004575,EVT019,Ranipet,Ranipet Response Zone,T+6h,6,240354,298134,898709,523692,1443,1437,413,2123
ASM004576,EVT019,Ranipet,Ranipet Response Zone,T+12h,12,236848,304736,542838,486200,1261,1240,492,0
ASM004577,EVT019,Ranipet,Ranipet Response Zone,T+12h,12,159532,231994,506535,399169,1031,1005,317,0
ASM004578,EVT019,Ranipet,Ranipet Response Zone,T+12h,12,331049,276903,455904,468191,1221,1211,203,0
ASM004579,EVT019,Ranipet,Ranipet Response Zone,T+12h,12,196368,246930,635610,546510,1076,1059,280,0
ASM004580,EVT019,Ranipet,Ranipet Response Zone,T+12h,12,243861,237467,516573,400490,1058,1046,205,0
ASM004581,EVT019,Ranipet,Ranipet Response Zone,T+24h,24,324012,337863,627697,730240,1515,1504,464,1321
ASM004582,EVT019,Ranipet,Ranipet Response Zone,T+24h,24,231297,290121,514230,643486,1317,1330,525,101
ASM004583,EVT019,Ranipet,Ranipet Response Zone,T+24h,24,295361,317085,513869,705265,1377,1350,472,2026
ASM004584,EVT019,Ranipet,Ranipet Response Zone,T+24h,24,327492,290696,726669,638299,1254,1253,389,614
ASM004585,EVT019,Ranipet,Ranipet Response Zone,T+24h,24,306755,342315,863692,752832,1432,1438,173,0
ASM004586,EVT019,Ranipet,Ranipet Response Zone,T+36h,36,433676,344415,1005376,773691,1611,1622,983,3938
ASM004587,EVT019,Ranipet,Ranipet Response Zone,T+36h,36,404688,336096,796734,737425,1589,1590,751,3229
ASM004588,EVT019,Ranipet,Ranipet Response Zone,T+36h,36,392677,333912,589264,755351,1497,1485,632,393
ASM004589,EVT019,Ranipet,Ranipet Response Zone,T+36h,36,315825,353402,720656,799345,1685,1666,981,2700
ASM004590,EVT019,Ranipet,Ranipet Response Zone,T+36h,36,259342,333866,1023550,745967,1574,1576,348,0
ASM004591,EVT019,Ranipet,Ranipet Response Zone,T+48h,48,410013,488963,982829,1092281,2215,2290,967,8679
ASM004592,EVT019,Ranipet,Ranipet Response Zone,T+48h,48,476915,481001,1111735,973463,2293,2347,465,5233
ASM004593,EVT019,Ranipet,Ranipet Response Zone,T+48h,48,464190,457369,763983,822907,2116,2073,2127,4451
ASM004594,EVT019,Ranipet,Ranipet Response Zone,T+48h,48,291405,471198,1173284,916935,2291,2343,890,6192
ASM004595,EVT019,Ranipet,Ranipet Response Zone,T+48h,48,437303,468753,965550,1037787,2125,2124,1519,8731
ASM004596,EVT019,Ranipet,Ranipet Response Zone,T+72h,72,478877,505619,1466797,1147016,2348,2392,837,10303
ASM004597,EVT019,Ranipet,Ranipet Response Zone,T+72h,72,435713,502252,1316105,1208020,2299,2357,1220,6452
ASM004598,EVT019,Ranipet,Ranipet Response Zone,T+72h,72,605986,496771,957683,1089776,2489,2477,1572,6238
ASM004599,EVT019,Ranipet,Ranipet Response Zone,T+72h,72,508403,502272,1060304,1119550,2368,2425,955,6321
ASM004600,EVT019,Ranipet,Ranipet Response Zone,T+72h,72,601760,507127,959576,1028214,2303,2349,753,7560
ASM004601,EVT019,Tirupathur,Tirupathur Response Zone,T+0h,0,233434,291836,382732,476831,1291,1248,305,0
ASM004602,EVT019,Tirupathur,Tirupathur Response Zone,T+0h,0,236594,230889,370358,413065,955,947,200,750
ASM004603,EVT019,Tirupathur,Tirupathur Response Zone,T+0h,0,341246,306314,593316,483906,1286,1268,343,0
ASM004604,EVT019,Tirupathur,Tirupathur Response Zone,T+0h,0,305329,278076,577479,507058,1139,1160,376,179
ASM004605,EVT019,Tirupathur,Tirupathur Response Zone,T+0h,0,143561,202684,423773,403663,858,839,239,0
ASM004606,EVT019,Tirupathur,Tirupathur Response Zone,T+3h,3,174065,206823,396279,367029,902,890,272,0
ASM004607,EVT019,Tirupathur,Tirupathur Response Zone,T+3h,3,162510,190053,498983,358128,836,802,185,0
ASM004608,EVT019,Tirupathur,Tirupathur Response Zone,T+3h,3,233662,242777,497369,440893,1072,1048,419,748
ASM004609,EVT019,Tirupathur,Tirupathur Response Zone,T+3h,3,236115,230514,554612,410018,992,1004,150,0
ASM004610,EVT019,Tirupathur,Tirupathur Response Zone,T+3h,3,152725,209547,262741,377450,851,861,224,0
ASM004611,EVT019,Tirupathur,Tirupathur Response Zone,T+6h,6,265424,293923,226933,511334,1328,1323,1028,2567
ASM004612,EVT019,Tirupathur,Tirupathur Response Zone,T+6h,6,149757,275168,549141,520993,1141,1146,226,0
ASM004613,EVT019,Tirupathur,Tirupathur Response Zone,T+6h,6,319203,290934,370633,509688,1179,1190,283,0
ASM004614,EVT019,Tirupathur,Tirupathur Response Zone,T+6h,6,209945,270269,510374,488537,1115,1124,680,1076
ASM004615,EVT019,Tirupathur,Tirupathur Response Zone,T+6h,6,266417,293961,555789,502789,1405,1377,604,431
ASM004616,EVT019,Tirupathur,Tirupathur Response Zone,T+12h,12,214624,277966,787344,532995,1179,1176,381,669
ASM004617,EVT019,Tirupathur,Tirupathur Response Zone,T+12h,12,300049,281741,600678,510149,1214,1198,439,701
ASM004618,EVT019,Tirupathur,Tirupathur Response Zone,T+12h,12,126877,264086,535273,517868,1147,1116,408,0
ASM004619,EVT019,Tirupathur,Tirupathur Response Zone,T+12h,12,192803,231628,549217,407241,993,956,252,0
ASM004620,EVT019,Tirupathur,Tirupathur Response Zone,T+12h,12,206917,245616,527816,423906,1083,1077,322,0
ASM004621,EVT019,Tirupathur,Tirupathur Response Zone,T+24h,24,244996,293363,601628,608323,1216,1214,471,2015
ASM004622,EVT019,Tirupathur,Tirupathur Response Zone,T+24h,24,359533,310667,822645,607841,1169,1171,368,0
ASM004623,EVT019,Tirupathur,Tirupathur Response Zone,T+24h,24,251197,321741,581080,705433,1355,1379,523,4915
ASM004624,EVT019,Tirupathur,Tirupathur Response Zone,T+24h,24,302103,296596,704752,583433,1245,1242,334,1163
ASM004625,EVT019,Tirupathur,Tirupathur Response Zone,T+24h,24,278481,288059,433169,611206,1212,1195,373,0
ASM004626,EVT019,Tirupathur,Tirupathur Response Zone,T+36h,36,355445,283960,715454,616171,1216,1215,736,403
ASM004627,EVT019,Tirupathur,Tirupathur Response Zone,T+36h,36,224932,306584,649912,561531,1196,1187,318,0
ASM004628,EVT019,Tirupathur,Tirupathur Response Zone,T+36h,36,211896,276317,937406,574012,1114,1112,442,1918
ASM004629,EVT019,Tirupathur,Tirupathur Response Zone,T+36h,36,406958,335461,542493,718239,1568,1589,752,3058
ASM004630,EVT019,Tirupathur,Tirupathur Response Zone,T+36h,36,330817,335086,639497,678462,1535,1525,447,632
ASM004631,EVT019,Tirupathur,Tirupathur Response Zone,T+48h,48,307784,471265,1269817,967275,2090,2068,1848,7750
ASM004632,EVT019,Tirupathur,Tirupathur Response Zone,T+48h,48,370921,463797,1074539,813398,2041,2004,866,5189
ASM004633,EVT019,Tirupathur,Tirupathur Response Zone,T+48h,48,379422,398342,884606,743779,1690,1700,851,2950
ASM004634,EVT019,Tirupathur,Tirupathur Response Zone,T+48h,48,505624,465046,796875,941846,2201,2185,689,4764
ASM004635,EVT019,Tirupathur,Tirupathur Response Zone,T+48h,48,371663,480179,882819,999635,2099,2110,1128,6279
ASM004636,EVT019,Tirupathur,Tirupathur Response Zone,T+72h,72,235304,482936,1390162,979286,2088,2102,974,5915
ASM004637,EVT019,Tirupathur,Tirupathur Response Zone,T+72h,72,477651,489298,1025727,1010461,2157,2219,1012,8296
ASM004638,EVT019,Tirupathur,Tirupathur Response Zone,T+72h,72,336822,493260,1156742,927633,2158,2221,970,8303
ASM004639,EVT019,Tirupathur,Tirupathur Response Zone,T+72h,72,282382,474784,990408,932235,2107,2102,798,6362
ASM004640,EVT019,Tirupathur,Tirupathur Response Zone,T+72h,72,246331,488507,780489,954172,2268,2271,1197,7593
ASM004641,EVT019,Karur,Karur Response Zone,T+0h,0,274951,273673,690681,467547,1149,1159,518,1598
ASM004642,EVT019,Karur,Karur Response Zone,T+0h,0,194152,212100,491184,396613,926,893,219,0
ASM004643,EVT019,Karur,Karur Response Zone,T+0h,0,184363,231959,793091,394579,960,946,346,0
ASM004644,EVT019,Karur,Karur Response Zone,T+0h,0,282286,226609,381657,492541,1071,1026,263,0
ASM004645,EVT019,Karur,Karur Response Zone,T+0h,0,207577,196206,522244,343820,927,895,276,0
ASM004646,EVT019,Karur,Karur Response Zone,T+3h,3,261625,234763,315612,369631,952,940,286,0
ASM004647,EVT019,Karur,Karur Response Zone,T+3h,3,133490,198002,444850,350301,887,845,431,2491
ASM004648,EVT019,Karur,Karur Response Zone,T+3h,3,168190,190507,494190,375280,842,823,481,0
ASM004649,EVT019,Karur,Karur Response Zone,T+3h,3,142956,218020,263159,396243,960,940,168,0
ASM004650,EVT019,Karur,Karur Response Zone,T+3h,3,192573,215683,429148,388591,959,976,218,0
ASM004651,EVT019,Karur,Karur Response Zone,T+6h,6,230489,280348,470755,494737,1231,1216,334,0
ASM004652,EVT019,Karur,Karur Response Zone,T+6h,6,257032,266256,440927,461075,1110,1119,347,827
ASM004653,EVT019,Karur,Karur Response Zone,T+6h,6,262528,277894,639516,512037,1369,1358,499,0
ASM004654,EVT019,Karur,Karur Response Zone,T+6h,6,285152,274712,749695,511726,1245,1238,272,0
ASM004655,EVT019,Karur,Karur Response Zone,T+6h,6,264802,268690,499190,480658,1094,1107,356,0
ASM004656,EVT019,Karur,Karur Response Zone,T+12h,12,322202,230949,492688,399537,1038,1036,208,0
ASM004657,EVT019,Karur,Karur Response Zone,T+12h,12,182345,241546,442135,395438,1002,987,171,0
ASM004658,EVT019,Karur,Karur Response Zone,T+12h,12,203591,280145,550703,502085,1257,1241,357,0
ASM004659,EVT019,Karur,Karur Response Zone,T+12h,12,248421,278757,406773,460847,1201,1186,236,0
ASM004660,EVT019,Karur,Karur Response Zone,T+12h,12,204269,270143,732246,486054,1207,1203,528,1273
ASM004661,EVT019,Karur,Karur Response Zone,T+24h,24,357696,283609,687791,604168,1249,1252,236,0
ASM004662,EVT019,Karur,Karur Response Zone,T+24h,24,248819,286190,722033,603501,1149,1159,407,718
ASM004663,EVT019,Karur,Karur Response Zone,T+24h,24,241185,284675,535405,621943,1286,1259,240,0
ASM004664,EVT019,Karur,Karur Response Zone,T+24h,24,262584,307047,620582,674260,1368,1354,805,0
ASM004665,EVT019,Karur,Karur Response Zone,T+24h,24,311130,300505,638514,591586,1346,1303,259,0
ASM004666,EVT019,Karur,Karur Response Zone,T+36h,36,327356,332099,572998,733263,1652,1658,730,3742
ASM004667,EVT019,Karur,Karur Response Zone,T+36h,36,340882,437816,624139,808177,1802,1789,1079,4757
ASM004668,EVT019,Karur,Karur Response Zone,T+36h,36,477049,345329,710288,738641,1624,1648,717,1160
ASM004669,EVT019,Karur,Karur Response Zone,T+36h,36,286757,334703,953298,758225,1560,1545,846,2775
ASM004670,EVT019,Karur,Karur Response Zone,T+36h,36,327910,329177,670545,748391,1469,1472,517,923
ASM004671,EVT019,Karur,Karur Response Zone,T+48h,48,511248,469365,826052,1213739,2313,2340,1159,4850
ASM004672,EVT019,Karur,Karur Response Zone,T+48h,48,303612,465730,833929,868638,2123,2119,1228,6439
ASM004673,EVT019,Karur,Karur Response Zone,T+48h,48,491929,472395,960713,966654,2213,2280,1034,6559
ASM004674,EVT019,Karur,Karur Response Zone,T+48h,48,362133,474406,970819,951632,2242,2292,887,5703
ASM004675,EVT019,Karur,Karur Response Zone,T+48h,48,487165,453522,1722674,758205,1974,1953,820,5664
ASM004676,EVT019,Karur,Karur Response Zone,T+72h,72,375699,496283,1436406,1154612,2323,2359,788,7197
ASM004677,EVT019,Karur,Karur Response Zone,T+72h,72,528164,505026,1427603,1027983,2200,2287,1515,7937
ASM004678,EVT019,Karur,Karur Response Zone,T+72h,72,578084,501937,1465903,1029962,2424,2471,1443,6767
ASM004679,EVT019,Karur,Karur Response Zone,T+72h,72,542010,492780,873699,1056409,2314,2352,890,9882
ASM004680,EVT019,Karur,Karur Response Zone,T+72h,72,496123,505258,820699,998952,2375,2438,1059,8171
ASM004681,EVT019,Madurai,Madurai Response Zone,T+0h,0,457743,515999,841485,1035214,2378,2359,736,5516
ASM004682,EVT019,Madurai,Madurai Response Zone,T+0h,0,513623,688403,1877051,1014508,2971,2939,1177,11326
ASM004683,EVT019,Madurai,Madurai Response Zone,T+0h,0,561058,461728,803905,914223,2035,1991,328,131
ASM004684,EVT019,Madurai,Madurai Response Zone,T+0h,0,466192,671269,894062,1028431,2733,2714,925,6746
ASM004685,EVT019,Madurai,Madurai Response Zone,T+0h,0,412501,546083,1043800,1057527,2648,2658,532,5442
ASM004686,EVT019,Madurai,Madurai Response Zone,T+3h,3,547897,519162,1057875,999532,2319,2327,744,7432
ASM004687,EVT019,Madurai,Madurai Response Zone,T+3h,3,403086,510437,1147100,1043361,2357,2357,772,3550
ASM004688,EVT019,Madurai,Madurai Response Zone,T+3h,3,386379,508624,1159300,1031038,2373,2363,615,5364
ASM004689,EVT019,Madurai,Madurai Response Zone,T+3h,3,320743,475200,769665,836660,2054,2072,276,577
ASM004690,EVT019,Madurai,Madurai Response Zone,T+3h,3,429397,524778,1290543,1024938,2447,2431,563,4122
ASM004691,EVT019,Madurai,Madurai Response Zone,T+6h,6,436483,458456,857376,857561,2215,2216,514,3581
ASM004692,EVT019,Madurai,Madurai Response Zone,T+6h,6,448802,497034,928401,828909,2098,2129,895,1943
ASM004693,EVT019,Madurai,Madurai Response Zone,T+6h,6,605211,566523,1352032,1018694,2587,2624,1034,6421
ASM004694,EVT019,Madurai,Madurai Response Zone,T+6h,6,463843,456372,835368,853689,1922,1932,1102,5927
ASM004695,EVT019,Madurai,Madurai Response Zone,T+6h,6,526245,671370,1055407,1049176,2752,2789,624,4996
ASM004696,EVT019,Madurai,Madurai Response Zone,T+12h,12,534053,682492,1456234,1027305,2949,2926,1210,8947
ASM004697,EVT019,Madurai,Madurai Response Zone,T+12h,12,649981,667341,1058083,1067889,2931,2887,576,8475
ASM004698,EVT019,Madurai,Madurai Response Zone,T+12h,12,786025,721769,1254620,1069996,3087,2988,1041,12036
ASM004699,EVT019,Madurai,Madurai Response Zone,T+12h,12,700248,854587,1724352,1447553,3469,3484,638,13377
ASM004700,EVT019,Madurai,Madurai Response Zone,T+12h,12,477203,569116,1932693,1054552,2714,2713,597,5024
ASM004701,EVT019,Madurai,Madurai Response Zone,T+24h,24,424789,497179,1492172,1057039,2504,2508,987,4668
ASM004702,EVT019,Madurai,Madurai Response Zone,T+24h,24,414613,562178,1513559,1111038,2575,2603,713,5748
ASM004703,EVT019,Madurai,Madurai Response Zone,T+24h,24,623135,574098,1547668,1137490,2543,2541,1309,6606
ASM004704,EVT019,Madurai,Madurai Response Zone,T+24h,24,628614,583354,1046804,1075682,2507,2575,534,6060
ASM004705,EVT019,Madurai,Madurai Response Zone,T+24h,24,705124,709788,1600206,1112616,2990,3057,1230,10691
ASM004706,EVT019,Madurai,Madurai Response Zone,T+36h,36,792618,879442,1953387,1574991,3902,3888,970,19427
ASM004707,EVT019,Madurai,Madurai Response Zone,T+36h,36,956974,900318,1923545,1424374,3496,3444,1448,15865
ASM004708,EVT019,Madurai,Madurai Response Zone,T+36h,36,730166,855331,1991096,1487816,3920,3931,1687,18175
ASM004709,EVT019,Madurai,Madurai Response Zone,T+36h,36,1149936,1126517,2554791,1750227,4722,4726,1945,27953
ASM004710,EVT019,Madurai,Madurai Response Zone,T+36h,36,787875,872222,1813001,1550042,3809,3873,2216,21724
ASM004711,EVT019,Madurai,Madurai Response Zone,T+48h,48,664004,838687,1841652,1483798,3642,3648,1055,17067
ASM004712,EVT019,Madurai,Madurai Response Zone,T+48h,48,866948,859280,1373145,1486686,3596,3635,873,18854
ASM004713,EVT019,Madurai,Madurai Response Zone,T+48h,48,771381,805635,1598563,1501153,3390,3389,1660,15773
ASM004714,EVT019,Madurai,Madurai Response Zone,T+48h,48,893988,853496,2941796,1724539,3884,4033,3759,26702
ASM004715,EVT019,Madurai,Madurai Response Zone,T+48h,48,744389,871365,1986025,1370301,3439,3472,1190,18148
ASM004716,EVT019,Madurai,Madurai Response Zone,T+72h,72,991193,1185571,2425841,1640040,4890,5030,3715,34299
ASM004717,EVT019,Madurai,Madurai Response Zone,T+72h,72,1591636,1166520,3916780,1717920,5004,5045,2605,33649
ASM004718,EVT019,Madurai,Madurai Response Zone,T+72h,72,1146464,1011566,1507684,1793548,4397,4465,980,24679
ASM004719,EVT019,Madurai,Madurai Response Zone,T+72h,72,1066575,1025935,1705625,1565938,4558,4561,1598,29585
ASM004720,EVT019,Madurai,Madurai Response Zone,T+72h,72,974973,1124928,3526967,1598191,4989,4925,2094,28545
ASM004721,EVT019,Thanjavur,Thanjavur Response Zone,T+0h,0,405103,361635,769129,738625,1640,1669,349,1432
ASM004722,EVT019,Thanjavur,Thanjavur Response Zone,T+0h,0,424555,419389,825151,843778,1982,1992,360,3095
ASM004723,EVT019,Thanjavur,Thanjavur Response Zone,T+0h,0,356452,394592,602272,792167,1635,1640,233,2659
ASM004724,EVT019,Thanjavur,Thanjavur Response Zone,T+0h,0,248358,290799,687003,528217,1233,1235,316,0
ASM004725,EVT019,Thanjavur,Thanjavur Response Zone,T+0h,0,248308,294889,680072,523721,1231,1218,424,1286
ASM004726,EVT019,Thanjavur,Thanjavur Response Zone,T+3h,3,219776,486635,718867,882060,2177,2167,705,5268
ASM004727,EVT019,Thanjavur,Thanjavur Response Zone,T+3h,3,427067,473014,896286,867047,2083,2109,521,3876
ASM004728,EVT019,Thanjavur,Thanjavur Response Zone,T+3h,3,385394,484449,863258,891056,2124,2111,436,2896
ASM004729,EVT019,Thanjavur,Thanjavur Response Zone,T+3h,3,559353,463391,981410,875605,2059,2053,749,3273
ASM004730,EVT019,Thanjavur,Thanjavur Response Zone,T+3h,3,393944,436186,664755,863765,1952,1940,522,2037
ASM004731,EVT019,Thanjavur,Thanjavur Response Zone,T+6h,6,324330,468206,1303021,895878,2085,2084,669,4894
ASM004732,EVT019,Thanjavur,Thanjavur Response Zone,T+6h,6,445146,538775,1263112,968483,2346,2347,818,5185
ASM004733,EVT019,Thanjavur,Thanjavur Response Zone,T+6h,6,352779,502140,938708,921575,2191,2207,775,8695
ASM004734,EVT019,Thanjavur,Thanjavur Response Zone,T+6h,6,522864,536722,1029562,1045073,2412,2400,784,7915
ASM004735,EVT019,Thanjavur,Thanjavur Response Zone,T+6h,6,401010,431806,827598,787150,1918,1924,505,2844
ASM004736,EVT019,Thanjavur,Thanjavur Response Zone,T+12h,12,525327,498047,801026,937183,2145,2146,399,5200
ASM004737,EVT019,Thanjavur,Thanjavur Response Zone,T+12h,12,340886,437025,790392,879367,2058,2040,459,2335
ASM004738,EVT019,Thanjavur,Thanjavur Response Zone,T+12h,12,491307,549354,1028621,1035605,2490,2478,416,7544
ASM004739,EVT019,Thanjavur,Thanjavur Response Zone,T+12h,12,332040,489059,1463415,907250,2308,2301,1074,4940
ASM004740,EVT019,Thanjavur,Thanjavur Response Zone,T+12h,12,482570,467448,1210501,882941,2115,2106,529,4835
ASM004741,EVT019,Thanjavur,Thanjavur Response Zone,T+24h,24,533330,494871,1516791,1068392,2217,2225,1352,7730
ASM004742,EVT019,Thanjavur,Thanjavur Response Zone,T+24h,24,518473,505476,1269784,1023318,2130,2130,650,4929
ASM004743,EVT019,Thanjavur,Thanjavur Response Zone,T+24h,24,521202,528807,972250,1123026,2450,2465,953,7617
ASM004744,EVT019,Thanjavur,Thanjavur Response Zone,T+24h,24,550020,512128,1263108,1119060,2283,2292,822,9623
ASM004745,EVT019,Thanjavur,Thanjavur Response Zone,T+24h,24,557480,426899,1322078,999635,1881,1845,802,5641
ASM004746,EVT019,Thanjavur,Thanjavur Response Zone,T+36h,36,479699,546880,915832,1034653,2547,2526,1185,8151
ASM004747,EVT019,Thanjavur,Thanjavur Response Zone,T+36h,36,514812,552953,1434404,1048225,2394,2447,1155,8083
ASM004748,EVT019,Thanjavur,Thanjavur Response Zone,T+36h,36,459950,605347,2550557,1153702,2755,2740,1611,13557
ASM004749,EVT019,Thanjavur,Thanjavur Response Zone,T+36h,36,580112,790060,2173979,1401044,3371,3407,1155,16362
ASM004750,EVT019,Thanjavur,Thanjavur Response Zone,T+36h,36,616795,600025,2129520,1111400,3073,3049,1239,13893
ASM004751,EVT019,Thanjavur,Thanjavur Response Zone,T+48h,48,838122,778234,1688602,1128003,3272,3250,836,15894
ASM004752,EVT019,Thanjavur,Thanjavur Response Zone,T+48h,48,706757,833341,2329461,1465840,3774,3769,2158,22211
ASM004753,EVT019,Thanjavur,Thanjavur Response Zone,T+48h,48,699437,815468,1521433,1464663,3728,3687,2573,21570
ASM004754,EVT019,Thanjavur,Thanjavur Response Zone,T+48h,48,701309,800319,2215242,1411471,3944,3950,2536,20786
ASM004755,EVT019,Thanjavur,Thanjavur Response Zone,T+48h,48,571624,741196,1785335,1075417,2967,3014,1280,13901
ASM004756,EVT019,Thanjavur,Thanjavur Response Zone,T+72h,72,705056,764236,1772505,1321762,3311,3273,1294,18585
ASM004757,EVT019,Thanjavur,Thanjavur Response Zone,T+72h,72,545660,784564,2493889,1395081,3565,3548,1095,22004
ASM004758,EVT019,Thanjavur,Thanjavur Response Zone,T+72h,72,838985,723503,1314519,1109026,3131,3141,1344,12207
ASM004759,EVT019,Thanjavur,Thanjavur Response Zone,T+72h,72,618582,766063,1617733,1360875,3588,3632,913,18261
ASM004760,EVT019,Thanjavur,Thanjavur Response Zone,T+72h,72,805499,778692,1712766,1430187,3263,3248,1313,18587
ASM004761,EVT019,Tiruchirappalli,Tiruchirappalli Response Zone,T+0h,0,419034,666487,968952,1010878,2815,2807,1045,10910
ASM004762,EVT019,Tiruchirappalli,Tiruchirappalli Response Zone,T+0h,0,549009,519526,1141118,1061687,2358,2360,582,4194
ASM004763,EVT019,Tiruchirappalli,Tiruchirappalli Response Zone,T+0h,0,546086,518071,714556,1016040,2375,2392,815,6431
ASM004764,EVT019,Tiruchirappalli,Tiruchirappalli Response Zone,T+0h,0,509898,513393,1402343,1027294,2334,2338,739,5532
ASM004765,EVT019,Tiruchirappalli,Tiruchirappalli Response Zone,T+0h,0,346277,460496,971337,834694,2136,2130,258,1953
ASM004766,EVT019,Tiruchirappalli,Tiruchirappalli Response Zone,T+3h,3,347476,328600,664935,740210,1643,1637,411,0
ASM004767,EVT019,Tiruchirappalli,Tiruchirappalli Response Zone,T+3h,3,339025,457887,816225,835226,2091,2094,362,5216
ASM004768,EVT019,Tiruchirappalli,Tiruchirappalli Response Zone,T+3h,3,401099,486055,914411,838551,2132,2145,804,4067
ASM004769,EVT019,Tiruchirappalli,Tiruchirappalli Response Zone,T+3h,3,493825,459150,1100203,801976,2030,1991,399,2868
ASM004770,EVT019,Tiruchirappalli,Tiruchirappalli Response Zone,T+3h,3,463534,457036,1064728,827744,1881,1856,334,4213
ASM004771,EVT019,Tiruchirappalli,Tiruchirappalli Response Zone,T+6h,6,378397,409169,740326,813364,1788,1830,502,2758
ASM004772,EVT019,Tiruchirappalli,Tiruchirappalli Response Zone,T+6h,6,302124,402195,671740,775648,1760,1738,414,388
ASM004773,EVT019,Tiruchirappalli,Tiruchirappalli Response Zone,T+6h,6,548712,551180,1324522,1061565,2348,2331,1249,7204
ASM004774,EVT019,Tiruchirappalli,Tiruchirappalli Response Zone,T+6h,6,459650,476202,889678,1032119,2221,2210,846,6748
ASM004775,EVT019,Tiruchirappalli,Tiruchirappalli Response Zone,T+6h,6,265162,464269,977440,855398,2111,2107,681,3672
ASM004776,EVT019,Tiruchirappalli,Tiruchirappalli Response Zone,T+12h,12,738363,751653,1496930,1168246,3285,3306,1998,15594
ASM004777,EVT019,Tiruchirappalli,Tiruchirappalli Response Zone,T+12h,12,556922,708980,1358994,1012160,2702,2701,976,11508
ASM004778,EVT019,Tiruchirappalli,Tiruchirappalli Response Zone,T+12h,12,709469,692750,1534472,1046816,2850,2824,1170,9568
ASM004779,EVT019,Tiruchirappalli,Tiruchirappalli Response Zone,T+12h,12,489931,720902,998691,1101146,3172,3143,1168,11085
ASM004780,EVT019,Tiruchirappalli,Tiruchirappalli Response Zone,T+12h,12,321663,713186,852672,1092074,2968,2897,682,12373
ASM004781,EVT019,Tiruchirappalli,Tiruchirappalli Response Zone,T+24h,24,666038,699394,1336888,1157944,3038,3003,1742,11335
ASM004782,EVT019,Tiruchirappalli,Tiruchirappalli Response Zone,T+24h,24,656084,717353,2293218,1109097,2971,2914,464,7286
ASM004783,EVT019,Tiruchirappalli,Tiruchirappalli Response Zone,T+24h,24,457060,721503,2628004,1156144,2965,3001,1621,13759
ASM004784,EVT019,Tiruchirappalli,Tiruchirappalli Response Zone,T+24h,24,552906,788571,2586451,1272105,3074,3130,689,12537
ASM004785,EVT019,Tiruchirappalli,Tiruchirappalli Response Zone,T+24h,24,923298,551873,1227253,1141540,2442,2454,959,6218
ASM004786,EVT019,Tiruchirappalli,Tiruchirappalli Response Zone,T+36h,36,656560,777574,1082193,1339193,3295,3332,1916,13438
ASM004787,EVT019,Tiruchirappalli,Tiruchirappalli Response Zone,T+36h,36,922914,845402,1101745,1464081,3848,3876,1693,21640
ASM004788,EVT019,Tiruchirappalli,Tiruchirappalli Response Zone,T+36h,36,684350,862933,1629264,1440157,3924,3912,1443,18785
ASM004789,EVT019,Tiruchirappalli,Tiruchirappalli Response Zone,T+36h,36,549804,895857,1960731,1624432,3962,4004,2217,23298
ASM004790,EVT019,Tiruchirappalli,Tiruchirappalli Response Zone,T+36h,36,751442,870105,2591017,1509060,3698,3729,1314,18869
ASM004791,EVT019,Tiruchirappalli,Tiruchirappalli Response Zone,T+48h,48,793109,894820,2477588,1594135,4042,4112,3095,23574
ASM004792,EVT019,Tiruchirappalli,Tiruchirappalli Response Zone,T+48h,48,839804,1042043,2257557,1781197,4600,4628,1648,25252
ASM004793,EVT019,Tiruchirappalli,Tiruchirappalli Response Zone,T+48h,48,825881,882959,1629598,1593058,4170,4195,1620,24105
ASM004794,EVT019,Tiruchirappalli,Tiruchirappalli Response Zone,T+48h,48,824834,863033,1492631,1540631,3773,3819,1367,20559
ASM004795,EVT019,Tiruchirappalli,Tiruchirappalli Response Zone,T+48h,48,884390,1034740,2332895,1582123,4427,4494,1472,27132
ASM004796,EVT019,Tiruchirappalli,Tiruchirappalli Response Zone,T+72h,72,593188,853608,2211804,1478194,3695,3792,1457,20489
ASM004797,EVT019,Tiruchirappalli,Tiruchirappalli Response Zone,T+72h,72,987859,896602,2443313,1638822,4539,4547,2082,28766
ASM004798,EVT019,Tiruchirappalli,Tiruchirappalli Response Zone,T+72h,72,512346,843713,1435651,1432850,3825,3869,1542,20023
ASM004799,EVT019,Tiruchirappalli,Tiruchirappalli Response Zone,T+72h,72,586320,926683,2499155,1627269,4434,4428,1537,25736
ASM004800,EVT019,Tiruchirappalli,Tiruchirappalli Response Zone,T+72h,72,919541,870904,2098574,1518661,3855,3915,2814,20447
ASM004801,EVT020,Chennai,Chennai Response Zone,T+0h,0,484822,445766,781228,860497,2144,2141,481,1787
ASM004802,EVT020,Chennai,Chennai Response Zone,T+0h,0,401792,450492,762540,811805,2071,2040,484,0
ASM004803,EVT020,Chennai,Chennai Response Zone,T+0h,0,257024,362877,930173,730154,1607,1594,569,0
ASM004804,EVT020,Chennai,Chennai Response Zone,T+0h,0,416475,514056,1043119,1033673,2349,2330,824,3216
ASM004805,EVT020,Chennai,Chennai Response Zone,T+0h,0,389444,431570,1362604,891342,1948,1875,258,0
ASM004806,EVT020,Chennai,Chennai Response Zone,T+3h,3,278932,402791,992976,779388,1802,1822,469,0
ASM004807,EVT020,Chennai,Chennai Response Zone,T+3h,3,389299,460793,935321,1133722,2128,2113,769,3002
ASM004808,EVT020,Chennai,Chennai Response Zone,T+3h,3,397578,379518,782623,754622,1665,1618,313,0
ASM004809,EVT020,Chennai,Chennai Response Zone,T+3h,3,480405,379983,839735,747797,1708,1654,387,0
ASM004810,EVT020,Chennai,Chennai Response Zone,T+3h,3,360566,436270,753228,829139,1923,1880,313,0
ASM004811,EVT020,Chennai,Chennai Response Zone,T+6h,6,478354,429050,755964,808349,2016,1989,517,319
ASM004812,EVT020,Chennai,Chennai Response Zone,T+6h,6,245120,385316,981039,744556,1687,1664,275,0
ASM004813,EVT020,Chennai,Chennai Response Zone,T+6h,6,424507,401634,1066030,760754,1837,1863,453,0
ASM004814,EVT020,Chennai,Chennai Response Zone,T+6h,6,341081,428242,1080601,836551,1902,1883,665,64
ASM004815,EVT020,Chennai,Chennai Response Zone,T+6h,6,414348,429474,1286987,831881,1803,1800,410,0
ASM004816,EVT020,Chennai,Chennai Response Zone,T+12h,12,423116,448569,881955,860023,2121,2130,1084,1526
ASM004817,EVT020,Chennai,Chennai Response Zone,T+12h,12,585685,475294,1573453,871279,2294,2285,706,2875
ASM004818,EVT020,Chennai,Chennai Response Zone,T+12h,12,446589,668947,978312,1032980,2601,2590,1198,6060
ASM004819,EVT020,Chennai,Chennai Response Zone,T+12h,12,518838,500931,814054,980212,2238,2234,787,2455
ASM004820,EVT020,Chennai,Chennai Response Zone,T+12h,12,404393,456545,622716,836348,2091,2089,928,343
ASM004821,EVT020,Chennai,Chennai Response Zone,T+24h,24,458882,481369,1056522,970627,2257,2240,912,1353
ASM004822,EVT020,Chennai,Chennai Response Zone,T+24h,24,470850,467097,1073150,1036580,2261,2240,512,1878
ASM004823,EVT020,Chennai,Chennai Response Zone,T+24h,24,525738,686583,1722655,1054490,2807,2791,421,5034
ASM004824,EVT020,Chennai,Chennai Response Zone,T+24h,24,591689,700662,1534758,1087206,2703,2717,789,4095
ASM004825,EVT020,Chennai,Chennai Response Zone,T+24h,24,458176,444433,855372,1019289,2107,2089,544,7
ASM004826,EVT020,Chennai,Chennai Response Zone,T+36h,36,597720,593562,1267617,1113440,2586,2611,629,5272
ASM004827,EVT020,Chennai,Chennai Response Zone,T+36h,36,603956,689731,1336871,1107792,2844,2861,663,6172
ASM004828,EVT020,Chennai,Chennai Response Zone,T+36h,36,665138,558991,911246,1195276,2578,2590,861,4678
ASM004829,EVT020,Chennai,Chennai Response Zone,T+36h,36,787792,732097,1246948,1258485,2932,2921,1468,8207
ASM004830,EVT020,Chennai,Chennai Response Zone,T+36h,36,422392,543493,1065475,1056722,2267,2265,662,2814
ASM004831,EVT020,Chennai,Chennai Response Zone,T+48h,48,761278,737550,2235100,1174968,3046,3028,1470,9778
ASM004832,EVT020,Chennai,Chennai Response Zone,T+48h,48,506540,719566,1625801,1184808,3066,3081,1143,9947
ASM004833,EVT020,Chennai,Chennai Response Zone,T+48h,48,907666,856491,2284557,1650932,3761,3865,1006,17562
ASM004834,EVT020,Chennai,Chennai Response Zone,T+48h,48,876956,872124,1320184,1700336,3616,3724,2342,19770
ASM004835,EVT020,Chennai,Chennai Response Zone,T+48h,48,520167,891299,2506195,1543950,3487,3496,1001,14904
ASM004836,EVT020,Chennai,Chennai Response Zone,T+72h,72,818492,876353,2684340,1717284,3878,3917,1511,17124
ASM004837,EVT020,Chennai,Chennai Response Zone,T+72h,72,751000,839287,1177872,1678167,3951,4044,1369,18814
ASM004838,EVT020,Chennai,Chennai Response Zone,T+72h,72,698501,843430,1658684,1595235,4026,4047,2322,19896
ASM004839,EVT020,Chennai,Chennai Response Zone,T+72h,72,1078044,896479,2254337,1820389,4042,4078,1359,21015
ASM004840,EVT020,Chennai,Chennai Response Zone,T+72h,72,722465,901592,2329150,1738870,4055,4087,2029,20243
ASM004841,EVT020,Tiruvallur,Tiruvallur Response Zone,T+0h,0,343543,430145,791119,814869,1930,1890,450,2337
ASM004842,EVT020,Tiruvallur,Tiruvallur Response Zone,T+0h,0,414698,457651,860278,804047,2048,2008,360,95
ASM004843,EVT020,Tiruvallur,Tiruvallur Response Zone,T+0h,0,419089,392546,746485,742895,1786,1826,241,3054
ASM004844,EVT020,Tiruvallur,Tiruvallur Response Zone,T+0h,0,360566,383380,896272,773164,1755,1802,1043,3585
ASM004845,EVT020,Tiruvallur,Tiruvallur Response Zone,T+0h,0,449683,373435,1130795,738453,1783,1745,669,1996
ASM004846,EVT020,Tiruvallur,Tiruvallur Response Zone,T+3h,3,403560,385483,696647,758676,1719,1722,429,1234
ASM004847,EVT020,Tiruvallur,Tiruvallur Response Zone,T+3h,3,246638,408897,1149938,795832,1842,1844,437,3154
ASM004848,EVT020,Tiruvallur,Tiruvallur Response Zone,T+3h,3,386220,438220,820194,849176,2040,2087,612,3927
ASM004849,EVT020,Tiruvallur,Tiruvallur Response Zone,T+3h,3,365482,441285,762140,817480,1974,1918,616,2908
ASM004850,EVT020,Tiruvallur,Tiruvallur Response Zone,T+3h,3,443596,446518,1135991,783795,1979,1952,281,1921
ASM004851,EVT020,Tiruvallur,Tiruvallur Response Zone,T+6h,6,231470,426402,1135388,840852,1890,1848,440,1874
ASM004852,EVT020,Tiruvallur,Tiruvallur Response Zone,T+6h,6,514007,319845,874496,706889,1501,1484,615,0
ASM004853,EVT020,Tiruvallur,Tiruvallur Response Zone,T+6h,6,327342,306685,494857,627356,1351,1350,268,0
ASM004854,EVT020,Tiruvallur,Tiruvallur Response Zone,T+6h,6,365000,399652,721660,746071,1718,1649,453,0
ASM004855,EVT020,Tiruvallur,Tiruvallur Response Zone,T+6h,6,498402,425986,1106900,804235,1863,1843,823,1617
ASM004856,EVT020,Tiruvallur,Tiruvallur Response Zone,T+12h,12,640593,453190,937391,831373,2011,1993,738,2233
ASM004857,EVT020,Tiruvallur,Tiruvallur Response Zone,T+12h,12,375538,318974,550101,680761,1456,1477,351,0
ASM004858,EVT020,Tiruvallur,Tiruvallur Response Zone,T+12h,12,340858,289767,730350,633747,1408,1392,407,0
ASM004859,EVT020,Tiruvallur,Tiruvallur Response Zone,T+12h,12,377939,402117,709819,765874,1797,1803,433,1170
ASM004860,EVT020,Tiruvallur,Tiruvallur Response Zone,T+12h,12,261496,296937,960353,605580,1359,1336,384,0
ASM004861,EVT020,Tiruvallur,Tiruvallur Response Zone,T+24h,24,468548,489317,1858240,1122230,2369,2338,665,5049
ASM004862,EVT020,Tiruvallur,Tiruvallur Response Zone,T+24h,24,428868,473084,1491414,1205749,2391,2369,472,6368
ASM004863,EVT020,Tiruvallur,Tiruvallur Response Zone,T+24h,24,458835,531758,1864777,1109415,2422,2403,840,7112
ASM004864,EVT020,Tiruvallur,Tiruvallur Response Zone,T+24h,24,324798,418510,1053212,1052505,1963,1963,326,0
ASM004865,EVT020,Tiruvallur,Tiruvallur Response Zone,T+24h,24,497305,503498,1503866,1042220,2320,2302,622,4283
ASM004866,EVT020,Tiruvallur,Tiruvallur Response Zone,T+36h,36,388258,579488,1882378,1099902,2544,2552,557,4164
ASM004867,EVT020,Tiruvallur,Tiruvallur Response Zone,T+36h,36,623965,718309,1592555,1142387,2749,2755,1584,10861
ASM004868,EVT020,Tiruvallur,Tiruvallur Response Zone,T+36h,36,548535,571796,1285622,1143251,2576,2573,1127,7424
ASM004869,EVT020,Tiruvallur,Tiruvallur Response Zone,T+36h,36,666714,705018,1043543,1237064,2838,2852,1182,12401
ASM004870,EVT020,Tiruvallur,Tiruvallur Response Zone,T+36h,36,474149,513491,1260384,1155830,2510,2504,799,5540
ASM004871,EVT020,Tiruvallur,Tiruvallur Response Zone,T+48h,48,889799,511190,1437386,1137087,2275,2255,460,2395
ASM004872,EVT020,Tiruvallur,Tiruvallur Response Zone,T+48h,48,737200,610221,1722667,1108345,2656,2657,404,6573
ASM004873,EVT020,Tiruvallur,Tiruvallur Response Zone,T+48h,48,377969,478653,1328109,1149807,2159,2155,573,2911
ASM004874,EVT020,Tiruvallur,Tiruvallur Response Zone,T+48h,48,676206,749376,1382865,1181135,2907,2901,1333,11903
ASM004875,EVT020,Tiruvallur,Tiruvallur Response Zone,T+48h,48,451327,528445,767947,1038704,2397,2392,844,6735
ASM004876,EVT020,Tiruvallur,Tiruvallur Response Zone,T+72h,72,560731,794893,1490394,1350903,3286,3312,1090,14143
ASM004877,EVT020,Tiruvallur,Tiruvallur Response Zone,T+72h,72,507374,792321,1493242,1446636,3218,3158,1470,14292
ASM004878,EVT020,Tiruvallur,Tiruvallur Response Zone,T+72h,72,808903,875690,1622013,1579004,3497,3576,1100,15965
ASM004879,EVT020,Tiruvallur,Tiruvallur Response Zone,T+72h,72,525201,618217,1661703,1168566,2846,2911,1549,9345
ASM004880,EVT020,Tiruvallur,Tiruvallur Response Zone,T+72h,72,831146,807191,2755236,1422712,3179,3276,1909,15149
ASM004881,EVT020,Vellore,Vellore Response Zone,T+0h,0,294814,246427,578193,553934,1186,1162,328,0
ASM004882,EVT020,Vellore,Vellore Response Zone,T+0h,0,302068,255500,504464,534222,1115,1098,389,0
ASM004883,EVT020,Vellore,Vellore Response Zone,T+0h,0,205659,246889,528398,549399,1085,1081,193,0
ASM004884,EVT020,Vellore,Vellore Response Zone,T+0h,0,276220,279484,611437,495334,1194,1189,473,0
ASM004885,EVT020,Vellore,Vellore Response Zone,T+0h,0,216122,194323,363357,433184,856,853,275,0
ASM004886,EVT020,Vellore,Vellore Response Zone,T+3h,3,245078,289028,620904,569880,1320,1312,222,0
ASM004887,EVT020,Vellore,Vellore Response Zone,T+3h,3,252293,298110,767961,617815,1339,1332,525,0
ASM004888,EVT020,Vellore,Vellore Response Zone,T+3h,3,409405,298340,729274,697550,1460,1450,526,0
ASM004889,EVT020,Vellore,Vellore Response Zone,T+3h,3,307711,292165,751053,637359,1428,1411,842,0
ASM004890,EVT020,Vellore,Vellore Response Zone,T+3h,3,340612,300733,748957,595788,1443,1442,265,0
ASM004891,EVT020,Vellore,Vellore Response Zone,T+6h,6,230203,282165,396119,602131,1306,1313,419,0
ASM004892,EVT020,Vellore,Vellore Response Zone,T+6h,6,215692,289085,740848,524933,1287,1300,337,0
ASM004893,EVT020,Vellore,Vellore Response Zone,T+6h,6,234896,290274,511469,568487,1292,1291,454,0
ASM004894,EVT020,Vellore,Vellore Response Zone,T+6h,6,345524,403551,633987,776622,1731,1708,809,1895
ASM004895,EVT020,Vellore,Vellore Response Zone,T+6h,6,242873,296035,517861,614698,1406,1403,435,0
ASM004896,EVT020,Vellore,Vellore Response Zone,T+12h,12,320071,317385,827385,719163,1548,1542,750,0
ASM004897,EVT020,Vellore,Vellore Response Zone,T+12h,12,193766,290764,597584,549062,1255,1284,337,0
ASM004898,EVT020,Vellore,Vellore Response Zone,T+12h,12,209331,278462,393233,571549,1284,1299,298,0
ASM004899,EVT020,Vellore,Vellore Response Zone,T+12h,12,317122,285703,704308,581998,1285,1299,363,0
ASM004900,EVT020,Vellore,Vellore Response Zone,T+12h,12,260761,251467,369504,491602,1120,1130,454,0
ASM004901,EVT020,Vellore,Vellore Response Zone,T+24h,24,344397,372999,950835,846471,1683,1660,570,0
ASM004902,EVT020,Vellore,Vellore Response Zone,T+24h,24,230271,282108,757446,649355,1252,1261,654,0
ASM004903,EVT020,Vellore,Vellore Response Zone,T+24h,24,289570,329302,1094463,794255,1651,1633,394,0
ASM004904,EVT020,Vellore,Vellore Response Zone,T+24h,24,298660,304284,1237814,745014,1405,1405,321,0
ASM004905,EVT020,Vellore,Vellore Response Zone,T+24h,24,441949,426019,677864,899271,1714,1724,492,0
ASM004906,EVT020,Vellore,Vellore Response Zone,T+36h,36,503753,420625,1022130,949781,1951,1900,787,2980
ASM004907,EVT020,Vellore,Vellore Response Zone,T+36h,36,369973,404921,932340,1018586,1946,1944,790,373
ASM004908,EVT020,Vellore,Vellore Response Zone,T+36h,36,361895,484155,1239297,1225286,2075,2102,661,2734
ASM004909,EVT020,Vellore,Vellore Response Zone,T+36h,36,488276,459632,1160051,1246144,2110,2118,448,886
ASM004910,EVT020,Vellore,Vellore Response Zone,T+36h,36,372076,425112,987811,1073011,2033,2029,691,2516
ASM004911,EVT020,Vellore,Vellore Response Zone,T+48h,48,406042,427911,987725,1192979,2121,2122,779,2544
ASM004912,EVT020,Vellore,Vellore Response Zone,T+48h,48,563096,424725,782807,982925,2018,2022,552,112
ASM004913,EVT020,Vellore,Vellore Response Zone,T+48h,48,509940,428502,1351075,1015346,2143,2119,690,1926
ASM004914,EVT020,Vellore,Vellore Response Zone,T+48h,48,449425,426541,1175314,1191048,2064,2077,575,1052
ASM004915,EVT020,Vellore,Vellore Response Zone,T+48h,48,398233,541427,1661209,1258850,2461,2462,1714,10480
ASM004916,EVT020,Vellore,Vellore Response Zone,T+72h,72,572913,554095,1242585,1238392,2573,2593,1166,8973
ASM004917,EVT020,Vellore,Vellore Response Zone,T+72h,72,670796,551894,1098652,1236150,2525,2573,1799,6557
ASM004918,EVT020,Vellore,Vellore Response Zone,T+72h,72,507019,566186,994709,1170758,2566,2578,861,5316
ASM004919,EVT020,Vellore,Vellore Response Zone,T+72h,72,648541,535771,1299533,1281750,2288,2382,693,5054
ASM004920,EVT020,Vellore,Vellore Response Zone,T+72h,72,647835,516834,945681,1242173,2481,2478,2484,7370
ASM004921,EVT020,Ranipet,Ranipet Response Zone,T+0h,0,175232,129263,454460,245508,581,567,160,0
ASM004922,EVT020,Ranipet,Ranipet Response Zone,T+0h,0,126139,119824,196636,260378,583,544,120,0
ASM004923,EVT020,Ranipet,Ranipet Response Zone,T+0h,0,156305,127488,342748,324224,658,667,189,0
ASM004924,EVT020,Ranipet,Ranipet Response Zone,T+0h,0,203950,171488,535799,337261,752,729,288,0
ASM004925,EVT020,Ranipet,Ranipet Response Zone,T+0h,0,152340,125383,364975,322176,699,670,154,0
ASM004926,EVT020,Ranipet,Ranipet Response Zone,T+3h,3,149676,171759,394324,346509,755,782,152,0
ASM004927,EVT020,Ranipet,Ranipet Response Zone,T+3h,3,125784,128091,248603,327440,664,666,154,0
ASM004928,EVT020,Ranipet,Ranipet Response Zone,T+3h,3,141481,126411,220030,242962,657,633,102,0
ASM004929,EVT020,Ranipet,Ranipet Response Zone,T+3h,3,100071,124212,355550,254605,627,620,111,0
ASM004930,EVT020,Ranipet,Ranipet Response Zone,T+3h,3,132899,128508,451755,257222,654,662,95,0
ASM004931,EVT020,Ranipet,Ranipet Response Zone,T+6h,6,192178,179978,313664,353771,764,755,190,0
ASM004932,EVT020,Ranipet,Ranipet Response Zone,T+6h,6,103963,180977,279032,356902,789,783,258,0
ASM004933,EVT020,Ranipet,Ranipet Response Zone,T+6h,6,196238,160202,178382,320118,727,684,190,0
ASM004934,EVT020,Ranipet,Ranipet Response Zone,T+6h,6,184761,168943,265720,328462,685,699,220,0
ASM004935,EVT020,Ranipet,Ranipet Response Zone,T+6h,6,183876,221014,451612,416744,1007,991,254,0
ASM004936,EVT020,Ranipet,Ranipet Response Zone,T+12h,12,194611,200777,585999,391674,857,838,229,0
ASM004937,EVT020,Ranipet,Ranipet Response Zone,T+12h,12,168696,191809,460611,345785,806,804,354,0
ASM004938,EVT020,Ranipet,Ranipet Response Zone,T+12h,12,259951,227551,510715,420168,1013,1009,548,791
ASM004939,EVT020,Ranipet,Ranipet Response Zone,T+12h,12,194153,180527,325526,350466,797,828,161,0
ASM004940,EVT020,Ranipet,Ranipet Response Zone,T+12h,12,155093,231134,404441,428525,1061,1040,179,0
ASM004941,EVT020,Ranipet,Ranipet Response Zone,T+24h,24,236136,236042,738641,456302,990,977,263,0
ASM004942,EVT020,Ranipet,Ranipet Response Zone,T+24h,24,193348,214043,523185,452378,950,899,410,0
ASM004943,EVT020,Ranipet,Ranipet Response Zone,T+24h,24,238273,237893,347635,546075,1041,1045,600,864
ASM004944,EVT020,Ranipet,Ranipet Response Zone,T+24h,24,207323,231685,499885,562157,1130,1108,283,0
ASM004945,EVT020,Ranipet,Ranipet Response Zone,T+24h,24,290257,211047,403445,427873,959,923,292,0
ASM004946,EVT020,Ranipet,Ranipet Response Zone,T+36h,36,211917,188976,367214,397159,771,813,398,0
ASM004947,EVT020,Ranipet,Ranipet Response Zone,T+36h,36,189677,232394,633640,510577,972,974,419,0
ASM004948,EVT020,Ranipet,Ranipet Response Zone,T+36h,36,145597,198888,446986,397793,871,854,204,0
ASM004949,EVT020,Ranipet,Ranipet Response Zone,T+36h,36,158299,186566,412957,405524,825,812,341,0
ASM004950,EVT020,Ranipet,Ranipet Response Zone,T+36h,36,189800,182820,585568,402906,784,826,152,0
ASM004951,EVT020,Ranipet,Ranipet Response Zone,T+48h,48,233369,241608,469895,474756,1026,1006,442,0
ASM004952,EVT020,Ranipet,Ranipet Response Zone,T+48h,48,294571,255618,906802,505213,1109,1056,445,0
ASM004953,EVT020,Ranipet,Ranipet Response Zone,T+48h,48,325888,299523,573804,632193,1357,1320,508,0
ASM004954,EVT020,Ranipet,Ranipet Response Zone,T+48h,48,237241,202129,486974,394521,867,879,403,0
ASM004955,EVT020,Ranipet,Ranipet Response Zone,T+48h,48,262063,258963,549059,526713,1146,1125,359,0
ASM004956,EVT020,Ranipet,Ranipet Response Zone,T+72h,72,176818,249779,593049,528321,1105,1059,203,0
ASM004957,EVT020,Ranipet,Ranipet Response Zone,T+72h,72,232130,245291,654658,562069,1162,1131,273,0
ASM004958,EVT020,Ranipet,Ranipet Response Zone,T+72h,72,292701,247990,643695,557702,1132,1105,198,0
ASM004959,EVT020,Ranipet,Ranipet Response Zone,T+72h,72,231824,257946,471595,498270,1135,1068,459,0
ASM004960,EVT020,Ranipet,Ranipet Response Zone,T+72h,72,275025,248343,465838,541700,1192,1138,535,643
ASM004961,EVT020,Tirupathur,Tirupathur Response Zone,T+0h,0,121228,129432,576260,268667,620,611,232,1543
ASM004962,EVT020,Tirupathur,Tirupathur Response Zone,T+0h,0,99903,121038,248263,256597,581,563,86,0
ASM004963,EVT020,Tirupathur,Tirupathur Response Zone,T+0h,0,127399,121099,360770,260969,623,621,234,0
ASM004964,EVT020,Tirupathur,Tirupathur Response Zone,T+0h,0,141671,117958,200220,245367,655,619,118,0
ASM004965,EVT020,Tirupathur,Tirupathur Response Zone,T+0h,0,82845,98370,200556,131179,442,433,60,0
ASM004966,EVT020,Tirupathur,Tirupathur Response Zone,T+3h,3,106766,112771,253295,262358,486,514,89,0
ASM004967,EVT020,Tirupathur,Tirupathur Response Zone,T+3h,3,92959,109148,295058,262090,512,515,157,0
ASM004968,EVT020,Tirupathur,Tirupathur Response Zone,T+3h,3,131754,106486,123994,254858,503,496,221,0
ASM004969,EVT020,Tirupathur,Tirupathur Response Zone,T+3h,3,123222,128562,317295,262774,621,623,329,0
ASM004970,EVT020,Tirupathur,Tirupathur Response Zone,T+3h,3,153162,121046,200846,247978,559,543,152,0
ASM004971,EVT020,Tirupathur,Tirupathur Response Zone,T+6h,6,190785,135140,342010,320190,670,675,103,0
ASM004972,EVT020,Tirupathur,Tirupathur Response Zone,T+6h,6,141115,138444,254004,339792,668,674,226,0
ASM004973,EVT020,Tirupathur,Tirupathur Response Zone,T+6h,6,104319,135307,235031,267763,626,607,145,0
ASM004974,EVT020,Tirupathur,Tirupathur Response Zone,T+6h,6,118203,217733,376582,415171,885,854,165,0
ASM004975,EVT020,Tirupathur,Tirupathur Response Zone,T+6h,6,130228,201270,306400,346852,865,836,115,0
ASM004976,EVT020,Tirupathur,Tirupathur Response Zone,T+12h,12,133073,185119,355275,350009,855,829,222,0
ASM004977,EVT020,Tirupathur,Tirupathur Response Zone,T+12h,12,193926,171202,251526,341565,714,709,168,0
ASM004978,EVT020,Tirupathur,Tirupathur Response Zone,T+12h,12,166455,194754,233773,387487,791,789,220,0
ASM004979,EVT020,Tirupathur,Tirupathur Response Zone,T+12h,12,194498,213038,538087,367512,879,851,155,53
ASM004980,EVT020,Tirupathur,Tirupathur Response Zone,T+12h,12,106106,183283,272191,350903,821,812,233,0
ASM004981,EVT020,Tirupathur,Tirupathur Response Zone,T+24h,24,129628,173004,393986,407602,747,730,96,0
ASM004982,EVT020,Tirupathur,Tirupathur Response Zone,T+24h,24,170854,132674,416888,287404,599,601,162,0
ASM004983,EVT020,Tirupathur,Tirupathur Response Zone,T+24h,24,194184,199231,377036,394728,830,848,175,0
ASM004984,EVT020,Tirupathur,Tirupathur Response Zone,T+24h,24,149385,140174,313329,311236,673,716,189,0
ASM004985,EVT020,Tirupathur,Tirupathur Response Zone,T+24h,24,184623,184788,419808,385647,769,803,202,0
ASM004986,EVT020,Tirupathur,Tirupathur Response Zone,T+36h,36,337583,263038,785832,565720,1112,1120,293,0
ASM004987,EVT020,Tirupathur,Tirupathur Response Zone,T+36h,36,160082,179179,307672,404879,729,759,254,0
ASM004988,EVT020,Tirupathur,Tirupathur Response Zone,T+36h,36,205336,198827,468219,426853,917,890,344,0
ASM004989,EVT020,Tirupathur,Tirupathur Response Zone,T+36h,36,248129,251992,384993,557127,1142,1114,158,510
ASM004990,EVT020,Tirupathur,Tirupathur Response Zone,T+36h,36,318750,207327,451534,423659,904,886,323,0
ASM004991,EVT020,Tirupathur,Tirupathur Response Zone,T+48h,48,124952,193546,487693,421547,834,877,437,1588
ASM004992,EVT020,Tirupathur,Tirupathur Response Zone,T+48h,48,206251,197235,361441,431012,852,853,325,0
ASM004993,EVT020,Tirupathur,Tirupathur Response Zone,T+48h,48,226009,253985,508089,509371,1072,1055,659,0
ASM004994,EVT020,Tirupathur,Tirupathur Response Zone,T+48h,48,172836,147138,264699,317225,726,651,168,0
ASM004995,EVT020,Tirupathur,Tirupathur Response Zone,T+48h,48,194524,232725,546106,488177,1113,1006,240,0
ASM004996,EVT020,Tirupathur,Tirupathur Response Zone,T+72h,72,234085,253325,719273,543565,1114,1063,174,0
ASM004997,EVT020,Tirupathur,Tirupathur Response Zone,T+72h,72,318756,290108,511220,616025,1279,1293,912,1511
ASM004998,EVT020,Tirupathur,Tirupathur Response Zone,T+72h,72,528564,296469,585433,628941,1359,1316,523,0
ASM004999,EVT020,Tirupathur,Tirupathur Response Zone,T+72h,72,330442,292299,737025,630546,1354,1295,385,0
ASM005000,EVT020,Tirupathur,Tirupathur Response Zone,T+72h,72,230588,301888,905418,585188,1346,1299,601,1841
ASM005001,EVT020,Karur,Karur Response Zone,T+0h,0,164716,195511,285969,352792,865,842,313,0
ASM005002,EVT020,Karur,Karur Response Zone,T+0h,0,145496,184879,340776,357217,741,759,144,0
ASM005003,EVT020,Karur,Karur Response Zone,T+0h,0,108604,163511,373147,352434,737,733,241,0
ASM005004,EVT020,Karur,Karur Response Zone,T+0h,0,135065,158136,329398,319588,702,680,275,0
ASM005005,EVT020,Karur,Karur Response Zone,T+0h,0,198677,182049,211976,344580,819,816,213,0
ASM005006,EVT020,Karur,Karur Response Zone,T+3h,3,105231,126862,356400,242734,666,635,152,0
ASM005007,EVT020,Karur,Karur Response Zone,T+3h,3,203439,180834,555384,364209,814,777,194,0
ASM005008,EVT020,Karur,Karur Response Zone,T+3h,3,189799,191979,409139,336914,835,819,154,0
ASM005009,EVT020,Karur,Karur Response Zone,T+3h,3,102314,113069,207469,241364,556,549,116,0
ASM005010,EVT020,Karur,Karur Response Zone,T+3h,3,155074,184824,323710,348794,785,768,283,0
ASM005011,EVT020,Karur,Karur Response Zone,T+6h,6,200819,184830,523313,334286,737,768,185,0
ASM005012,EVT020,Karur,Karur Response Zone,T+6h,6,186993,176430,462706,342111,793,765,136,0
ASM005013,EVT020,Karur,Karur Response Zone,T+6h,6,171503,184241,473387,339020,824,800,465,370
ASM005014,EVT020,Karur,Karur Response Zone,T+6h,6,141013,163991,367653,327070,711,688,102,0
ASM005015,EVT020,Karur,Karur Response Zone,T+6h,6,182436,201838,349119,356689,865,852,127,0
ASM005016,EVT020,Karur,Karur Response Zone,T+12h,12,129669,138455,310235,348143,684,735,124,0
ASM005017,EVT020,Karur,Karur Response Zone,T+12h,12,100349,175437,338189,352539,743,738,98,0
ASM005018,EVT020,Karur,Karur Response Zone,T+12h,12,240469,179017,419871,343401,777,753,227,0
ASM005019,EVT020,Karur,Karur Response Zone,T+12h,12,180505,202087,589355,343494,854,831,235,0
ASM005020,EVT020,Karur,Karur Response Zone,T+12h,12,181241,190795,521135,342579,787,793,325,619
ASM005021,EVT020,Karur,Karur Response Zone,T+24h,24,138498,138350,248506,289124,616,597,329,0
ASM005022,EVT020,Karur,Karur Response Zone,T+24h,24,140189,180252,420130,385360,757,796,133,0
ASM005023,EVT020,Karur,Karur Response Zone,T+24h,24,182862,185563,572574,396542,868,867,384,0
ASM005024,EVT020,Karur,Karur Response Zone,T+24h,24,129980,195463,534033,410838,794,784,509,0
ASM005025,EVT020,Karur,Karur Response Zone,T+24h,24,291460,185887,383337,375404,846,859,142,0
ASM005026,EVT020,Karur,Karur Response Zone,T+36h,36,233006,321056,1494183,678997,1421,1408,651,270
ASM005027,EVT020,Karur,Karur Response Zone,T+36h,36,203293,258218,462967,541080,1209,1150,548,2628
ASM005028,EVT020,Karur,Karur Response Zone,T+36h,36,213845,245942,439296,485168,1088,1062,654,0
ASM005029,EVT020,Karur,Karur Response Zone,T+36h,36,363122,294032,727506,645815,1344,1300,321,253
ASM005030,EVT020,Karur,Karur Response Zone,T+36h,36,232908,252683,949451,483485,1056,1053,206,0
ASM005031,EVT020,Karur,Karur Response Zone,T+48h,48,196788,253682,495496,534672,1170,1136,404,0
ASM005032,EVT020,Karur,Karur Response Zone,T+48h,48,357728,282979,644115,633119,1330,1312,483,1189
ASM005033,EVT020,Karur,Karur Response Zone,T+48h,48,299795,264234,838701,596643,1259,1179,461,0
ASM005034,EVT020,Karur,Karur Response Zone,T+48h,48,336739,308956,727144,643224,1480,1434,549,471
ASM005035,EVT020,Karur,Karur Response Zone,T+48h,48,294293,259889,555979,545082,1211,1160,473,0
ASM005036,EVT020,Karur,Karur Response Zone,T+72h,72,494611,335344,867417,639349,1484,1442,658,3144
ASM005037,EVT020,Karur,Karur Response Zone,T+72h,72,473180,328711,794647,678003,1521,1448,522,1211
ASM005038,EVT020,Karur,Karur Response Zone,T+72h,72,262991,311702,946953,646289,1448,1425,537,1360
ASM005039,EVT020,Karur,Karur Response Zone,T+72h,72,419643,327918,1006313,672606,1413,1401,455,0
ASM005040,EVT020,Karur,Karur Response Zone,T+72h,72,313284,314660,762338,666594,1339,1337,445,1195
ASM005041,EVT020,Madurai,Madurai Response Zone,T+0h,0,308351,279350,695497,618550,1366,1348,187,0
ASM005042,EVT020,Madurai,Madurai Response Zone,T+0h,0,188513,281176,645114,563583,1328,1310,246,0
ASM005043,EVT020,Madurai,Madurai Response Zone,T+0h,0,240074,258803,638301,543092,1215,1199,190,0
ASM005044,EVT020,Madurai,Madurai Response Zone,T+0h,0,230182,261393,630910,552656,1210,1216,318,0
ASM005045,EVT020,Madurai,Madurai Response Zone,T+0h,0,283314,252550,549648,533144,1149,1126,169,0
ASM005046,EVT020,Madurai,Madurai Response Zone,T+3h,3,410918,324241,1058995,789760,1662,1664,501,2016
ASM005047,EVT020,Madurai,Madurai Response Zone,T+3h,3,251020,393827,1254014,854666,1783,1783,715,407
ASM005048,EVT020,Madurai,Madurai Response Zone,T+3h,3,359117,395401,571521,727759,1818,1797,401,982
ASM005049,EVT020,Madurai,Madurai Response Zone,T+3h,3,391836,297870,719194,701005,1497,1485,311,0
ASM005050,EVT020,Madurai,Madurai Response Zone,T+3h,3,363479,388401,734789,795593,1786,1795,351,1649
ASM005051,EVT020,Madurai,Madurai Response Zone,T+6h,6,338575,295768,631929,687667,1446,1427,295,0
ASM005052,EVT020,Madurai,Madurai Response Zone,T+6h,6,359925,330924,854911,731726,1708,1724,779,0
ASM005053,EVT020,Madurai,Madurai Response Zone,T+6h,6,337001,304141,849949,691394,1611,1616,325,0
ASM005054,EVT020,Madurai,Madurai Response Zone,T+6h,6,292972,300347,686012,735377,1480,1473,411,0
ASM005055,EVT020,Madurai,Madurai Response Zone,T+6h,6,234358,300856,420971,643971,1411,1397,195,0
ASM005056,EVT020,Madurai,Madurai Response Zone,T+12h,12,314266,416628,701879,808183,1862,1863,639,1681
ASM005057,EVT020,Madurai,Madurai Response Zone,T+12h,12,363998,300436,903428,732315,1514,1511,543,0
ASM005058,EVT020,Madurai,Madurai Response Zone,T+12h,12,309199,307875,355691,730270,1490,1481,616,0
ASM005059,EVT020,Madurai,Madurai Response Zone,T+12h,12,322548,322236,1016970,679168,1548,1516,565,0
ASM005060,EVT020,Madurai,Madurai Response Zone,T+12h,12,339283,392316,968543,747288,1904,1916,363,529
ASM005061,EVT020,Madurai,Madurai Response Zone,T+24h,24,310195,305704,1159382,683960,1393,1403,562,76
ASM005062,EVT020,Madurai,Madurai Response Zone,T+24h,24,497496,407442,966169,927260,1802,1773,761,1328
ASM005063,EVT020,Madurai,Madurai Response Zone,T+24h,24,363984,399122,595823,934905,1723,1720,374,2408
ASM005064,EVT020,Madurai,Madurai Response Zone,T+24h,24,333760,464746,1219738,1028985,1993,2002,433,2305
ASM005065,EVT020,Madurai,Madurai Response Zone,T+24h,24,568301,496370,1692375,1025089,2190,2182,1092,5941
ASM005066,EVT020,Madurai,Madurai Response Zone,T+36h,36,350831,348251,1151539,739649,1635,1628,844,1388
ASM005067,EVT020,Madurai,Madurai Response Zone,T+36h,36,477545,477378,1009006,1012583,2148,2152,532,5138
ASM005068,EVT020,Madurai,Madurai Response Zone,T+36h,36,767542,607696,1352852,1108203,2524,2543,921,5797
ASM005069,EVT020,Madurai,Madurai Response Zone,T+36h,36,485218,481299,1030231,1028236,2230,2222,640,2674
ASM005070,EVT020,Madurai,Madurai Response Zone,T+36h,36,549172,542923,1027983,1060524,2451,2460,968,4577
ASM005071,EVT020,Madurai,Madurai Response Zone,T+48h,48,512148,733052,2055395,1188958,3150,3140,1257,14209
ASM005072,EVT020,Madurai,Madurai Response Zone,T+48h,48,601561,724130,1127768,1140501,2976,3019,1457,12201
ASM005073,EVT020,Madurai,Madurai Response Zone,T+48h,48,571670,543679,984442,1109029,2422,2452,1189,6418
ASM005074,EVT020,Madurai,Madurai Response Zone,T+48h,48,418210,594846,1058517,1190164,2701,2695,1191,11081
ASM005075,EVT020,Madurai,Madurai Response Zone,T+48h,48,640882,721904,1008754,1154119,2767,2913,980,9986
ASM005076,EVT020,Madurai,Madurai Response Zone,T+72h,72,607953,617077,1500994,1191963,2777,2876,981,10683
ASM005077,EVT020,Madurai,Madurai Response Zone,T+72h,72,664977,752308,2123063,1176918,3266,3228,2146,14032
ASM005078,EVT020,Madurai,Madurai Response Zone,T+72h,72,614865,536729,1159953,1022032,2365,2427,884,6045
ASM005079,EVT020,Madurai,Madurai Response Zone,T+72h,72,710017,733092,1090626,1207106,3280,3229,997,14527
ASM005080,EVT020,Madurai,Madurai Response Zone,T+72h,72,827998,706602,1793490,1118281,3067,3077,704,8714
ASM005081,EVT020,Tiruchirappalli,Tiruchirappalli Response Zone,T+0h,0,268889,325170,1155230,743260,1646,1648,483,0
ASM005082,EVT020,Tiruchirappalli,Tiruchirappalli Response Zone,T+0h,0,302867,297781,571980,629106,1404,1394,434,0
ASM005083,EVT020,Tiruchirappalli,Tiruchirappalli Response Zone,T+0h,0,306098,312965,605565,673760,1496,1487,210,0
ASM005084,EVT020,Tiruchirappalli,Tiruchirappalli Response Zone,T+0h,0,255269,316814,840601,700316,1583,1566,808,626
ASM005085,EVT020,Tiruchirappalli,Tiruchirappalli Response Zone,T+0h,0,416019,387411,1181823,789531,1652,1637,460,0
ASM005086,EVT020,Tiruchirappalli,Tiruchirappalli Response Zone,T+3h,3,435909,292030,544634,578284,1267,1248,314,0
ASM005087,EVT020,Tiruchirappalli,Tiruchirappalli Response Zone,T+3h,3,330312,338974,555864,737265,1590,1612,517,1694
ASM005088,EVT020,Tiruchirappalli,Tiruchirappalli Response Zone,T+3h,3,317804,294516,746992,638670,1366,1362,215,0
ASM005089,EVT020,Tiruchirappalli,Tiruchirappalli Response Zone,T+3h,3,304634,303780,820450,672640,1482,1493,288,0
ASM005090,EVT020,Tiruchirappalli,Tiruchirappalli Response Zone,T+3h,3,219986,267023,581772,533316,1235,1248,446,0
ASM005091,EVT020,Tiruchirappalli,Tiruchirappalli Response Zone,T+6h,6,196835,301331,571092,647508,1433,1411,344,0
ASM005092,EVT020,Tiruchirappalli,Tiruchirappalli Response Zone,T+6h,6,281343,329068,947340,653316,1512,1512,429,0
ASM005093,EVT020,Tiruchirappalli,Tiruchirappalli Response Zone,T+6h,6,230636,307294,802593,743339,1490,1472,350,0
ASM005094,EVT020,Tiruchirappalli,Tiruchirappalli Response Zone,T+6h,6,461797,319917,634155,748236,1523,1519,552,1375
ASM005095,EVT020,Tiruchirappalli,Tiruchirappalli Response Zone,T+6h,6,293986,300017,703047,660663,1411,1396,316,0
ASM005096,EVT020,Tiruchirappalli,Tiruchirappalli Response Zone,T+12h,12,295542,326515,517084,676243,1605,1600,467,0
ASM005097,EVT020,Tiruchirappalli,Tiruchirappalli Response Zone,T+12h,12,344315,304426,795102,651269,1422,1399,327,0
ASM005098,EVT020,Tiruchirappalli,Tiruchirappalli Response Zone,T+12h,12,205712,288211,566509,534645,1223,1190,371,0
ASM005099,EVT020,Tiruchirappalli,Tiruchirappalli Response Zone,T+12h,12,276136,324908,674513,713746,1592,1540,378,1214
ASM005100,EVT020,Tiruchirappalli,Tiruchirappalli Response Zone,T+12h,12,336957,336227,728795,731241,1653,1647,205,0
ASM005101,EVT020,Tiruchirappalli,Tiruchirappalli Response Zone,T+24h,24,491669,415302,994314,845284,1883,1863,782,902
ASM005102,EVT020,Tiruchirappalli,Tiruchirappalli Response Zone,T+24h,24,469968,415347,1334934,1113169,1880,1892,664,3198
ASM005103,EVT020,Tiruchirappalli,Tiruchirappalli Response Zone,T+24h,24,483446,468706,1296792,1001727,2073,2098,1029,3377
ASM005104,EVT020,Tiruchirappalli,Tiruchirappalli Response Zone,T+24h,24,529422,519933,1210029,1116580,2408,2390,504,4404
ASM005105,EVT020,Tiruchirappalli,Tiruchirappalli Response Zone,T+24h,24,479349,471399,1344046,970662,1959,1938,794,4757
ASM005106,EVT020,Tiruchirappalli,Tiruchirappalli Response Zone,T+36h,36,378769,356335,983841,732649,1602,1597,372,0
ASM005107,EVT020,Tiruchirappalli,Tiruchirappalli Response Zone,T+36h,36,310171,382755,857087,874767,1705,1709,624,928
ASM005108,EVT020,Tiruchirappalli,Tiruchirappalli Response Zone,T+36h,36,323022,304016,767314,731754,1441,1440,409,0
ASM005109,EVT020,Tiruchirappalli,Tiruchirappalli Response Zone,T+36h,36,281538,382492,795892,749149,1557,1551,261,0
ASM005110,EVT020,Tiruchirappalli,Tiruchirappalli Response Zone,T+36h,36,399483,400166,1111059,884546,1760,1771,829,1052
ASM005111,EVT020,Tiruchirappalli,Tiruchirappalli Response Zone,T+48h,48,453210,541628,1118940,1096846,2377,2445,821,6621
ASM005112,EVT020,Tiruchirappalli,Tiruchirappalli Response Zone,T+48h,48,946413,617720,1235103,1151063,2668,2621,1107,8034
ASM005113,EVT020,Tiruchirappalli,Tiruchirappalli Response Zone,T+48h,48,552049,616586,2241374,1120936,2710,2694,867,10006
ASM005114,EVT020,Tiruchirappalli,Tiruchirappalli Response Zone,T+48h,48,367971,514157,1488001,1200167,2259,2368,923,5429
ASM005115,EVT020,Tiruchirappalli,Tiruchirappalli Response Zone,T+48h,48,513445,586195,1057366,1123812,2394,2489,617,7511
ASM005116,EVT020,Tiruchirappalli,Tiruchirappalli Response Zone,T+72h,72,516600,515070,1312692,1151796,2187,2225,720,5999
ASM005117,EVT020,Tiruchirappalli,Tiruchirappalli Response Zone,T+72h,72,792797,598439,1371862,1238545,2619,2605,740,7086
ASM005118,EVT020,Tiruchirappalli,Tiruchirappalli Response Zone,T+72h,72,439629,535007,1332262,1102991,2280,2386,1606,6779
ASM005119,EVT020,Tiruchirappalli,Tiruchirappalli Response Zone,T+72h,72,387915,567596,1342040,1180914,2497,2528,962,7890
ASM005120,EVT020,Tiruchirappalli,Tiruchirappalli Response Zone,T+72h,72,705277,610357,1968162,1160658,2960,2974,1937,11132
ASM005121,EVT020,Salem,Salem Response Zone,T+0h,0,180361,254435,597913,507049,1141,1120,292,0
ASM005122,EVT020,Salem,Salem Response Zone,T+0h,0,180045,182160,445999,411943,897,896,171,0
ASM005123,EVT020,Salem,Salem Response Zone,T+0h,0,159701,175583,499025,353303,811,793,184,0
ASM005124,EVT020,Salem,Salem Response Zone,T+0h,0,279000,297808,693423,617235,1444,1428,409,0
ASM005125,EVT020,Salem,Salem Response Zone,T+0h,0,302640,285086,624344,534760,1283,1269,205,0
ASM005126,EVT020,Salem,Salem Response Zone,T+3h,3,198759,246736,570572,440834,1076,1080,310,0
ASM005127,EVT020,Salem,Salem Response Zone,T+3h,3,257207,291410,618073,541294,1262,1252,373,166
ASM005128,EVT020,Salem,Salem Response Zone,T+3h,3,259115,288445,604370,569407,1270,1265,196,0
ASM005129,EVT020,Salem,Salem Response Zone,T+3h,3,283578,275128,556725,543380,1284,1303,468,571
ASM005130,EVT020,Salem,Salem Response Zone,T+3h,3,256418,283140,481410,534367,1232,1218,416,0
ASM005131,EVT020,Salem,Salem Response Zone,T+6h,6,324586,306889,542950,606249,1383,1385,887,1262
ASM005132,EVT020,Salem,Salem Response Zone,T+6h,6,331396,303285,440614,577123,1413,1413,280,0
ASM005133,EVT020,Salem,Salem Response Zone,T+6h,6,315650,299182,543311,649138,1442,1429,330,0
ASM005134,EVT020,Salem,Salem Response Zone,T+6h,6,315762,294537,640439,641319,1464,1464,574,0
ASM005135,EVT020,Salem,Salem Response Zone,T+6h,6,221639,305547,724875,702858,1456,1449,631,113
ASM005136,EVT020,Salem,Salem Response Zone,T+12h,12,301411,304943,651378,602844,1472,1478,838,426
ASM005137,EVT020,Salem,Salem Response Zone,T+12h,12,326629,311095,380450,611411,1388,1375,397,47
ASM005138,EVT020,Salem,Salem Response Zone,T+12h,12,302338,278982,886811,569608,1262,1241,335,0
ASM005139,EVT020,Salem,Salem Response Zone,T+12h,12,236978,298831,815301,555061,1287,1258,237,0
ASM005140,EVT020,Salem,Salem Response Zone,T+12h,12,272665,312131,803842,712706,1458,1470,637,1197
ASM005141,EVT020,Salem,Salem Response Zone,T+24h,24,255641,297991,1121483,665414,1290,1281,151,0
ASM005142,EVT020,Salem,Salem Response Zone,T+24h,24,319333,290652,560170,665171,1271,1264,497,0
ASM005143,EVT020,Salem,Salem Response Zone,T+24h,24,402361,309367,1278651,729717,1492,1493,451,0
ASM005144,EVT020,Salem,Salem Response Zone,T+24h,24,296162,305743,618522,763539,1409,1399,402,0
ASM005145,EVT020,Salem,Salem Response Zone,T+24h,24,404743,317183,888208,761804,1518,1518,442,0
ASM005146,EVT020,Salem,Salem Response Zone,T+36h,36,444232,414343,779810,1040844,2006,2007,1284,4513
ASM005147,EVT020,Salem,Salem Response Zone,T+36h,36,445322,456637,1135001,1045814,2210,2197,1160,5375
ASM005148,EVT020,Salem,Salem Response Zone,T+36h,36,395716,403992,1109674,896278,1915,1890,541,2846
ASM005149,EVT020,Salem,Salem Response Zone,T+36h,36,519699,450007,1050544,1099682,2045,2044,678,4755
ASM005150,EVT020,Salem,Salem Response Zone,T+36h,36,548286,542855,1526674,1115396,2472,2479,801,8287
ASM005151,EVT020,Salem,Salem Response Zone,T+48h,48,616214,370342,977631,819324,1807,1812,727,1810
ASM005152,EVT020,Salem,Salem Response Zone,T+48h,48,366541,424030,942878,969671,2093,2092,602,4091
ASM005153,EVT020,Salem,Salem Response Zone,T+48h,48,538248,530855,1026186,1054146,2424,2402,1198,5655
ASM005154,EVT020,Salem,Salem Response Zone,T+48h,48,325154,361255,1064325,764705,1590,1602,622,0
ASM005155,EVT020,Salem,Salem Response Zone,T+48h,48,385940,483435,952682,1024748,2019,2035,585,4642
ASM005156,EVT020,Salem,Salem Response Zone,T+72h,72,413861,416076,1289239,873309,1992,1993,739,3626
ASM005157,EVT020,Salem,Salem Response Zone,T+72h,72,448651,477666,1426594,878784,2033,2084,760,3564
ASM005158,EVT020,Salem,Salem Response Zone,T+72h,72,896487,535029,809297,1159165,2552,2539,1344,7651
ASM005159,EVT020,Salem,Salem Response Zone,T+72h,72,532542,572582,1784212,1105492,2612,2609,1798,10208
ASM005160,EVT020,Salem,Salem Response Zone,T+72h,72,351588,463729,1861478,1095395,2043,2058,626,7323
